ID_Sujeto,Origen_Form,Identidad,Dilema,Orden_1,Bloque,Orden_2,Respuesta,Mantiene,SDO_Score,NDC_Score,expectativa_sin,expectativa_grande,expectativa_pequeña,Genero,politica,nivel_se,Gap_Size,expectativa_sin_num,expectativa_grande_num,expectativa_pequeña_num,Expectativa_Activa,Promedio_Gap_0.0,Promedio_Gap_1000.0,Promedio_Gap_1200.0,Promedio_Gap_2000.0,Promedio_Gap_2400.0,Promedio_CON,Promedio_SIN,Promedio_DIST,Delta_Mantiene,Delta_base,Tratamiento,Mantiene_bin,NDC_c,SDO_c,pol_c,nse_c,Gen_mujer,Gap,Gap0,Gap_pos
Suj_001,Respuestas de formulario 1,ABC,Bloque_CON,1,Bloque_1,1,Opción 2,0,2.1,3.5,0,-1,-1,Hombre,3,4,0.0,0,-1,-1,0.0,0.6666666666666666,0.6666666666666666,0.6666666666666666,0.3333333333333333,0.0,0.1666666666666666,0.6666666666666666,0.6666666666666666,-0.5,0.0,Bloque_CON,0,-0.3759398496240478,-0.017293233082713133,-0.7218045112781954,-1.5714285714285712,0,0.0,1,
Suj_001,Respuestas de formulario 1,AEF,Bloque_CON,1,Bloque_5,2,Opción 2,0,2.1,3.5,0,-1,-1,Hombre,3,4,2000.0,0,-1,-1,-1.0,0.6666666666666666,0.6666666666666666,0.6666666666666666,0.3333333333333333,0.0,0.1666666666666666,0.6666666666666666,0.6666666666666666,-0.5,0.0,Bloque_CON,0,-0.3759398496240478,-0.017293233082713133,-0.7218045112781954,-1.5714285714285712,0,2000.0,0,0.35
Suj_001,Respuestas de formulario 1,AJK,Bloque_CON,1,Bloque_7,3,Opción 2,0,2.1,3.5,0,-1,-1,Hombre,3,4,2400.0,0,-1,-1,-1.0,0.6666666666666666,0.6666666666666666,0.6666666666666666,0.3333333333333333,0.0,0.1666666666666666,0.6666666666666666,0.6666666666666666,-0.5,0.0,Bloque_CON,0,-0.3759398496240478,-0.017293233082713133,-0.7218045112781954,-1.5714285714285712,0,2400.0,0,0.75
Suj_001,Respuestas de formulario 1,AGH,Bloque_CON,1,Bloque_3,4,Opción 2,0,2.1,3.5,0,-1,-1,Hombre,3,4,0.0,0,-1,-1,0.0,0.6666666666666666,0.6666666666666666,0.6666666666666666,0.3333333333333333,0.0,0.1666666666666666,0.6666666666666666,0.6666666666666666,-0.5,0.0,Bloque_CON,0,-0.3759398496240478,-0.017293233082713133,-0.7218045112781954,-1.5714285714285712,0,0.0,1,
Suj_001,Respuestas de formulario 1,ALM,Bloque_CON,1,Bloque_9,5,Opción 1,1,2.1,3.5,0,-1,-1,Hombre,3,4,1000.0,0,-1,-1,-1.0,0.6666666666666666,0.6666666666666666,0.6666666666666666,0.3333333333333333,0.0,0.1666666666666666,0.6666666666666666,0.6666666666666666,-0.5,0.0,Bloque_CON,1,-0.3759398496240478,-0.017293233082713133,-0.7218045112781954,-1.5714285714285712,0,1000.0,0,-0.65
Suj_001,Respuestas de formulario 1,AQS,Bloque_CON,1,Bloque_11,6,Opción 2,0,2.1,3.5,0,-1,-1,Hombre,3,4,1200.0,0,-1,-1,-1.0,0.6666666666666666,0.6666666666666666,0.6666666666666666,0.3333333333333333,0.0,0.1666666666666666,0.6666666666666666,0.6666666666666666,-0.5,0.0,Bloque_CON,0,-0.3759398496240478,-0.017293233082713133,-0.7218045112781954,-1.5714285714285712,0,1200.0,0,-0.45
Suj_003,Respuestas de formulario 1,ABC,Bloque_CON,1,Bloque_1,1,Opción 1,1,1.5,3.8333333333333335,-1,-1,-1,Mujer,1,5,0.0,-1,-1,-1,-1.0,0.6666666666666666,0.0,0.0,0.0,0.0,0.3333333333333333,0.1666666666666666,0.1666666666666666,0.1666666666666666,0.0,Bloque_CON,1,-0.042606516290714325,-0.6172932330827132,-2.7218045112781954,-0.5714285714285712,1,0.0,1,
Suj_003,Respuestas de formulario 1,AEF,Bloque_CON,1,Bloque_5,2,Opción 2,0,1.5,3.8333333333333335,-1,-1,-1,Mujer,1,5,2000.0,-1,-1,-1,-1.0,0.6666666666666666,0.0,0.0,0.0,0.0,0.3333333333333333,0.1666666666666666,0.1666666666666666,0.1666666666666666,0.0,Bloque_CON,0,-0.042606516290714325,-0.6172932330827132,-2.7218045112781954,-0.5714285714285712,1,2000.0,0,0.35
Suj_003,Respuestas de formulario 1,AJK,Bloque_CON,1,Bloque_7,3,Opción 2,0,1.5,3.8333333333333335,-1,-1,-1,Mujer,1,5,2400.0,-1,-1,-1,-1.0,0.6666666666666666,0.0,0.0,0.0,0.0,0.3333333333333333,0.1666666666666666,0.1666666666666666,0.1666666666666666,0.0,Bloque_CON,0,-0.042606516290714325,-0.6172932330827132,-2.7218045112781954,-0.5714285714285712,1,2400.0,0,0.75
Suj_003,Respuestas de formulario 1,AGH,Bloque_CON,1,Bloque_3,4,Opción 1,1,1.5,3.8333333333333335,-1,-1,-1,Mujer,1,5,0.0,-1,-1,-1,-1.0,0.6666666666666666,0.0,0.0,0.0,0.0,0.3333333333333333,0.1666666666666666,0.1666666666666666,0.1666666666666666,0.0,Bloque_CON,1,-0.042606516290714325,-0.6172932330827132,-2.7218045112781954,-0.5714285714285712,1,0.0,1,
Suj_003,Respuestas de formulario 1,ALM,Bloque_CON,1,Bloque_9,5,Opción 2,0,1.5,3.8333333333333335,-1,-1,-1,Mujer,1,5,1000.0,-1,-1,-1,-1.0,0.6666666666666666,0.0,0.0,0.0,0.0,0.3333333333333333,0.1666666666666666,0.1666666666666666,0.1666666666666666,0.0,Bloque_CON,0,-0.042606516290714325,-0.6172932330827132,-2.7218045112781954,-0.5714285714285712,1,1000.0,0,-0.65
Suj_003,Respuestas de formulario 1,AQS,Bloque_CON,1,Bloque_11,6,Opción 2,0,1.5,3.8333333333333335,-1,-1,-1,Mujer,1,5,1200.0,-1,-1,-1,-1.0,0.6666666666666666,0.0,0.0,0.0,0.0,0.3333333333333333,0.1666666666666666,0.1666666666666666,0.1666666666666666,0.0,Bloque_CON,0,-0.042606516290714325,-0.6172932330827132,-2.7218045112781954,-0.5714285714285712,1,1200.0,0,-0.45
Suj_004,Respuestas de formulario 1,ABC,Bloque_CON,1,Bloque_1,1,Opción 2,0,3.3,4.333333333333333,0,1,1,Mujer,6,6,0.0,0,1,1,0.0,0.5,0.0,0.0,0.0,0.3333333333333333,0.3333333333333333,0.1666666666666666,0.1666666666666666,0.1666666666666666,0.0,Bloque_CON,0,0.45739348370928523,1.1827067669172866,2.2781954887218046,0.4285714285714288,1,0.0,1,
Suj_004,Respuestas de formulario 1,AEF,Bloque_CON,1,Bloque_5,2,Opción 2,0,3.3,4.333333333333333,0,1,1,Mujer,6,6,2000.0,0,1,1,1.0,0.5,0.0,0.0,0.0,0.3333333333333333,0.3333333333333333,0.1666666666666666,0.1666666666666666,0.1666666666666666,0.0,Bloque_CON,0,0.45739348370928523,1.1827067669172866,2.2781954887218046,0.4285714285714288,1,2000.0,0,0.35
Suj_004,Respuestas de formulario 1,AJK,Bloque_CON,1,Bloque_7,3,Opción 1,1,3.3,4.333333333333333,0,1,1,Mujer,6,6,2400.0,0,1,1,1.0,0.5,0.0,0.0,0.0,0.3333333333333333,0.3333333333333333,0.1666666666666666,0.1666666666666666,0.1666666666666666,0.0,Bloque_CON,1,0.45739348370928523,1.1827067669172866,2.2781954887218046,0.4285714285714288,1,2400.0,0,0.75
Suj_004,Respuestas de formulario 1,AGH,Bloque_CON,1,Bloque_3,4,Opción 1,1,3.3,4.333333333333333,0,1,1,Mujer,6,6,0.0,0,1,1,0.0,0.5,0.0,0.0,0.0,0.3333333333333333,0.3333333333333333,0.1666666666666666,0.1666666666666666,0.1666666666666666,0.0,Bloque_CON,1,0.45739348370928523,1.1827067669172866,2.2781954887218046,0.4285714285714288,1,0.0,1,
Suj_004,Respuestas de formulario 1,ALM,Bloque_CON,1,Bloque_9,5,Opción 2,0,3.3,4.333333333333333,0,1,1,Mujer,6,6,1000.0,0,1,1,1.0,0.5,0.0,0.0,0.0,0.3333333333333333,0.3333333333333333,0.1666666666666666,0.1666666666666666,0.1666666666666666,0.0,Bloque_CON,0,0.45739348370928523,1.1827067669172866,2.2781954887218046,0.4285714285714288,1,1000.0,0,-0.65
Suj_004,Respuestas de formulario 1,AQS,Bloque_CON,1,Bloque_11,6,Opción 2,0,3.3,4.333333333333333,0,1,1,Mujer,6,6,1200.0,0,1,1,1.0,0.5,0.0,0.0,0.0,0.3333333333333333,0.3333333333333333,0.1666666666666666,0.1666666666666666,0.1666666666666666,0.0,Bloque_CON,0,0.45739348370928523,1.1827067669172866,2.2781954887218046,0.4285714285714288,1,1200.0,0,-0.45
Suj_006,Respuestas de formulario 1,ABC,Bloque_CON,1,Bloque_1,1,Opción 1,1,2.3,3.1666666666666665,-1,-1,-1,Mujer,2,5,0.0,-1,-1,-1,-1.0,0.8333333333333334,0.3333333333333333,0.3333333333333333,0.0,0.6666666666666666,0.6666666666666666,0.5,0.3333333333333333,0.1666666666666666,0.1666666666666666,Bloque_CON,1,-0.7092731829573813,0.1827067669172866,-1.7218045112781954,-0.5714285714285712,1,0.0,1,
Suj_006,Respuestas de formulario 1,AEF,Bloque_CON,1,Bloque_5,2,Opción 2,0,2.3,3.1666666666666665,-1,-1,-1,Mujer,2,5,2000.0,-1,-1,-1,-1.0,0.8333333333333334,0.3333333333333333,0.3333333333333333,0.0,0.6666666666666666,0.6666666666666666,0.5,0.3333333333333333,0.1666666666666666,0.1666666666666666,Bloque_CON,0,-0.7092731829573813,0.1827067669172866,-1.7218045112781954,-0.5714285714285712,1,2000.0,0,0.35
Suj_006,Respuestas de formulario 1,AJK,Bloque_CON,1,Bloque_7,3,Opción 1,1,2.3,3.1666666666666665,-1,-1,-1,Mujer,2,5,2400.0,-1,-1,-1,-1.0,0.8333333333333334,0.3333333333333333,0.3333333333333333,0.0,0.6666666666666666,0.6666666666666666,0.5,0.3333333333333333,0.1666666666666666,0.1666666666666666,Bloque_CON,1,-0.7092731829573813,0.1827067669172866,-1.7218045112781954,-0.5714285714285712,1,2400.0,0,0.75
Suj_006,Respuestas de formulario 1,AGH,Bloque_CON,1,Bloque_3,4,Opción 2,0,2.3,3.1666666666666665,-1,-1,-1,Mujer,2,5,0.0,-1,-1,-1,-1.0,0.8333333333333334,0.3333333333333333,0.3333333333333333,0.0,0.6666666666666666,0.6666666666666666,0.5,0.3333333333333333,0.1666666666666666,0.1666666666666666,Bloque_CON,0,-0.7092731829573813,0.1827067669172866,-1.7218045112781954,-0.5714285714285712,1,0.0,1,
Suj_006,Respuestas de formulario 1,ALM,Bloque_CON,1,Bloque_9,5,Opción 1,1,2.3,3.1666666666666665,-1,-1,-1,Mujer,2,5,1000.0,-1,-1,-1,-1.0,0.8333333333333334,0.3333333333333333,0.3333333333333333,0.0,0.6666666666666666,0.6666666666666666,0.5,0.3333333333333333,0.1666666666666666,0.1666666666666666,Bloque_CON,1,-0.7092731829573813,0.1827067669172866,-1.7218045112781954,-0.5714285714285712,1,1000.0,0,-0.65
Suj_006,Respuestas de formulario 1,AQS,Bloque_CON,1,Bloque_11,6,Opción 1,1,2.3,3.1666666666666665,-1,-1,-1,Mujer,2,5,1200.0,-1,-1,-1,-1.0,0.8333333333333334,0.3333333333333333,0.3333333333333333,0.0,0.6666666666666666,0.6666666666666666,0.5,0.3333333333333333,0.1666666666666666,0.1666666666666666,Bloque_CON,1,-0.7092731829573813,0.1827067669172866,-1.7218045112781954,-0.5714285714285712,1,1200.0,0,-0.45
Suj_007,Respuestas de formulario 1,ABC,Bloque_CON,1,Bloque_1,1,Opción 1,1,3.4,2.333333333333333,1,-1,1,Mujer,4,3,0.0,1,-1,1,1.0,1.0,0.0,1.0,0.0,0.0,0.5,0.5,0.5,0.0,0.0,Bloque_CON,1,-1.5426065162907148,1.2827067669172867,0.27819548872180455,-2.571428571428571,1,0.0,1,
Suj_007,Respuestas de formulario 1,AEF,Bloque_CON,1,Bloque_5,2,Opción 2,0,3.4,2.333333333333333,1,-1,1,Mujer,4,3,2000.0,1,-1,1,-1.0,1.0,0.0,1.0,0.0,0.0,0.5,0.5,0.5,0.0,0.0,Bloque_CON,0,-1.5426065162907148,1.2827067669172867,0.27819548872180455,-2.571428571428571,1,2000.0,0,0.35
Suj_007,Respuestas de formulario 1,AJK,Bloque_CON,1,Bloque_7,3,Opción 2,0,3.4,2.333333333333333,1,-1,1,Mujer,4,3,2400.0,1,-1,1,-1.0,1.0,0.0,1.0,0.0,0.0,0.5,0.5,0.5,0.0,0.0,Bloque_CON,0,-1.5426065162907148,1.2827067669172867,0.27819548872180455,-2.571428571428571,1,2400.0,0,0.75
Suj_007,Respuestas de formulario 1,AGH,Bloque_CON,1,Bloque_3,4,Opción 1,1,3.4,2.333333333333333,1,-1,1,Mujer,4,3,0.0,1,-1,1,1.0,1.0,0.0,1.0,0.0,0.0,0.5,0.5,0.5,0.0,0.0,Bloque_CON,1,-1.5426065162907148,1.2827067669172867,0.27819548872180455,-2.571428571428571,1,0.0,1,
Suj_007,Respuestas de formulario 1,ALM,Bloque_CON,1,Bloque_9,5,Opción 2,0,3.4,2.333333333333333,1,-1,1,Mujer,4,3,1000.0,1,-1,1,1.0,1.0,0.0,1.0,0.0,0.0,0.5,0.5,0.5,0.0,0.0,Bloque_CON,0,-1.5426065162907148,1.2827067669172867,0.27819548872180455,-2.571428571428571,1,1000.0,0,-0.65
Suj_007,Respuestas de formulario 1,AQS,Bloque_CON,1,Bloque_11,6,Opción 1,1,3.4,2.333333333333333,1,-1,1,Mujer,4,3,1200.0,1,-1,1,1.0,1.0,0.0,1.0,0.0,0.0,0.5,0.5,0.5,0.0,0.0,Bloque_CON,1,-1.5426065162907148,1.2827067669172867,0.27819548872180455,-2.571428571428571,1,1200.0,0,-0.45
Suj_008,Respuestas de formulario 1,ABC,Bloque_CON,1,Bloque_1,1,Opción 2,0,2.3,3.333333333333333,-1,-1,-1,Mujer,3,7,0.0,-1,-1,-1,-1.0,0.5,0.0,0.6666666666666666,0.3333333333333333,0.0,0.1666666666666666,0.3333333333333333,0.5,-0.1666666666666666,-0.1666666666666666,Bloque_CON,0,-0.5426065162907148,0.1827067669172866,-0.7218045112781954,1.4285714285714288,1,0.0,1,
Suj_008,Respuestas de formulario 1,AEF,Bloque_CON,1,Bloque_5,2,Opción 2,0,2.3,3.333333333333333,-1,-1,-1,Mujer,3,7,2000.0,-1,-1,-1,-1.0,0.5,0.0,0.6666666666666666,0.3333333333333333,0.0,0.1666666666666666,0.3333333333333333,0.5,-0.1666666666666666,-0.1666666666666666,Bloque_CON,0,-0.5426065162907148,0.1827067669172866,-0.7218045112781954,1.4285714285714288,1,2000.0,0,0.35
Suj_008,Respuestas de formulario 1,AJK,Bloque_CON,1,Bloque_7,3,Opción 2,0,2.3,3.333333333333333,-1,-1,-1,Mujer,3,7,2400.0,-1,-1,-1,-1.0,0.5,0.0,0.6666666666666666,0.3333333333333333,0.0,0.1666666666666666,0.3333333333333333,0.5,-0.1666666666666666,-0.1666666666666666,Bloque_CON,0,-0.5426065162907148,0.1827067669172866,-0.7218045112781954,1.4285714285714288,1,2400.0,0,0.75
Suj_008,Respuestas de formulario 1,AGH,Bloque_CON,1,Bloque_3,4,Opción 1,1,2.3,3.333333333333333,-1,-1,-1,Mujer,3,7,0.0,-1,-1,-1,-1.0,0.5,0.0,0.6666666666666666,0.3333333333333333,0.0,0.1666666666666666,0.3333333333333333,0.5,-0.1666666666666666,-0.1666666666666666,Bloque_CON,1,-0.5426065162907148,0.1827067669172866,-0.7218045112781954,1.4285714285714288,1,0.0,1,
Suj_008,Respuestas de formulario 1,ALM,Bloque_CON,1,Bloque_9,5,Opción 2,0,2.3,3.333333333333333,-1,-1,-1,Mujer,3,7,1000.0,-1,-1,-1,-1.0,0.5,0.0,0.6666666666666666,0.3333333333333333,0.0,0.1666666666666666,0.3333333333333333,0.5,-0.1666666666666666,-0.1666666666666666,Bloque_CON,0,-0.5426065162907148,0.1827067669172866,-0.7218045112781954,1.4285714285714288,1,1000.0,0,-0.65
Suj_008,Respuestas de formulario 1,AQS,Bloque_CON,1,Bloque_11,6,Opción 2,0,2.3,3.333333333333333,-1,-1,-1,Mujer,3,7,1200.0,-1,-1,-1,-1.0,0.5,0.0,0.6666666666666666,0.3333333333333333,0.0,0.1666666666666666,0.3333333333333333,0.5,-0.1666666666666666,-0.1666666666666666,Bloque_CON,0,-0.5426065162907148,0.1827067669172866,-0.7218045112781954,1.4285714285714288,1,1200.0,0,-0.45
Suj_009,Respuestas de formulario 1,ABC,Bloque_CON,1,Bloque_1,1,Opción 1,1,2.6,3.5,1,-1,-1,Mujer,4,8,0.0,1,-1,-1,1.0,1.0,0.6666666666666666,1.0,0.0,0.6666666666666666,0.5,0.8333333333333334,0.8333333333333334,-0.3333333333333333,0.0,Bloque_CON,1,-0.3759398496240478,0.48270676691728687,0.27819548872180455,2.428571428571429,1,0.0,1,
Suj_009,Respuestas de formulario 1,AEF,Bloque_CON,1,Bloque_5,2,Opción 2,0,2.6,3.5,1,-1,-1,Mujer,4,8,2000.0,1,-1,-1,-1.0,1.0,0.6666666666666666,1.0,0.0,0.6666666666666666,0.5,0.8333333333333334,0.8333333333333334,-0.3333333333333333,0.0,Bloque_CON,0,-0.3759398496240478,0.48270676691728687,0.27819548872180455,2.428571428571429,1,2000.0,0,0.35
Suj_009,Respuestas de formulario 1,AJK,Bloque_CON,1,Bloque_7,3,Opción 2,0,2.6,3.5,1,-1,-1,Mujer,4,8,2400.0,1,-1,-1,-1.0,1.0,0.6666666666666666,1.0,0.0,0.6666666666666666,0.5,0.8333333333333334,0.8333333333333334,-0.3333333333333333,0.0,Bloque_CON,0,-0.3759398496240478,0.48270676691728687,0.27819548872180455,2.428571428571429,1,2400.0,0,0.75
Suj_009,Respuestas de formulario 1,AGH,Bloque_CON,1,Bloque_3,4,Opción 1,1,2.6,3.5,1,-1,-1,Mujer,4,8,0.0,1,-1,-1,1.0,1.0,0.6666666666666666,1.0,0.0,0.6666666666666666,0.5,0.8333333333333334,0.8333333333333334,-0.3333333333333333,0.0,Bloque_CON,1,-0.3759398496240478,0.48270676691728687,0.27819548872180455,2.428571428571429,1,0.0,1,
Suj_009,Respuestas de formulario 1,ALM,Bloque_CON,1,Bloque_9,5,Opción 2,0,2.6,3.5,1,-1,-1,Mujer,4,8,1000.0,1,-1,-1,-1.0,1.0,0.6666666666666666,1.0,0.0,0.6666666666666666,0.5,0.8333333333333334,0.8333333333333334,-0.3333333333333333,0.0,Bloque_CON,0,-0.3759398496240478,0.48270676691728687,0.27819548872180455,2.428571428571429,1,1000.0,0,-0.65
Suj_009,Respuestas de formulario 1,AQS,Bloque_CON,1,Bloque_11,6,Opción 1,1,2.6,3.5,1,-1,-1,Mujer,4,8,1200.0,1,-1,-1,-1.0,1.0,0.6666666666666666,1.0,0.0,0.6666666666666666,0.5,0.8333333333333334,0.8333333333333334,-0.3333333333333333,0.0,Bloque_CON,1,-0.3759398496240478,0.48270676691728687,0.27819548872180455,2.428571428571429,1,1200.0,0,-0.45
Suj_011,Respuestas de formulario 2,AEF,Bloque_CON,1,Bloque_1,1,Opción 1,1,1.0,3.6666666666666665,0,0,0,Mujer,2,5,0.0,0,0,0,0.0,1.0,0.3333333333333333,0.3333333333333333,0.0,0.0,0.6666666666666666,0.3333333333333333,0.3333333333333333,0.3333333333333333,0.0,Bloque_CON,1,-0.2092731829573813,-1.1172932330827132,-1.7218045112781954,-0.5714285714285712,1,0.0,1,
Suj_011,Respuestas de formulario 2,AGH,Bloque_CON,1,Bloque_5,2,Opción 2,0,1.0,3.6666666666666665,0,0,0,Mujer,2,5,2000.0,0,0,0,0.0,1.0,0.3333333333333333,0.3333333333333333,0.0,0.0,0.6666666666666666,0.3333333333333333,0.3333333333333333,0.3333333333333333,0.0,Bloque_CON,0,-0.2092731829573813,-1.1172932330827132,-1.7218045112781954,-0.5714285714285712,1,2000.0,0,0.35
Suj_011,Respuestas de formulario 2,ALM,Bloque_CON,1,Bloque_7,3,Opción 2,0,1.0,3.6666666666666665,0,0,0,Mujer,2,5,2400.0,0,0,0,0.0,1.0,0.3333333333333333,0.3333333333333333,0.0,0.0,0.6666666666666666,0.3333333333333333,0.3333333333333333,0.3333333333333333,0.0,Bloque_CON,0,-0.2092731829573813,-1.1172932330827132,-1.7218045112781954,-0.5714285714285712,1,2400.0,0,0.75
Suj_011,Respuestas de formulario 2,ABC,Bloque_CON,1,Bloque_3,4,Opción 1,1,1.0,3.6666666666666665,0,0,0,Mujer,2,5,0.0,0,0,0,0.0,1.0,0.3333333333333333,0.3333333333333333,0.0,0.0,0.6666666666666666,0.3333333333333333,0.3333333333333333,0.3333333333333333,0.0,Bloque_CON,1,-0.2092731829573813,-1.1172932330827132,-1.7218045112781954,-0.5714285714285712,1,0.0,1,
Suj_011,Respuestas de formulario 2,AQS,Bloque_CON,1,Bloque_9,5,Opción 1,1,1.0,3.6666666666666665,0,0,0,Mujer,2,5,1000.0,0,0,0,0.0,1.0,0.3333333333333333,0.3333333333333333,0.0,0.0,0.6666666666666666,0.3333333333333333,0.3333333333333333,0.3333333333333333,0.0,Bloque_CON,1,-0.2092731829573813,-1.1172932330827132,-1.7218045112781954,-0.5714285714285712,1,1000.0,0,-0.65
Suj_011,Respuestas de formulario 2,AJK,Bloque_CON,1,Bloque_11,6,Opción 1,1,1.0,3.6666666666666665,0,0,0,Mujer,2,5,1200.0,0,0,0,0.0,1.0,0.3333333333333333,0.3333333333333333,0.0,0.0,0.6666666666666666,0.3333333333333333,0.3333333333333333,0.3333333333333333,0.0,Bloque_CON,1,-0.2092731829573813,-1.1172932330827132,-1.7218045112781954,-0.5714285714285712,1,1200.0,0,-0.45
Suj_012,Respuestas de formulario 2,AEF,Bloque_CON,1,Bloque_1,1,Opción 2,0,1.4,3.8333333333333335,-1,-1,-1,Mujer,2,5,0.0,-1,-1,-1,-1.0,0.6666666666666666,0.0,0.0,0.0,0.0,0.1666666666666666,0.3333333333333333,0.1666666666666666,-0.1666666666666666,0.1666666666666666,Bloque_CON,0,-0.042606516290714325,-0.7172932330827133,-1.7218045112781954,-0.5714285714285712,1,0.0,1,
Suj_012,Respuestas de formulario 2,AGH,Bloque_CON,1,Bloque_5,2,Opción 2,0,1.4,3.8333333333333335,-1,-1,-1,Mujer,2,5,2000.0,-1,-1,-1,-1.0,0.6666666666666666,0.0,0.0,0.0,0.0,0.1666666666666666,0.3333333333333333,0.1666666666666666,-0.1666666666666666,0.1666666666666666,Bloque_CON,0,-0.042606516290714325,-0.7172932330827133,-1.7218045112781954,-0.5714285714285712,1,2000.0,0,0.35
Suj_012,Respuestas de formulario 2,ALM,Bloque_CON,1,Bloque_7,3,Opción 2,0,1.4,3.8333333333333335,-1,-1,-1,Mujer,2,5,2400.0,-1,-1,-1,-1.0,0.6666666666666666,0.0,0.0,0.0,0.0,0.1666666666666666,0.3333333333333333,0.1666666666666666,-0.1666666666666666,0.1666666666666666,Bloque_CON,0,-0.042606516290714325,-0.7172932330827133,-1.7218045112781954,-0.5714285714285712,1,2400.0,0,0.75
Suj_012,Respuestas de formulario 2,ABC,Bloque_CON,1,Bloque_3,4,Opción 1,1,1.4,3.8333333333333335,-1,-1,-1,Mujer,2,5,0.0,-1,-1,-1,-1.0,0.6666666666666666,0.0,0.0,0.0,0.0,0.1666666666666666,0.3333333333333333,0.1666666666666666,-0.1666666666666666,0.1666666666666666,Bloque_CON,1,-0.042606516290714325,-0.7172932330827133,-1.7218045112781954,-0.5714285714285712,1,0.0,1,
Suj_012,Respuestas de formulario 2,AQS,Bloque_CON,1,Bloque_9,5,Opción 2,0,1.4,3.8333333333333335,-1,-1,-1,Mujer,2,5,1000.0,-1,-1,-1,-1.0,0.6666666666666666,0.0,0.0,0.0,0.0,0.1666666666666666,0.3333333333333333,0.1666666666666666,-0.1666666666666666,0.1666666666666666,Bloque_CON,0,-0.042606516290714325,-0.7172932330827133,-1.7218045112781954,-0.5714285714285712,1,1000.0,0,-0.65
Suj_012,Respuestas de formulario 2,AJK,Bloque_CON,1,Bloque_11,6,Opción 2,0,1.4,3.8333333333333335,-1,-1,-1,Mujer,2,5,1200.0,-1,-1,-1,-1.0,0.6666666666666666,0.0,0.0,0.0,0.0,0.1666666666666666,0.3333333333333333,0.1666666666666666,-0.1666666666666666,0.1666666666666666,Bloque_CON,0,-0.042606516290714325,-0.7172932330827133,-1.7218045112781954,-0.5714285714285712,1,1200.0,0,-0.45
Suj_014,Respuestas de formulario 2,AEF,Bloque_CON,1,Bloque_1,1,Opción 2,0,3.5,4.333333333333333,0,-1,-1,Hombre,7,7,0.0,0,-1,-1,0.0,0.3333333333333333,0.3333333333333333,0.3333333333333333,0.3333333333333333,0.3333333333333333,0.0,1.0,0.0,-1.0,1.0,Bloque_CON,0,0.45739348370928523,1.3827067669172868,3.2781954887218046,1.4285714285714288,0,0.0,1,
Suj_014,Respuestas de formulario 2,AGH,Bloque_CON,1,Bloque_5,2,Opción 2,0,3.5,4.333333333333333,0,-1,-1,Hombre,7,7,2000.0,0,-1,-1,-1.0,0.3333333333333333,0.3333333333333333,0.3333333333333333,0.3333333333333333,0.3333333333333333,0.0,1.0,0.0,-1.0,1.0,Bloque_CON,0,0.45739348370928523,1.3827067669172868,3.2781954887218046,1.4285714285714288,0,2000.0,0,0.35
Suj_014,Respuestas de formulario 2,ALM,Bloque_CON,1,Bloque_7,3,Opción 2,0,3.5,4.333333333333333,0,-1,-1,Hombre,7,7,2400.0,0,-1,-1,-1.0,0.3333333333333333,0.3333333333333333,0.3333333333333333,0.3333333333333333,0.3333333333333333,0.0,1.0,0.0,-1.0,1.0,Bloque_CON,0,0.45739348370928523,1.3827067669172868,3.2781954887218046,1.4285714285714288,0,2400.0,0,0.75
Suj_014,Respuestas de formulario 2,ABC,Bloque_CON,1,Bloque_3,4,Opción 2,0,3.5,4.333333333333333,0,-1,-1,Hombre,7,7,0.0,0,-1,-1,0.0,0.3333333333333333,0.3333333333333333,0.3333333333333333,0.3333333333333333,0.3333333333333333,0.0,1.0,0.0,-1.0,1.0,Bloque_CON,0,0.45739348370928523,1.3827067669172868,3.2781954887218046,1.4285714285714288,0,0.0,1,
Suj_014,Respuestas de formulario 2,AQS,Bloque_CON,1,Bloque_9,5,Opción 2,0,3.5,4.333333333333333,0,-1,-1,Hombre,7,7,1000.0,0,-1,-1,-1.0,0.3333333333333333,0.3333333333333333,0.3333333333333333,0.3333333333333333,0.3333333333333333,0.0,1.0,0.0,-1.0,1.0,Bloque_CON,0,0.45739348370928523,1.3827067669172868,3.2781954887218046,1.4285714285714288,0,1000.0,0,-0.65
Suj_014,Respuestas de formulario 2,AJK,Bloque_CON,1,Bloque_11,6,Opción 2,0,3.5,4.333333333333333,0,-1,-1,Hombre,7,7,1200.0,0,-1,-1,-1.0,0.3333333333333333,0.3333333333333333,0.3333333333333333,0.3333333333333333,0.3333333333333333,0.0,1.0,0.0,-1.0,1.0,Bloque_CON,0,0.45739348370928523,1.3827067669172868,3.2781954887218046,1.4285714285714288,0,1200.0,0,-0.45
Suj_015,Respuestas de formulario 2,AEF,Bloque_CON,1,Bloque_1,1,Opción 1,1,1.7,2.5,0,-1,-1,Mujer,3,3,0.0,0,-1,-1,0.0,1.0,0.0,0.0,0.3333333333333333,0.0,0.5,0.3333333333333333,0.3333333333333333,0.1666666666666666,0.0,Bloque_CON,1,-1.3759398496240478,-0.41729323308271327,-0.7218045112781954,-2.571428571428571,1,0.0,1,
Suj_015,Respuestas de formulario 2,AGH,Bloque_CON,1,Bloque_5,2,Opción 1,1,1.7,2.5,0,-1,-1,Mujer,3,3,2000.0,0,-1,-1,-1.0,1.0,0.0,0.0,0.3333333333333333,0.0,0.5,0.3333333333333333,0.3333333333333333,0.1666666666666666,0.0,Bloque_CON,1,-1.3759398496240478,-0.41729323308271327,-0.7218045112781954,-2.571428571428571,1,2000.0,0,0.35
Suj_015,Respuestas de formulario 2,ALM,Bloque_CON,1,Bloque_7,3,Opción 2,0,1.7,2.5,0,-1,-1,Mujer,3,3,2400.0,0,-1,-1,-1.0,1.0,0.0,0.0,0.3333333333333333,0.0,0.5,0.3333333333333333,0.3333333333333333,0.1666666666666666,0.0,Bloque_CON,0,-1.3759398496240478,-0.41729323308271327,-0.7218045112781954,-2.571428571428571,1,2400.0,0,0.75
Suj_015,Respuestas de formulario 2,ABC,Bloque_CON,1,Bloque_3,4,Opción 1,1,1.7,2.5,0,-1,-1,Mujer,3,3,0.0,0,-1,-1,0.0,1.0,0.0,0.0,0.3333333333333333,0.0,0.5,0.3333333333333333,0.3333333333333333,0.1666666666666666,0.0,Bloque_CON,1,-1.3759398496240478,-0.41729323308271327,-0.7218045112781954,-2.571428571428571,1,0.0,1,
Suj_015,Respuestas de formulario 2,AQS,Bloque_CON,1,Bloque_9,5,Opción 2,0,1.7,2.5,0,-1,-1,Mujer,3,3,1000.0,0,-1,-1,-1.0,1.0,0.0,0.0,0.3333333333333333,0.0,0.5,0.3333333333333333,0.3333333333333333,0.1666666666666666,0.0,Bloque_CON,0,-1.3759398496240478,-0.41729323308271327,-0.7218045112781954,-2.571428571428571,1,1000.0,0,-0.65
Suj_015,Respuestas de formulario 2,AJK,Bloque_CON,1,Bloque_11,6,Opción 2,0,1.7,2.5,0,-1,-1,Mujer,3,3,1200.0,0,-1,-1,-1.0,1.0,0.0,0.0,0.3333333333333333,0.0,0.5,0.3333333333333333,0.3333333333333333,0.1666666666666666,0.0,Bloque_CON,0,-1.3759398496240478,-0.41729323308271327,-0.7218045112781954,-2.571428571428571,1,1200.0,0,-0.45
Suj_016,Respuestas de formulario 2,AEF,Bloque_CON,1,Bloque_1,1,Opción 1,1,2.8,2.333333333333333,0,0,0,Hombre,6,5,0.0,0,0,0,0.0,1.0,1.0,1.0,0.6666666666666666,0.3333333333333333,1.0,0.8333333333333334,0.6666666666666666,0.1666666666666666,0.1666666666666667,Bloque_CON,1,-1.5426065162907148,0.6827067669172866,2.2781954887218046,-0.5714285714285712,0,0.0,1,
Suj_016,Respuestas de formulario 2,AGH,Bloque_CON,1,Bloque_5,2,Opción 1,1,2.8,2.333333333333333,0,0,0,Hombre,6,5,2000.0,0,0,0,0.0,1.0,1.0,1.0,0.6666666666666666,0.3333333333333333,1.0,0.8333333333333334,0.6666666666666666,0.1666666666666666,0.1666666666666667,Bloque_CON,1,-1.5426065162907148,0.6827067669172866,2.2781954887218046,-0.5714285714285712,0,2000.0,0,0.35
Suj_016,Respuestas de formulario 2,ALM,Bloque_CON,1,Bloque_7,3,Opción 1,1,2.8,2.333333333333333,0,0,0,Hombre,6,5,2400.0,0,0,0,0.0,1.0,1.0,1.0,0.6666666666666666,0.3333333333333333,1.0,0.8333333333333334,0.6666666666666666,0.1666666666666666,0.1666666666666667,Bloque_CON,1,-1.5426065162907148,0.6827067669172866,2.2781954887218046,-0.5714285714285712,0,2400.0,0,0.75
Suj_016,Respuestas de formulario 2,ABC,Bloque_CON,1,Bloque_3,4,Opción 1,1,2.8,2.333333333333333,0,0,0,Hombre,6,5,0.0,0,0,0,0.0,1.0,1.0,1.0,0.6666666666666666,0.3333333333333333,1.0,0.8333333333333334,0.6666666666666666,0.1666666666666666,0.1666666666666667,Bloque_CON,1,-1.5426065162907148,0.6827067669172866,2.2781954887218046,-0.5714285714285712,0,0.0,1,
Suj_016,Respuestas de formulario 2,AQS,Bloque_CON,1,Bloque_9,5,Opción 1,1,2.8,2.333333333333333,0,0,0,Hombre,6,5,1000.0,0,0,0,0.0,1.0,1.0,1.0,0.6666666666666666,0.3333333333333333,1.0,0.8333333333333334,0.6666666666666666,0.1666666666666666,0.1666666666666667,Bloque_CON,1,-1.5426065162907148,0.6827067669172866,2.2781954887218046,-0.5714285714285712,0,1000.0,0,-0.65
Suj_016,Respuestas de formulario 2,AJK,Bloque_CON,1,Bloque_11,6,Opción 1,1,2.8,2.333333333333333,0,0,0,Hombre,6,5,1200.0,0,0,0,0.0,1.0,1.0,1.0,0.6666666666666666,0.3333333333333333,1.0,0.8333333333333334,0.6666666666666666,0.1666666666666666,0.1666666666666667,Bloque_CON,1,-1.5426065162907148,0.6827067669172866,2.2781954887218046,-0.5714285714285712,0,1200.0,0,-0.45
Suj_017,Respuestas de formulario 2,AEF,Bloque_CON,1,Bloque_1,1,Opción 1,1,2.6,3.8333333333333335,1,1,-1,Hombre,4,5,0.0,1,1,-1,1.0,1.0,0.0,0.0,0.0,0.0,0.3333333333333333,0.3333333333333333,0.3333333333333333,0.0,0.0,Bloque_CON,1,-0.042606516290714325,0.48270676691728687,0.27819548872180455,-0.5714285714285712,0,0.0,1,
Suj_017,Respuestas de formulario 2,AGH,Bloque_CON,1,Bloque_5,2,Opción 2,0,2.6,3.8333333333333335,1,1,-1,Hombre,4,5,2000.0,1,1,-1,1.0,1.0,0.0,0.0,0.0,0.0,0.3333333333333333,0.3333333333333333,0.3333333333333333,0.0,0.0,Bloque_CON,0,-0.042606516290714325,0.48270676691728687,0.27819548872180455,-0.5714285714285712,0,2000.0,0,0.35
Suj_017,Respuestas de formulario 2,ALM,Bloque_CON,1,Bloque_7,3,Opción 2,0,2.6,3.8333333333333335,1,1,-1,Hombre,4,5,2400.0,1,1,-1,1.0,1.0,0.0,0.0,0.0,0.0,0.3333333333333333,0.3333333333333333,0.3333333333333333,0.0,0.0,Bloque_CON,0,-0.042606516290714325,0.48270676691728687,0.27819548872180455,-0.5714285714285712,0,2400.0,0,0.75
Suj_017,Respuestas de formulario 2,ABC,Bloque_CON,1,Bloque_3,4,Opción 1,1,2.6,3.8333333333333335,1,1,-1,Hombre,4,5,0.0,1,1,-1,1.0,1.0,0.0,0.0,0.0,0.0,0.3333333333333333,0.3333333333333333,0.3333333333333333,0.0,0.0,Bloque_CON,1,-0.042606516290714325,0.48270676691728687,0.27819548872180455,-0.5714285714285712,0,0.0,1,
Suj_017,Respuestas de formulario 2,AQS,Bloque_CON,1,Bloque_9,5,Opción 2,0,2.6,3.8333333333333335,1,1,-1,Hombre,4,5,1000.0,1,1,-1,-1.0,1.0,0.0,0.0,0.0,0.0,0.3333333333333333,0.3333333333333333,0.3333333333333333,0.0,0.0,Bloque_CON,0,-0.042606516290714325,0.48270676691728687,0.27819548872180455,-0.5714285714285712,0,1000.0,0,-0.65
Suj_017,Respuestas de formulario 2,AJK,Bloque_CON,1,Bloque_11,6,Opción 2,0,2.6,3.8333333333333335,1,1,-1,Hombre,4,5,1200.0,1,1,-1,-1.0,1.0,0.0,0.0,0.0,0.0,0.3333333333333333,0.3333333333333333,0.3333333333333333,0.0,0.0,Bloque_CON,0,-0.042606516290714325,0.48270676691728687,0.27819548872180455,-0.5714285714285712,0,1200.0,0,-0.45
Suj_018,Respuestas de formulario 2,AEF,Bloque_CON,1,Bloque_1,1,Opción 1,1,2.9,2.833333333333333,1,-1,-1,Hombre,4,5,0.0,1,-1,-1,1.0,1.0,0.0,0.0,0.0,0.0,0.3333333333333333,0.3333333333333333,0.3333333333333333,0.0,0.0,Bloque_CON,1,-1.0426065162907148,0.7827067669172867,0.27819548872180455,-0.5714285714285712,0,0.0,1,
Suj_018,Respuestas de formulario 2,AGH,Bloque_CON,1,Bloque_5,2,Opción 2,0,2.9,2.833333333333333,1,-1,-1,Hombre,4,5,2000.0,1,-1,-1,-1.0,1.0,0.0,0.0,0.0,0.0,0.3333333333333333,0.3333333333333333,0.3333333333333333,0.0,0.0,Bloque_CON,0,-1.0426065162907148,0.7827067669172867,0.27819548872180455,-0.5714285714285712,0,2000.0,0,0.35
Suj_018,Respuestas de formulario 2,ALM,Bloque_CON,1,Bloque_7,3,Opción 2,0,2.9,2.833333333333333,1,-1,-1,Hombre,4,5,2400.0,1,-1,-1,-1.0,1.0,0.0,0.0,0.0,0.0,0.3333333333333333,0.3333333333333333,0.3333333333333333,0.0,0.0,Bloque_CON,0,-1.0426065162907148,0.7827067669172867,0.27819548872180455,-0.5714285714285712,0,2400.0,0,0.75
Suj_018,Respuestas de formulario 2,ABC,Bloque_CON,1,Bloque_3,4,Opción 1,1,2.9,2.833333333333333,1,-1,-1,Hombre,4,5,0.0,1,-1,-1,1.0,1.0,0.0,0.0,0.0,0.0,0.3333333333333333,0.3333333333333333,0.3333333333333333,0.0,0.0,Bloque_CON,1,-1.0426065162907148,0.7827067669172867,0.27819548872180455,-0.5714285714285712,0,0.0,1,
Suj_018,Respuestas de formulario 2,AQS,Bloque_CON,1,Bloque_9,5,Opción 2,0,2.9,2.833333333333333,1,-1,-1,Hombre,4,5,1000.0,1,-1,-1,-1.0,1.0,0.0,0.0,0.0,0.0,0.3333333333333333,0.3333333333333333,0.3333333333333333,0.0,0.0,Bloque_CON,0,-1.0426065162907148,0.7827067669172867,0.27819548872180455,-0.5714285714285712,0,1000.0,0,-0.65
Suj_018,Respuestas de formulario 2,AJK,Bloque_CON,1,Bloque_11,6,Opción 2,0,2.9,2.833333333333333,1,-1,-1,Hombre,4,5,1200.0,1,-1,-1,-1.0,1.0,0.0,0.0,0.0,0.0,0.3333333333333333,0.3333333333333333,0.3333333333333333,0.0,0.0,Bloque_CON,0,-1.0426065162907148,0.7827067669172867,0.27819548872180455,-0.5714285714285712,0,1200.0,0,-0.45
Suj_019,Respuestas de formulario 2,AEF,Bloque_CON,1,Bloque_1,1,Opción 2,0,1.9,4.666666666666667,-1,-1,-1,Mujer,4,6,0.0,-1,-1,-1,-1.0,0.5,0.0,0.0,0.0,0.0,0.1666666666666666,0.1666666666666666,0.1666666666666666,0.0,0.0,Bloque_CON,0,0.7907268170426192,-0.2172932330827133,0.27819548872180455,0.4285714285714288,1,0.0,1,
Suj_019,Respuestas de formulario 2,AGH,Bloque_CON,1,Bloque_5,2,Opción 2,0,1.9,4.666666666666667,-1,-1,-1,Mujer,4,6,2000.0,-1,-1,-1,-1.0,0.5,0.0,0.0,0.0,0.0,0.1666666666666666,0.1666666666666666,0.1666666666666666,0.0,0.0,Bloque_CON,0,0.7907268170426192,-0.2172932330827133,0.27819548872180455,0.4285714285714288,1,2000.0,0,0.35
Suj_019,Respuestas de formulario 2,ALM,Bloque_CON,1,Bloque_7,3,Opción 2,0,1.9,4.666666666666667,-1,-1,-1,Mujer,4,6,2400.0,-1,-1,-1,-1.0,0.5,0.0,0.0,0.0,0.0,0.1666666666666666,0.1666666666666666,0.1666666666666666,0.0,0.0,Bloque_CON,0,0.7907268170426192,-0.2172932330827133,0.27819548872180455,0.4285714285714288,1,2400.0,0,0.75
Suj_019,Respuestas de formulario 2,ABC,Bloque_CON,1,Bloque_3,4,Opción 1,1,1.9,4.666666666666667,-1,-1,-1,Mujer,4,6,0.0,-1,-1,-1,-1.0,0.5,0.0,0.0,0.0,0.0,0.1666666666666666,0.1666666666666666,0.1666666666666666,0.0,0.0,Bloque_CON,1,0.7907268170426192,-0.2172932330827133,0.27819548872180455,0.4285714285714288,1,0.0,1,
Suj_019,Respuestas de formulario 2,AQS,Bloque_CON,1,Bloque_9,5,Opción 2,0,1.9,4.666666666666667,-1,-1,-1,Mujer,4,6,1000.0,-1,-1,-1,-1.0,0.5,0.0,0.0,0.0,0.0,0.1666666666666666,0.1666666666666666,0.1666666666666666,0.0,0.0,Bloque_CON,0,0.7907268170426192,-0.2172932330827133,0.27819548872180455,0.4285714285714288,1,1000.0,0,-0.65
Suj_019,Respuestas de formulario 2,AJK,Bloque_CON,1,Bloque_11,6,Opción 2,0,1.9,4.666666666666667,-1,-1,-1,Mujer,4,6,1200.0,-1,-1,-1,-1.0,0.5,0.0,0.0,0.0,0.0,0.1666666666666666,0.1666666666666666,0.1666666666666666,0.0,0.0,Bloque_CON,0,0.7907268170426192,-0.2172932330827133,0.27819548872180455,0.4285714285714288,1,1200.0,0,-0.45
Suj_021,Respuestas de formulario 2,AEF,Bloque_CON,1,Bloque_1,1,Opción 1,1,1.9,3.6666666666666665,-1,-1,1,Mujer,2,6,0.0,-1,-1,1,-1.0,0.6666666666666666,1.0,0.0,1.0,0.3333333333333333,0.6666666666666666,0.6666666666666666,0.5,0.0,0.1666666666666666,Bloque_CON,1,-0.2092731829573813,-0.2172932330827133,-1.7218045112781954,0.4285714285714288,1,0.0,1,
Suj_021,Respuestas de formulario 2,AGH,Bloque_CON,1,Bloque_5,2,Opción 1,1,1.9,3.6666666666666665,-1,-1,1,Mujer,2,6,2000.0,-1,-1,1,-1.0,0.6666666666666666,1.0,0.0,1.0,0.3333333333333333,0.6666666666666666,0.6666666666666666,0.5,0.0,0.1666666666666666,Bloque_CON,1,-0.2092731829573813,-0.2172932330827133,-1.7218045112781954,0.4285714285714288,1,2000.0,0,0.35
Suj_021,Respuestas de formulario 2,ALM,Bloque_CON,1,Bloque_7,3,Opción 1,1,1.9,3.6666666666666665,-1,-1,1,Mujer,2,6,2400.0,-1,-1,1,-1.0,0.6666666666666666,1.0,0.0,1.0,0.3333333333333333,0.6666666666666666,0.6666666666666666,0.5,0.0,0.1666666666666666,Bloque_CON,1,-0.2092731829573813,-0.2172932330827133,-1.7218045112781954,0.4285714285714288,1,2400.0,0,0.75
Suj_021,Respuestas de formulario 2,ABC,Bloque_CON,1,Bloque_3,4,Opción 2,0,1.9,3.6666666666666665,-1,-1,1,Mujer,2,6,0.0,-1,-1,1,-1.0,0.6666666666666666,1.0,0.0,1.0,0.3333333333333333,0.6666666666666666,0.6666666666666666,0.5,0.0,0.1666666666666666,Bloque_CON,0,-0.2092731829573813,-0.2172932330827133,-1.7218045112781954,0.4285714285714288,1,0.0,1,
Suj_021,Respuestas de formulario 2,AQS,Bloque_CON,1,Bloque_9,5,Opción 1,1,1.9,3.6666666666666665,-1,-1,1,Mujer,2,6,1000.0,-1,-1,1,1.0,0.6666666666666666,1.0,0.0,1.0,0.3333333333333333,0.6666666666666666,0.6666666666666666,0.5,0.0,0.1666666666666666,Bloque_CON,1,-0.2092731829573813,-0.2172932330827133,-1.7218045112781954,0.4285714285714288,1,1000.0,0,-0.65
Suj_021,Respuestas de formulario 2,AJK,Bloque_CON,1,Bloque_11,6,Opción 2,0,1.9,3.6666666666666665,-1,-1,1,Mujer,2,6,1200.0,-1,-1,1,1.0,0.6666666666666666,1.0,0.0,1.0,0.3333333333333333,0.6666666666666666,0.6666666666666666,0.5,0.0,0.1666666666666666,Bloque_CON,0,-0.2092731829573813,-0.2172932330827133,-1.7218045112781954,0.4285714285714288,1,1200.0,0,-0.45
Suj_022,Respuestas de formulario 2,AEF,Bloque_CON,1,Bloque_1,1,Opción 2,0,2.0,3.8333333333333335,0,0,0,Mujer,2,5,0.0,0,0,0,0.0,0.3333333333333333,0.6666666666666666,0.6666666666666666,0.0,0.0,0.0,0.5,0.5,-0.5,0.0,Bloque_CON,0,-0.042606516290714325,-0.11729323308271322,-1.7218045112781954,-0.5714285714285712,1,0.0,1,
Suj_022,Respuestas de formulario 2,AGH,Bloque_CON,1,Bloque_5,2,Opción 2,0,2.0,3.8333333333333335,0,0,0,Mujer,2,5,2000.0,0,0,0,0.0,0.3333333333333333,0.6666666666666666,0.6666666666666666,0.0,0.0,0.0,0.5,0.5,-0.5,0.0,Bloque_CON,0,-0.042606516290714325,-0.11729323308271322,-1.7218045112781954,-0.5714285714285712,1,2000.0,0,0.35
Suj_022,Respuestas de formulario 2,ALM,Bloque_CON,1,Bloque_7,3,Opción 2,0,2.0,3.8333333333333335,0,0,0,Mujer,2,5,2400.0,0,0,0,0.0,0.3333333333333333,0.6666666666666666,0.6666666666666666,0.0,0.0,0.0,0.5,0.5,-0.5,0.0,Bloque_CON,0,-0.042606516290714325,-0.11729323308271322,-1.7218045112781954,-0.5714285714285712,1,2400.0,0,0.75
Suj_022,Respuestas de formulario 2,ABC,Bloque_CON,1,Bloque_3,4,Opción 2,0,2.0,3.8333333333333335,0,0,0,Mujer,2,5,0.0,0,0,0,0.0,0.3333333333333333,0.6666666666666666,0.6666666666666666,0.0,0.0,0.0,0.5,0.5,-0.5,0.0,Bloque_CON,0,-0.042606516290714325,-0.11729323308271322,-1.7218045112781954,-0.5714285714285712,1,0.0,1,
Suj_022,Respuestas de formulario 2,AQS,Bloque_CON,1,Bloque_9,5,Opción 2,0,2.0,3.8333333333333335,0,0,0,Mujer,2,5,1000.0,0,0,0,0.0,0.3333333333333333,0.6666666666666666,0.6666666666666666,0.0,0.0,0.0,0.5,0.5,-0.5,0.0,Bloque_CON,0,-0.042606516290714325,-0.11729323308271322,-1.7218045112781954,-0.5714285714285712,1,1000.0,0,-0.65
Suj_022,Respuestas de formulario 2,AJK,Bloque_CON,1,Bloque_11,6,Opción 2,0,2.0,3.8333333333333335,0,0,0,Mujer,2,5,1200.0,0,0,0,0.0,0.3333333333333333,0.6666666666666666,0.6666666666666666,0.0,0.0,0.0,0.5,0.5,-0.5,0.0,Bloque_CON,0,-0.042606516290714325,-0.11729323308271322,-1.7218045112781954,-0.5714285714285712,1,1200.0,0,-0.45
Suj_023,Respuestas de formulario 2,AEF,Bloque_CON,1,Bloque_1,1,Opción 1,1,2.5,4.166666666666667,0,-1,-1,Hombre,5,6,0.0,0,-1,-1,0.0,1.0,0.0,0.0,0.0,0.3333333333333333,0.3333333333333333,0.5,0.3333333333333333,-0.1666666666666666,0.1666666666666666,Bloque_CON,1,0.29072681704261916,0.3827067669172868,1.2781954887218046,0.4285714285714288,0,0.0,1,
Suj_023,Respuestas de formulario 2,AGH,Bloque_CON,1,Bloque_5,2,Opción 2,0,2.5,4.166666666666667,0,-1,-1,Hombre,5,6,2000.0,0,-1,-1,-1.0,1.0,0.0,0.0,0.0,0.3333333333333333,0.3333333333333333,0.5,0.3333333333333333,-0.1666666666666666,0.1666666666666666,Bloque_CON,0,0.29072681704261916,0.3827067669172868,1.2781954887218046,0.4285714285714288,0,2000.0,0,0.35
Suj_023,Respuestas de formulario 2,ALM,Bloque_CON,1,Bloque_7,3,Opción 2,0,2.5,4.166666666666667,0,-1,-1,Hombre,5,6,2400.0,0,-1,-1,-1.0,1.0,0.0,0.0,0.0,0.3333333333333333,0.3333333333333333,0.5,0.3333333333333333,-0.1666666666666666,0.1666666666666666,Bloque_CON,0,0.29072681704261916,0.3827067669172868,1.2781954887218046,0.4285714285714288,0,2400.0,0,0.75
Suj_023,Respuestas de formulario 2,ABC,Bloque_CON,1,Bloque_3,4,Opción 1,1,2.5,4.166666666666667,0,-1,-1,Hombre,5,6,0.0,0,-1,-1,0.0,1.0,0.0,0.0,0.0,0.3333333333333333,0.3333333333333333,0.5,0.3333333333333333,-0.1666666666666666,0.1666666666666666,Bloque_CON,1,0.29072681704261916,0.3827067669172868,1.2781954887218046,0.4285714285714288,0,0.0,1,
Suj_023,Respuestas de formulario 2,AQS,Bloque_CON,1,Bloque_9,5,Opción 2,0,2.5,4.166666666666667,0,-1,-1,Hombre,5,6,1000.0,0,-1,-1,-1.0,1.0,0.0,0.0,0.0,0.3333333333333333,0.3333333333333333,0.5,0.3333333333333333,-0.1666666666666666,0.1666666666666666,Bloque_CON,0,0.29072681704261916,0.3827067669172868,1.2781954887218046,0.4285714285714288,0,1000.0,0,-0.65
Suj_023,Respuestas de formulario 2,AJK,Bloque_CON,1,Bloque_11,6,Opción 2,0,2.5,4.166666666666667,0,-1,-1,Hombre,5,6,1200.0,0,-1,-1,-1.0,1.0,0.0,0.0,0.0,0.3333333333333333,0.3333333333333333,0.5,0.3333333333333333,-0.1666666666666666,0.1666666666666666,Bloque_CON,0,0.29072681704261916,0.3827067669172868,1.2781954887218046,0.4285714285714288,0,1200.0,0,-0.45
Suj_025,Respuestas de formulario 2,AEF,Bloque_CON,1,Bloque_1,1,Opción 1,1,1.9,3.6666666666666665,1,-1,-1,Mujer,5,6,0.0,1,-1,-1,1.0,1.0,0.0,0.0,0.0,0.0,0.3333333333333333,0.3333333333333333,0.3333333333333333,0.0,0.0,Bloque_CON,1,-0.2092731829573813,-0.2172932330827133,1.2781954887218046,0.4285714285714288,1,0.0,1,
Suj_025,Respuestas de formulario 2,AGH,Bloque_CON,1,Bloque_5,2,Opción 2,0,1.9,3.6666666666666665,1,-1,-1,Mujer,5,6,2000.0,1,-1,-1,-1.0,1.0,0.0,0.0,0.0,0.0,0.3333333333333333,0.3333333333333333,0.3333333333333333,0.0,0.0,Bloque_CON,0,-0.2092731829573813,-0.2172932330827133,1.2781954887218046,0.4285714285714288,1,2000.0,0,0.35
Suj_025,Respuestas de formulario 2,ALM,Bloque_CON,1,Bloque_7,3,Opción 2,0,1.9,3.6666666666666665,1,-1,-1,Mujer,5,6,2400.0,1,-1,-1,-1.0,1.0,0.0,0.0,0.0,0.0,0.3333333333333333,0.3333333333333333,0.3333333333333333,0.0,0.0,Bloque_CON,0,-0.2092731829573813,-0.2172932330827133,1.2781954887218046,0.4285714285714288,1,2400.0,0,0.75
Suj_025,Respuestas de formulario 2,ABC,Bloque_CON,1,Bloque_3,4,Opción 1,1,1.9,3.6666666666666665,1,-1,-1,Mujer,5,6,0.0,1,-1,-1,1.0,1.0,0.0,0.0,0.0,0.0,0.3333333333333333,0.3333333333333333,0.3333333333333333,0.0,0.0,Bloque_CON,1,-0.2092731829573813,-0.2172932330827133,1.2781954887218046,0.4285714285714288,1,0.0,1,
Suj_025,Respuestas de formulario 2,AQS,Bloque_CON,1,Bloque_9,5,Opción 2,0,1.9,3.6666666666666665,1,-1,-1,Mujer,5,6,1000.0,1,-1,-1,-1.0,1.0,0.0,0.0,0.0,0.0,0.3333333333333333,0.3333333333333333,0.3333333333333333,0.0,0.0,Bloque_CON,0,-0.2092731829573813,-0.2172932330827133,1.2781954887218046,0.4285714285714288,1,1000.0,0,-0.65
Suj_025,Respuestas de formulario 2,AJK,Bloque_CON,1,Bloque_11,6,Opción 2,0,1.9,3.6666666666666665,1,-1,-1,Mujer,5,6,1200.0,1,-1,-1,-1.0,1.0,0.0,0.0,0.0,0.0,0.3333333333333333,0.3333333333333333,0.3333333333333333,0.0,0.0,Bloque_CON,0,-0.2092731829573813,-0.2172932330827133,1.2781954887218046,0.4285714285714288,1,1200.0,0,-0.45
Suj_026,Respuestas de formulario 3,ALM,Bloque_CON,1,Bloque_1,1,Opción 1,1,2.4,4.5,1,1,1,Hombre,5,7,0.0,1,1,1,1.0,0.6666666666666666,1.0,1.0,0.6666666666666666,1.0,0.6666666666666666,1.0,0.8333333333333334,-0.3333333333333333,0.1666666666666666,Bloque_CON,1,0.6240601503759522,0.2827067669172867,1.2781954887218046,1.4285714285714288,0,0.0,1,
Suj_026,Respuestas de formulario 3,ABC,Bloque_CON,1,Bloque_5,2,Opción 2,0,2.4,4.5,1,1,1,Hombre,5,7,2000.0,1,1,1,1.0,0.6666666666666666,1.0,1.0,0.6666666666666666,1.0,0.6666666666666666,1.0,0.8333333333333334,-0.3333333333333333,0.1666666666666666,Bloque_CON,0,0.6240601503759522,0.2827067669172867,1.2781954887218046,1.4285714285714288,0,2000.0,0,0.35
Suj_026,Respuestas de formulario 3,AQS,Bloque_CON,1,Bloque_7,3,Opción 1,1,2.4,4.5,1,1,1,Hombre,5,7,2400.0,1,1,1,1.0,0.6666666666666666,1.0,1.0,0.6666666666666666,1.0,0.6666666666666666,1.0,0.8333333333333334,-0.3333333333333333,0.1666666666666666,Bloque_CON,1,0.6240601503759522,0.2827067669172867,1.2781954887218046,1.4285714285714288,0,2400.0,0,0.75
Suj_026,Respuestas de formulario 3,AEF,Bloque_CON,1,Bloque_3,4,Opción 2,0,2.4,4.5,1,1,1,Hombre,5,7,0.0,1,1,1,1.0,0.6666666666666666,1.0,1.0,0.6666666666666666,1.0,0.6666666666666666,1.0,0.8333333333333334,-0.3333333333333333,0.1666666666666666,Bloque_CON,0,0.6240601503759522,0.2827067669172867,1.2781954887218046,1.4285714285714288,0,0.0,1,
Suj_026,Respuestas de formulario 3,AGH,Bloque_CON,1,Bloque_9,5,Opción 1,1,2.4,4.5,1,1,1,Hombre,5,7,1000.0,1,1,1,1.0,0.6666666666666666,1.0,1.0,0.6666666666666666,1.0,0.6666666666666666,1.0,0.8333333333333334,-0.3333333333333333,0.1666666666666666,Bloque_CON,1,0.6240601503759522,0.2827067669172867,1.2781954887218046,1.4285714285714288,0,1000.0,0,-0.65
Suj_026,Respuestas de formulario 3,AJK,Bloque_CON,1,Bloque_11,6,Opción 1,1,2.4,4.5,1,1,1,Hombre,5,7,1200.0,1,1,1,1.0,0.6666666666666666,1.0,1.0,0.6666666666666666,1.0,0.6666666666666666,1.0,0.8333333333333334,-0.3333333333333333,0.1666666666666666,Bloque_CON,1,0.6240601503759522,0.2827067669172867,1.2781954887218046,1.4285714285714288,0,1200.0,0,-0.45
Suj_027,Respuestas de formulario 3,ALM,Bloque_CON,1,Bloque_1,1,Opción 1,1,2.2,4.333333333333333,1,1,1,Mujer,3,4,0.0,1,1,1,1.0,0.8333333333333334,1.0,0.6666666666666666,0.3333333333333333,0.6666666666666666,0.6666666666666666,0.8333333333333334,0.6666666666666666,-0.1666666666666667,0.1666666666666667,Bloque_CON,1,0.45739348370928523,0.08270676691728696,-0.7218045112781954,-1.5714285714285712,1,0.0,1,
Suj_027,Respuestas de formulario 3,ABC,Bloque_CON,1,Bloque_5,2,Opción 2,0,2.2,4.333333333333333,1,1,1,Mujer,3,4,2000.0,1,1,1,1.0,0.8333333333333334,1.0,0.6666666666666666,0.3333333333333333,0.6666666666666666,0.6666666666666666,0.8333333333333334,0.6666666666666666,-0.1666666666666667,0.1666666666666667,Bloque_CON,0,0.45739348370928523,0.08270676691728696,-0.7218045112781954,-1.5714285714285712,1,2000.0,0,0.35
Suj_027,Respuestas de formulario 3,AQS,Bloque_CON,1,Bloque_7,3,Opción 2,0,2.2,4.333333333333333,1,1,1,Mujer,3,4,2400.0,1,1,1,1.0,0.8333333333333334,1.0,0.6666666666666666,0.3333333333333333,0.6666666666666666,0.6666666666666666,0.8333333333333334,0.6666666666666666,-0.1666666666666667,0.1666666666666667,Bloque_CON,0,0.45739348370928523,0.08270676691728696,-0.7218045112781954,-1.5714285714285712,1,2400.0,0,0.75
Suj_027,Respuestas de formulario 3,AEF,Bloque_CON,1,Bloque_3,4,Opción 1,1,2.2,4.333333333333333,1,1,1,Mujer,3,4,0.0,1,1,1,1.0,0.8333333333333334,1.0,0.6666666666666666,0.3333333333333333,0.6666666666666666,0.6666666666666666,0.8333333333333334,0.6666666666666666,-0.1666666666666667,0.1666666666666667,Bloque_CON,1,0.45739348370928523,0.08270676691728696,-0.7218045112781954,-1.5714285714285712,1,0.0,1,
Suj_027,Respuestas de formulario 3,AGH,Bloque_CON,1,Bloque_9,5,Opción 1,1,2.2,4.333333333333333,1,1,1,Mujer,3,4,1000.0,1,1,1,1.0,0.8333333333333334,1.0,0.6666666666666666,0.3333333333333333,0.6666666666666666,0.6666666666666666,0.8333333333333334,0.6666666666666666,-0.1666666666666667,0.1666666666666667,Bloque_CON,1,0.45739348370928523,0.08270676691728696,-0.7218045112781954,-1.5714285714285712,1,1000.0,0,-0.65
Suj_027,Respuestas de formulario 3,AJK,Bloque_CON,1,Bloque_11,6,Opción 1,1,2.2,4.333333333333333,1,1,1,Mujer,3,4,1200.0,1,1,1,1.0,0.8333333333333334,1.0,0.6666666666666666,0.3333333333333333,0.6666666666666666,0.6666666666666666,0.8333333333333334,0.6666666666666666,-0.1666666666666667,0.1666666666666667,Bloque_CON,1,0.45739348370928523,0.08270676691728696,-0.7218045112781954,-1.5714285714285712,1,1200.0,0,-0.45
Suj_028,Respuestas de formulario 3,ALM,Bloque_CON,1,Bloque_1,1,Opción 1,1,1.6,4.0,0,1,1,Mujer,2,5,0.0,0,1,1,0.0,0.8333333333333334,0.6666666666666666,0.6666666666666666,0.0,0.0,0.6666666666666666,0.5,0.3333333333333333,0.1666666666666666,0.1666666666666666,Bloque_CON,1,0.1240601503759522,-0.5172932330827131,-1.7218045112781954,-0.5714285714285712,1,0.0,1,
Suj_028,Respuestas de formulario 3,ABC,Bloque_CON,1,Bloque_5,2,Opción 2,0,1.6,4.0,0,1,1,Mujer,2,5,2000.0,0,1,1,1.0,0.8333333333333334,0.6666666666666666,0.6666666666666666,0.0,0.0,0.6666666666666666,0.5,0.3333333333333333,0.1666666666666666,0.1666666666666666,Bloque_CON,0,0.1240601503759522,-0.5172932330827131,-1.7218045112781954,-0.5714285714285712,1,2000.0,0,0.35
Suj_028,Respuestas de formulario 3,AQS,Bloque_CON,1,Bloque_7,3,Opción 2,0,1.6,4.0,0,1,1,Mujer,2,5,2400.0,0,1,1,1.0,0.8333333333333334,0.6666666666666666,0.6666666666666666,0.0,0.0,0.6666666666666666,0.5,0.3333333333333333,0.1666666666666666,0.1666666666666666,Bloque_CON,0,0.1240601503759522,-0.5172932330827131,-1.7218045112781954,-0.5714285714285712,1,2400.0,0,0.75
Suj_028,Respuestas de formulario 3,AEF,Bloque_CON,1,Bloque_3,4,Opción 1,1,1.6,4.0,0,1,1,Mujer,2,5,0.0,0,1,1,0.0,0.8333333333333334,0.6666666666666666,0.6666666666666666,0.0,0.0,0.6666666666666666,0.5,0.3333333333333333,0.1666666666666666,0.1666666666666666,Bloque_CON,1,0.1240601503759522,-0.5172932330827131,-1.7218045112781954,-0.5714285714285712,1,0.0,1,
Suj_028,Respuestas de formulario 3,AGH,Bloque_CON,1,Bloque_9,5,Opción 1,1,1.6,4.0,0,1,1,Mujer,2,5,1000.0,0,1,1,1.0,0.8333333333333334,0.6666666666666666,0.6666666666666666,0.0,0.0,0.6666666666666666,0.5,0.3333333333333333,0.1666666666666666,0.1666666666666666,Bloque_CON,1,0.1240601503759522,-0.5172932330827131,-1.7218045112781954,-0.5714285714285712,1,1000.0,0,-0.65
Suj_028,Respuestas de formulario 3,AJK,Bloque_CON,1,Bloque_11,6,Opción 1,1,1.6,4.0,0,1,1,Mujer,2,5,1200.0,0,1,1,1.0,0.8333333333333334,0.6666666666666666,0.6666666666666666,0.0,0.0,0.6666666666666666,0.5,0.3333333333333333,0.1666666666666666,0.1666666666666666,Bloque_CON,1,0.1240601503759522,-0.5172932330827131,-1.7218045112781954,-0.5714285714285712,1,1200.0,0,-0.45
Suj_031,Respuestas de formulario 3,ALM,Bloque_CON,1,Bloque_1,1,Opción 2,0,2.6,4.0,-1,-1,-1,Mujer,2,3,0.0,-1,-1,-1,-1.0,0.0,0.0,0.0,0.0,0.0,0.0,0.0,0.0,0.0,0.0,Bloque_CON,0,0.1240601503759522,0.48270676691728687,-1.7218045112781954,-2.571428571428571,1,0.0,1,
Suj_031,Respuestas de formulario 3,ABC,Bloque_CON,1,Bloque_5,2,Opción 2,0,2.6,4.0,-1,-1,-1,Mujer,2,3,2000.0,-1,-1,-1,-1.0,0.0,0.0,0.0,0.0,0.0,0.0,0.0,0.0,0.0,0.0,Bloque_CON,0,0.1240601503759522,0.48270676691728687,-1.7218045112781954,-2.571428571428571,1,2000.0,0,0.35
Suj_031,Respuestas de formulario 3,AQS,Bloque_CON,1,Bloque_7,3,Opción 2,0,2.6,4.0,-1,-1,-1,Mujer,2,3,2400.0,-1,-1,-1,-1.0,0.0,0.0,0.0,0.0,0.0,0.0,0.0,0.0,0.0,0.0,Bloque_CON,0,0.1240601503759522,0.48270676691728687,-1.7218045112781954,-2.571428571428571,1,2400.0,0,0.75
Suj_031,Respuestas de formulario 3,AEF,Bloque_CON,1,Bloque_3,4,Opción 2,0,2.6,4.0,-1,-1,-1,Mujer,2,3,0.0,-1,-1,-1,-1.0,0.0,0.0,0.0,0.0,0.0,0.0,0.0,0.0,0.0,0.0,Bloque_CON,0,0.1240601503759522,0.48270676691728687,-1.7218045112781954,-2.571428571428571,1,0.0,1,
Suj_031,Respuestas de formulario 3,AGH,Bloque_CON,1,Bloque_9,5,Opción 2,0,2.6,4.0,-1,-1,-1,Mujer,2,3,1000.0,-1,-1,-1,-1.0,0.0,0.0,0.0,0.0,0.0,0.0,0.0,0.0,0.0,0.0,Bloque_CON,0,0.1240601503759522,0.48270676691728687,-1.7218045112781954,-2.571428571428571,1,1000.0,0,-0.65
Suj_031,Respuestas de formulario 3,AJK,Bloque_CON,1,Bloque_11,6,Opción 2,0,2.6,4.0,-1,-1,-1,Mujer,2,3,1200.0,-1,-1,-1,-1.0,0.0,0.0,0.0,0.0,0.0,0.0,0.0,0.0,0.0,0.0,Bloque_CON,0,0.1240601503759522,0.48270676691728687,-1.7218045112781954,-2.571428571428571,1,1200.0,0,-0.45
Suj_033,Respuestas de formulario 3,ALM,Bloque_CON,1,Bloque_1,1,Opción 1,1,1.0,4.0,1,-1,1,Mujer,2,4,0.0,1,-1,1,1.0,0.5,0.3333333333333333,0.3333333333333333,0.6666666666666666,0.3333333333333333,0.6666666666666666,0.0,0.6666666666666666,0.6666666666666666,-0.6666666666666666,Bloque_CON,1,0.1240601503759522,-1.1172932330827132,-1.7218045112781954,-1.5714285714285712,1,0.0,1,
Suj_033,Respuestas de formulario 3,ABC,Bloque_CON,1,Bloque_5,2,Opción 1,1,1.0,4.0,1,-1,1,Mujer,2,4,2000.0,1,-1,1,-1.0,0.5,0.3333333333333333,0.3333333333333333,0.6666666666666666,0.3333333333333333,0.6666666666666666,0.0,0.6666666666666666,0.6666666666666666,-0.6666666666666666,Bloque_CON,1,0.1240601503759522,-1.1172932330827132,-1.7218045112781954,-1.5714285714285712,1,2000.0,0,0.35
Suj_033,Respuestas de formulario 3,AQS,Bloque_CON,1,Bloque_7,3,Opción 2,0,1.0,4.0,1,-1,1,Mujer,2,4,2400.0,1,-1,1,-1.0,0.5,0.3333333333333333,0.3333333333333333,0.6666666666666666,0.3333333333333333,0.6666666666666666,0.0,0.6666666666666666,0.6666666666666666,-0.6666666666666666,Bloque_CON,0,0.1240601503759522,-1.1172932330827132,-1.7218045112781954,-1.5714285714285712,1,2400.0,0,0.75
Suj_033,Respuestas de formulario 3,AEF,Bloque_CON,1,Bloque_3,4,Opción 2,0,1.0,4.0,1,-1,1,Mujer,2,4,0.0,1,-1,1,1.0,0.5,0.3333333333333333,0.3333333333333333,0.6666666666666666,0.3333333333333333,0.6666666666666666,0.0,0.6666666666666666,0.6666666666666666,-0.6666666666666666,Bloque_CON,0,0.1240601503759522,-1.1172932330827132,-1.7218045112781954,-1.5714285714285712,1,0.0,1,
Suj_033,Respuestas de formulario 3,AGH,Bloque_CON,1,Bloque_9,5,Opción 1,1,1.0,4.0,1,-1,1,Mujer,2,4,1000.0,1,-1,1,1.0,0.5,0.3333333333333333,0.3333333333333333,0.6666666666666666,0.3333333333333333,0.6666666666666666,0.0,0.6666666666666666,0.6666666666666666,-0.6666666666666666,Bloque_CON,1,0.1240601503759522,-1.1172932330827132,-1.7218045112781954,-1.5714285714285712,1,1000.0,0,-0.65
Suj_033,Respuestas de formulario 3,AJK,Bloque_CON,1,Bloque_11,6,Opción 1,1,1.0,4.0,1,-1,1,Mujer,2,4,1200.0,1,-1,1,1.0,0.5,0.3333333333333333,0.3333333333333333,0.6666666666666666,0.3333333333333333,0.6666666666666666,0.0,0.6666666666666666,0.6666666666666666,-0.6666666666666666,Bloque_CON,1,0.1240601503759522,-1.1172932330827132,-1.7218045112781954,-1.5714285714285712,1,1200.0,0,-0.45
Suj_034,Respuestas de formulario 3,ALM,Bloque_CON,1,Bloque_1,1,Opción 2,0,1.0,5.0,-1,-1,-1,Hombre,2,4,0.0,-1,-1,-1,-1.0,0.0,0.0,0.0,0.0,0.0,0.0,0.0,0.0,0.0,0.0,Bloque_CON,0,1.1240601503759522,-1.1172932330827132,-1.7218045112781954,-1.5714285714285712,0,0.0,1,
Suj_034,Respuestas de formulario 3,ABC,Bloque_CON,1,Bloque_5,2,Opción 2,0,1.0,5.0,-1,-1,-1,Hombre,2,4,2000.0,-1,-1,-1,-1.0,0.0,0.0,0.0,0.0,0.0,0.0,0.0,0.0,0.0,0.0,Bloque_CON,0,1.1240601503759522,-1.1172932330827132,-1.7218045112781954,-1.5714285714285712,0,2000.0,0,0.35
Suj_034,Respuestas de formulario 3,AQS,Bloque_CON,1,Bloque_7,3,Opción 2,0,1.0,5.0,-1,-1,-1,Hombre,2,4,2400.0,-1,-1,-1,-1.0,0.0,0.0,0.0,0.0,0.0,0.0,0.0,0.0,0.0,0.0,Bloque_CON,0,1.1240601503759522,-1.1172932330827132,-1.7218045112781954,-1.5714285714285712,0,2400.0,0,0.75
Suj_034,Respuestas de formulario 3,AEF,Bloque_CON,1,Bloque_3,4,Opción 2,0,1.0,5.0,-1,-1,-1,Hombre,2,4,0.0,-1,-1,-1,-1.0,0.0,0.0,0.0,0.0,0.0,0.0,0.0,0.0,0.0,0.0,Bloque_CON,0,1.1240601503759522,-1.1172932330827132,-1.7218045112781954,-1.5714285714285712,0,0.0,1,
Suj_034,Respuestas de formulario 3,AGH,Bloque_CON,1,Bloque_9,5,Opción 2,0,1.0,5.0,-1,-1,-1,Hombre,2,4,1000.0,-1,-1,-1,-1.0,0.0,0.0,0.0,0.0,0.0,0.0,0.0,0.0,0.0,0.0,Bloque_CON,0,1.1240601503759522,-1.1172932330827132,-1.7218045112781954,-1.5714285714285712,0,1000.0,0,-0.65
Suj_034,Respuestas de formulario 3,AJK,Bloque_CON,1,Bloque_11,6,Opción 2,0,1.0,5.0,-1,-1,-1,Hombre,2,4,1200.0,-1,-1,-1,-1.0,0.0,0.0,0.0,0.0,0.0,0.0,0.0,0.0,0.0,0.0,Bloque_CON,0,1.1240601503759522,-1.1172932330827132,-1.7218045112781954,-1.5714285714285712,0,1200.0,0,-0.45
Suj_035,Respuestas de formulario 3,ALM,Bloque_CON,1,Bloque_1,1,Opción 2,0,1.6,3.333333333333333,1,1,1,Mujer,3,2,0.0,1,1,1,1.0,0.3333333333333333,0.3333333333333333,0.0,0.6666666666666666,1.0,0.1666666666666666,0.5,0.6666666666666666,-0.3333333333333333,-0.1666666666666666,Bloque_CON,0,-0.5426065162907148,-0.5172932330827131,-0.7218045112781954,-3.571428571428571,1,0.0,1,
Suj_035,Respuestas de formulario 3,ABC,Bloque_CON,1,Bloque_5,2,Opción 2,0,1.6,3.333333333333333,1,1,1,Mujer,3,2,2000.0,1,1,1,1.0,0.3333333333333333,0.3333333333333333,0.0,0.6666666666666666,1.0,0.1666666666666666,0.5,0.6666666666666666,-0.3333333333333333,-0.1666666666666666,Bloque_CON,0,-0.5426065162907148,-0.5172932330827131,-0.7218045112781954,-3.571428571428571,1,2000.0,0,0.35
Suj_035,Respuestas de formulario 3,AQS,Bloque_CON,1,Bloque_7,3,Opción 1,1,1.6,3.333333333333333,1,1,1,Mujer,3,2,2400.0,1,1,1,1.0,0.3333333333333333,0.3333333333333333,0.0,0.6666666666666666,1.0,0.1666666666666666,0.5,0.6666666666666666,-0.3333333333333333,-0.1666666666666666,Bloque_CON,1,-0.5426065162907148,-0.5172932330827131,-0.7218045112781954,-3.571428571428571,1,2400.0,0,0.75
Suj_035,Respuestas de formulario 3,AEF,Bloque_CON,1,Bloque_3,4,Opción 2,0,1.6,3.333333333333333,1,1,1,Mujer,3,2,0.0,1,1,1,1.0,0.3333333333333333,0.3333333333333333,0.0,0.6666666666666666,1.0,0.1666666666666666,0.5,0.6666666666666666,-0.3333333333333333,-0.1666666666666666,Bloque_CON,0,-0.5426065162907148,-0.5172932330827131,-0.7218045112781954,-3.571428571428571,1,0.0,1,
Suj_035,Respuestas de formulario 3,AGH,Bloque_CON,1,Bloque_9,5,Opción 2,0,1.6,3.333333333333333,1,1,1,Mujer,3,2,1000.0,1,1,1,1.0,0.3333333333333333,0.3333333333333333,0.0,0.6666666666666666,1.0,0.1666666666666666,0.5,0.6666666666666666,-0.3333333333333333,-0.1666666666666666,Bloque_CON,0,-0.5426065162907148,-0.5172932330827131,-0.7218045112781954,-3.571428571428571,1,1000.0,0,-0.65
Suj_035,Respuestas de formulario 3,AJK,Bloque_CON,1,Bloque_11,6,Opción 2,0,1.6,3.333333333333333,1,1,1,Mujer,3,2,1200.0,1,1,1,1.0,0.3333333333333333,0.3333333333333333,0.0,0.6666666666666666,1.0,0.1666666666666666,0.5,0.6666666666666666,-0.3333333333333333,-0.1666666666666666,Bloque_CON,0,-0.5426065162907148,-0.5172932330827131,-0.7218045112781954,-3.571428571428571,1,1200.0,0,-0.45
Suj_036,Respuestas de formulario 3,ALM,Bloque_CON,1,Bloque_1,1,Opción 2,0,2.1,4.166666666666667,0,-1,-1,Mujer,6,8,0.0,0,-1,-1,0.0,0.0,0.0,0.0,0.3333333333333333,0.0,0.0,0.0,0.1666666666666666,0.0,-0.1666666666666666,Bloque_CON,0,0.29072681704261916,-0.017293233082713133,2.2781954887218046,2.428571428571429,1,0.0,1,
Suj_036,Respuestas de formulario 3,ABC,Bloque_CON,1,Bloque_5,2,Opción 2,0,2.1,4.166666666666667,0,-1,-1,Mujer,6,8,2000.0,0,-1,-1,-1.0,0.0,0.0,0.0,0.3333333333333333,0.0,0.0,0.0,0.1666666666666666,0.0,-0.1666666666666666,Bloque_CON,0,0.29072681704261916,-0.017293233082713133,2.2781954887218046,2.428571428571429,1,2000.0,0,0.35
Suj_036,Respuestas de formulario 3,AQS,Bloque_CON,1,Bloque_7,3,Opción 2,0,2.1,4.166666666666667,0,-1,-1,Mujer,6,8,2400.0,0,-1,-1,-1.0,0.0,0.0,0.0,0.3333333333333333,0.0,0.0,0.0,0.1666666666666666,0.0,-0.1666666666666666,Bloque_CON,0,0.29072681704261916,-0.017293233082713133,2.2781954887218046,2.428571428571429,1,2400.0,0,0.75
Suj_036,Respuestas de formulario 3,AEF,Bloque_CON,1,Bloque_3,4,Opción 2,0,2.1,4.166666666666667,0,-1,-1,Mujer,6,8,0.0,0,-1,-1,0.0,0.0,0.0,0.0,0.3333333333333333,0.0,0.0,0.0,0.1666666666666666,0.0,-0.1666666666666666,Bloque_CON,0,0.29072681704261916,-0.017293233082713133,2.2781954887218046,2.428571428571429,1,0.0,1,
Suj_036,Respuestas de formulario 3,AGH,Bloque_CON,1,Bloque_9,5,Opción 2,0,2.1,4.166666666666667,0,-1,-1,Mujer,6,8,1000.0,0,-1,-1,-1.0,0.0,0.0,0.0,0.3333333333333333,0.0,0.0,0.0,0.1666666666666666,0.0,-0.1666666666666666,Bloque_CON,0,0.29072681704261916,-0.017293233082713133,2.2781954887218046,2.428571428571429,1,1000.0,0,-0.65
Suj_036,Respuestas de formulario 3,AJK,Bloque_CON,1,Bloque_11,6,Opción 2,0,2.1,4.166666666666667,0,-1,-1,Mujer,6,8,1200.0,0,-1,-1,-1.0,0.0,0.0,0.0,0.3333333333333333,0.0,0.0,0.0,0.1666666666666666,0.0,-0.1666666666666666,Bloque_CON,0,0.29072681704261916,-0.017293233082713133,2.2781954887218046,2.428571428571429,1,1200.0,0,-0.45
Suj_037,Respuestas de formulario 3,ALM,Bloque_CON,1,Bloque_1,1,Opción 2,0,1.4,2.6666666666666665,-1,-1,-1,Mujer,4,3,0.0,-1,-1,-1,-1.0,0.0,0.0,0.0,0.0,0.0,0.0,0.0,0.0,0.0,0.0,Bloque_CON,0,-1.2092731829573813,-0.7172932330827133,0.27819548872180455,-2.571428571428571,1,0.0,1,
Suj_037,Respuestas de formulario 3,ABC,Bloque_CON,1,Bloque_5,2,Opción 2,0,1.4,2.6666666666666665,-1,-1,-1,Mujer,4,3,2000.0,-1,-1,-1,-1.0,0.0,0.0,0.0,0.0,0.0,0.0,0.0,0.0,0.0,0.0,Bloque_CON,0,-1.2092731829573813,-0.7172932330827133,0.27819548872180455,-2.571428571428571,1,2000.0,0,0.35
Suj_037,Respuestas de formulario 3,AQS,Bloque_CON,1,Bloque_7,3,Opción 2,0,1.4,2.6666666666666665,-1,-1,-1,Mujer,4,3,2400.0,-1,-1,-1,-1.0,0.0,0.0,0.0,0.0,0.0,0.0,0.0,0.0,0.0,0.0,Bloque_CON,0,-1.2092731829573813,-0.7172932330827133,0.27819548872180455,-2.571428571428571,1,2400.0,0,0.75
Suj_037,Respuestas de formulario 3,AEF,Bloque_CON,1,Bloque_3,4,Opción 2,0,1.4,2.6666666666666665,-1,-1,-1,Mujer,4,3,0.0,-1,-1,-1,-1.0,0.0,0.0,0.0,0.0,0.0,0.0,0.0,0.0,0.0,0.0,Bloque_CON,0,-1.2092731829573813,-0.7172932330827133,0.27819548872180455,-2.571428571428571,1,0.0,1,
Suj_037,Respuestas de formulario 3,AGH,Bloque_CON,1,Bloque_9,5,Opción 2,0,1.4,2.6666666666666665,-1,-1,-1,Mujer,4,3,1000.0,-1,-1,-1,-1.0,0.0,0.0,0.0,0.0,0.0,0.0,0.0,0.0,0.0,0.0,Bloque_CON,0,-1.2092731829573813,-0.7172932330827133,0.27819548872180455,-2.571428571428571,1,1000.0,0,-0.65
Suj_037,Respuestas de formulario 3,AJK,Bloque_CON,1,Bloque_11,6,Opción 2,0,1.4,2.6666666666666665,-1,-1,-1,Mujer,4,3,1200.0,-1,-1,-1,-1.0,0.0,0.0,0.0,0.0,0.0,0.0,0.0,0.0,0.0,0.0,Bloque_CON,0,-1.2092731829573813,-0.7172932330827133,0.27819548872180455,-2.571428571428571,1,1200.0,0,-0.45
Suj_038,Respuestas de formulario 3,ALM,Bloque_CON,1,Bloque_1,1,Opción 1,1,3.0,3.6666666666666665,-1,-1,-1,Mujer,4,4,0.0,-1,-1,-1,-1.0,0.1666666666666666,0.3333333333333333,0.3333333333333333,0.3333333333333333,0.3333333333333333,0.6666666666666666,0.1666666666666666,0.0,0.5,0.1666666666666666,Bloque_CON,1,-0.2092731829573813,0.8827067669172868,0.27819548872180455,-1.5714285714285712,1,0.0,1,
Suj_038,Respuestas de formulario 3,ABC,Bloque_CON,1,Bloque_5,2,Opción 2,0,3.0,3.6666666666666665,-1,-1,-1,Mujer,4,4,2000.0,-1,-1,-1,-1.0,0.1666666666666666,0.3333333333333333,0.3333333333333333,0.3333333333333333,0.3333333333333333,0.6666666666666666,0.1666666666666666,0.0,0.5,0.1666666666666666,Bloque_CON,0,-0.2092731829573813,0.8827067669172868,0.27819548872180455,-1.5714285714285712,1,2000.0,0,0.35
Suj_038,Respuestas de formulario 3,AQS,Bloque_CON,1,Bloque_7,3,Opción 1,1,3.0,3.6666666666666665,-1,-1,-1,Mujer,4,4,2400.0,-1,-1,-1,-1.0,0.1666666666666666,0.3333333333333333,0.3333333333333333,0.3333333333333333,0.3333333333333333,0.6666666666666666,0.1666666666666666,0.0,0.5,0.1666666666666666,Bloque_CON,1,-0.2092731829573813,0.8827067669172868,0.27819548872180455,-1.5714285714285712,1,2400.0,0,0.75
Suj_038,Respuestas de formulario 3,AEF,Bloque_CON,1,Bloque_3,4,Opción 2,0,3.0,3.6666666666666665,-1,-1,-1,Mujer,4,4,0.0,-1,-1,-1,-1.0,0.1666666666666666,0.3333333333333333,0.3333333333333333,0.3333333333333333,0.3333333333333333,0.6666666666666666,0.1666666666666666,0.0,0.5,0.1666666666666666,Bloque_CON,0,-0.2092731829573813,0.8827067669172868,0.27819548872180455,-1.5714285714285712,1,0.0,1,
Suj_038,Respuestas de formulario 3,AGH,Bloque_CON,1,Bloque_9,5,Opción 1,1,3.0,3.6666666666666665,-1,-1,-1,Mujer,4,4,1000.0,-1,-1,-1,-1.0,0.1666666666666666,0.3333333333333333,0.3333333333333333,0.3333333333333333,0.3333333333333333,0.6666666666666666,0.1666666666666666,0.0,0.5,0.1666666666666666,Bloque_CON,1,-0.2092731829573813,0.8827067669172868,0.27819548872180455,-1.5714285714285712,1,1000.0,0,-0.65
Suj_038,Respuestas de formulario 3,AJK,Bloque_CON,1,Bloque_11,6,Opción 1,1,3.0,3.6666666666666665,-1,-1,-1,Mujer,4,4,1200.0,-1,-1,-1,-1.0,0.1666666666666666,0.3333333333333333,0.3333333333333333,0.3333333333333333,0.3333333333333333,0.6666666666666666,0.1666666666666666,0.0,0.5,0.1666666666666666,Bloque_CON,1,-0.2092731829573813,0.8827067669172868,0.27819548872180455,-1.5714285714285712,1,1200.0,0,-0.45
Suj_039,Respuestas de formulario 3,ALM,Bloque_CON,1,Bloque_1,1,Opción 1,1,2.4,3.5,0,0,1,Mujer,4,3,0.0,0,0,1,0.0,1.0,1.0,0.3333333333333333,0.6666666666666666,0.0,0.5,0.8333333333333334,0.6666666666666666,-0.3333333333333333,0.1666666666666667,Bloque_CON,1,-0.3759398496240478,0.2827067669172867,0.27819548872180455,-2.571428571428571,1,0.0,1,
Suj_039,Respuestas de formulario 3,ABC,Bloque_CON,1,Bloque_5,2,Opción 2,0,2.4,3.5,0,0,1,Mujer,4,3,2000.0,0,0,1,0.0,1.0,1.0,0.3333333333333333,0.6666666666666666,0.0,0.5,0.8333333333333334,0.6666666666666666,-0.3333333333333333,0.1666666666666667,Bloque_CON,0,-0.3759398496240478,0.2827067669172867,0.27819548872180455,-2.571428571428571,1,2000.0,0,0.35
Suj_039,Respuestas de formulario 3,AQS,Bloque_CON,1,Bloque_7,3,Opción 2,0,2.4,3.5,0,0,1,Mujer,4,3,2400.0,0,0,1,0.0,1.0,1.0,0.3333333333333333,0.6666666666666666,0.0,0.5,0.8333333333333334,0.6666666666666666,-0.3333333333333333,0.1666666666666667,Bloque_CON,0,-0.3759398496240478,0.2827067669172867,0.27819548872180455,-2.571428571428571,1,2400.0,0,0.75
Suj_039,Respuestas de formulario 3,AEF,Bloque_CON,1,Bloque_3,4,Opción 1,1,2.4,3.5,0,0,1,Mujer,4,3,0.0,0,0,1,0.0,1.0,1.0,0.3333333333333333,0.6666666666666666,0.0,0.5,0.8333333333333334,0.6666666666666666,-0.3333333333333333,0.1666666666666667,Bloque_CON,1,-0.3759398496240478,0.2827067669172867,0.27819548872180455,-2.571428571428571,1,0.0,1,
Suj_039,Respuestas de formulario 3,AGH,Bloque_CON,1,Bloque_9,5,Opción 1,1,2.4,3.5,0,0,1,Mujer,4,3,1000.0,0,0,1,1.0,1.0,1.0,0.3333333333333333,0.6666666666666666,0.0,0.5,0.8333333333333334,0.6666666666666666,-0.3333333333333333,0.1666666666666667,Bloque_CON,1,-0.3759398496240478,0.2827067669172867,0.27819548872180455,-2.571428571428571,1,1000.0,0,-0.65
Suj_039,Respuestas de formulario 3,AJK,Bloque_CON,1,Bloque_11,6,Opción 2,0,2.4,3.5,0,0,1,Mujer,4,3,1200.0,0,0,1,1.0,1.0,1.0,0.3333333333333333,0.6666666666666666,0.0,0.5,0.8333333333333334,0.6666666666666666,-0.3333333333333333,0.1666666666666667,Bloque_CON,0,-0.3759398496240478,0.2827067669172867,0.27819548872180455,-2.571428571428571,1,1200.0,0,-0.45
Suj_040,Respuestas de formulario 4,AQS,Bloque_CON,1,Bloque_7,1,Opción 2,0,3.8,4.166666666666667,-1,-1,-1,Hombre,6,7,2400.0,-1,-1,-1,-1.0,0.8333333333333334,0.0,0.0,0.0,0.0,0.1666666666666666,0.3333333333333333,0.3333333333333333,-0.1666666666666666,0.0,Bloque_CON,0,0.29072681704261916,1.6827067669172866,2.2781954887218046,1.4285714285714288,0,2400.0,0,0.75
Suj_040,Respuestas de formulario 4,AJK,Bloque_CON,1,Bloque_3,2,Opción 2,0,3.8,4.166666666666667,-1,-1,-1,Hombre,6,7,0.0,-1,-1,-1,-1.0,0.8333333333333334,0.0,0.0,0.0,0.0,0.1666666666666666,0.3333333333333333,0.3333333333333333,-0.1666666666666666,0.0,Bloque_CON,0,0.29072681704261916,1.6827067669172866,2.2781954887218046,1.4285714285714288,0,0.0,1,
Suj_040,Respuestas de formulario 4,ABC,Bloque_CON,1,Bloque_1,3,Opción 1,1,3.8,4.166666666666667,-1,-1,-1,Hombre,6,7,0.0,-1,-1,-1,-1.0,0.8333333333333334,0.0,0.0,0.0,0.0,0.1666666666666666,0.3333333333333333,0.3333333333333333,-0.1666666666666666,0.0,Bloque_CON,1,0.29072681704261916,1.6827067669172866,2.2781954887218046,1.4285714285714288,0,0.0,1,
Suj_040,Respuestas de formulario 4,ALM,Bloque_CON,1,Bloque_9,4,Opción 2,0,3.8,4.166666666666667,-1,-1,-1,Hombre,6,7,1000.0,-1,-1,-1,-1.0,0.8333333333333334,0.0,0.0,0.0,0.0,0.1666666666666666,0.3333333333333333,0.3333333333333333,-0.1666666666666666,0.0,Bloque_CON,0,0.29072681704261916,1.6827067669172866,2.2781954887218046,1.4285714285714288,0,1000.0,0,-0.65
Suj_040,Respuestas de formulario 4,AEF,Bloque_CON,1,Bloque_5,5,Opción 2,0,3.8,4.166666666666667,-1,-1,-1,Hombre,6,7,2000.0,-1,-1,-1,-1.0,0.8333333333333334,0.0,0.0,0.0,0.0,0.1666666666666666,0.3333333333333333,0.3333333333333333,-0.1666666666666666,0.0,Bloque_CON,0,0.29072681704261916,1.6827067669172866,2.2781954887218046,1.4285714285714288,0,2000.0,0,0.35
Suj_040,Respuestas de formulario 4,AGH,Bloque_CON,1,Bloque_11,6,Opción 2,0,3.8,4.166666666666667,-1,-1,-1,Hombre,6,7,1200.0,-1,-1,-1,-1.0,0.8333333333333334,0.0,0.0,0.0,0.0,0.1666666666666666,0.3333333333333333,0.3333333333333333,-0.1666666666666666,0.0,Bloque_CON,0,0.29072681704261916,1.6827067669172866,2.2781954887218046,1.4285714285714288,0,1200.0,0,-0.45
Suj_041,Respuestas de formulario 4,AQS,Bloque_CON,1,Bloque_7,1,Opción 2,0,1.5,3.6666666666666665,0,0,0,Mujer,1,3,2400.0,0,0,0,0.0,0.5,0.0,0.0,0.0,0.0,0.1666666666666666,0.1666666666666666,0.1666666666666666,0.0,0.0,Bloque_CON,0,-0.2092731829573813,-0.6172932330827132,-2.7218045112781954,-2.571428571428571,1,2400.0,0,0.75
Suj_041,Respuestas de formulario 4,AJK,Bloque_CON,1,Bloque_3,2,Opción 2,0,1.5,3.6666666666666665,0,0,0,Mujer,1,3,0.0,0,0,0,0.0,0.5,0.0,0.0,0.0,0.0,0.1666666666666666,0.1666666666666666,0.1666666666666666,0.0,0.0,Bloque_CON,0,-0.2092731829573813,-0.6172932330827132,-2.7218045112781954,-2.571428571428571,1,0.0,1,
Suj_041,Respuestas de formulario 4,ABC,Bloque_CON,1,Bloque_1,3,Opción 1,1,1.5,3.6666666666666665,0,0,0,Mujer,1,3,0.0,0,0,0,0.0,0.5,0.0,0.0,0.0,0.0,0.1666666666666666,0.1666666666666666,0.1666666666666666,0.0,0.0,Bloque_CON,1,-0.2092731829573813,-0.6172932330827132,-2.7218045112781954,-2.571428571428571,1,0.0,1,
Suj_041,Respuestas de formulario 4,ALM,Bloque_CON,1,Bloque_9,4,Opción 2,0,1.5,3.6666666666666665,0,0,0,Mujer,1,3,1000.0,0,0,0,0.0,0.5,0.0,0.0,0.0,0.0,0.1666666666666666,0.1666666666666666,0.1666666666666666,0.0,0.0,Bloque_CON,0,-0.2092731829573813,-0.6172932330827132,-2.7218045112781954,-2.571428571428571,1,1000.0,0,-0.65
Suj_041,Respuestas de formulario 4,AEF,Bloque_CON,1,Bloque_5,5,Opción 2,0,1.5,3.6666666666666665,0,0,0,Mujer,1,3,2000.0,0,0,0,0.0,0.5,0.0,0.0,0.0,0.0,0.1666666666666666,0.1666666666666666,0.1666666666666666,0.0,0.0,Bloque_CON,0,-0.2092731829573813,-0.6172932330827132,-2.7218045112781954,-2.571428571428571,1,2000.0,0,0.35
Suj_041,Respuestas de formulario 4,AGH,Bloque_CON,1,Bloque_11,6,Opción 2,0,1.5,3.6666666666666665,0,0,0,Mujer,1,3,1200.0,0,0,0,0.0,0.5,0.0,0.0,0.0,0.0,0.1666666666666666,0.1666666666666666,0.1666666666666666,0.0,0.0,Bloque_CON,0,-0.2092731829573813,-0.6172932330827132,-2.7218045112781954,-2.571428571428571,1,1200.0,0,-0.45
Suj_044,Respuestas de formulario 4,AQS,Bloque_CON,1,Bloque_7,1,Opción 2,0,1.4,4.166666666666667,1,1,0,Mujer,4,5,2400.0,1,1,0,1.0,0.0,0.0,0.0,0.0,0.0,0.0,0.0,0.0,0.0,0.0,Bloque_CON,0,0.29072681704261916,-0.7172932330827133,0.27819548872180455,-0.5714285714285712,1,2400.0,0,0.75
Suj_044,Respuestas de formulario 4,AJK,Bloque_CON,1,Bloque_3,2,Opción 2,0,1.4,4.166666666666667,1,1,0,Mujer,4,5,0.0,1,1,0,1.0,0.0,0.0,0.0,0.0,0.0,0.0,0.0,0.0,0.0,0.0,Bloque_CON,0,0.29072681704261916,-0.7172932330827133,0.27819548872180455,-0.5714285714285712,1,0.0,1,
Suj_044,Respuestas de formulario 4,ABC,Bloque_CON,1,Bloque_1,3,Opción 2,0,1.4,4.166666666666667,1,1,0,Mujer,4,5,0.0,1,1,0,1.0,0.0,0.0,0.0,0.0,0.0,0.0,0.0,0.0,0.0,0.0,Bloque_CON,0,0.29072681704261916,-0.7172932330827133,0.27819548872180455,-0.5714285714285712,1,0.0,1,
Suj_044,Respuestas de formulario 4,ALM,Bloque_CON,1,Bloque_9,4,Opción 2,0,1.4,4.166666666666667,1,1,0,Mujer,4,5,1000.0,1,1,0,0.0,0.0,0.0,0.0,0.0,0.0,0.0,0.0,0.0,0.0,0.0,Bloque_CON,0,0.29072681704261916,-0.7172932330827133,0.27819548872180455,-0.5714285714285712,1,1000.0,0,-0.65
Suj_044,Respuestas de formulario 4,AEF,Bloque_CON,1,Bloque_5,5,Opción 2,0,1.4,4.166666666666667,1,1,0,Mujer,4,5,2000.0,1,1,0,1.0,0.0,0.0,0.0,0.0,0.0,0.0,0.0,0.0,0.0,0.0,Bloque_CON,0,0.29072681704261916,-0.7172932330827133,0.27819548872180455,-0.5714285714285712,1,2000.0,0,0.35
Suj_044,Respuestas de formulario 4,AGH,Bloque_CON,1,Bloque_11,6,Opción 2,0,1.4,4.166666666666667,1,1,0,Mujer,4,5,1200.0,1,1,0,0.0,0.0,0.0,0.0,0.0,0.0,0.0,0.0,0.0,0.0,0.0,Bloque_CON,0,0.29072681704261916,-0.7172932330827133,0.27819548872180455,-0.5714285714285712,1,1200.0,0,-0.45
Suj_045,Respuestas de formulario 4,AQS,Bloque_CON,1,Bloque_7,1,Opción 2,0,2.8,3.0,-1,-1,-1,Mujer,5,5,2400.0,-1,-1,-1,-1.0,0.0,0.0,0.0,0.0,0.0,0.0,0.0,0.0,0.0,0.0,Bloque_CON,0,-0.8759398496240478,0.6827067669172866,1.2781954887218046,-0.5714285714285712,1,2400.0,0,0.75
Suj_045,Respuestas de formulario 4,AJK,Bloque_CON,1,Bloque_3,2,Opción 2,0,2.8,3.0,-1,-1,-1,Mujer,5,5,0.0,-1,-1,-1,-1.0,0.0,0.0,0.0,0.0,0.0,0.0,0.0,0.0,0.0,0.0,Bloque_CON,0,-0.8759398496240478,0.6827067669172866,1.2781954887218046,-0.5714285714285712,1,0.0,1,
Suj_045,Respuestas de formulario 4,ABC,Bloque_CON,1,Bloque_1,3,Opción 2,0,2.8,3.0,-1,-1,-1,Mujer,5,5,0.0,-1,-1,-1,-1.0,0.0,0.0,0.0,0.0,0.0,0.0,0.0,0.0,0.0,0.0,Bloque_CON,0,-0.8759398496240478,0.6827067669172866,1.2781954887218046,-0.5714285714285712,1,0.0,1,
Suj_045,Respuestas de formulario 4,ALM,Bloque_CON,1,Bloque_9,4,Opción 2,0,2.8,3.0,-1,-1,-1,Mujer,5,5,1000.0,-1,-1,-1,-1.0,0.0,0.0,0.0,0.0,0.0,0.0,0.0,0.0,0.0,0.0,Bloque_CON,0,-0.8759398496240478,0.6827067669172866,1.2781954887218046,-0.5714285714285712,1,1000.0,0,-0.65
Suj_045,Respuestas de formulario 4,AEF,Bloque_CON,1,Bloque_5,5,Opción 2,0,2.8,3.0,-1,-1,-1,Mujer,5,5,2000.0,-1,-1,-1,-1.0,0.0,0.0,0.0,0.0,0.0,0.0,0.0,0.0,0.0,0.0,Bloque_CON,0,-0.8759398496240478,0.6827067669172866,1.2781954887218046,-0.5714285714285712,1,2000.0,0,0.35
Suj_045,Respuestas de formulario 4,AGH,Bloque_CON,1,Bloque_11,6,Opción 2,0,2.8,3.0,-1,-1,-1,Mujer,5,5,1200.0,-1,-1,-1,-1.0,0.0,0.0,0.0,0.0,0.0,0.0,0.0,0.0,0.0,0.0,Bloque_CON,0,-0.8759398496240478,0.6827067669172866,1.2781954887218046,-0.5714285714285712,1,1200.0,0,-0.45
Suj_047,Respuestas de formulario 4,AQS,Bloque_CON,1,Bloque_7,1,Opción 2,0,2.3,4.166666666666667,-1,0,0,Mujer,5,6,2400.0,-1,0,0,0.0,0.5,0.3333333333333333,0.3333333333333333,0.0,0.0,0.1666666666666666,0.0,0.6666666666666666,0.1666666666666666,-0.6666666666666666,Bloque_CON,0,0.29072681704261916,0.1827067669172866,1.2781954887218046,0.4285714285714288,1,2400.0,0,0.75
Suj_047,Respuestas de formulario 4,AJK,Bloque_CON,1,Bloque_3,2,Opción 2,0,2.3,4.166666666666667,-1,0,0,Mujer,5,6,0.0,-1,0,0,-1.0,0.5,0.3333333333333333,0.3333333333333333,0.0,0.0,0.1666666666666666,0.0,0.6666666666666666,0.1666666666666666,-0.6666666666666666,Bloque_CON,0,0.29072681704261916,0.1827067669172866,1.2781954887218046,0.4285714285714288,1,0.0,1,
Suj_047,Respuestas de formulario 4,ABC,Bloque_CON,1,Bloque_1,3,Opción 1,1,2.3,4.166666666666667,-1,0,0,Mujer,5,6,0.0,-1,0,0,-1.0,0.5,0.3333333333333333,0.3333333333333333,0.0,0.0,0.1666666666666666,0.0,0.6666666666666666,0.1666666666666666,-0.6666666666666666,Bloque_CON,1,0.29072681704261916,0.1827067669172866,1.2781954887218046,0.4285714285714288,1,0.0,1,
Suj_047,Respuestas de formulario 4,ALM,Bloque_CON,1,Bloque_9,4,Opción 2,0,2.3,4.166666666666667,-1,0,0,Mujer,5,6,1000.0,-1,0,0,0.0,0.5,0.3333333333333333,0.3333333333333333,0.0,0.0,0.1666666666666666,0.0,0.6666666666666666,0.1666666666666666,-0.6666666666666666,Bloque_CON,0,0.29072681704261916,0.1827067669172866,1.2781954887218046,0.4285714285714288,1,1000.0,0,-0.65
Suj_047,Respuestas de formulario 4,AEF,Bloque_CON,1,Bloque_5,5,Opción 2,0,2.3,4.166666666666667,-1,0,0,Mujer,5,6,2000.0,-1,0,0,0.0,0.5,0.3333333333333333,0.3333333333333333,0.0,0.0,0.1666666666666666,0.0,0.6666666666666666,0.1666666666666666,-0.6666666666666666,Bloque_CON,0,0.29072681704261916,0.1827067669172866,1.2781954887218046,0.4285714285714288,1,2000.0,0,0.35
Suj_047,Respuestas de formulario 4,AGH,Bloque_CON,1,Bloque_11,6,Opción 2,0,2.3,4.166666666666667,-1,0,0,Mujer,5,6,1200.0,-1,0,0,0.0,0.5,0.3333333333333333,0.3333333333333333,0.0,0.0,0.1666666666666666,0.0,0.6666666666666666,0.1666666666666666,-0.6666666666666666,Bloque_CON,0,0.29072681704261916,0.1827067669172866,1.2781954887218046,0.4285714285714288,1,1200.0,0,-0.45
Suj_048,Respuestas de formulario 4,AQS,Bloque_CON,1,Bloque_7,1,Opción 2,0,1.2,4.333333333333333,-1,-1,-1,Mujer,4,5,2400.0,-1,-1,-1,-1.0,0.0,0.0,0.0,0.0,0.0,0.0,0.0,0.0,0.0,0.0,Bloque_CON,0,0.45739348370928523,-0.9172932330827133,0.27819548872180455,-0.5714285714285712,1,2400.0,0,0.75
Suj_048,Respuestas de formulario 4,AJK,Bloque_CON,1,Bloque_3,2,Opción 2,0,1.2,4.333333333333333,-1,-1,-1,Mujer,4,5,0.0,-1,-1,-1,-1.0,0.0,0.0,0.0,0.0,0.0,0.0,0.0,0.0,0.0,0.0,Bloque_CON,0,0.45739348370928523,-0.9172932330827133,0.27819548872180455,-0.5714285714285712,1,0.0,1,
Suj_048,Respuestas de formulario 4,ABC,Bloque_CON,1,Bloque_1,3,Opción 2,0,1.2,4.333333333333333,-1,-1,-1,Mujer,4,5,0.0,-1,-1,-1,-1.0,0.0,0.0,0.0,0.0,0.0,0.0,0.0,0.0,0.0,0.0,Bloque_CON,0,0.45739348370928523,-0.9172932330827133,0.27819548872180455,-0.5714285714285712,1,0.0,1,
Suj_048,Respuestas de formulario 4,ALM,Bloque_CON,1,Bloque_9,4,Opción 2,0,1.2,4.333333333333333,-1,-1,-1,Mujer,4,5,1000.0,-1,-1,-1,-1.0,0.0,0.0,0.0,0.0,0.0,0.0,0.0,0.0,0.0,0.0,Bloque_CON,0,0.45739348370928523,-0.9172932330827133,0.27819548872180455,-0.5714285714285712,1,1000.0,0,-0.65
Suj_048,Respuestas de formulario 4,AEF,Bloque_CON,1,Bloque_5,5,Opción 2,0,1.2,4.333333333333333,-1,-1,-1,Mujer,4,5,2000.0,-1,-1,-1,-1.0,0.0,0.0,0.0,0.0,0.0,0.0,0.0,0.0,0.0,0.0,Bloque_CON,0,0.45739348370928523,-0.9172932330827133,0.27819548872180455,-0.5714285714285712,1,2000.0,0,0.35
Suj_048,Respuestas de formulario 4,AGH,Bloque_CON,1,Bloque_11,6,Opción 2,0,1.2,4.333333333333333,-1,-1,-1,Mujer,4,5,1200.0,-1,-1,-1,-1.0,0.0,0.0,0.0,0.0,0.0,0.0,0.0,0.0,0.0,0.0,Bloque_CON,0,0.45739348370928523,-0.9172932330827133,0.27819548872180455,-0.5714285714285712,1,1200.0,0,-0.45
Suj_049,Respuestas de formulario 5,ABC,Bloque_SIN,1,Bloque_7,1,Opción 2,0,1.7,3.1666666666666665,0,-1,-1,Mujer,4,8,2400.0,0,-1,-1,-1.0,1.0,0.0,0.0,0.0,0.0,0.3333333333333333,0.3333333333333333,0.3333333333333333,0.0,0.0,Bloque_SIN,0,-0.7092731829573813,-0.41729323308271327,0.27819548872180455,2.428571428571429,1,2400.0,0,0.75
Suj_049,Respuestas de formulario 5,AEF,Bloque_SIN,1,Bloque_3,2,Opción 1,1,1.7,3.1666666666666665,0,-1,-1,Mujer,4,8,0.0,0,-1,-1,0.0,1.0,0.0,0.0,0.0,0.0,0.3333333333333333,0.3333333333333333,0.3333333333333333,0.0,0.0,Bloque_SIN,1,-0.7092731829573813,-0.41729323308271327,0.27819548872180455,2.428571428571429,1,0.0,1,
Suj_049,Respuestas de formulario 5,AJK,Bloque_SIN,1,Bloque_1,3,Opción 1,1,1.7,3.1666666666666665,0,-1,-1,Mujer,4,8,0.0,0,-1,-1,0.0,1.0,0.0,0.0,0.0,0.0,0.3333333333333333,0.3333333333333333,0.3333333333333333,0.0,0.0,Bloque_SIN,1,-0.7092731829573813,-0.41729323308271327,0.27819548872180455,2.428571428571429,1,0.0,1,
Suj_049,Respuestas de formulario 5,AGH,Bloque_SIN,1,Bloque_9,4,Opción 2,0,1.7,3.1666666666666665,0,-1,-1,Mujer,4,8,1000.0,0,-1,-1,-1.0,1.0,0.0,0.0,0.0,0.0,0.3333333333333333,0.3333333333333333,0.3333333333333333,0.0,0.0,Bloque_SIN,0,-0.7092731829573813,-0.41729323308271327,0.27819548872180455,2.428571428571429,1,1000.0,0,-0.65
Suj_049,Respuestas de formulario 5,ALM,Bloque_SIN,1,Bloque_5,5,Opción 2,0,1.7,3.1666666666666665,0,-1,-1,Mujer,4,8,2000.0,0,-1,-1,-1.0,1.0,0.0,0.0,0.0,0.0,0.3333333333333333,0.3333333333333333,0.3333333333333333,0.0,0.0,Bloque_SIN,0,-0.7092731829573813,-0.41729323308271327,0.27819548872180455,2.428571428571429,1,2000.0,0,0.35
Suj_049,Respuestas de formulario 5,AQS,Bloque_SIN,1,Bloque_11,6,Opción 2,0,1.7,3.1666666666666665,0,-1,-1,Mujer,4,8,1200.0,0,-1,-1,-1.0,1.0,0.0,0.0,0.0,0.0,0.3333333333333333,0.3333333333333333,0.3333333333333333,0.0,0.0,Bloque_SIN,0,-0.7092731829573813,-0.41729323308271327,0.27819548872180455,2.428571428571429,1,1200.0,0,-0.45
Suj_050,Respuestas de formulario 5,ABC,Bloque_SIN,1,Bloque_7,1,Opción 2,0,2.2,3.333333333333333,0,0,0,Hombre,1,6,2400.0,0,0,0,0.0,1.0,0.0,0.0,0.0,0.0,0.3333333333333333,0.3333333333333333,0.3333333333333333,0.0,0.0,Bloque_SIN,0,-0.5426065162907148,0.08270676691728696,-2.7218045112781954,0.4285714285714288,0,2400.0,0,0.75
Suj_050,Respuestas de formulario 5,AEF,Bloque_SIN,1,Bloque_3,2,Opción 1,1,2.2,3.333333333333333,0,0,0,Hombre,1,6,0.0,0,0,0,0.0,1.0,0.0,0.0,0.0,0.0,0.3333333333333333,0.3333333333333333,0.3333333333333333,0.0,0.0,Bloque_SIN,1,-0.5426065162907148,0.08270676691728696,-2.7218045112781954,0.4285714285714288,0,0.0,1,
Suj_050,Respuestas de formulario 5,AJK,Bloque_SIN,1,Bloque_1,3,Opción 1,1,2.2,3.333333333333333,0,0,0,Hombre,1,6,0.0,0,0,0,0.0,1.0,0.0,0.0,0.0,0.0,0.3333333333333333,0.3333333333333333,0.3333333333333333,0.0,0.0,Bloque_SIN,1,-0.5426065162907148,0.08270676691728696,-2.7218045112781954,0.4285714285714288,0,0.0,1,
Suj_050,Respuestas de formulario 5,AGH,Bloque_SIN,1,Bloque_9,4,Opción 2,0,2.2,3.333333333333333,0,0,0,Hombre,1,6,1000.0,0,0,0,0.0,1.0,0.0,0.0,0.0,0.0,0.3333333333333333,0.3333333333333333,0.3333333333333333,0.0,0.0,Bloque_SIN,0,-0.5426065162907148,0.08270676691728696,-2.7218045112781954,0.4285714285714288,0,1000.0,0,-0.65
Suj_050,Respuestas de formulario 5,ALM,Bloque_SIN,1,Bloque_5,5,Opción 2,0,2.2,3.333333333333333,0,0,0,Hombre,1,6,2000.0,0,0,0,0.0,1.0,0.0,0.0,0.0,0.0,0.3333333333333333,0.3333333333333333,0.3333333333333333,0.0,0.0,Bloque_SIN,0,-0.5426065162907148,0.08270676691728696,-2.7218045112781954,0.4285714285714288,0,2000.0,0,0.35
Suj_050,Respuestas de formulario 5,AQS,Bloque_SIN,1,Bloque_11,6,Opción 2,0,2.2,3.333333333333333,0,0,0,Hombre,1,6,1200.0,0,0,0,0.0,1.0,0.0,0.0,0.0,0.0,0.3333333333333333,0.3333333333333333,0.3333333333333333,0.0,0.0,Bloque_SIN,0,-0.5426065162907148,0.08270676691728696,-2.7218045112781954,0.4285714285714288,0,1200.0,0,-0.45
Suj_051,Respuestas de formulario 5,ABC,Bloque_SIN,1,Bloque_7,1,Opción 1,1,3.6,4.666666666666667,0,-1,1,Hombre,4,7,2400.0,0,-1,1,-1.0,0.1666666666666666,1.0,0.6666666666666666,1.0,0.6666666666666666,0.5,0.8333333333333334,0.5,-0.3333333333333333,0.3333333333333333,Bloque_SIN,1,0.7907268170426192,1.4827067669172869,0.27819548872180455,1.4285714285714288,0,2400.0,0,0.75
Suj_051,Respuestas de formulario 5,AEF,Bloque_SIN,1,Bloque_3,2,Opción 2,0,3.6,4.666666666666667,0,-1,1,Hombre,4,7,0.0,0,-1,1,0.0,0.1666666666666666,1.0,0.6666666666666666,1.0,0.6666666666666666,0.5,0.8333333333333334,0.5,-0.3333333333333333,0.3333333333333333,Bloque_SIN,0,0.7907268170426192,1.4827067669172869,0.27819548872180455,1.4285714285714288,0,0.0,1,
Suj_051,Respuestas de formulario 5,AJK,Bloque_SIN,1,Bloque_1,3,Opción 1,1,3.6,4.666666666666667,0,-1,1,Hombre,4,7,0.0,0,-1,1,0.0,0.1666666666666666,1.0,0.6666666666666666,1.0,0.6666666666666666,0.5,0.8333333333333334,0.5,-0.3333333333333333,0.3333333333333333,Bloque_SIN,1,0.7907268170426192,1.4827067669172869,0.27819548872180455,1.4285714285714288,0,0.0,1,
Suj_051,Respuestas de formulario 5,AGH,Bloque_SIN,1,Bloque_9,4,Opción 1,1,3.6,4.666666666666667,0,-1,1,Hombre,4,7,1000.0,0,-1,1,1.0,0.1666666666666666,1.0,0.6666666666666666,1.0,0.6666666666666666,0.5,0.8333333333333334,0.5,-0.3333333333333333,0.3333333333333333,Bloque_SIN,1,0.7907268170426192,1.4827067669172869,0.27819548872180455,1.4285714285714288,0,1000.0,0,-0.65
Suj_051,Respuestas de formulario 5,ALM,Bloque_SIN,1,Bloque_5,5,Opción 1,1,3.6,4.666666666666667,0,-1,1,Hombre,4,7,2000.0,0,-1,1,-1.0,0.1666666666666666,1.0,0.6666666666666666,1.0,0.6666666666666666,0.5,0.8333333333333334,0.5,-0.3333333333333333,0.3333333333333333,Bloque_SIN,1,0.7907268170426192,1.4827067669172869,0.27819548872180455,1.4285714285714288,0,2000.0,0,0.35
Suj_051,Respuestas de formulario 5,AQS,Bloque_SIN,1,Bloque_11,6,Opción 1,1,3.6,4.666666666666667,0,-1,1,Hombre,4,7,1200.0,0,-1,1,1.0,0.1666666666666666,1.0,0.6666666666666666,1.0,0.6666666666666666,0.5,0.8333333333333334,0.5,-0.3333333333333333,0.3333333333333333,Bloque_SIN,1,0.7907268170426192,1.4827067669172869,0.27819548872180455,1.4285714285714288,0,1200.0,0,-0.45
Suj_052,Respuestas de formulario 5,ABC,Bloque_SIN,1,Bloque_7,1,Opción 2,0,2.1,4.0,1,-1,-1,Mujer,4,4,2400.0,1,-1,-1,-1.0,0.5,0.0,0.0,0.0,0.0,0.1666666666666666,0.1666666666666666,0.1666666666666666,0.0,0.0,Bloque_SIN,0,0.1240601503759522,-0.017293233082713133,0.27819548872180455,-1.5714285714285712,1,2400.0,0,0.75
Suj_052,Respuestas de formulario 5,AEF,Bloque_SIN,1,Bloque_3,2,Opción 2,0,2.1,4.0,1,-1,-1,Mujer,4,4,0.0,1,-1,-1,1.0,0.5,0.0,0.0,0.0,0.0,0.1666666666666666,0.1666666666666666,0.1666666666666666,0.0,0.0,Bloque_SIN,0,0.1240601503759522,-0.017293233082713133,0.27819548872180455,-1.5714285714285712,1,0.0,1,
Suj_052,Respuestas de formulario 5,AJK,Bloque_SIN,1,Bloque_1,3,Opción 1,1,2.1,4.0,1,-1,-1,Mujer,4,4,0.0,1,-1,-1,1.0,0.5,0.0,0.0,0.0,0.0,0.1666666666666666,0.1666666666666666,0.1666666666666666,0.0,0.0,Bloque_SIN,1,0.1240601503759522,-0.017293233082713133,0.27819548872180455,-1.5714285714285712,1,0.0,1,
Suj_052,Respuestas de formulario 5,AGH,Bloque_SIN,1,Bloque_9,4,Opción 2,0,2.1,4.0,1,-1,-1,Mujer,4,4,1000.0,1,-1,-1,-1.0,0.5,0.0,0.0,0.0,0.0,0.1666666666666666,0.1666666666666666,0.1666666666666666,0.0,0.0,Bloque_SIN,0,0.1240601503759522,-0.017293233082713133,0.27819548872180455,-1.5714285714285712,1,1000.0,0,-0.65
Suj_052,Respuestas de formulario 5,ALM,Bloque_SIN,1,Bloque_5,5,Opción 2,0,2.1,4.0,1,-1,-1,Mujer,4,4,2000.0,1,-1,-1,-1.0,0.5,0.0,0.0,0.0,0.0,0.1666666666666666,0.1666666666666666,0.1666666666666666,0.0,0.0,Bloque_SIN,0,0.1240601503759522,-0.017293233082713133,0.27819548872180455,-1.5714285714285712,1,2000.0,0,0.35
Suj_052,Respuestas de formulario 5,AQS,Bloque_SIN,1,Bloque_11,6,Opción 2,0,2.1,4.0,1,-1,-1,Mujer,4,4,1200.0,1,-1,-1,-1.0,0.5,0.0,0.0,0.0,0.0,0.1666666666666666,0.1666666666666666,0.1666666666666666,0.0,0.0,Bloque_SIN,0,0.1240601503759522,-0.017293233082713133,0.27819548872180455,-1.5714285714285712,1,1200.0,0,-0.45
Suj_053,Respuestas de formulario 5,ABC,Bloque_SIN,1,Bloque_7,1,Opción 2,0,1.1,3.5,1,-1,1,Mujer,3,2,2400.0,1,-1,1,-1.0,0.8333333333333334,0.3333333333333333,0.0,0.0,0.0,0.1666666666666666,0.5,0.3333333333333333,-0.3333333333333333,0.1666666666666666,Bloque_SIN,0,-0.3759398496240478,-1.0172932330827131,-0.7218045112781954,-3.571428571428571,1,2400.0,0,0.75
Suj_053,Respuestas de formulario 5,AEF,Bloque_SIN,1,Bloque_3,2,Opción 1,1,1.1,3.5,1,-1,1,Mujer,3,2,0.0,1,-1,1,1.0,0.8333333333333334,0.3333333333333333,0.0,0.0,0.0,0.1666666666666666,0.5,0.3333333333333333,-0.3333333333333333,0.1666666666666666,Bloque_SIN,1,-0.3759398496240478,-1.0172932330827131,-0.7218045112781954,-3.571428571428571,1,0.0,1,
Suj_053,Respuestas de formulario 5,AJK,Bloque_SIN,1,Bloque_1,3,Opción 1,1,1.1,3.5,1,-1,1,Mujer,3,2,0.0,1,-1,1,1.0,0.8333333333333334,0.3333333333333333,0.0,0.0,0.0,0.1666666666666666,0.5,0.3333333333333333,-0.3333333333333333,0.1666666666666666,Bloque_SIN,1,-0.3759398496240478,-1.0172932330827131,-0.7218045112781954,-3.571428571428571,1,0.0,1,
Suj_053,Respuestas de formulario 5,AGH,Bloque_SIN,1,Bloque_9,4,Opción 1,1,1.1,3.5,1,-1,1,Mujer,3,2,1000.0,1,-1,1,1.0,0.8333333333333334,0.3333333333333333,0.0,0.0,0.0,0.1666666666666666,0.5,0.3333333333333333,-0.3333333333333333,0.1666666666666666,Bloque_SIN,1,-0.3759398496240478,-1.0172932330827131,-0.7218045112781954,-3.571428571428571,1,1000.0,0,-0.65
Suj_053,Respuestas de formulario 5,ALM,Bloque_SIN,1,Bloque_5,5,Opción 2,0,1.1,3.5,1,-1,1,Mujer,3,2,2000.0,1,-1,1,-1.0,0.8333333333333334,0.3333333333333333,0.0,0.0,0.0,0.1666666666666666,0.5,0.3333333333333333,-0.3333333333333333,0.1666666666666666,Bloque_SIN,0,-0.3759398496240478,-1.0172932330827131,-0.7218045112781954,-3.571428571428571,1,2000.0,0,0.35
Suj_053,Respuestas de formulario 5,AQS,Bloque_SIN,1,Bloque_11,6,Opción 2,0,1.1,3.5,1,-1,1,Mujer,3,2,1200.0,1,-1,1,1.0,0.8333333333333334,0.3333333333333333,0.0,0.0,0.0,0.1666666666666666,0.5,0.3333333333333333,-0.3333333333333333,0.1666666666666666,Bloque_SIN,0,-0.3759398496240478,-1.0172932330827131,-0.7218045112781954,-3.571428571428571,1,1200.0,0,-0.45
Suj_054,Respuestas de formulario 5,ABC,Bloque_SIN,1,Bloque_7,1,Opción 2,0,2.3,4.833333333333333,1,-1,1,Mujer,5,7,2400.0,1,-1,1,-1.0,1.0,1.0,1.0,0.3333333333333333,0.0,0.6666666666666666,0.8333333333333334,0.6666666666666666,-0.1666666666666667,0.1666666666666667,Bloque_SIN,0,0.9573934837092852,0.1827067669172866,1.2781954887218046,1.4285714285714288,1,2400.0,0,0.75
Suj_054,Respuestas de formulario 5,AEF,Bloque_SIN,1,Bloque_3,2,Opción 1,1,2.3,4.833333333333333,1,-1,1,Mujer,5,7,0.0,1,-1,1,1.0,1.0,1.0,1.0,0.3333333333333333,0.0,0.6666666666666666,0.8333333333333334,0.6666666666666666,-0.1666666666666667,0.1666666666666667,Bloque_SIN,1,0.9573934837092852,0.1827067669172866,1.2781954887218046,1.4285714285714288,1,0.0,1,
Suj_054,Respuestas de formulario 5,AJK,Bloque_SIN,1,Bloque_1,3,Opción 1,1,2.3,4.833333333333333,1,-1,1,Mujer,5,7,0.0,1,-1,1,1.0,1.0,1.0,1.0,0.3333333333333333,0.0,0.6666666666666666,0.8333333333333334,0.6666666666666666,-0.1666666666666667,0.1666666666666667,Bloque_SIN,1,0.9573934837092852,0.1827067669172866,1.2781954887218046,1.4285714285714288,1,0.0,1,
Suj_054,Respuestas de formulario 5,AGH,Bloque_SIN,1,Bloque_9,4,Opción 1,1,2.3,4.833333333333333,1,-1,1,Mujer,5,7,1000.0,1,-1,1,1.0,1.0,1.0,1.0,0.3333333333333333,0.0,0.6666666666666666,0.8333333333333334,0.6666666666666666,-0.1666666666666667,0.1666666666666667,Bloque_SIN,1,0.9573934837092852,0.1827067669172866,1.2781954887218046,1.4285714285714288,1,1000.0,0,-0.65
Suj_054,Respuestas de formulario 5,ALM,Bloque_SIN,1,Bloque_5,5,Opción 1,1,2.3,4.833333333333333,1,-1,1,Mujer,5,7,2000.0,1,-1,1,-1.0,1.0,1.0,1.0,0.3333333333333333,0.0,0.6666666666666666,0.8333333333333334,0.6666666666666666,-0.1666666666666667,0.1666666666666667,Bloque_SIN,1,0.9573934837092852,0.1827067669172866,1.2781954887218046,1.4285714285714288,1,2000.0,0,0.35
Suj_054,Respuestas de formulario 5,AQS,Bloque_SIN,1,Bloque_11,6,Opción 1,1,2.3,4.833333333333333,1,-1,1,Mujer,5,7,1200.0,1,-1,1,1.0,1.0,1.0,1.0,0.3333333333333333,0.0,0.6666666666666666,0.8333333333333334,0.6666666666666666,-0.1666666666666667,0.1666666666666667,Bloque_SIN,1,0.9573934837092852,0.1827067669172866,1.2781954887218046,1.4285714285714288,1,1200.0,0,-0.45
Suj_057,Respuestas de formulario 5,ABC,Bloque_SIN,1,Bloque_7,1,Opción 1,1,2.2,4.333333333333333,0,-1,0,Hombre,6,8,2400.0,0,-1,0,-1.0,0.0,0.6666666666666666,0.6666666666666666,0.3333333333333333,0.3333333333333333,0.3333333333333333,0.1666666666666666,0.5,0.1666666666666666,-0.3333333333333333,Bloque_SIN,1,0.45739348370928523,0.08270676691728696,2.2781954887218046,2.428571428571429,0,2400.0,0,0.75
Suj_057,Respuestas de formulario 5,AEF,Bloque_SIN,1,Bloque_3,2,Opción 2,0,2.2,4.333333333333333,0,-1,0,Hombre,6,8,0.0,0,-1,0,0.0,0.0,0.6666666666666666,0.6666666666666666,0.3333333333333333,0.3333333333333333,0.3333333333333333,0.1666666666666666,0.5,0.1666666666666666,-0.3333333333333333,Bloque_SIN,0,0.45739348370928523,0.08270676691728696,2.2781954887218046,2.428571428571429,0,0.0,1,
Suj_057,Respuestas de formulario 5,AJK,Bloque_SIN,1,Bloque_1,3,Opción 2,0,2.2,4.333333333333333,0,-1,0,Hombre,6,8,0.0,0,-1,0,0.0,0.0,0.6666666666666666,0.6666666666666666,0.3333333333333333,0.3333333333333333,0.3333333333333333,0.1666666666666666,0.5,0.1666666666666666,-0.3333333333333333,Bloque_SIN,0,0.45739348370928523,0.08270676691728696,2.2781954887218046,2.428571428571429,0,0.0,1,
Suj_057,Respuestas de formulario 5,AGH,Bloque_SIN,1,Bloque_9,4,Opción 2,0,2.2,4.333333333333333,0,-1,0,Hombre,6,8,1000.0,0,-1,0,0.0,0.0,0.6666666666666666,0.6666666666666666,0.3333333333333333,0.3333333333333333,0.3333333333333333,0.1666666666666666,0.5,0.1666666666666666,-0.3333333333333333,Bloque_SIN,0,0.45739348370928523,0.08270676691728696,2.2781954887218046,2.428571428571429,0,1000.0,0,-0.65
Suj_057,Respuestas de formulario 5,ALM,Bloque_SIN,1,Bloque_5,5,Opción 2,0,2.2,4.333333333333333,0,-1,0,Hombre,6,8,2000.0,0,-1,0,-1.0,0.0,0.6666666666666666,0.6666666666666666,0.3333333333333333,0.3333333333333333,0.3333333333333333,0.1666666666666666,0.5,0.1666666666666666,-0.3333333333333333,Bloque_SIN,0,0.45739348370928523,0.08270676691728696,2.2781954887218046,2.428571428571429,0,2000.0,0,0.35
Suj_057,Respuestas de formulario 5,AQS,Bloque_SIN,1,Bloque_11,6,Opción 2,0,2.2,4.333333333333333,0,-1,0,Hombre,6,8,1200.0,0,-1,0,0.0,0.0,0.6666666666666666,0.6666666666666666,0.3333333333333333,0.3333333333333333,0.3333333333333333,0.1666666666666666,0.5,0.1666666666666666,-0.3333333333333333,Bloque_SIN,0,0.45739348370928523,0.08270676691728696,2.2781954887218046,2.428571428571429,0,1200.0,0,-0.45
Suj_058,Respuestas de formulario 5,ABC,Bloque_SIN,1,Bloque_7,1,Opción 2,0,2.2,4.166666666666667,0,-1,-1,Mujer,5,6,2400.0,0,-1,-1,-1.0,0.6666666666666666,0.0,0.3333333333333333,0.0,0.0,0.3333333333333333,0.1666666666666666,0.3333333333333333,0.1666666666666666,-0.1666666666666666,Bloque_SIN,0,0.29072681704261916,0.08270676691728696,1.2781954887218046,0.4285714285714288,1,2400.0,0,0.75
Suj_058,Respuestas de formulario 5,AEF,Bloque_SIN,1,Bloque_3,2,Opción 1,1,2.2,4.166666666666667,0,-1,-1,Mujer,5,6,0.0,0,-1,-1,0.0,0.6666666666666666,0.0,0.3333333333333333,0.0,0.0,0.3333333333333333,0.1666666666666666,0.3333333333333333,0.1666666666666666,-0.1666666666666666,Bloque_SIN,1,0.29072681704261916,0.08270676691728696,1.2781954887218046,0.4285714285714288,1,0.0,1,
Suj_058,Respuestas de formulario 5,AJK,Bloque_SIN,1,Bloque_1,3,Opción 2,0,2.2,4.166666666666667,0,-1,-1,Mujer,5,6,0.0,0,-1,-1,0.0,0.6666666666666666,0.0,0.3333333333333333,0.0,0.0,0.3333333333333333,0.1666666666666666,0.3333333333333333,0.1666666666666666,-0.1666666666666666,Bloque_SIN,0,0.29072681704261916,0.08270676691728696,1.2781954887218046,0.4285714285714288,1,0.0,1,
Suj_058,Respuestas de formulario 5,AGH,Bloque_SIN,1,Bloque_9,4,Opción 2,0,2.2,4.166666666666667,0,-1,-1,Mujer,5,6,1000.0,0,-1,-1,-1.0,0.6666666666666666,0.0,0.3333333333333333,0.0,0.0,0.3333333333333333,0.1666666666666666,0.3333333333333333,0.1666666666666666,-0.1666666666666666,Bloque_SIN,0,0.29072681704261916,0.08270676691728696,1.2781954887218046,0.4285714285714288,1,1000.0,0,-0.65
Suj_058,Respuestas de formulario 5,ALM,Bloque_SIN,1,Bloque_5,5,Opción 2,0,2.2,4.166666666666667,0,-1,-1,Mujer,5,6,2000.0,0,-1,-1,-1.0,0.6666666666666666,0.0,0.3333333333333333,0.0,0.0,0.3333333333333333,0.1666666666666666,0.3333333333333333,0.1666666666666666,-0.1666666666666666,Bloque_SIN,0,0.29072681704261916,0.08270676691728696,1.2781954887218046,0.4285714285714288,1,2000.0,0,0.35
Suj_058,Respuestas de formulario 5,AQS,Bloque_SIN,1,Bloque_11,6,Opción 2,0,2.2,4.166666666666667,0,-1,-1,Mujer,5,6,1200.0,0,-1,-1,-1.0,0.6666666666666666,0.0,0.3333333333333333,0.0,0.0,0.3333333333333333,0.1666666666666666,0.3333333333333333,0.1666666666666666,-0.1666666666666666,Bloque_SIN,0,0.29072681704261916,0.08270676691728696,1.2781954887218046,0.4285714285714288,1,1200.0,0,-0.45
Suj_059,Respuestas de formulario 5,ABC,Bloque_SIN,1,Bloque_7,1,Opción 2,0,1.3,4.666666666666667,-1,-1,-1,Hombre,2,6,2400.0,-1,-1,-1,-1.0,0.6666666666666666,0.3333333333333333,0.0,0.0,0.0,0.1666666666666666,0.3333333333333333,0.3333333333333333,-0.1666666666666666,0.0,Bloque_SIN,0,0.7907268170426192,-0.8172932330827132,-1.7218045112781954,0.4285714285714288,0,2400.0,0,0.75
Suj_059,Respuestas de formulario 5,AEF,Bloque_SIN,1,Bloque_3,2,Opción 1,1,1.3,4.666666666666667,-1,-1,-1,Hombre,2,6,0.0,-1,-1,-1,-1.0,0.6666666666666666,0.3333333333333333,0.0,0.0,0.0,0.1666666666666666,0.3333333333333333,0.3333333333333333,-0.1666666666666666,0.0,Bloque_SIN,1,0.7907268170426192,-0.8172932330827132,-1.7218045112781954,0.4285714285714288,0,0.0,1,
Suj_059,Respuestas de formulario 5,AJK,Bloque_SIN,1,Bloque_1,3,Opción 2,0,1.3,4.666666666666667,-1,-1,-1,Hombre,2,6,0.0,-1,-1,-1,-1.0,0.6666666666666666,0.3333333333333333,0.0,0.0,0.0,0.1666666666666666,0.3333333333333333,0.3333333333333333,-0.1666666666666666,0.0,Bloque_SIN,0,0.7907268170426192,-0.8172932330827132,-1.7218045112781954,0.4285714285714288,0,0.0,1,
Suj_059,Respuestas de formulario 5,AGH,Bloque_SIN,1,Bloque_9,4,Opción 1,1,1.3,4.666666666666667,-1,-1,-1,Hombre,2,6,1000.0,-1,-1,-1,-1.0,0.6666666666666666,0.3333333333333333,0.0,0.0,0.0,0.1666666666666666,0.3333333333333333,0.3333333333333333,-0.1666666666666666,0.0,Bloque_SIN,1,0.7907268170426192,-0.8172932330827132,-1.7218045112781954,0.4285714285714288,0,1000.0,0,-0.65
Suj_059,Respuestas de formulario 5,ALM,Bloque_SIN,1,Bloque_5,5,Opción 2,0,1.3,4.666666666666667,-1,-1,-1,Hombre,2,6,2000.0,-1,-1,-1,-1.0,0.6666666666666666,0.3333333333333333,0.0,0.0,0.0,0.1666666666666666,0.3333333333333333,0.3333333333333333,-0.1666666666666666,0.0,Bloque_SIN,0,0.7907268170426192,-0.8172932330827132,-1.7218045112781954,0.4285714285714288,0,2000.0,0,0.35
Suj_059,Respuestas de formulario 5,AQS,Bloque_SIN,1,Bloque_11,6,Opción 2,0,1.3,4.666666666666667,-1,-1,-1,Hombre,2,6,1200.0,-1,-1,-1,-1.0,0.6666666666666666,0.3333333333333333,0.0,0.0,0.0,0.1666666666666666,0.3333333333333333,0.3333333333333333,-0.1666666666666666,0.0,Bloque_SIN,0,0.7907268170426192,-0.8172932330827132,-1.7218045112781954,0.4285714285714288,0,1200.0,0,-0.45
Suj_060,Respuestas de formulario 5,ABC,Bloque_SIN,1,Bloque_7,1,Opción 2,0,1.4,3.8333333333333335,1,1,1,Hombre,3,5,2400.0,1,1,1,1.0,1.0,1.0,1.0,1.0,0.3333333333333333,0.8333333333333334,0.8333333333333334,1.0,0.0,-0.1666666666666666,Bloque_SIN,0,-0.042606516290714325,-0.7172932330827133,-0.7218045112781954,-0.5714285714285712,0,2400.0,0,0.75
Suj_060,Respuestas de formulario 5,AEF,Bloque_SIN,1,Bloque_3,2,Opción 1,1,1.4,3.8333333333333335,1,1,1,Hombre,3,5,0.0,1,1,1,1.0,1.0,1.0,1.0,1.0,0.3333333333333333,0.8333333333333334,0.8333333333333334,1.0,0.0,-0.1666666666666666,Bloque_SIN,1,-0.042606516290714325,-0.7172932330827133,-0.7218045112781954,-0.5714285714285712,0,0.0,1,
Suj_060,Respuestas de formulario 5,AJK,Bloque_SIN,1,Bloque_1,3,Opción 1,1,1.4,3.8333333333333335,1,1,1,Hombre,3,5,0.0,1,1,1,1.0,1.0,1.0,1.0,1.0,0.3333333333333333,0.8333333333333334,0.8333333333333334,1.0,0.0,-0.1666666666666666,Bloque_SIN,1,-0.042606516290714325,-0.7172932330827133,-0.7218045112781954,-0.5714285714285712,0,0.0,1,
Suj_060,Respuestas de formulario 5,AGH,Bloque_SIN,1,Bloque_9,4,Opción 1,1,1.4,3.8333333333333335,1,1,1,Hombre,3,5,1000.0,1,1,1,1.0,1.0,1.0,1.0,1.0,0.3333333333333333,0.8333333333333334,0.8333333333333334,1.0,0.0,-0.1666666666666666,Bloque_SIN,1,-0.042606516290714325,-0.7172932330827133,-0.7218045112781954,-0.5714285714285712,0,1000.0,0,-0.65
Suj_060,Respuestas de formulario 5,ALM,Bloque_SIN,1,Bloque_5,5,Opción 1,1,1.4,3.8333333333333335,1,1,1,Hombre,3,5,2000.0,1,1,1,1.0,1.0,1.0,1.0,1.0,0.3333333333333333,0.8333333333333334,0.8333333333333334,1.0,0.0,-0.1666666666666666,Bloque_SIN,1,-0.042606516290714325,-0.7172932330827133,-0.7218045112781954,-0.5714285714285712,0,2000.0,0,0.35
Suj_060,Respuestas de formulario 5,AQS,Bloque_SIN,1,Bloque_11,6,Opción 1,1,1.4,3.8333333333333335,1,1,1,Hombre,3,5,1200.0,1,1,1,1.0,1.0,1.0,1.0,1.0,0.3333333333333333,0.8333333333333334,0.8333333333333334,1.0,0.0,-0.1666666666666666,Bloque_SIN,1,-0.042606516290714325,-0.7172932330827133,-0.7218045112781954,-0.5714285714285712,0,1200.0,0,-0.45
Suj_061,Respuestas de formulario 5,ABC,Bloque_SIN,1,Bloque_7,1,Opción 1,1,4.2,3.6666666666666665,1,1,1,Mujer,6,7,2400.0,1,1,1,1.0,1.0,0.6666666666666666,0.6666666666666666,1.0,1.0,1.0,1.0,0.6666666666666666,0.0,0.3333333333333333,Bloque_SIN,1,-0.2092731829573813,2.082706766917287,2.2781954887218046,1.4285714285714288,1,2400.0,0,0.75
Suj_061,Respuestas de formulario 5,AEF,Bloque_SIN,1,Bloque_3,2,Opción 1,1,4.2,3.6666666666666665,1,1,1,Mujer,6,7,0.0,1,1,1,1.0,1.0,0.6666666666666666,0.6666666666666666,1.0,1.0,1.0,1.0,0.6666666666666666,0.0,0.3333333333333333,Bloque_SIN,1,-0.2092731829573813,2.082706766917287,2.2781954887218046,1.4285714285714288,1,0.0,1,
Suj_061,Respuestas de formulario 5,AJK,Bloque_SIN,1,Bloque_1,3,Opción 1,1,4.2,3.6666666666666665,1,1,1,Mujer,6,7,0.0,1,1,1,1.0,1.0,0.6666666666666666,0.6666666666666666,1.0,1.0,1.0,1.0,0.6666666666666666,0.0,0.3333333333333333,Bloque_SIN,1,-0.2092731829573813,2.082706766917287,2.2781954887218046,1.4285714285714288,1,0.0,1,
Suj_061,Respuestas de formulario 5,AGH,Bloque_SIN,1,Bloque_9,4,Opción 1,1,4.2,3.6666666666666665,1,1,1,Mujer,6,7,1000.0,1,1,1,1.0,1.0,0.6666666666666666,0.6666666666666666,1.0,1.0,1.0,1.0,0.6666666666666666,0.0,0.3333333333333333,Bloque_SIN,1,-0.2092731829573813,2.082706766917287,2.2781954887218046,1.4285714285714288,1,1000.0,0,-0.65
Suj_061,Respuestas de formulario 5,ALM,Bloque_SIN,1,Bloque_5,5,Opción 1,1,4.2,3.6666666666666665,1,1,1,Mujer,6,7,2000.0,1,1,1,1.0,1.0,0.6666666666666666,0.6666666666666666,1.0,1.0,1.0,1.0,0.6666666666666666,0.0,0.3333333333333333,Bloque_SIN,1,-0.2092731829573813,2.082706766917287,2.2781954887218046,1.4285714285714288,1,2000.0,0,0.35
Suj_061,Respuestas de formulario 5,AQS,Bloque_SIN,1,Bloque_11,6,Opción 1,1,4.2,3.6666666666666665,1,1,1,Mujer,6,7,1200.0,1,1,1,1.0,1.0,0.6666666666666666,0.6666666666666666,1.0,1.0,1.0,1.0,0.6666666666666666,0.0,0.3333333333333333,Bloque_SIN,1,-0.2092731829573813,2.082706766917287,2.2781954887218046,1.4285714285714288,1,1200.0,0,-0.45
Suj_062,Respuestas de formulario 6,AEF,Bloque_SIN,1,Bloque_7,1,Opción 2,0,2.6,3.5,-1,-1,1,Mujer,4,6,2400.0,-1,-1,1,-1.0,1.0,0.0,0.0,0.0,0.0,0.3333333333333333,0.3333333333333333,0.3333333333333333,0.0,0.0,Bloque_SIN,0,-0.3759398496240478,0.48270676691728687,0.27819548872180455,0.4285714285714288,1,2400.0,0,0.75
Suj_062,Respuestas de formulario 6,AGH,Bloque_SIN,1,Bloque_3,2,Opción 1,1,2.6,3.5,-1,-1,1,Mujer,4,6,0.0,-1,-1,1,-1.0,1.0,0.0,0.0,0.0,0.0,0.3333333333333333,0.3333333333333333,0.3333333333333333,0.0,0.0,Bloque_SIN,1,-0.3759398496240478,0.48270676691728687,0.27819548872180455,0.4285714285714288,1,0.0,1,
Suj_062,Respuestas de formulario 6,ALM,Bloque_SIN,1,Bloque_1,3,Opción 1,1,2.6,3.5,-1,-1,1,Mujer,4,6,0.0,-1,-1,1,-1.0,1.0,0.0,0.0,0.0,0.0,0.3333333333333333,0.3333333333333333,0.3333333333333333,0.0,0.0,Bloque_SIN,1,-0.3759398496240478,0.48270676691728687,0.27819548872180455,0.4285714285714288,1,0.0,1,
Suj_062,Respuestas de formulario 6,ABC,Bloque_SIN,1,Bloque_9,4,Opción 2,0,2.6,3.5,-1,-1,1,Mujer,4,6,1000.0,-1,-1,1,1.0,1.0,0.0,0.0,0.0,0.0,0.3333333333333333,0.3333333333333333,0.3333333333333333,0.0,0.0,Bloque_SIN,0,-0.3759398496240478,0.48270676691728687,0.27819548872180455,0.4285714285714288,1,1000.0,0,-0.65
Suj_062,Respuestas de formulario 6,AQS,Bloque_SIN,1,Bloque_5,5,Opción 2,0,2.6,3.5,-1,-1,1,Mujer,4,6,2000.0,-1,-1,1,-1.0,1.0,0.0,0.0,0.0,0.0,0.3333333333333333,0.3333333333333333,0.3333333333333333,0.0,0.0,Bloque_SIN,0,-0.3759398496240478,0.48270676691728687,0.27819548872180455,0.4285714285714288,1,2000.0,0,0.35
Suj_062,Respuestas de formulario 6,AJK,Bloque_SIN,1,Bloque_11,6,Opción 2,0,2.6,3.5,-1,-1,1,Mujer,4,6,1200.0,-1,-1,1,1.0,1.0,0.0,0.0,0.0,0.0,0.3333333333333333,0.3333333333333333,0.3333333333333333,0.0,0.0,Bloque_SIN,0,-0.3759398496240478,0.48270676691728687,0.27819548872180455,0.4285714285714288,1,1200.0,0,-0.45
Suj_063,Respuestas de formulario 6,AEF,Bloque_SIN,1,Bloque_7,1,Opción 1,1,3.0,3.0,1,1,0,Hombre,5,3,2400.0,1,1,0,1.0,1.0,1.0,1.0,1.0,1.0,1.0,1.0,1.0,0.0,0.0,Bloque_SIN,1,-0.8759398496240478,0.8827067669172868,1.2781954887218046,-2.571428571428571,0,2400.0,0,0.75
Suj_063,Respuestas de formulario 6,AGH,Bloque_SIN,1,Bloque_3,2,Opción 1,1,3.0,3.0,1,1,0,Hombre,5,3,0.0,1,1,0,1.0,1.0,1.0,1.0,1.0,1.0,1.0,1.0,1.0,0.0,0.0,Bloque_SIN,1,-0.8759398496240478,0.8827067669172868,1.2781954887218046,-2.571428571428571,0,0.0,1,
Suj_063,Respuestas de formulario 6,ALM,Bloque_SIN,1,Bloque_1,3,Opción 1,1,3.0,3.0,1,1,0,Hombre,5,3,0.0,1,1,0,1.0,1.0,1.0,1.0,1.0,1.0,1.0,1.0,1.0,0.0,0.0,Bloque_SIN,1,-0.8759398496240478,0.8827067669172868,1.2781954887218046,-2.571428571428571,0,0.0,1,
Suj_063,Respuestas de formulario 6,ABC,Bloque_SIN,1,Bloque_9,4,Opción 1,1,3.0,3.0,1,1,0,Hombre,5,3,1000.0,1,1,0,0.0,1.0,1.0,1.0,1.0,1.0,1.0,1.0,1.0,0.0,0.0,Bloque_SIN,1,-0.8759398496240478,0.8827067669172868,1.2781954887218046,-2.571428571428571,0,1000.0,0,-0.65
Suj_063,Respuestas de formulario 6,AQS,Bloque_SIN,1,Bloque_5,5,Opción 1,1,3.0,3.0,1,1,0,Hombre,5,3,2000.0,1,1,0,1.0,1.0,1.0,1.0,1.0,1.0,1.0,1.0,1.0,0.0,0.0,Bloque_SIN,1,-0.8759398496240478,0.8827067669172868,1.2781954887218046,-2.571428571428571,0,2000.0,0,0.35
Suj_063,Respuestas de formulario 6,AJK,Bloque_SIN,1,Bloque_11,6,Opción 1,1,3.0,3.0,1,1,0,Hombre,5,3,1200.0,1,1,0,0.0,1.0,1.0,1.0,1.0,1.0,1.0,1.0,1.0,0.0,0.0,Bloque_SIN,1,-0.8759398496240478,0.8827067669172868,1.2781954887218046,-2.571428571428571,0,1200.0,0,-0.45
Suj_064,Respuestas de formulario 6,AEF,Bloque_SIN,1,Bloque_7,1,Opción 1,1,3.7,3.333333333333333,1,-1,0,Hombre,5,8,2400.0,1,-1,0,-1.0,0.3333333333333333,0.6666666666666666,0.0,0.6666666666666666,1.0,0.5,0.6666666666666666,0.3333333333333333,-0.1666666666666666,0.3333333333333333,Bloque_SIN,1,-0.5426065162907148,1.582706766917287,1.2781954887218046,2.428571428571429,0,2400.0,0,0.75
Suj_064,Respuestas de formulario 6,AGH,Bloque_SIN,1,Bloque_3,2,Opción 2,0,3.7,3.333333333333333,1,-1,0,Hombre,5,8,0.0,1,-1,0,1.0,0.3333333333333333,0.6666666666666666,0.0,0.6666666666666666,1.0,0.5,0.6666666666666666,0.3333333333333333,-0.1666666666666666,0.3333333333333333,Bloque_SIN,0,-0.5426065162907148,1.582706766917287,1.2781954887218046,2.428571428571429,0,0.0,1,
Suj_064,Respuestas de formulario 6,ALM,Bloque_SIN,1,Bloque_1,3,Opción 1,1,3.7,3.333333333333333,1,-1,0,Hombre,5,8,0.0,1,-1,0,1.0,0.3333333333333333,0.6666666666666666,0.0,0.6666666666666666,1.0,0.5,0.6666666666666666,0.3333333333333333,-0.1666666666666666,0.3333333333333333,Bloque_SIN,1,-0.5426065162907148,1.582706766917287,1.2781954887218046,2.428571428571429,0,0.0,1,
Suj_064,Respuestas de formulario 6,ABC,Bloque_SIN,1,Bloque_9,4,Opción 1,1,3.7,3.333333333333333,1,-1,0,Hombre,5,8,1000.0,1,-1,0,0.0,0.3333333333333333,0.6666666666666666,0.0,0.6666666666666666,1.0,0.5,0.6666666666666666,0.3333333333333333,-0.1666666666666666,0.3333333333333333,Bloque_SIN,1,-0.5426065162907148,1.582706766917287,1.2781954887218046,2.428571428571429,0,1000.0,0,-0.65
Suj_064,Respuestas de formulario 6,AQS,Bloque_SIN,1,Bloque_5,5,Opción 1,1,3.7,3.333333333333333,1,-1,0,Hombre,5,8,2000.0,1,-1,0,-1.0,0.3333333333333333,0.6666666666666666,0.0,0.6666666666666666,1.0,0.5,0.6666666666666666,0.3333333333333333,-0.1666666666666666,0.3333333333333333,Bloque_SIN,1,-0.5426065162907148,1.582706766917287,1.2781954887218046,2.428571428571429,0,2000.0,0,0.35
Suj_064,Respuestas de formulario 6,AJK,Bloque_SIN,1,Bloque_11,6,Opción 2,0,3.7,3.333333333333333,1,-1,0,Hombre,5,8,1200.0,1,-1,0,0.0,0.3333333333333333,0.6666666666666666,0.0,0.6666666666666666,1.0,0.5,0.6666666666666666,0.3333333333333333,-0.1666666666666666,0.3333333333333333,Bloque_SIN,0,-0.5426065162907148,1.582706766917287,1.2781954887218046,2.428571428571429,0,1200.0,0,-0.45
Suj_065,Respuestas de formulario 6,AEF,Bloque_SIN,1,Bloque_7,1,Opción 2,0,3.0,3.333333333333333,1,-1,1,Mujer,4,5,2400.0,1,-1,1,-1.0,1.0,0.0,0.0,0.0,0.0,0.3333333333333333,0.3333333333333333,0.3333333333333333,0.0,0.0,Bloque_SIN,0,-0.5426065162907148,0.8827067669172868,0.27819548872180455,-0.5714285714285712,1,2400.0,0,0.75
Suj_065,Respuestas de formulario 6,AGH,Bloque_SIN,1,Bloque_3,2,Opción 1,1,3.0,3.333333333333333,1,-1,1,Mujer,4,5,0.0,1,-1,1,1.0,1.0,0.0,0.0,0.0,0.0,0.3333333333333333,0.3333333333333333,0.3333333333333333,0.0,0.0,Bloque_SIN,1,-0.5426065162907148,0.8827067669172868,0.27819548872180455,-0.5714285714285712,1,0.0,1,
Suj_065,Respuestas de formulario 6,ALM,Bloque_SIN,1,Bloque_1,3,Opción 1,1,3.0,3.333333333333333,1,-1,1,Mujer,4,5,0.0,1,-1,1,1.0,1.0,0.0,0.0,0.0,0.0,0.3333333333333333,0.3333333333333333,0.3333333333333333,0.0,0.0,Bloque_SIN,1,-0.5426065162907148,0.8827067669172868,0.27819548872180455,-0.5714285714285712,1,0.0,1,
Suj_065,Respuestas de formulario 6,ABC,Bloque_SIN,1,Bloque_9,4,Opción 2,0,3.0,3.333333333333333,1,-1,1,Mujer,4,5,1000.0,1,-1,1,1.0,1.0,0.0,0.0,0.0,0.0,0.3333333333333333,0.3333333333333333,0.3333333333333333,0.0,0.0,Bloque_SIN,0,-0.5426065162907148,0.8827067669172868,0.27819548872180455,-0.5714285714285712,1,1000.0,0,-0.65
Suj_065,Respuestas de formulario 6,AQS,Bloque_SIN,1,Bloque_5,5,Opción 2,0,3.0,3.333333333333333,1,-1,1,Mujer,4,5,2000.0,1,-1,1,-1.0,1.0,0.0,0.0,0.0,0.0,0.3333333333333333,0.3333333333333333,0.3333333333333333,0.0,0.0,Bloque_SIN,0,-0.5426065162907148,0.8827067669172868,0.27819548872180455,-0.5714285714285712,1,2000.0,0,0.35
Suj_065,Respuestas de formulario 6,AJK,Bloque_SIN,1,Bloque_11,6,Opción 2,0,3.0,3.333333333333333,1,-1,1,Mujer,4,5,1200.0,1,-1,1,1.0,1.0,0.0,0.0,0.0,0.0,0.3333333333333333,0.3333333333333333,0.3333333333333333,0.0,0.0,Bloque_SIN,0,-0.5426065162907148,0.8827067669172868,0.27819548872180455,-0.5714285714285712,1,1200.0,0,-0.45
Suj_066,Respuestas de formulario 6,AEF,Bloque_SIN,1,Bloque_7,1,Opción 2,0,2.6,4.5,1,1,1,Mujer,4,4,2400.0,1,1,1,1.0,0.5,0.6666666666666666,0.6666666666666666,0.3333333333333333,0.6666666666666666,0.6666666666666666,0.5,0.5,0.1666666666666666,0.0,Bloque_SIN,0,0.6240601503759522,0.48270676691728687,0.27819548872180455,-1.5714285714285712,1,2400.0,0,0.75
Suj_066,Respuestas de formulario 6,AGH,Bloque_SIN,1,Bloque_3,2,Opción 1,1,2.6,4.5,1,1,1,Mujer,4,4,0.0,1,1,1,1.0,0.5,0.6666666666666666,0.6666666666666666,0.3333333333333333,0.6666666666666666,0.6666666666666666,0.5,0.5,0.1666666666666666,0.0,Bloque_SIN,1,0.6240601503759522,0.48270676691728687,0.27819548872180455,-1.5714285714285712,1,0.0,1,
Suj_066,Respuestas de formulario 6,ALM,Bloque_SIN,1,Bloque_1,3,Opción 2,0,2.6,4.5,1,1,1,Mujer,4,4,0.0,1,1,1,1.0,0.5,0.6666666666666666,0.6666666666666666,0.3333333333333333,0.6666666666666666,0.6666666666666666,0.5,0.5,0.1666666666666666,0.0,Bloque_SIN,0,0.6240601503759522,0.48270676691728687,0.27819548872180455,-1.5714285714285712,1,0.0,1,
Suj_066,Respuestas de formulario 6,ABC,Bloque_SIN,1,Bloque_9,4,Opción 1,1,2.6,4.5,1,1,1,Mujer,4,4,1000.0,1,1,1,1.0,0.5,0.6666666666666666,0.6666666666666666,0.3333333333333333,0.6666666666666666,0.6666666666666666,0.5,0.5,0.1666666666666666,0.0,Bloque_SIN,1,0.6240601503759522,0.48270676691728687,0.27819548872180455,-1.5714285714285712,1,1000.0,0,-0.65
Suj_066,Respuestas de formulario 6,AQS,Bloque_SIN,1,Bloque_5,5,Opción 2,0,2.6,4.5,1,1,1,Mujer,4,4,2000.0,1,1,1,1.0,0.5,0.6666666666666666,0.6666666666666666,0.3333333333333333,0.6666666666666666,0.6666666666666666,0.5,0.5,0.1666666666666666,0.0,Bloque_SIN,0,0.6240601503759522,0.48270676691728687,0.27819548872180455,-1.5714285714285712,1,2000.0,0,0.35
Suj_066,Respuestas de formulario 6,AJK,Bloque_SIN,1,Bloque_11,6,Opción 1,1,2.6,4.5,1,1,1,Mujer,4,4,1200.0,1,1,1,1.0,0.5,0.6666666666666666,0.6666666666666666,0.3333333333333333,0.6666666666666666,0.6666666666666666,0.5,0.5,0.1666666666666666,0.0,Bloque_SIN,1,0.6240601503759522,0.48270676691728687,0.27819548872180455,-1.5714285714285712,1,1200.0,0,-0.45
Suj_067,Respuestas de formulario 6,AEF,Bloque_SIN,1,Bloque_7,1,Opción 2,0,1.4,4.666666666666667,0,-1,-1,Hombre,3,6,2400.0,0,-1,-1,-1.0,1.0,0.0,0.0,0.0,0.0,0.3333333333333333,0.3333333333333333,0.3333333333333333,0.0,0.0,Bloque_SIN,0,0.7907268170426192,-0.7172932330827133,-0.7218045112781954,0.4285714285714288,0,2400.0,0,0.75
Suj_067,Respuestas de formulario 6,AGH,Bloque_SIN,1,Bloque_3,2,Opción 1,1,1.4,4.666666666666667,0,-1,-1,Hombre,3,6,0.0,0,-1,-1,0.0,1.0,0.0,0.0,0.0,0.0,0.3333333333333333,0.3333333333333333,0.3333333333333333,0.0,0.0,Bloque_SIN,1,0.7907268170426192,-0.7172932330827133,-0.7218045112781954,0.4285714285714288,0,0.0,1,
Suj_067,Respuestas de formulario 6,ALM,Bloque_SIN,1,Bloque_1,3,Opción 1,1,1.4,4.666666666666667,0,-1,-1,Hombre,3,6,0.0,0,-1,-1,0.0,1.0,0.0,0.0,0.0,0.0,0.3333333333333333,0.3333333333333333,0.3333333333333333,0.0,0.0,Bloque_SIN,1,0.7907268170426192,-0.7172932330827133,-0.7218045112781954,0.4285714285714288,0,0.0,1,
Suj_067,Respuestas de formulario 6,ABC,Bloque_SIN,1,Bloque_9,4,Opción 2,0,1.4,4.666666666666667,0,-1,-1,Hombre,3,6,1000.0,0,-1,-1,-1.0,1.0,0.0,0.0,0.0,0.0,0.3333333333333333,0.3333333333333333,0.3333333333333333,0.0,0.0,Bloque_SIN,0,0.7907268170426192,-0.7172932330827133,-0.7218045112781954,0.4285714285714288,0,1000.0,0,-0.65
Suj_067,Respuestas de formulario 6,AQS,Bloque_SIN,1,Bloque_5,5,Opción 2,0,1.4,4.666666666666667,0,-1,-1,Hombre,3,6,2000.0,0,-1,-1,-1.0,1.0,0.0,0.0,0.0,0.0,0.3333333333333333,0.3333333333333333,0.3333333333333333,0.0,0.0,Bloque_SIN,0,0.7907268170426192,-0.7172932330827133,-0.7218045112781954,0.4285714285714288,0,2000.0,0,0.35
Suj_067,Respuestas de formulario 6,AJK,Bloque_SIN,1,Bloque_11,6,Opción 2,0,1.4,4.666666666666667,0,-1,-1,Hombre,3,6,1200.0,0,-1,-1,-1.0,1.0,0.0,0.0,0.0,0.0,0.3333333333333333,0.3333333333333333,0.3333333333333333,0.0,0.0,Bloque_SIN,0,0.7907268170426192,-0.7172932330827133,-0.7218045112781954,0.4285714285714288,0,1200.0,0,-0.45
Suj_068,Respuestas de formulario 6,AEF,Bloque_SIN,1,Bloque_7,1,Opción 2,0,2.3,3.333333333333333,1,-1,1,Hombre,5,7,2400.0,1,-1,1,-1.0,1.0,0.3333333333333333,0.6666666666666666,0.0,0.0,0.5,0.5,0.5,0.0,0.0,Bloque_SIN,0,-0.5426065162907148,0.1827067669172866,1.2781954887218046,1.4285714285714288,0,2400.0,0,0.75
Suj_068,Respuestas de formulario 6,AGH,Bloque_SIN,1,Bloque_3,2,Opción 1,1,2.3,3.333333333333333,1,-1,1,Hombre,5,7,0.0,1,-1,1,1.0,1.0,0.3333333333333333,0.6666666666666666,0.0,0.0,0.5,0.5,0.5,0.0,0.0,Bloque_SIN,1,-0.5426065162907148,0.1827067669172866,1.2781954887218046,1.4285714285714288,0,0.0,1,
Suj_068,Respuestas de formulario 6,ALM,Bloque_SIN,1,Bloque_1,3,Opción 1,1,2.3,3.333333333333333,1,-1,1,Hombre,5,7,0.0,1,-1,1,1.0,1.0,0.3333333333333333,0.6666666666666666,0.0,0.0,0.5,0.5,0.5,0.0,0.0,Bloque_SIN,1,-0.5426065162907148,0.1827067669172866,1.2781954887218046,1.4285714285714288,0,0.0,1,
Suj_068,Respuestas de formulario 6,ABC,Bloque_SIN,1,Bloque_9,4,Opción 2,0,2.3,3.333333333333333,1,-1,1,Hombre,5,7,1000.0,1,-1,1,1.0,1.0,0.3333333333333333,0.6666666666666666,0.0,0.0,0.5,0.5,0.5,0.0,0.0,Bloque_SIN,0,-0.5426065162907148,0.1827067669172866,1.2781954887218046,1.4285714285714288,0,1000.0,0,-0.65
Suj_068,Respuestas de formulario 6,AQS,Bloque_SIN,1,Bloque_5,5,Opción 2,0,2.3,3.333333333333333,1,-1,1,Hombre,5,7,2000.0,1,-1,1,-1.0,1.0,0.3333333333333333,0.6666666666666666,0.0,0.0,0.5,0.5,0.5,0.0,0.0,Bloque_SIN,0,-0.5426065162907148,0.1827067669172866,1.2781954887218046,1.4285714285714288,0,2000.0,0,0.35
Suj_068,Respuestas de formulario 6,AJK,Bloque_SIN,1,Bloque_11,6,Opción 1,1,2.3,3.333333333333333,1,-1,1,Hombre,5,7,1200.0,1,-1,1,1.0,1.0,0.3333333333333333,0.6666666666666666,0.0,0.0,0.5,0.5,0.5,0.0,0.0,Bloque_SIN,1,-0.5426065162907148,0.1827067669172866,1.2781954887218046,1.4285714285714288,0,1200.0,0,-0.45
Suj_069,Respuestas de formulario 6,AEF,Bloque_SIN,1,Bloque_7,1,Opción 2,0,2.2,4.5,1,-1,0,Mujer,4,4,2400.0,1,-1,0,-1.0,0.5,0.3333333333333333,0.6666666666666666,0.6666666666666666,0.3333333333333333,0.6666666666666666,0.5,0.3333333333333333,0.1666666666666666,0.1666666666666666,Bloque_SIN,0,0.6240601503759522,0.08270676691728696,0.27819548872180455,-1.5714285714285712,1,2400.0,0,0.75
Suj_069,Respuestas de formulario 6,AGH,Bloque_SIN,1,Bloque_3,2,Opción 2,0,2.2,4.5,1,-1,0,Mujer,4,4,0.0,1,-1,0,1.0,0.5,0.3333333333333333,0.6666666666666666,0.6666666666666666,0.3333333333333333,0.6666666666666666,0.5,0.3333333333333333,0.1666666666666666,0.1666666666666666,Bloque_SIN,0,0.6240601503759522,0.08270676691728696,0.27819548872180455,-1.5714285714285712,1,0.0,1,
Suj_069,Respuestas de formulario 6,ALM,Bloque_SIN,1,Bloque_1,3,Opción 1,1,2.2,4.5,1,-1,0,Mujer,4,4,0.0,1,-1,0,1.0,0.5,0.3333333333333333,0.6666666666666666,0.6666666666666666,0.3333333333333333,0.6666666666666666,0.5,0.3333333333333333,0.1666666666666666,0.1666666666666666,Bloque_SIN,1,0.6240601503759522,0.08270676691728696,0.27819548872180455,-1.5714285714285712,1,0.0,1,
Suj_069,Respuestas de formulario 6,ABC,Bloque_SIN,1,Bloque_9,4,Opción 1,1,2.2,4.5,1,-1,0,Mujer,4,4,1000.0,1,-1,0,0.0,0.5,0.3333333333333333,0.6666666666666666,0.6666666666666666,0.3333333333333333,0.6666666666666666,0.5,0.3333333333333333,0.1666666666666666,0.1666666666666666,Bloque_SIN,1,0.6240601503759522,0.08270676691728696,0.27819548872180455,-1.5714285714285712,1,1000.0,0,-0.65
Suj_069,Respuestas de formulario 6,AQS,Bloque_SIN,1,Bloque_5,5,Opción 1,1,2.2,4.5,1,-1,0,Mujer,4,4,2000.0,1,-1,0,-1.0,0.5,0.3333333333333333,0.6666666666666666,0.6666666666666666,0.3333333333333333,0.6666666666666666,0.5,0.3333333333333333,0.1666666666666666,0.1666666666666666,Bloque_SIN,1,0.6240601503759522,0.08270676691728696,0.27819548872180455,-1.5714285714285712,1,2000.0,0,0.35
Suj_069,Respuestas de formulario 6,AJK,Bloque_SIN,1,Bloque_11,6,Opción 2,0,2.2,4.5,1,-1,0,Mujer,4,4,1200.0,1,-1,0,0.0,0.5,0.3333333333333333,0.6666666666666666,0.6666666666666666,0.3333333333333333,0.6666666666666666,0.5,0.3333333333333333,0.1666666666666666,0.1666666666666666,Bloque_SIN,0,0.6240601503759522,0.08270676691728696,0.27819548872180455,-1.5714285714285712,1,1200.0,0,-0.45
Suj_070,Respuestas de formulario 6,AEF,Bloque_SIN,1,Bloque_7,1,Opción 2,0,2.9,3.5,-1,1,-1,Mujer,6,6,2400.0,-1,1,-1,1.0,0.5,1.0,0.6666666666666666,0.0,0.6666666666666666,0.6666666666666666,0.6666666666666666,0.3333333333333333,0.0,0.3333333333333333,Bloque_SIN,0,-0.3759398496240478,0.7827067669172867,2.2781954887218046,0.4285714285714288,1,2400.0,0,0.75
Suj_070,Respuestas de formulario 6,AGH,Bloque_SIN,1,Bloque_3,2,Opción 1,1,2.9,3.5,-1,1,-1,Mujer,6,6,0.0,-1,1,-1,-1.0,0.5,1.0,0.6666666666666666,0.0,0.6666666666666666,0.6666666666666666,0.6666666666666666,0.3333333333333333,0.0,0.3333333333333333,Bloque_SIN,1,-0.3759398496240478,0.7827067669172867,2.2781954887218046,0.4285714285714288,1,0.0,1,
Suj_070,Respuestas de formulario 6,ALM,Bloque_SIN,1,Bloque_1,3,Opción 1,1,2.9,3.5,-1,1,-1,Mujer,6,6,0.0,-1,1,-1,-1.0,0.5,1.0,0.6666666666666666,0.0,0.6666666666666666,0.6666666666666666,0.6666666666666666,0.3333333333333333,0.0,0.3333333333333333,Bloque_SIN,1,-0.3759398496240478,0.7827067669172867,2.2781954887218046,0.4285714285714288,1,0.0,1,
Suj_070,Respuestas de formulario 6,ABC,Bloque_SIN,1,Bloque_9,4,Opción 1,1,2.9,3.5,-1,1,-1,Mujer,6,6,1000.0,-1,1,-1,-1.0,0.5,1.0,0.6666666666666666,0.0,0.6666666666666666,0.6666666666666666,0.6666666666666666,0.3333333333333333,0.0,0.3333333333333333,Bloque_SIN,1,-0.3759398496240478,0.7827067669172867,2.2781954887218046,0.4285714285714288,1,1000.0,0,-0.65
Suj_070,Respuestas de formulario 6,AQS,Bloque_SIN,1,Bloque_5,5,Opción 2,0,2.9,3.5,-1,1,-1,Mujer,6,6,2000.0,-1,1,-1,1.0,0.5,1.0,0.6666666666666666,0.0,0.6666666666666666,0.6666666666666666,0.6666666666666666,0.3333333333333333,0.0,0.3333333333333333,Bloque_SIN,0,-0.3759398496240478,0.7827067669172867,2.2781954887218046,0.4285714285714288,1,2000.0,0,0.35
Suj_070,Respuestas de formulario 6,AJK,Bloque_SIN,1,Bloque_11,6,Opción 1,1,2.9,3.5,-1,1,-1,Mujer,6,6,1200.0,-1,1,-1,-1.0,0.5,1.0,0.6666666666666666,0.0,0.6666666666666666,0.6666666666666666,0.6666666666666666,0.3333333333333333,0.0,0.3333333333333333,Bloque_SIN,1,-0.3759398496240478,0.7827067669172867,2.2781954887218046,0.4285714285714288,1,1200.0,0,-0.45
Suj_072,Respuestas de formulario 6,AEF,Bloque_SIN,1,Bloque_7,1,Opción 2,0,1.7,4.5,0,-1,-1,Hombre,2,4,2400.0,0,-1,-1,-1.0,1.0,0.0,0.0,0.0,0.0,0.3333333333333333,0.3333333333333333,0.3333333333333333,0.0,0.0,Bloque_SIN,0,0.6240601503759522,-0.41729323308271327,-1.7218045112781954,-1.5714285714285712,0,2400.0,0,0.75
Suj_072,Respuestas de formulario 6,AGH,Bloque_SIN,1,Bloque_3,2,Opción 1,1,1.7,4.5,0,-1,-1,Hombre,2,4,0.0,0,-1,-1,0.0,1.0,0.0,0.0,0.0,0.0,0.3333333333333333,0.3333333333333333,0.3333333333333333,0.0,0.0,Bloque_SIN,1,0.6240601503759522,-0.41729323308271327,-1.7218045112781954,-1.5714285714285712,0,0.0,1,
Suj_072,Respuestas de formulario 6,ALM,Bloque_SIN,1,Bloque_1,3,Opción 1,1,1.7,4.5,0,-1,-1,Hombre,2,4,0.0,0,-1,-1,0.0,1.0,0.0,0.0,0.0,0.0,0.3333333333333333,0.3333333333333333,0.3333333333333333,0.0,0.0,Bloque_SIN,1,0.6240601503759522,-0.41729323308271327,-1.7218045112781954,-1.5714285714285712,0,0.0,1,
Suj_072,Respuestas de formulario 6,ABC,Bloque_SIN,1,Bloque_9,4,Opción 2,0,1.7,4.5,0,-1,-1,Hombre,2,4,1000.0,0,-1,-1,-1.0,1.0,0.0,0.0,0.0,0.0,0.3333333333333333,0.3333333333333333,0.3333333333333333,0.0,0.0,Bloque_SIN,0,0.6240601503759522,-0.41729323308271327,-1.7218045112781954,-1.5714285714285712,0,1000.0,0,-0.65
Suj_072,Respuestas de formulario 6,AQS,Bloque_SIN,1,Bloque_5,5,Opción 2,0,1.7,4.5,0,-1,-1,Hombre,2,4,2000.0,0,-1,-1,-1.0,1.0,0.0,0.0,0.0,0.0,0.3333333333333333,0.3333333333333333,0.3333333333333333,0.0,0.0,Bloque_SIN,0,0.6240601503759522,-0.41729323308271327,-1.7218045112781954,-1.5714285714285712,0,2000.0,0,0.35
Suj_072,Respuestas de formulario 6,AJK,Bloque_SIN,1,Bloque_11,6,Opción 2,0,1.7,4.5,0,-1,-1,Hombre,2,4,1200.0,0,-1,-1,-1.0,1.0,0.0,0.0,0.0,0.0,0.3333333333333333,0.3333333333333333,0.3333333333333333,0.0,0.0,Bloque_SIN,0,0.6240601503759522,-0.41729323308271327,-1.7218045112781954,-1.5714285714285712,0,1200.0,0,-0.45
Suj_073,Respuestas de formulario 6,AEF,Bloque_SIN,1,Bloque_7,1,Opción 2,0,1.2,3.0,0,0,0,Mujer,2,5,2400.0,0,0,0,0.0,1.0,0.3333333333333333,0.0,0.0,0.0,0.5,0.3333333333333333,0.3333333333333333,0.1666666666666666,0.0,Bloque_SIN,0,-0.8759398496240478,-0.9172932330827133,-1.7218045112781954,-0.5714285714285712,1,2400.0,0,0.75
Suj_073,Respuestas de formulario 6,AGH,Bloque_SIN,1,Bloque_3,2,Opción 1,1,1.2,3.0,0,0,0,Mujer,2,5,0.0,0,0,0,0.0,1.0,0.3333333333333333,0.0,0.0,0.0,0.5,0.3333333333333333,0.3333333333333333,0.1666666666666666,0.0,Bloque_SIN,1,-0.8759398496240478,-0.9172932330827133,-1.7218045112781954,-0.5714285714285712,1,0.0,1,
Suj_073,Respuestas de formulario 6,ALM,Bloque_SIN,1,Bloque_1,3,Opción 1,1,1.2,3.0,0,0,0,Mujer,2,5,0.0,0,0,0,0.0,1.0,0.3333333333333333,0.0,0.0,0.0,0.5,0.3333333333333333,0.3333333333333333,0.1666666666666666,0.0,Bloque_SIN,1,-0.8759398496240478,-0.9172932330827133,-1.7218045112781954,-0.5714285714285712,1,0.0,1,
Suj_073,Respuestas de formulario 6,ABC,Bloque_SIN,1,Bloque_9,4,Opción 2,0,1.2,3.0,0,0,0,Mujer,2,5,1000.0,0,0,0,0.0,1.0,0.3333333333333333,0.0,0.0,0.0,0.5,0.3333333333333333,0.3333333333333333,0.1666666666666666,0.0,Bloque_SIN,0,-0.8759398496240478,-0.9172932330827133,-1.7218045112781954,-0.5714285714285712,1,1000.0,0,-0.65
Suj_073,Respuestas de formulario 6,AQS,Bloque_SIN,1,Bloque_5,5,Opción 2,0,1.2,3.0,0,0,0,Mujer,2,5,2000.0,0,0,0,0.0,1.0,0.3333333333333333,0.0,0.0,0.0,0.5,0.3333333333333333,0.3333333333333333,0.1666666666666666,0.0,Bloque_SIN,0,-0.8759398496240478,-0.9172932330827133,-1.7218045112781954,-0.5714285714285712,1,2000.0,0,0.35
Suj_073,Respuestas de formulario 6,AJK,Bloque_SIN,1,Bloque_11,6,Opción 2,0,1.2,3.0,0,0,0,Mujer,2,5,1200.0,0,0,0,0.0,1.0,0.3333333333333333,0.0,0.0,0.0,0.5,0.3333333333333333,0.3333333333333333,0.1666666666666666,0.0,Bloque_SIN,0,-0.8759398496240478,-0.9172932330827133,-1.7218045112781954,-0.5714285714285712,1,1200.0,0,-0.45
Suj_074,Respuestas de formulario 6,AEF,Bloque_SIN,1,Bloque_7,1,Opción 2,0,1.7,3.0,0,0,-1,Mujer,4,6,2400.0,0,0,-1,0.0,0.5,0.0,0.0,0.3333333333333333,0.0,0.1666666666666666,0.1666666666666666,0.3333333333333333,0.0,-0.1666666666666666,Bloque_SIN,0,-0.8759398496240478,-0.41729323308271327,0.27819548872180455,0.4285714285714288,1,2400.0,0,0.75
Suj_074,Respuestas de formulario 6,AGH,Bloque_SIN,1,Bloque_3,2,Opción 1,1,1.7,3.0,0,0,-1,Mujer,4,6,0.0,0,0,-1,0.0,0.5,0.0,0.0,0.3333333333333333,0.0,0.1666666666666666,0.1666666666666666,0.3333333333333333,0.0,-0.1666666666666666,Bloque_SIN,1,-0.8759398496240478,-0.41729323308271327,0.27819548872180455,0.4285714285714288,1,0.0,1,
Suj_074,Respuestas de formulario 6,ALM,Bloque_SIN,1,Bloque_1,3,Opción 2,0,1.7,3.0,0,0,-1,Mujer,4,6,0.0,0,0,-1,0.0,0.5,0.0,0.0,0.3333333333333333,0.0,0.1666666666666666,0.1666666666666666,0.3333333333333333,0.0,-0.1666666666666666,Bloque_SIN,0,-0.8759398496240478,-0.41729323308271327,0.27819548872180455,0.4285714285714288,1,0.0,1,
Suj_074,Respuestas de formulario 6,ABC,Bloque_SIN,1,Bloque_9,4,Opción 2,0,1.7,3.0,0,0,-1,Mujer,4,6,1000.0,0,0,-1,-1.0,0.5,0.0,0.0,0.3333333333333333,0.0,0.1666666666666666,0.1666666666666666,0.3333333333333333,0.0,-0.1666666666666666,Bloque_SIN,0,-0.8759398496240478,-0.41729323308271327,0.27819548872180455,0.4285714285714288,1,1000.0,0,-0.65
Suj_074,Respuestas de formulario 6,AQS,Bloque_SIN,1,Bloque_5,5,Opción 2,0,1.7,3.0,0,0,-1,Mujer,4,6,2000.0,0,0,-1,0.0,0.5,0.0,0.0,0.3333333333333333,0.0,0.1666666666666666,0.1666666666666666,0.3333333333333333,0.0,-0.1666666666666666,Bloque_SIN,0,-0.8759398496240478,-0.41729323308271327,0.27819548872180455,0.4285714285714288,1,2000.0,0,0.35
Suj_074,Respuestas de formulario 6,AJK,Bloque_SIN,1,Bloque_11,6,Opción 2,0,1.7,3.0,0,0,-1,Mujer,4,6,1200.0,0,0,-1,-1.0,0.5,0.0,0.0,0.3333333333333333,0.0,0.1666666666666666,0.1666666666666666,0.3333333333333333,0.0,-0.1666666666666666,Bloque_SIN,0,-0.8759398496240478,-0.41729323308271327,0.27819548872180455,0.4285714285714288,1,1200.0,0,-0.45
Suj_075,Respuestas de formulario 6,AEF,Bloque_SIN,1,Bloque_7,1,Opción 2,0,3.6,4.166666666666667,-1,-1,-1,Mujer,7,5,2400.0,-1,-1,-1,-1.0,1.0,0.0,0.0,0.0,0.0,0.3333333333333333,0.3333333333333333,0.3333333333333333,0.0,0.0,Bloque_SIN,0,0.29072681704261916,1.4827067669172869,3.2781954887218046,-0.5714285714285712,1,2400.0,0,0.75
Suj_075,Respuestas de formulario 6,AGH,Bloque_SIN,1,Bloque_3,2,Opción 1,1,3.6,4.166666666666667,-1,-1,-1,Mujer,7,5,0.0,-1,-1,-1,-1.0,1.0,0.0,0.0,0.0,0.0,0.3333333333333333,0.3333333333333333,0.3333333333333333,0.0,0.0,Bloque_SIN,1,0.29072681704261916,1.4827067669172869,3.2781954887218046,-0.5714285714285712,1,0.0,1,
Suj_075,Respuestas de formulario 6,ALM,Bloque_SIN,1,Bloque_1,3,Opción 1,1,3.6,4.166666666666667,-1,-1,-1,Mujer,7,5,0.0,-1,-1,-1,-1.0,1.0,0.0,0.0,0.0,0.0,0.3333333333333333,0.3333333333333333,0.3333333333333333,0.0,0.0,Bloque_SIN,1,0.29072681704261916,1.4827067669172869,3.2781954887218046,-0.5714285714285712,1,0.0,1,
Suj_075,Respuestas de formulario 6,ABC,Bloque_SIN,1,Bloque_9,4,Opción 2,0,3.6,4.166666666666667,-1,-1,-1,Mujer,7,5,1000.0,-1,-1,-1,-1.0,1.0,0.0,0.0,0.0,0.0,0.3333333333333333,0.3333333333333333,0.3333333333333333,0.0,0.0,Bloque_SIN,0,0.29072681704261916,1.4827067669172869,3.2781954887218046,-0.5714285714285712,1,1000.0,0,-0.65
Suj_075,Respuestas de formulario 6,AQS,Bloque_SIN,1,Bloque_5,5,Opción 2,0,3.6,4.166666666666667,-1,-1,-1,Mujer,7,5,2000.0,-1,-1,-1,-1.0,1.0,0.0,0.0,0.0,0.0,0.3333333333333333,0.3333333333333333,0.3333333333333333,0.0,0.0,Bloque_SIN,0,0.29072681704261916,1.4827067669172869,3.2781954887218046,-0.5714285714285712,1,2000.0,0,0.35
Suj_075,Respuestas de formulario 6,AJK,Bloque_SIN,1,Bloque_11,6,Opción 2,0,3.6,4.166666666666667,-1,-1,-1,Mujer,7,5,1200.0,-1,-1,-1,-1.0,1.0,0.0,0.0,0.0,0.0,0.3333333333333333,0.3333333333333333,0.3333333333333333,0.0,0.0,Bloque_SIN,0,0.29072681704261916,1.4827067669172869,3.2781954887218046,-0.5714285714285712,1,1200.0,0,-0.45
Suj_077,Respuestas de formulario 7,ALM,Bloque_SIN,1,Bloque_9,1,Opción 2,0,2.1,3.333333333333333,1,1,0,Mujer,4,9,1000.0,1,1,0,0.0,0.3333333333333333,0.0,0.0,0.0,0.0,0.0,0.0,0.3333333333333333,0.0,-0.3333333333333333,Bloque_SIN,0,-0.5426065162907148,-0.017293233082713133,0.27819548872180455,3.428571428571429,1,1000.0,0,-0.65
Suj_077,Respuestas de formulario 7,ABC,Bloque_SIN,1,Bloque_1,2,Opción 2,0,2.1,3.333333333333333,1,1,0,Mujer,4,9,0.0,1,1,0,1.0,0.3333333333333333,0.0,0.0,0.0,0.0,0.0,0.0,0.3333333333333333,0.0,-0.3333333333333333,Bloque_SIN,0,-0.5426065162907148,-0.017293233082713133,0.27819548872180455,3.428571428571429,1,0.0,1,
Suj_077,Respuestas de formulario 7,AQS,Bloque_SIN,1,Bloque_5,3,Opción 2,0,2.1,3.333333333333333,1,1,0,Mujer,4,9,2000.0,1,1,0,1.0,0.3333333333333333,0.0,0.0,0.0,0.0,0.0,0.0,0.3333333333333333,0.0,-0.3333333333333333,Bloque_SIN,0,-0.5426065162907148,-0.017293233082713133,0.27819548872180455,3.428571428571429,1,2000.0,0,0.35
Suj_077,Respuestas de formulario 7,AEF,Bloque_SIN,1,Bloque_11,4,Opción 2,0,2.1,3.333333333333333,1,1,0,Mujer,4,9,1200.0,1,1,0,0.0,0.3333333333333333,0.0,0.0,0.0,0.0,0.0,0.0,0.3333333333333333,0.0,-0.3333333333333333,Bloque_SIN,0,-0.5426065162907148,-0.017293233082713133,0.27819548872180455,3.428571428571429,1,1200.0,0,-0.45
Suj_077,Respuestas de formulario 7,AGH,Bloque_SIN,1,Bloque_3,5,Opción 2,0,2.1,3.333333333333333,1,1,0,Mujer,4,9,0.0,1,1,0,1.0,0.3333333333333333,0.0,0.0,0.0,0.0,0.0,0.0,0.3333333333333333,0.0,-0.3333333333333333,Bloque_SIN,0,-0.5426065162907148,-0.017293233082713133,0.27819548872180455,3.428571428571429,1,0.0,1,
Suj_077,Respuestas de formulario 7,AJK,Bloque_SIN,1,Bloque_7,6,Opción 2,0,2.1,3.333333333333333,1,1,0,Mujer,4,9,2400.0,1,1,0,1.0,0.3333333333333333,0.0,0.0,0.0,0.0,0.0,0.0,0.3333333333333333,0.0,-0.3333333333333333,Bloque_SIN,0,-0.5426065162907148,-0.017293233082713133,0.27819548872180455,3.428571428571429,1,2400.0,0,0.75
Suj_078,Respuestas de formulario 7,ALM,Bloque_SIN,1,Bloque_9,1,Opción 2,0,1.8,4.5,-1,-1,-1,Mujer,3,7,1000.0,-1,-1,-1,-1.0,0.8333333333333334,0.0,0.0,0.0,0.0,0.3333333333333333,0.1666666666666666,0.3333333333333333,0.1666666666666666,-0.1666666666666666,Bloque_SIN,0,0.6240601503759522,-0.3172932330827132,-0.7218045112781954,1.4285714285714288,1,1000.0,0,-0.65
Suj_078,Respuestas de formulario 7,ABC,Bloque_SIN,1,Bloque_1,2,Opción 1,1,1.8,4.5,-1,-1,-1,Mujer,3,7,0.0,-1,-1,-1,-1.0,0.8333333333333334,0.0,0.0,0.0,0.0,0.3333333333333333,0.1666666666666666,0.3333333333333333,0.1666666666666666,-0.1666666666666666,Bloque_SIN,1,0.6240601503759522,-0.3172932330827132,-0.7218045112781954,1.4285714285714288,1,0.0,1,
Suj_078,Respuestas de formulario 7,AQS,Bloque_SIN,1,Bloque_5,3,Opción 2,0,1.8,4.5,-1,-1,-1,Mujer,3,7,2000.0,-1,-1,-1,-1.0,0.8333333333333334,0.0,0.0,0.0,0.0,0.3333333333333333,0.1666666666666666,0.3333333333333333,0.1666666666666666,-0.1666666666666666,Bloque_SIN,0,0.6240601503759522,-0.3172932330827132,-0.7218045112781954,1.4285714285714288,1,2000.0,0,0.35
Suj_078,Respuestas de formulario 7,AEF,Bloque_SIN,1,Bloque_11,4,Opción 2,0,1.8,4.5,-1,-1,-1,Mujer,3,7,1200.0,-1,-1,-1,-1.0,0.8333333333333334,0.0,0.0,0.0,0.0,0.3333333333333333,0.1666666666666666,0.3333333333333333,0.1666666666666666,-0.1666666666666666,Bloque_SIN,0,0.6240601503759522,-0.3172932330827132,-0.7218045112781954,1.4285714285714288,1,1200.0,0,-0.45
Suj_078,Respuestas de formulario 7,AGH,Bloque_SIN,1,Bloque_3,5,Opción 2,0,1.8,4.5,-1,-1,-1,Mujer,3,7,0.0,-1,-1,-1,-1.0,0.8333333333333334,0.0,0.0,0.0,0.0,0.3333333333333333,0.1666666666666666,0.3333333333333333,0.1666666666666666,-0.1666666666666666,Bloque_SIN,0,0.6240601503759522,-0.3172932330827132,-0.7218045112781954,1.4285714285714288,1,0.0,1,
Suj_078,Respuestas de formulario 7,AJK,Bloque_SIN,1,Bloque_7,6,Opción 2,0,1.8,4.5,-1,-1,-1,Mujer,3,7,2400.0,-1,-1,-1,-1.0,0.8333333333333334,0.0,0.0,0.0,0.0,0.3333333333333333,0.1666666666666666,0.3333333333333333,0.1666666666666666,-0.1666666666666666,Bloque_SIN,0,0.6240601503759522,-0.3172932330827132,-0.7218045112781954,1.4285714285714288,1,2400.0,0,0.75
Suj_079,Respuestas de formulario 7,ALM,Bloque_SIN,1,Bloque_9,1,Opción 1,1,2.4,4.5,0,0,0,Mujer,4,7,1000.0,0,0,0,0.0,1.0,1.0,1.0,1.0,1.0,1.0,1.0,1.0,0.0,0.0,Bloque_SIN,1,0.6240601503759522,0.2827067669172867,0.27819548872180455,1.4285714285714288,1,1000.0,0,-0.65
Suj_079,Respuestas de formulario 7,ABC,Bloque_SIN,1,Bloque_1,2,Opción 1,1,2.4,4.5,0,0,0,Mujer,4,7,0.0,0,0,0,0.0,1.0,1.0,1.0,1.0,1.0,1.0,1.0,1.0,0.0,0.0,Bloque_SIN,1,0.6240601503759522,0.2827067669172867,0.27819548872180455,1.4285714285714288,1,0.0,1,
Suj_079,Respuestas de formulario 7,AQS,Bloque_SIN,1,Bloque_5,3,Opción 1,1,2.4,4.5,0,0,0,Mujer,4,7,2000.0,0,0,0,0.0,1.0,1.0,1.0,1.0,1.0,1.0,1.0,1.0,0.0,0.0,Bloque_SIN,1,0.6240601503759522,0.2827067669172867,0.27819548872180455,1.4285714285714288,1,2000.0,0,0.35
Suj_079,Respuestas de formulario 7,AEF,Bloque_SIN,1,Bloque_11,4,Opción 1,1,2.4,4.5,0,0,0,Mujer,4,7,1200.0,0,0,0,0.0,1.0,1.0,1.0,1.0,1.0,1.0,1.0,1.0,0.0,0.0,Bloque_SIN,1,0.6240601503759522,0.2827067669172867,0.27819548872180455,1.4285714285714288,1,1200.0,0,-0.45
Suj_079,Respuestas de formulario 7,AGH,Bloque_SIN,1,Bloque_3,5,Opción 1,1,2.4,4.5,0,0,0,Mujer,4,7,0.0,0,0,0,0.0,1.0,1.0,1.0,1.0,1.0,1.0,1.0,1.0,0.0,0.0,Bloque_SIN,1,0.6240601503759522,0.2827067669172867,0.27819548872180455,1.4285714285714288,1,0.0,1,
Suj_079,Respuestas de formulario 7,AJK,Bloque_SIN,1,Bloque_7,6,Opción 1,1,2.4,4.5,0,0,0,Mujer,4,7,2400.0,0,0,0,0.0,1.0,1.0,1.0,1.0,1.0,1.0,1.0,1.0,0.0,0.0,Bloque_SIN,1,0.6240601503759522,0.2827067669172867,0.27819548872180455,1.4285714285714288,1,2400.0,0,0.75
Suj_081,Respuestas de formulario 7,ALM,Bloque_SIN,1,Bloque_9,1,Opción 1,1,1.0,3.6666666666666665,1,0,-1,Mujer,4,7,1000.0,1,0,-1,-1.0,0.5,0.6666666666666666,0.3333333333333333,0.3333333333333333,0.3333333333333333,0.3333333333333333,0.6666666666666666,0.3333333333333333,-0.3333333333333333,0.3333333333333333,Bloque_SIN,1,-0.2092731829573813,-1.1172932330827132,0.27819548872180455,1.4285714285714288,1,1000.0,0,-0.65
Suj_081,Respuestas de formulario 7,ABC,Bloque_SIN,1,Bloque_1,2,Opción 2,0,1.0,3.6666666666666665,1,0,-1,Mujer,4,7,0.0,1,0,-1,1.0,0.5,0.6666666666666666,0.3333333333333333,0.3333333333333333,0.3333333333333333,0.3333333333333333,0.6666666666666666,0.3333333333333333,-0.3333333333333333,0.3333333333333333,Bloque_SIN,0,-0.2092731829573813,-1.1172932330827132,0.27819548872180455,1.4285714285714288,1,0.0,1,
Suj_081,Respuestas de formulario 7,AQS,Bloque_SIN,1,Bloque_5,3,Opción 1,1,1.0,3.6666666666666665,1,0,-1,Mujer,4,7,2000.0,1,0,-1,0.0,0.5,0.6666666666666666,0.3333333333333333,0.3333333333333333,0.3333333333333333,0.3333333333333333,0.6666666666666666,0.3333333333333333,-0.3333333333333333,0.3333333333333333,Bloque_SIN,1,-0.2092731829573813,-1.1172932330827132,0.27819548872180455,1.4285714285714288,1,2000.0,0,0.35
Suj_081,Respuestas de formulario 7,AEF,Bloque_SIN,1,Bloque_11,4,Opción 1,1,1.0,3.6666666666666665,1,0,-1,Mujer,4,7,1200.0,1,0,-1,-1.0,0.5,0.6666666666666666,0.3333333333333333,0.3333333333333333,0.3333333333333333,0.3333333333333333,0.6666666666666666,0.3333333333333333,-0.3333333333333333,0.3333333333333333,Bloque_SIN,1,-0.2092731829573813,-1.1172932330827132,0.27819548872180455,1.4285714285714288,1,1200.0,0,-0.45
Suj_081,Respuestas de formulario 7,AGH,Bloque_SIN,1,Bloque_3,5,Opción 2,0,1.0,3.6666666666666665,1,0,-1,Mujer,4,7,0.0,1,0,-1,1.0,0.5,0.6666666666666666,0.3333333333333333,0.3333333333333333,0.3333333333333333,0.3333333333333333,0.6666666666666666,0.3333333333333333,-0.3333333333333333,0.3333333333333333,Bloque_SIN,0,-0.2092731829573813,-1.1172932330827132,0.27819548872180455,1.4285714285714288,1,0.0,1,
Suj_081,Respuestas de formulario 7,AJK,Bloque_SIN,1,Bloque_7,6,Opción 1,1,1.0,3.6666666666666665,1,0,-1,Mujer,4,7,2400.0,1,0,-1,0.0,0.5,0.6666666666666666,0.3333333333333333,0.3333333333333333,0.3333333333333333,0.3333333333333333,0.6666666666666666,0.3333333333333333,-0.3333333333333333,0.3333333333333333,Bloque_SIN,1,-0.2092731829573813,-1.1172932330827132,0.27819548872180455,1.4285714285714288,1,2400.0,0,0.75
Suj_082,Respuestas de formulario 7,ALM,Bloque_SIN,1,Bloque_9,1,Opción 2,0,1.9,4.333333333333333,1,-1,-1,Mujer,4,4,1000.0,1,-1,-1,-1.0,0.1666666666666666,0.0,0.3333333333333333,0.0,0.0,0.1666666666666666,0.1666666666666666,0.0,0.0,0.1666666666666666,Bloque_SIN,0,0.45739348370928523,-0.2172932330827133,0.27819548872180455,-1.5714285714285712,1,1000.0,0,-0.65
Suj_082,Respuestas de formulario 7,ABC,Bloque_SIN,1,Bloque_1,2,Opción 1,1,1.9,4.333333333333333,1,-1,-1,Mujer,4,4,0.0,1,-1,-1,1.0,0.1666666666666666,0.0,0.3333333333333333,0.0,0.0,0.1666666666666666,0.1666666666666666,0.0,0.0,0.1666666666666666,Bloque_SIN,1,0.45739348370928523,-0.2172932330827133,0.27819548872180455,-1.5714285714285712,1,0.0,1,
Suj_082,Respuestas de formulario 7,AQS,Bloque_SIN,1,Bloque_5,3,Opción 2,0,1.9,4.333333333333333,1,-1,-1,Mujer,4,4,2000.0,1,-1,-1,-1.0,0.1666666666666666,0.0,0.3333333333333333,0.0,0.0,0.1666666666666666,0.1666666666666666,0.0,0.0,0.1666666666666666,Bloque_SIN,0,0.45739348370928523,-0.2172932330827133,0.27819548872180455,-1.5714285714285712,1,2000.0,0,0.35
Suj_082,Respuestas de formulario 7,AEF,Bloque_SIN,1,Bloque_11,4,Opción 2,0,1.9,4.333333333333333,1,-1,-1,Mujer,4,4,1200.0,1,-1,-1,-1.0,0.1666666666666666,0.0,0.3333333333333333,0.0,0.0,0.1666666666666666,0.1666666666666666,0.0,0.0,0.1666666666666666,Bloque_SIN,0,0.45739348370928523,-0.2172932330827133,0.27819548872180455,-1.5714285714285712,1,1200.0,0,-0.45
Suj_082,Respuestas de formulario 7,AGH,Bloque_SIN,1,Bloque_3,5,Opción 2,0,1.9,4.333333333333333,1,-1,-1,Mujer,4,4,0.0,1,-1,-1,1.0,0.1666666666666666,0.0,0.3333333333333333,0.0,0.0,0.1666666666666666,0.1666666666666666,0.0,0.0,0.1666666666666666,Bloque_SIN,0,0.45739348370928523,-0.2172932330827133,0.27819548872180455,-1.5714285714285712,1,0.0,1,
Suj_082,Respuestas de formulario 7,AJK,Bloque_SIN,1,Bloque_7,6,Opción 2,0,1.9,4.333333333333333,1,-1,-1,Mujer,4,4,2400.0,1,-1,-1,-1.0,0.1666666666666666,0.0,0.3333333333333333,0.0,0.0,0.1666666666666666,0.1666666666666666,0.0,0.0,0.1666666666666666,Bloque_SIN,0,0.45739348370928523,-0.2172932330827133,0.27819548872180455,-1.5714285714285712,1,2400.0,0,0.75
Suj_083,Respuestas de formulario 7,ALM,Bloque_SIN,1,Bloque_9,1,Opción 2,0,1.0,3.0,1,-1,-1,Hombre,1,4,1000.0,1,-1,-1,-1.0,1.0,0.0,0.0,0.0,0.0,0.3333333333333333,0.3333333333333333,0.3333333333333333,0.0,0.0,Bloque_SIN,0,-0.8759398496240478,-1.1172932330827132,-2.7218045112781954,-1.5714285714285712,0,1000.0,0,-0.65
Suj_083,Respuestas de formulario 7,ABC,Bloque_SIN,1,Bloque_1,2,Opción 1,1,1.0,3.0,1,-1,-1,Hombre,1,4,0.0,1,-1,-1,1.0,1.0,0.0,0.0,0.0,0.0,0.3333333333333333,0.3333333333333333,0.3333333333333333,0.0,0.0,Bloque_SIN,1,-0.8759398496240478,-1.1172932330827132,-2.7218045112781954,-1.5714285714285712,0,0.0,1,
Suj_083,Respuestas de formulario 7,AQS,Bloque_SIN,1,Bloque_5,3,Opción 2,0,1.0,3.0,1,-1,-1,Hombre,1,4,2000.0,1,-1,-1,-1.0,1.0,0.0,0.0,0.0,0.0,0.3333333333333333,0.3333333333333333,0.3333333333333333,0.0,0.0,Bloque_SIN,0,-0.8759398496240478,-1.1172932330827132,-2.7218045112781954,-1.5714285714285712,0,2000.0,0,0.35
Suj_083,Respuestas de formulario 7,AEF,Bloque_SIN,1,Bloque_11,4,Opción 2,0,1.0,3.0,1,-1,-1,Hombre,1,4,1200.0,1,-1,-1,-1.0,1.0,0.0,0.0,0.0,0.0,0.3333333333333333,0.3333333333333333,0.3333333333333333,0.0,0.0,Bloque_SIN,0,-0.8759398496240478,-1.1172932330827132,-2.7218045112781954,-1.5714285714285712,0,1200.0,0,-0.45
Suj_083,Respuestas de formulario 7,AGH,Bloque_SIN,1,Bloque_3,5,Opción 1,1,1.0,3.0,1,-1,-1,Hombre,1,4,0.0,1,-1,-1,1.0,1.0,0.0,0.0,0.0,0.0,0.3333333333333333,0.3333333333333333,0.3333333333333333,0.0,0.0,Bloque_SIN,1,-0.8759398496240478,-1.1172932330827132,-2.7218045112781954,-1.5714285714285712,0,0.0,1,
Suj_083,Respuestas de formulario 7,AJK,Bloque_SIN,1,Bloque_7,6,Opción 2,0,1.0,3.0,1,-1,-1,Hombre,1,4,2400.0,1,-1,-1,-1.0,1.0,0.0,0.0,0.0,0.0,0.3333333333333333,0.3333333333333333,0.3333333333333333,0.0,0.0,Bloque_SIN,0,-0.8759398496240478,-1.1172932330827132,-2.7218045112781954,-1.5714285714285712,0,2400.0,0,0.75
Suj_085,Respuestas de formulario 7,ALM,Bloque_SIN,1,Bloque_9,1,Opción 1,1,1.7,2.6666666666666665,0,-1,1,Mujer,4,6,1000.0,0,-1,1,1.0,0.3333333333333333,0.6666666666666666,0.3333333333333333,0.6666666666666666,0.3333333333333333,0.3333333333333333,0.5,0.5,-0.1666666666666666,0.0,Bloque_SIN,1,-1.2092731829573813,-0.41729323308271327,0.27819548872180455,0.4285714285714288,1,1000.0,0,-0.65
Suj_085,Respuestas de formulario 7,ABC,Bloque_SIN,1,Bloque_1,2,Opción 1,1,1.7,2.6666666666666665,0,-1,1,Mujer,4,6,0.0,0,-1,1,0.0,0.3333333333333333,0.6666666666666666,0.3333333333333333,0.6666666666666666,0.3333333333333333,0.3333333333333333,0.5,0.5,-0.1666666666666666,0.0,Bloque_SIN,1,-1.2092731829573813,-0.41729323308271327,0.27819548872180455,0.4285714285714288,1,0.0,1,
Suj_085,Respuestas de formulario 7,AQS,Bloque_SIN,1,Bloque_5,3,Opción 2,0,1.7,2.6666666666666665,0,-1,1,Mujer,4,6,2000.0,0,-1,1,-1.0,0.3333333333333333,0.6666666666666666,0.3333333333333333,0.6666666666666666,0.3333333333333333,0.3333333333333333,0.5,0.5,-0.1666666666666666,0.0,Bloque_SIN,0,-1.2092731829573813,-0.41729323308271327,0.27819548872180455,0.4285714285714288,1,2000.0,0,0.35
Suj_085,Respuestas de formulario 7,AEF,Bloque_SIN,1,Bloque_11,4,Opción 1,1,1.7,2.6666666666666665,0,-1,1,Mujer,4,6,1200.0,0,-1,1,1.0,0.3333333333333333,0.6666666666666666,0.3333333333333333,0.6666666666666666,0.3333333333333333,0.3333333333333333,0.5,0.5,-0.1666666666666666,0.0,Bloque_SIN,1,-1.2092731829573813,-0.41729323308271327,0.27819548872180455,0.4285714285714288,1,1200.0,0,-0.45
Suj_085,Respuestas de formulario 7,AGH,Bloque_SIN,1,Bloque_3,5,Opción 2,0,1.7,2.6666666666666665,0,-1,1,Mujer,4,6,0.0,0,-1,1,0.0,0.3333333333333333,0.6666666666666666,0.3333333333333333,0.6666666666666666,0.3333333333333333,0.3333333333333333,0.5,0.5,-0.1666666666666666,0.0,Bloque_SIN,0,-1.2092731829573813,-0.41729323308271327,0.27819548872180455,0.4285714285714288,1,0.0,1,
Suj_085,Respuestas de formulario 7,AJK,Bloque_SIN,1,Bloque_7,6,Opción 2,0,1.7,2.6666666666666665,0,-1,1,Mujer,4,6,2400.0,0,-1,1,-1.0,0.3333333333333333,0.6666666666666666,0.3333333333333333,0.6666666666666666,0.3333333333333333,0.3333333333333333,0.5,0.5,-0.1666666666666666,0.0,Bloque_SIN,0,-1.2092731829573813,-0.41729323308271327,0.27819548872180455,0.4285714285714288,1,2400.0,0,0.75
Suj_087,Respuestas de formulario 7,ALM,Bloque_SIN,1,Bloque_9,1,Opción 1,1,1.2,3.6666666666666665,1,-1,-1,Mujer,2,5,1000.0,1,-1,-1,-1.0,0.6666666666666666,0.6666666666666666,0.0,0.0,0.0,0.3333333333333333,0.5,0.1666666666666666,-0.1666666666666666,0.3333333333333333,Bloque_SIN,1,-0.2092731829573813,-0.9172932330827133,-1.7218045112781954,-0.5714285714285712,1,1000.0,0,-0.65
Suj_087,Respuestas de formulario 7,ABC,Bloque_SIN,1,Bloque_1,2,Opción 1,1,1.2,3.6666666666666665,1,-1,-1,Mujer,2,5,0.0,1,-1,-1,1.0,0.6666666666666666,0.6666666666666666,0.0,0.0,0.0,0.3333333333333333,0.5,0.1666666666666666,-0.1666666666666666,0.3333333333333333,Bloque_SIN,1,-0.2092731829573813,-0.9172932330827133,-1.7218045112781954,-0.5714285714285712,1,0.0,1,
Suj_087,Respuestas de formulario 7,AQS,Bloque_SIN,1,Bloque_5,3,Opción 2,0,1.2,3.6666666666666665,1,-1,-1,Mujer,2,5,2000.0,1,-1,-1,-1.0,0.6666666666666666,0.6666666666666666,0.0,0.0,0.0,0.3333333333333333,0.5,0.1666666666666666,-0.1666666666666666,0.3333333333333333,Bloque_SIN,0,-0.2092731829573813,-0.9172932330827133,-1.7218045112781954,-0.5714285714285712,1,2000.0,0,0.35
Suj_087,Respuestas de formulario 7,AEF,Bloque_SIN,1,Bloque_11,4,Opción 2,0,1.2,3.6666666666666665,1,-1,-1,Mujer,2,5,1200.0,1,-1,-1,-1.0,0.6666666666666666,0.6666666666666666,0.0,0.0,0.0,0.3333333333333333,0.5,0.1666666666666666,-0.1666666666666666,0.3333333333333333,Bloque_SIN,0,-0.2092731829573813,-0.9172932330827133,-1.7218045112781954,-0.5714285714285712,1,1200.0,0,-0.45
Suj_087,Respuestas de formulario 7,AGH,Bloque_SIN,1,Bloque_3,5,Opción 1,1,1.2,3.6666666666666665,1,-1,-1,Mujer,2,5,0.0,1,-1,-1,1.0,0.6666666666666666,0.6666666666666666,0.0,0.0,0.0,0.3333333333333333,0.5,0.1666666666666666,-0.1666666666666666,0.3333333333333333,Bloque_SIN,1,-0.2092731829573813,-0.9172932330827133,-1.7218045112781954,-0.5714285714285712,1,0.0,1,
Suj_087,Respuestas de formulario 7,AJK,Bloque_SIN,1,Bloque_7,6,Opción 2,0,1.2,3.6666666666666665,1,-1,-1,Mujer,2,5,2400.0,1,-1,-1,-1.0,0.6666666666666666,0.6666666666666666,0.0,0.0,0.0,0.3333333333333333,0.5,0.1666666666666666,-0.1666666666666666,0.3333333333333333,Bloque_SIN,0,-0.2092731829573813,-0.9172932330827133,-1.7218045112781954,-0.5714285714285712,1,2400.0,0,0.75
Suj_088,Respuestas de formulario 7,ALM,Bloque_SIN,1,Bloque_9,1,Opción 2,0,2.8,4.666666666666667,1,0,-1,Otro,4,6,1000.0,1,0,-1,-1.0,0.6666666666666666,0.0,0.3333333333333333,0.0,0.3333333333333333,0.5,0.1666666666666666,0.3333333333333333,0.3333333333333333,-0.1666666666666666,Bloque_SIN,0,0.7907268170426192,0.6827067669172866,0.27819548872180455,0.4285714285714288,0,1000.0,0,-0.65
Suj_088,Respuestas de formulario 7,ABC,Bloque_SIN,1,Bloque_1,2,Opción 2,0,2.8,4.666666666666667,1,0,-1,Otro,4,6,0.0,1,0,-1,1.0,0.6666666666666666,0.0,0.3333333333333333,0.0,0.3333333333333333,0.5,0.1666666666666666,0.3333333333333333,0.3333333333333333,-0.1666666666666666,Bloque_SIN,0,0.7907268170426192,0.6827067669172866,0.27819548872180455,0.4285714285714288,0,0.0,1,
Suj_088,Respuestas de formulario 7,AQS,Bloque_SIN,1,Bloque_5,3,Opción 2,0,2.8,4.666666666666667,1,0,-1,Otro,4,6,2000.0,1,0,-1,0.0,0.6666666666666666,0.0,0.3333333333333333,0.0,0.3333333333333333,0.5,0.1666666666666666,0.3333333333333333,0.3333333333333333,-0.1666666666666666,Bloque_SIN,0,0.7907268170426192,0.6827067669172866,0.27819548872180455,0.4285714285714288,0,2000.0,0,0.35
Suj_088,Respuestas de formulario 7,AEF,Bloque_SIN,1,Bloque_11,4,Opción 2,0,2.8,4.666666666666667,1,0,-1,Otro,4,6,1200.0,1,0,-1,-1.0,0.6666666666666666,0.0,0.3333333333333333,0.0,0.3333333333333333,0.5,0.1666666666666666,0.3333333333333333,0.3333333333333333,-0.1666666666666666,Bloque_SIN,0,0.7907268170426192,0.6827067669172866,0.27819548872180455,0.4285714285714288,0,1200.0,0,-0.45
Suj_088,Respuestas de formulario 7,AGH,Bloque_SIN,1,Bloque_3,5,Opción 1,1,2.8,4.666666666666667,1,0,-1,Otro,4,6,0.0,1,0,-1,1.0,0.6666666666666666,0.0,0.3333333333333333,0.0,0.3333333333333333,0.5,0.1666666666666666,0.3333333333333333,0.3333333333333333,-0.1666666666666666,Bloque_SIN,1,0.7907268170426192,0.6827067669172866,0.27819548872180455,0.4285714285714288,0,0.0,1,
Suj_088,Respuestas de formulario 7,AJK,Bloque_SIN,1,Bloque_7,6,Opción 2,0,2.8,4.666666666666667,1,0,-1,Otro,4,6,2400.0,1,0,-1,0.0,0.6666666666666666,0.0,0.3333333333333333,0.0,0.3333333333333333,0.5,0.1666666666666666,0.3333333333333333,0.3333333333333333,-0.1666666666666666,Bloque_SIN,0,0.7907268170426192,0.6827067669172866,0.27819548872180455,0.4285714285714288,0,2400.0,0,0.75
Suj_089,Respuestas de formulario 8,AQS,Bloque_SIN,1,Bloque_9,1,Opción 2,0,3.1,4.666666666666667,0,-1,-1,Mujer,5,6,1000.0,0,-1,-1,-1.0,0.8333333333333334,0.0,0.0,0.0,0.0,0.3333333333333333,0.1666666666666666,0.3333333333333333,0.1666666666666666,-0.1666666666666666,Bloque_SIN,0,0.7907268170426192,0.9827067669172869,1.2781954887218046,0.4285714285714288,1,1000.0,0,-0.65
Suj_089,Respuestas de formulario 8,AJK,Bloque_SIN,1,Bloque_1,2,Opción 1,1,3.1,4.666666666666667,0,-1,-1,Mujer,5,6,0.0,0,-1,-1,0.0,0.8333333333333334,0.0,0.0,0.0,0.0,0.3333333333333333,0.1666666666666666,0.3333333333333333,0.1666666666666666,-0.1666666666666666,Bloque_SIN,1,0.7907268170426192,0.9827067669172869,1.2781954887218046,0.4285714285714288,1,0.0,1,
Suj_089,Respuestas de formulario 8,ABC,Bloque_SIN,1,Bloque_5,3,Opción 2,0,3.1,4.666666666666667,0,-1,-1,Mujer,5,6,2000.0,0,-1,-1,-1.0,0.8333333333333334,0.0,0.0,0.0,0.0,0.3333333333333333,0.1666666666666666,0.3333333333333333,0.1666666666666666,-0.1666666666666666,Bloque_SIN,0,0.7907268170426192,0.9827067669172869,1.2781954887218046,0.4285714285714288,1,2000.0,0,0.35
Suj_089,Respuestas de formulario 8,ALM,Bloque_SIN,1,Bloque_11,4,Opción 2,0,3.1,4.666666666666667,0,-1,-1,Mujer,5,6,1200.0,0,-1,-1,-1.0,0.8333333333333334,0.0,0.0,0.0,0.0,0.3333333333333333,0.1666666666666666,0.3333333333333333,0.1666666666666666,-0.1666666666666666,Bloque_SIN,0,0.7907268170426192,0.9827067669172869,1.2781954887218046,0.4285714285714288,1,1200.0,0,-0.45
Suj_089,Respuestas de formulario 8,AEF,Bloque_SIN,1,Bloque_3,5,Opción 2,0,3.1,4.666666666666667,0,-1,-1,Mujer,5,6,0.0,0,-1,-1,0.0,0.8333333333333334,0.0,0.0,0.0,0.0,0.3333333333333333,0.1666666666666666,0.3333333333333333,0.1666666666666666,-0.1666666666666666,Bloque_SIN,0,0.7907268170426192,0.9827067669172869,1.2781954887218046,0.4285714285714288,1,0.0,1,
Suj_089,Respuestas de formulario 8,AGH,Bloque_SIN,1,Bloque_7,6,Opción 2,0,3.1,4.666666666666667,0,-1,-1,Mujer,5,6,2400.0,0,-1,-1,-1.0,0.8333333333333334,0.0,0.0,0.0,0.0,0.3333333333333333,0.1666666666666666,0.3333333333333333,0.1666666666666666,-0.1666666666666666,Bloque_SIN,0,0.7907268170426192,0.9827067669172869,1.2781954887218046,0.4285714285714288,1,2400.0,0,0.75
Suj_090,Respuestas de formulario 8,AQS,Bloque_SIN,1,Bloque_9,1,Opción 1,1,2.4,4.0,0,0,-1,Hombre,5,6,1000.0,0,0,-1,-1.0,0.6666666666666666,0.3333333333333333,0.6666666666666666,0.3333333333333333,0.3333333333333333,0.1666666666666666,0.6666666666666666,0.6666666666666666,-0.5,0.0,Bloque_SIN,1,0.1240601503759522,0.2827067669172867,1.2781954887218046,0.4285714285714288,0,1000.0,0,-0.65
Suj_090,Respuestas de formulario 8,AJK,Bloque_SIN,1,Bloque_1,2,Opción 2,0,2.4,4.0,0,0,-1,Hombre,5,6,0.0,0,0,-1,0.0,0.6666666666666666,0.3333333333333333,0.6666666666666666,0.3333333333333333,0.3333333333333333,0.1666666666666666,0.6666666666666666,0.6666666666666666,-0.5,0.0,Bloque_SIN,0,0.1240601503759522,0.2827067669172867,1.2781954887218046,0.4285714285714288,0,0.0,1,
Suj_090,Respuestas de formulario 8,ABC,Bloque_SIN,1,Bloque_5,3,Opción 2,0,2.4,4.0,0,0,-1,Hombre,5,6,2000.0,0,0,-1,0.0,0.6666666666666666,0.3333333333333333,0.6666666666666666,0.3333333333333333,0.3333333333333333,0.1666666666666666,0.6666666666666666,0.6666666666666666,-0.5,0.0,Bloque_SIN,0,0.1240601503759522,0.2827067669172867,1.2781954887218046,0.4285714285714288,0,2000.0,0,0.35
Suj_090,Respuestas de formulario 8,ALM,Bloque_SIN,1,Bloque_11,4,Opción 1,1,2.4,4.0,0,0,-1,Hombre,5,6,1200.0,0,0,-1,-1.0,0.6666666666666666,0.3333333333333333,0.6666666666666666,0.3333333333333333,0.3333333333333333,0.1666666666666666,0.6666666666666666,0.6666666666666666,-0.5,0.0,Bloque_SIN,1,0.1240601503759522,0.2827067669172867,1.2781954887218046,0.4285714285714288,0,1200.0,0,-0.45
Suj_090,Respuestas de formulario 8,AEF,Bloque_SIN,1,Bloque_3,5,Opción 1,1,2.4,4.0,0,0,-1,Hombre,5,6,0.0,0,0,-1,0.0,0.6666666666666666,0.3333333333333333,0.6666666666666666,0.3333333333333333,0.3333333333333333,0.1666666666666666,0.6666666666666666,0.6666666666666666,-0.5,0.0,Bloque_SIN,1,0.1240601503759522,0.2827067669172867,1.2781954887218046,0.4285714285714288,0,0.0,1,
Suj_090,Respuestas de formulario 8,AGH,Bloque_SIN,1,Bloque_7,6,Opción 1,1,2.4,4.0,0,0,-1,Hombre,5,6,2400.0,0,0,-1,0.0,0.6666666666666666,0.3333333333333333,0.6666666666666666,0.3333333333333333,0.3333333333333333,0.1666666666666666,0.6666666666666666,0.6666666666666666,-0.5,0.0,Bloque_SIN,1,0.1240601503759522,0.2827067669172867,1.2781954887218046,0.4285714285714288,0,2400.0,0,0.75
Suj_091,Respuestas de formulario 8,AQS,Bloque_SIN,1,Bloque_9,1,Opción 1,1,2.0,3.5,-1,-1,-1,Mujer,3,4,1000.0,-1,-1,-1,-1.0,0.6666666666666666,0.3333333333333333,0.3333333333333333,0.3333333333333333,0.0,0.5,0.3333333333333333,0.3333333333333333,0.1666666666666666,0.0,Bloque_SIN,1,-0.3759398496240478,-0.11729323308271322,-0.7218045112781954,-1.5714285714285712,1,1000.0,0,-0.65
Suj_091,Respuestas de formulario 8,AJK,Bloque_SIN,1,Bloque_1,2,Opción 2,0,2.0,3.5,-1,-1,-1,Mujer,3,4,0.0,-1,-1,-1,-1.0,0.6666666666666666,0.3333333333333333,0.3333333333333333,0.3333333333333333,0.0,0.5,0.3333333333333333,0.3333333333333333,0.1666666666666666,0.0,Bloque_SIN,0,-0.3759398496240478,-0.11729323308271322,-0.7218045112781954,-1.5714285714285712,1,0.0,1,
Suj_091,Respuestas de formulario 8,ABC,Bloque_SIN,1,Bloque_5,3,Opción 2,0,2.0,3.5,-1,-1,-1,Mujer,3,4,2000.0,-1,-1,-1,-1.0,0.6666666666666666,0.3333333333333333,0.3333333333333333,0.3333333333333333,0.0,0.5,0.3333333333333333,0.3333333333333333,0.1666666666666666,0.0,Bloque_SIN,0,-0.3759398496240478,-0.11729323308271322,-0.7218045112781954,-1.5714285714285712,1,2000.0,0,0.35
Suj_091,Respuestas de formulario 8,ALM,Bloque_SIN,1,Bloque_11,4,Opción 2,0,2.0,3.5,-1,-1,-1,Mujer,3,4,1200.0,-1,-1,-1,-1.0,0.6666666666666666,0.3333333333333333,0.3333333333333333,0.3333333333333333,0.0,0.5,0.3333333333333333,0.3333333333333333,0.1666666666666666,0.0,Bloque_SIN,0,-0.3759398496240478,-0.11729323308271322,-0.7218045112781954,-1.5714285714285712,1,1200.0,0,-0.45
Suj_091,Respuestas de formulario 8,AEF,Bloque_SIN,1,Bloque_3,5,Opción 1,1,2.0,3.5,-1,-1,-1,Mujer,3,4,0.0,-1,-1,-1,-1.0,0.6666666666666666,0.3333333333333333,0.3333333333333333,0.3333333333333333,0.0,0.5,0.3333333333333333,0.3333333333333333,0.1666666666666666,0.0,Bloque_SIN,1,-0.3759398496240478,-0.11729323308271322,-0.7218045112781954,-1.5714285714285712,1,0.0,1,
Suj_091,Respuestas de formulario 8,AGH,Bloque_SIN,1,Bloque_7,6,Opción 2,0,2.0,3.5,-1,-1,-1,Mujer,3,4,2400.0,-1,-1,-1,-1.0,0.6666666666666666,0.3333333333333333,0.3333333333333333,0.3333333333333333,0.0,0.5,0.3333333333333333,0.3333333333333333,0.1666666666666666,0.0,Bloque_SIN,0,-0.3759398496240478,-0.11729323308271322,-0.7218045112781954,-1.5714285714285712,1,2400.0,0,0.75
Suj_094,Respuestas de formulario 8,AQS,Bloque_SIN,1,Bloque_9,1,Opción 1,1,2.6,4.0,-1,-1,-1,Mujer,4,6,1000.0,-1,-1,-1,-1.0,1.0,0.6666666666666666,0.0,0.0,0.0,0.5,0.5,0.3333333333333333,0.0,0.1666666666666666,Bloque_SIN,1,0.1240601503759522,0.48270676691728687,0.27819548872180455,0.4285714285714288,1,1000.0,0,-0.65
Suj_094,Respuestas de formulario 8,AJK,Bloque_SIN,1,Bloque_1,2,Opción 1,1,2.6,4.0,-1,-1,-1,Mujer,4,6,0.0,-1,-1,-1,-1.0,1.0,0.6666666666666666,0.0,0.0,0.0,0.5,0.5,0.3333333333333333,0.0,0.1666666666666666,Bloque_SIN,1,0.1240601503759522,0.48270676691728687,0.27819548872180455,0.4285714285714288,1,0.0,1,
Suj_094,Respuestas de formulario 8,ABC,Bloque_SIN,1,Bloque_5,3,Opción 2,0,2.6,4.0,-1,-1,-1,Mujer,4,6,2000.0,-1,-1,-1,-1.0,1.0,0.6666666666666666,0.0,0.0,0.0,0.5,0.5,0.3333333333333333,0.0,0.1666666666666666,Bloque_SIN,0,0.1240601503759522,0.48270676691728687,0.27819548872180455,0.4285714285714288,1,2000.0,0,0.35
Suj_094,Respuestas de formulario 8,ALM,Bloque_SIN,1,Bloque_11,4,Opción 2,0,2.6,4.0,-1,-1,-1,Mujer,4,6,1200.0,-1,-1,-1,-1.0,1.0,0.6666666666666666,0.0,0.0,0.0,0.5,0.5,0.3333333333333333,0.0,0.1666666666666666,Bloque_SIN,0,0.1240601503759522,0.48270676691728687,0.27819548872180455,0.4285714285714288,1,1200.0,0,-0.45
Suj_094,Respuestas de formulario 8,AEF,Bloque_SIN,1,Bloque_3,5,Opción 1,1,2.6,4.0,-1,-1,-1,Mujer,4,6,0.0,-1,-1,-1,-1.0,1.0,0.6666666666666666,0.0,0.0,0.0,0.5,0.5,0.3333333333333333,0.0,0.1666666666666666,Bloque_SIN,1,0.1240601503759522,0.48270676691728687,0.27819548872180455,0.4285714285714288,1,0.0,1,
Suj_094,Respuestas de formulario 8,AGH,Bloque_SIN,1,Bloque_7,6,Opción 2,0,2.6,4.0,-1,-1,-1,Mujer,4,6,2400.0,-1,-1,-1,-1.0,1.0,0.6666666666666666,0.0,0.0,0.0,0.5,0.5,0.3333333333333333,0.0,0.1666666666666666,Bloque_SIN,0,0.1240601503759522,0.48270676691728687,0.27819548872180455,0.4285714285714288,1,2400.0,0,0.75
Suj_095,Respuestas de formulario 8,AQS,Bloque_SIN,1,Bloque_9,1,Opción 1,1,1.4,2.833333333333333,1,1,-1,Mujer,2,4,1000.0,1,1,-1,-1.0,1.0,1.0,0.6666666666666666,1.0,1.0,0.8333333333333334,1.0,1.0,-0.1666666666666666,0.0,Bloque_SIN,1,-1.0426065162907148,-0.7172932330827133,-1.7218045112781954,-1.5714285714285712,1,1000.0,0,-0.65
Suj_095,Respuestas de formulario 8,AJK,Bloque_SIN,1,Bloque_1,2,Opción 1,1,1.4,2.833333333333333,1,1,-1,Mujer,2,4,0.0,1,1,-1,1.0,1.0,1.0,0.6666666666666666,1.0,1.0,0.8333333333333334,1.0,1.0,-0.1666666666666666,0.0,Bloque_SIN,1,-1.0426065162907148,-0.7172932330827133,-1.7218045112781954,-1.5714285714285712,1,0.0,1,
Suj_095,Respuestas de formulario 8,ABC,Bloque_SIN,1,Bloque_5,3,Opción 1,1,1.4,2.833333333333333,1,1,-1,Mujer,2,4,2000.0,1,1,-1,1.0,1.0,1.0,0.6666666666666666,1.0,1.0,0.8333333333333334,1.0,1.0,-0.1666666666666666,0.0,Bloque_SIN,1,-1.0426065162907148,-0.7172932330827133,-1.7218045112781954,-1.5714285714285712,1,2000.0,0,0.35
Suj_095,Respuestas de formulario 8,ALM,Bloque_SIN,1,Bloque_11,4,Opción 1,1,1.4,2.833333333333333,1,1,-1,Mujer,2,4,1200.0,1,1,-1,-1.0,1.0,1.0,0.6666666666666666,1.0,1.0,0.8333333333333334,1.0,1.0,-0.1666666666666666,0.0,Bloque_SIN,1,-1.0426065162907148,-0.7172932330827133,-1.7218045112781954,-1.5714285714285712,1,1200.0,0,-0.45
Suj_095,Respuestas de formulario 8,AEF,Bloque_SIN,1,Bloque_3,5,Opción 1,1,1.4,2.833333333333333,1,1,-1,Mujer,2,4,0.0,1,1,-1,1.0,1.0,1.0,0.6666666666666666,1.0,1.0,0.8333333333333334,1.0,1.0,-0.1666666666666666,0.0,Bloque_SIN,1,-1.0426065162907148,-0.7172932330827133,-1.7218045112781954,-1.5714285714285712,1,0.0,1,
Suj_095,Respuestas de formulario 8,AGH,Bloque_SIN,1,Bloque_7,6,Opción 1,1,1.4,2.833333333333333,1,1,-1,Mujer,2,4,2400.0,1,1,-1,1.0,1.0,1.0,0.6666666666666666,1.0,1.0,0.8333333333333334,1.0,1.0,-0.1666666666666666,0.0,Bloque_SIN,1,-1.0426065162907148,-0.7172932330827133,-1.7218045112781954,-1.5714285714285712,1,2400.0,0,0.75
Suj_096,Respuestas de formulario 8,AQS,Bloque_SIN,1,Bloque_9,1,Opción 1,1,3.3,3.8333333333333335,0,-1,-1,Hombre,4,5,1000.0,0,-1,-1,-1.0,0.6666666666666666,0.3333333333333333,0.3333333333333333,0.0,0.6666666666666666,0.6666666666666666,0.5,0.1666666666666666,0.1666666666666666,0.3333333333333333,Bloque_SIN,1,-0.042606516290714325,1.1827067669172866,0.27819548872180455,-0.5714285714285712,0,1000.0,0,-0.65
Suj_096,Respuestas de formulario 8,AJK,Bloque_SIN,1,Bloque_1,2,Opción 1,1,3.3,3.8333333333333335,0,-1,-1,Hombre,4,5,0.0,0,-1,-1,0.0,0.6666666666666666,0.3333333333333333,0.3333333333333333,0.0,0.6666666666666666,0.6666666666666666,0.5,0.1666666666666666,0.1666666666666666,0.3333333333333333,Bloque_SIN,1,-0.042606516290714325,1.1827067669172866,0.27819548872180455,-0.5714285714285712,0,0.0,1,
Suj_096,Respuestas de formulario 8,ABC,Bloque_SIN,1,Bloque_5,3,Opción 2,0,3.3,3.8333333333333335,0,-1,-1,Hombre,4,5,2000.0,0,-1,-1,-1.0,0.6666666666666666,0.3333333333333333,0.3333333333333333,0.0,0.6666666666666666,0.6666666666666666,0.5,0.1666666666666666,0.1666666666666666,0.3333333333333333,Bloque_SIN,0,-0.042606516290714325,1.1827067669172866,0.27819548872180455,-0.5714285714285712,0,2000.0,0,0.35
Suj_096,Respuestas de formulario 8,ALM,Bloque_SIN,1,Bloque_11,4,Opción 2,0,3.3,3.8333333333333335,0,-1,-1,Hombre,4,5,1200.0,0,-1,-1,-1.0,0.6666666666666666,0.3333333333333333,0.3333333333333333,0.0,0.6666666666666666,0.6666666666666666,0.5,0.1666666666666666,0.1666666666666666,0.3333333333333333,Bloque_SIN,0,-0.042606516290714325,1.1827067669172866,0.27819548872180455,-0.5714285714285712,0,1200.0,0,-0.45
Suj_096,Respuestas de formulario 8,AEF,Bloque_SIN,1,Bloque_3,5,Opción 2,0,3.3,3.8333333333333335,0,-1,-1,Hombre,4,5,0.0,0,-1,-1,0.0,0.6666666666666666,0.3333333333333333,0.3333333333333333,0.0,0.6666666666666666,0.6666666666666666,0.5,0.1666666666666666,0.1666666666666666,0.3333333333333333,Bloque_SIN,0,-0.042606516290714325,1.1827067669172866,0.27819548872180455,-0.5714285714285712,0,0.0,1,
Suj_096,Respuestas de formulario 8,AGH,Bloque_SIN,1,Bloque_7,6,Opción 1,1,3.3,3.8333333333333335,0,-1,-1,Hombre,4,5,2400.0,0,-1,-1,-1.0,0.6666666666666666,0.3333333333333333,0.3333333333333333,0.0,0.6666666666666666,0.6666666666666666,0.5,0.1666666666666666,0.1666666666666666,0.3333333333333333,Bloque_SIN,1,-0.042606516290714325,1.1827067669172866,0.27819548872180455,-0.5714285714285712,0,2400.0,0,0.75
Suj_097,Respuestas de formulario 8,AQS,Bloque_SIN,1,Bloque_9,1,Opción 2,0,2.4,4.0,1,-1,-1,Mujer,4,8,1000.0,1,-1,-1,-1.0,0.8333333333333334,0.0,0.6666666666666666,0.0,0.0,0.3333333333333333,0.3333333333333333,0.5,0.0,-0.1666666666666666,Bloque_SIN,0,0.1240601503759522,0.2827067669172867,0.27819548872180455,2.428571428571429,1,1000.0,0,-0.65
Suj_097,Respuestas de formulario 8,AJK,Bloque_SIN,1,Bloque_1,2,Opción 1,1,2.4,4.0,1,-1,-1,Mujer,4,8,0.0,1,-1,-1,1.0,0.8333333333333334,0.0,0.6666666666666666,0.0,0.0,0.3333333333333333,0.3333333333333333,0.5,0.0,-0.1666666666666666,Bloque_SIN,1,0.1240601503759522,0.2827067669172867,0.27819548872180455,2.428571428571429,1,0.0,1,
Suj_097,Respuestas de formulario 8,ABC,Bloque_SIN,1,Bloque_5,3,Opción 2,0,2.4,4.0,1,-1,-1,Mujer,4,8,2000.0,1,-1,-1,-1.0,0.8333333333333334,0.0,0.6666666666666666,0.0,0.0,0.3333333333333333,0.3333333333333333,0.5,0.0,-0.1666666666666666,Bloque_SIN,0,0.1240601503759522,0.2827067669172867,0.27819548872180455,2.428571428571429,1,2000.0,0,0.35
Suj_097,Respuestas de formulario 8,ALM,Bloque_SIN,1,Bloque_11,4,Opción 1,1,2.4,4.0,1,-1,-1,Mujer,4,8,1200.0,1,-1,-1,-1.0,0.8333333333333334,0.0,0.6666666666666666,0.0,0.0,0.3333333333333333,0.3333333333333333,0.5,0.0,-0.1666666666666666,Bloque_SIN,1,0.1240601503759522,0.2827067669172867,0.27819548872180455,2.428571428571429,1,1200.0,0,-0.45
Suj_097,Respuestas de formulario 8,AEF,Bloque_SIN,1,Bloque_3,5,Opción 2,0,2.4,4.0,1,-1,-1,Mujer,4,8,0.0,1,-1,-1,1.0,0.8333333333333334,0.0,0.6666666666666666,0.0,0.0,0.3333333333333333,0.3333333333333333,0.5,0.0,-0.1666666666666666,Bloque_SIN,0,0.1240601503759522,0.2827067669172867,0.27819548872180455,2.428571428571429,1,0.0,1,
Suj_097,Respuestas de formulario 8,AGH,Bloque_SIN,1,Bloque_7,6,Opción 2,0,2.4,4.0,1,-1,-1,Mujer,4,8,2400.0,1,-1,-1,-1.0,0.8333333333333334,0.0,0.6666666666666666,0.0,0.0,0.3333333333333333,0.3333333333333333,0.5,0.0,-0.1666666666666666,Bloque_SIN,0,0.1240601503759522,0.2827067669172867,0.27819548872180455,2.428571428571429,1,2400.0,0,0.75
Suj_098,Respuestas de formulario 8,AQS,Bloque_SIN,1,Bloque_9,1,Opción 1,1,1.5,4.166666666666667,0,1,1,Mujer,5,6,1000.0,0,1,1,1.0,0.5,0.6666666666666666,0.6666666666666666,0.6666666666666666,0.0,0.5,0.5,0.5,0.0,0.0,Bloque_SIN,1,0.29072681704261916,-0.6172932330827132,1.2781954887218046,0.4285714285714288,1,1000.0,0,-0.65
Suj_098,Respuestas de formulario 8,AJK,Bloque_SIN,1,Bloque_1,2,Opción 1,1,1.5,4.166666666666667,0,1,1,Mujer,5,6,0.0,0,1,1,0.0,0.5,0.6666666666666666,0.6666666666666666,0.6666666666666666,0.0,0.5,0.5,0.5,0.0,0.0,Bloque_SIN,1,0.29072681704261916,-0.6172932330827132,1.2781954887218046,0.4285714285714288,1,0.0,1,
Suj_098,Respuestas de formulario 8,ABC,Bloque_SIN,1,Bloque_5,3,Opción 2,0,1.5,4.166666666666667,0,1,1,Mujer,5,6,2000.0,0,1,1,1.0,0.5,0.6666666666666666,0.6666666666666666,0.6666666666666666,0.0,0.5,0.5,0.5,0.0,0.0,Bloque_SIN,0,0.29072681704261916,-0.6172932330827132,1.2781954887218046,0.4285714285714288,1,2000.0,0,0.35
Suj_098,Respuestas de formulario 8,ALM,Bloque_SIN,1,Bloque_11,4,Opción 1,1,1.5,4.166666666666667,0,1,1,Mujer,5,6,1200.0,0,1,1,1.0,0.5,0.6666666666666666,0.6666666666666666,0.6666666666666666,0.0,0.5,0.5,0.5,0.0,0.0,Bloque_SIN,1,0.29072681704261916,-0.6172932330827132,1.2781954887218046,0.4285714285714288,1,1200.0,0,-0.45
Suj_098,Respuestas de formulario 8,AEF,Bloque_SIN,1,Bloque_3,5,Opción 2,0,1.5,4.166666666666667,0,1,1,Mujer,5,6,0.0,0,1,1,0.0,0.5,0.6666666666666666,0.6666666666666666,0.6666666666666666,0.0,0.5,0.5,0.5,0.0,0.0,Bloque_SIN,0,0.29072681704261916,-0.6172932330827132,1.2781954887218046,0.4285714285714288,1,0.0,1,
Suj_098,Respuestas de formulario 8,AGH,Bloque_SIN,1,Bloque_7,6,Opción 2,0,1.5,4.166666666666667,0,1,1,Mujer,5,6,2400.0,0,1,1,1.0,0.5,0.6666666666666666,0.6666666666666666,0.6666666666666666,0.0,0.5,0.5,0.5,0.0,0.0,Bloque_SIN,0,0.29072681704261916,-0.6172932330827132,1.2781954887218046,0.4285714285714288,1,2400.0,0,0.75
Suj_099,Respuestas de formulario 8,AQS,Bloque_SIN,1,Bloque_9,1,Opción 2,0,1.6,2.333333333333333,1,-1,-1,Mujer,7,7,1000.0,1,-1,-1,-1.0,1.0,0.0,0.0,0.0,0.0,0.3333333333333333,0.3333333333333333,0.3333333333333333,0.0,0.0,Bloque_SIN,0,-1.5426065162907148,-0.5172932330827131,3.2781954887218046,1.4285714285714288,1,1000.0,0,-0.65
Suj_099,Respuestas de formulario 8,AJK,Bloque_SIN,1,Bloque_1,2,Opción 1,1,1.6,2.333333333333333,1,-1,-1,Mujer,7,7,0.0,1,-1,-1,1.0,1.0,0.0,0.0,0.0,0.0,0.3333333333333333,0.3333333333333333,0.3333333333333333,0.0,0.0,Bloque_SIN,1,-1.5426065162907148,-0.5172932330827131,3.2781954887218046,1.4285714285714288,1,0.0,1,
Suj_099,Respuestas de formulario 8,ABC,Bloque_SIN,1,Bloque_5,3,Opción 2,0,1.6,2.333333333333333,1,-1,-1,Mujer,7,7,2000.0,1,-1,-1,-1.0,1.0,0.0,0.0,0.0,0.0,0.3333333333333333,0.3333333333333333,0.3333333333333333,0.0,0.0,Bloque_SIN,0,-1.5426065162907148,-0.5172932330827131,3.2781954887218046,1.4285714285714288,1,2000.0,0,0.35
Suj_099,Respuestas de formulario 8,ALM,Bloque_SIN,1,Bloque_11,4,Opción 2,0,1.6,2.333333333333333,1,-1,-1,Mujer,7,7,1200.0,1,-1,-1,-1.0,1.0,0.0,0.0,0.0,0.0,0.3333333333333333,0.3333333333333333,0.3333333333333333,0.0,0.0,Bloque_SIN,0,-1.5426065162907148,-0.5172932330827131,3.2781954887218046,1.4285714285714288,1,1200.0,0,-0.45
Suj_099,Respuestas de formulario 8,AEF,Bloque_SIN,1,Bloque_3,5,Opción 1,1,1.6,2.333333333333333,1,-1,-1,Mujer,7,7,0.0,1,-1,-1,1.0,1.0,0.0,0.0,0.0,0.0,0.3333333333333333,0.3333333333333333,0.3333333333333333,0.0,0.0,Bloque_SIN,1,-1.5426065162907148,-0.5172932330827131,3.2781954887218046,1.4285714285714288,1,0.0,1,
Suj_099,Respuestas de formulario 8,AGH,Bloque_SIN,1,Bloque_7,6,Opción 2,0,1.6,2.333333333333333,1,-1,-1,Mujer,7,7,2400.0,1,-1,-1,-1.0,1.0,0.0,0.0,0.0,0.0,0.3333333333333333,0.3333333333333333,0.3333333333333333,0.0,0.0,Bloque_SIN,0,-1.5426065162907148,-0.5172932330827131,3.2781954887218046,1.4285714285714288,1,2400.0,0,0.75
Suj_100,Respuestas de formulario 8,AQS,Bloque_SIN,1,Bloque_9,1,Opción 1,1,2.5,3.8333333333333335,0,0,1,Mujer,3,5,1000.0,0,0,1,1.0,0.3333333333333333,1.0,1.0,0.0,0.0,0.6666666666666666,0.3333333333333333,0.3333333333333333,0.3333333333333333,0.0,Bloque_SIN,1,-0.042606516290714325,0.3827067669172868,-0.7218045112781954,-0.5714285714285712,1,1000.0,0,-0.65
Suj_100,Respuestas de formulario 8,AJK,Bloque_SIN,1,Bloque_1,2,Opción 2,0,2.5,3.8333333333333335,0,0,1,Mujer,3,5,0.0,0,0,1,0.0,0.3333333333333333,1.0,1.0,0.0,0.0,0.6666666666666666,0.3333333333333333,0.3333333333333333,0.3333333333333333,0.0,Bloque_SIN,0,-0.042606516290714325,0.3827067669172868,-0.7218045112781954,-0.5714285714285712,1,0.0,1,
Suj_100,Respuestas de formulario 8,ABC,Bloque_SIN,1,Bloque_5,3,Opción 2,0,2.5,3.8333333333333335,0,0,1,Mujer,3,5,2000.0,0,0,1,0.0,0.3333333333333333,1.0,1.0,0.0,0.0,0.6666666666666666,0.3333333333333333,0.3333333333333333,0.3333333333333333,0.0,Bloque_SIN,0,-0.042606516290714325,0.3827067669172868,-0.7218045112781954,-0.5714285714285712,1,2000.0,0,0.35
Suj_100,Respuestas de formulario 8,ALM,Bloque_SIN,1,Bloque_11,4,Opción 1,1,2.5,3.8333333333333335,0,0,1,Mujer,3,5,1200.0,0,0,1,1.0,0.3333333333333333,1.0,1.0,0.0,0.0,0.6666666666666666,0.3333333333333333,0.3333333333333333,0.3333333333333333,0.0,Bloque_SIN,1,-0.042606516290714325,0.3827067669172868,-0.7218045112781954,-0.5714285714285712,1,1200.0,0,-0.45
Suj_100,Respuestas de formulario 8,AEF,Bloque_SIN,1,Bloque_3,5,Opción 2,0,2.5,3.8333333333333335,0,0,1,Mujer,3,5,0.0,0,0,1,0.0,0.3333333333333333,1.0,1.0,0.0,0.0,0.6666666666666666,0.3333333333333333,0.3333333333333333,0.3333333333333333,0.0,Bloque_SIN,0,-0.042606516290714325,0.3827067669172868,-0.7218045112781954,-0.5714285714285712,1,0.0,1,
Suj_100,Respuestas de formulario 8,AGH,Bloque_SIN,1,Bloque_7,6,Opción 2,0,2.5,3.8333333333333335,0,0,1,Mujer,3,5,2400.0,0,0,1,0.0,0.3333333333333333,1.0,1.0,0.0,0.0,0.6666666666666666,0.3333333333333333,0.3333333333333333,0.3333333333333333,0.0,Bloque_SIN,0,-0.042606516290714325,0.3827067669172868,-0.7218045112781954,-0.5714285714285712,1,2400.0,0,0.75
Suj_102,Respuestas de formulario 8,AQS,Bloque_SIN,1,Bloque_9,1,Opción 2,0,1.0,5.0,-1,-1,-1,No binario,2,5,1000.0,-1,-1,-1,-1.0,0.0,0.0,0.0,0.0,0.0,0.0,0.0,0.0,0.0,0.0,Bloque_SIN,0,1.1240601503759522,-1.1172932330827132,-1.7218045112781954,-0.5714285714285712,0,1000.0,0,-0.65
Suj_102,Respuestas de formulario 8,AJK,Bloque_SIN,1,Bloque_1,2,Opción 2,0,1.0,5.0,-1,-1,-1,No binario,2,5,0.0,-1,-1,-1,-1.0,0.0,0.0,0.0,0.0,0.0,0.0,0.0,0.0,0.0,0.0,Bloque_SIN,0,1.1240601503759522,-1.1172932330827132,-1.7218045112781954,-0.5714285714285712,0,0.0,1,
Suj_102,Respuestas de formulario 8,ABC,Bloque_SIN,1,Bloque_5,3,Opción 2,0,1.0,5.0,-1,-1,-1,No binario,2,5,2000.0,-1,-1,-1,-1.0,0.0,0.0,0.0,0.0,0.0,0.0,0.0,0.0,0.0,0.0,Bloque_SIN,0,1.1240601503759522,-1.1172932330827132,-1.7218045112781954,-0.5714285714285712,0,2000.0,0,0.35
Suj_102,Respuestas de formulario 8,ALM,Bloque_SIN,1,Bloque_11,4,Opción 2,0,1.0,5.0,-1,-1,-1,No binario,2,5,1200.0,-1,-1,-1,-1.0,0.0,0.0,0.0,0.0,0.0,0.0,0.0,0.0,0.0,0.0,Bloque_SIN,0,1.1240601503759522,-1.1172932330827132,-1.7218045112781954,-0.5714285714285712,0,1200.0,0,-0.45
Suj_102,Respuestas de formulario 8,AEF,Bloque_SIN,1,Bloque_3,5,Opción 2,0,1.0,5.0,-1,-1,-1,No binario,2,5,0.0,-1,-1,-1,-1.0,0.0,0.0,0.0,0.0,0.0,0.0,0.0,0.0,0.0,0.0,Bloque_SIN,0,1.1240601503759522,-1.1172932330827132,-1.7218045112781954,-0.5714285714285712,0,0.0,1,
Suj_102,Respuestas de formulario 8,AGH,Bloque_SIN,1,Bloque_7,6,Opción 2,0,1.0,5.0,-1,-1,-1,No binario,2,5,2400.0,-1,-1,-1,-1.0,0.0,0.0,0.0,0.0,0.0,0.0,0.0,0.0,0.0,0.0,Bloque_SIN,0,1.1240601503759522,-1.1172932330827132,-1.7218045112781954,-0.5714285714285712,0,2400.0,0,0.75
Suj_103,Respuestas de formulario 8,AQS,Bloque_SIN,1,Bloque_9,1,Opción 2,0,1.3,4.333333333333333,-1,-1,1,Mujer,4,5,1000.0,-1,-1,1,1.0,0.5,0.0,0.0,0.3333333333333333,0.0,0.3333333333333333,0.1666666666666666,0.1666666666666666,0.1666666666666666,0.0,Bloque_SIN,0,0.45739348370928523,-0.8172932330827132,0.27819548872180455,-0.5714285714285712,1,1000.0,0,-0.65
Suj_103,Respuestas de formulario 8,AJK,Bloque_SIN,1,Bloque_1,2,Opción 2,0,1.3,4.333333333333333,-1,-1,1,Mujer,4,5,0.0,-1,-1,1,-1.0,0.5,0.0,0.0,0.3333333333333333,0.0,0.3333333333333333,0.1666666666666666,0.1666666666666666,0.1666666666666666,0.0,Bloque_SIN,0,0.45739348370928523,-0.8172932330827132,0.27819548872180455,-0.5714285714285712,1,0.0,1,
Suj_103,Respuestas de formulario 8,ABC,Bloque_SIN,1,Bloque_5,3,Opción 1,1,1.3,4.333333333333333,-1,-1,1,Mujer,4,5,2000.0,-1,-1,1,-1.0,0.5,0.0,0.0,0.3333333333333333,0.0,0.3333333333333333,0.1666666666666666,0.1666666666666666,0.1666666666666666,0.0,Bloque_SIN,1,0.45739348370928523,-0.8172932330827132,0.27819548872180455,-0.5714285714285712,1,2000.0,0,0.35
Suj_103,Respuestas de formulario 8,ALM,Bloque_SIN,1,Bloque_11,4,Opción 2,0,1.3,4.333333333333333,-1,-1,1,Mujer,4,5,1200.0,-1,-1,1,1.0,0.5,0.0,0.0,0.3333333333333333,0.0,0.3333333333333333,0.1666666666666666,0.1666666666666666,0.1666666666666666,0.0,Bloque_SIN,0,0.45739348370928523,-0.8172932330827132,0.27819548872180455,-0.5714285714285712,1,1200.0,0,-0.45
Suj_103,Respuestas de formulario 8,AEF,Bloque_SIN,1,Bloque_3,5,Opción 2,0,1.3,4.333333333333333,-1,-1,1,Mujer,4,5,0.0,-1,-1,1,-1.0,0.5,0.0,0.0,0.3333333333333333,0.0,0.3333333333333333,0.1666666666666666,0.1666666666666666,0.1666666666666666,0.0,Bloque_SIN,0,0.45739348370928523,-0.8172932330827132,0.27819548872180455,-0.5714285714285712,1,0.0,1,
Suj_103,Respuestas de formulario 8,AGH,Bloque_SIN,1,Bloque_7,6,Opción 2,0,1.3,4.333333333333333,-1,-1,1,Mujer,4,5,2400.0,-1,-1,1,-1.0,0.5,0.0,0.0,0.3333333333333333,0.0,0.3333333333333333,0.1666666666666666,0.1666666666666666,0.1666666666666666,0.0,Bloque_SIN,0,0.45739348370928523,-0.8172932330827132,0.27819548872180455,-0.5714285714285712,1,2400.0,0,0.75
Suj_104,Respuestas de formulario 9,ABC,Dist,1,Bloque_11,1,Opción 2,0,1.5,3.333333333333333,1,0,-1,Mujer,4,8,1200.0,1,0,-1,-1.0,0.5,0.3333333333333333,0.6666666666666666,0.6666666666666666,0.0,0.8333333333333334,0.5,0.0,0.3333333333333333,0.5,Dist,0,-0.5426065162907148,-0.6172932330827132,0.27819548872180455,2.428571428571429,1,1200.0,0,-0.45
Suj_104,Respuestas de formulario 9,AEF,Dist,1,Bloque_3,2,Opción 2,0,1.5,3.333333333333333,1,0,-1,Mujer,4,8,0.0,1,0,-1,1.0,0.5,0.3333333333333333,0.6666666666666666,0.6666666666666666,0.0,0.8333333333333334,0.5,0.0,0.3333333333333333,0.5,Dist,0,-0.5426065162907148,-0.6172932330827132,0.27819548872180455,2.428571428571429,1,0.0,1,
Suj_104,Respuestas de formulario 9,AJK,Dist,1,Bloque_9,3,Opción 2,0,1.5,3.333333333333333,1,0,-1,Mujer,4,8,1000.0,1,0,-1,-1.0,0.5,0.3333333333333333,0.6666666666666666,0.6666666666666666,0.0,0.8333333333333334,0.5,0.0,0.3333333333333333,0.5,Dist,0,-0.5426065162907148,-0.6172932330827132,0.27819548872180455,2.428571428571429,1,1000.0,0,-0.65
Suj_104,Respuestas de formulario 9,AGH,Dist,1,Bloque_7,4,Opción 2,0,1.5,3.333333333333333,1,0,-1,Mujer,4,8,2400.0,1,0,-1,0.0,0.5,0.3333333333333333,0.6666666666666666,0.6666666666666666,0.0,0.8333333333333334,0.5,0.0,0.3333333333333333,0.5,Dist,0,-0.5426065162907148,-0.6172932330827132,0.27819548872180455,2.428571428571429,1,2400.0,0,0.75
Suj_104,Respuestas de formulario 9,ALM,Dist,1,Bloque_1,5,Opción 2,0,1.5,3.333333333333333,1,0,-1,Mujer,4,8,0.0,1,0,-1,1.0,0.5,0.3333333333333333,0.6666666666666666,0.6666666666666666,0.0,0.8333333333333334,0.5,0.0,0.3333333333333333,0.5,Dist,0,-0.5426065162907148,-0.6172932330827132,0.27819548872180455,2.428571428571429,1,0.0,1,
Suj_104,Respuestas de formulario 9,AQS,Dist,1,Bloque_5,6,Opción 2,0,1.5,3.333333333333333,1,0,-1,Mujer,4,8,2000.0,1,0,-1,0.0,0.5,0.3333333333333333,0.6666666666666666,0.6666666666666666,0.0,0.8333333333333334,0.5,0.0,0.3333333333333333,0.5,Dist,0,-0.5426065162907148,-0.6172932330827132,0.27819548872180455,2.428571428571429,1,2000.0,0,0.35
Suj_107,Respuestas de formulario 9,ABC,Dist,1,Bloque_11,1,Opción 2,0,1.3,2.5,0,0,0,Mujer,4,7,1200.0,0,0,0,0.0,0.6666666666666666,0.6666666666666666,0.6666666666666666,0.6666666666666666,0.6666666666666666,0.8333333333333334,0.6666666666666666,0.5,0.1666666666666667,0.1666666666666666,Dist,0,-1.3759398496240478,-0.8172932330827132,0.27819548872180455,1.4285714285714288,1,1200.0,0,-0.45
Suj_107,Respuestas de formulario 9,AEF,Dist,1,Bloque_3,2,Opción 2,0,1.3,2.5,0,0,0,Mujer,4,7,0.0,0,0,0,0.0,0.6666666666666666,0.6666666666666666,0.6666666666666666,0.6666666666666666,0.6666666666666666,0.8333333333333334,0.6666666666666666,0.5,0.1666666666666667,0.1666666666666666,Dist,0,-1.3759398496240478,-0.8172932330827132,0.27819548872180455,1.4285714285714288,1,0.0,1,
Suj_107,Respuestas de formulario 9,AJK,Dist,1,Bloque_9,3,Opción 2,0,1.3,2.5,0,0,0,Mujer,4,7,1000.0,0,0,0,0.0,0.6666666666666666,0.6666666666666666,0.6666666666666666,0.6666666666666666,0.6666666666666666,0.8333333333333334,0.6666666666666666,0.5,0.1666666666666667,0.1666666666666666,Dist,0,-1.3759398496240478,-0.8172932330827132,0.27819548872180455,1.4285714285714288,1,1000.0,0,-0.65
Suj_107,Respuestas de formulario 9,AGH,Dist,1,Bloque_7,4,Opción 1,1,1.3,2.5,0,0,0,Mujer,4,7,2400.0,0,0,0,0.0,0.6666666666666666,0.6666666666666666,0.6666666666666666,0.6666666666666666,0.6666666666666666,0.8333333333333334,0.6666666666666666,0.5,0.1666666666666667,0.1666666666666666,Dist,1,-1.3759398496240478,-0.8172932330827132,0.27819548872180455,1.4285714285714288,1,2400.0,0,0.75
Suj_107,Respuestas de formulario 9,ALM,Dist,1,Bloque_1,5,Opción 1,1,1.3,2.5,0,0,0,Mujer,4,7,0.0,0,0,0,0.0,0.6666666666666666,0.6666666666666666,0.6666666666666666,0.6666666666666666,0.6666666666666666,0.8333333333333334,0.6666666666666666,0.5,0.1666666666666667,0.1666666666666666,Dist,1,-1.3759398496240478,-0.8172932330827132,0.27819548872180455,1.4285714285714288,1,0.0,1,
Suj_107,Respuestas de formulario 9,AQS,Dist,1,Bloque_5,6,Opción 1,1,1.3,2.5,0,0,0,Mujer,4,7,2000.0,0,0,0,0.0,0.6666666666666666,0.6666666666666666,0.6666666666666666,0.6666666666666666,0.6666666666666666,0.8333333333333334,0.6666666666666666,0.5,0.1666666666666667,0.1666666666666666,Dist,1,-1.3759398496240478,-0.8172932330827132,0.27819548872180455,1.4285714285714288,1,2000.0,0,0.35
Suj_109,Respuestas de formulario 9,ABC,Dist,1,Bloque_11,1,Opción 1,1,2.7,4.0,0,0,0,Mujer,4,6,1200.0,0,0,0,0.0,1.0,0.3333333333333333,1.0,0.0,0.0,0.5,0.5,0.6666666666666666,0.0,-0.1666666666666666,Dist,1,0.1240601503759522,0.582706766917287,0.27819548872180455,0.4285714285714288,1,1200.0,0,-0.45
Suj_109,Respuestas de formulario 9,AEF,Dist,1,Bloque_3,2,Opción 1,1,2.7,4.0,0,0,0,Mujer,4,6,0.0,0,0,0,0.0,1.0,0.3333333333333333,1.0,0.0,0.0,0.5,0.5,0.6666666666666666,0.0,-0.1666666666666666,Dist,1,0.1240601503759522,0.582706766917287,0.27819548872180455,0.4285714285714288,1,0.0,1,
Suj_109,Respuestas de formulario 9,AJK,Dist,1,Bloque_9,3,Opción 1,1,2.7,4.0,0,0,0,Mujer,4,6,1000.0,0,0,0,0.0,1.0,0.3333333333333333,1.0,0.0,0.0,0.5,0.5,0.6666666666666666,0.0,-0.1666666666666666,Dist,1,0.1240601503759522,0.582706766917287,0.27819548872180455,0.4285714285714288,1,1000.0,0,-0.65
Suj_109,Respuestas de formulario 9,AGH,Dist,1,Bloque_7,4,Opción 2,0,2.7,4.0,0,0,0,Mujer,4,6,2400.0,0,0,0,0.0,1.0,0.3333333333333333,1.0,0.0,0.0,0.5,0.5,0.6666666666666666,0.0,-0.1666666666666666,Dist,0,0.1240601503759522,0.582706766917287,0.27819548872180455,0.4285714285714288,1,2400.0,0,0.75
Suj_109,Respuestas de formulario 9,ALM,Dist,1,Bloque_1,5,Opción 1,1,2.7,4.0,0,0,0,Mujer,4,6,0.0,0,0,0,0.0,1.0,0.3333333333333333,1.0,0.0,0.0,0.5,0.5,0.6666666666666666,0.0,-0.1666666666666666,Dist,1,0.1240601503759522,0.582706766917287,0.27819548872180455,0.4285714285714288,1,0.0,1,
Suj_109,Respuestas de formulario 9,AQS,Dist,1,Bloque_5,6,Opción 2,0,2.7,4.0,0,0,0,Mujer,4,6,2000.0,0,0,0,0.0,1.0,0.3333333333333333,1.0,0.0,0.0,0.5,0.5,0.6666666666666666,0.0,-0.1666666666666666,Dist,0,0.1240601503759522,0.582706766917287,0.27819548872180455,0.4285714285714288,1,2000.0,0,0.35
Suj_110,Respuestas de formulario 9,ABC,Dist,1,Bloque_11,1,Opción 2,0,2.0,4.333333333333333,0,1,1,Mujer,2,5,1200.0,0,1,1,1.0,0.1666666666666666,0.6666666666666666,0.0,0.6666666666666666,0.6666666666666666,0.1666666666666666,0.5,0.5,-0.3333333333333333,0.0,Dist,0,0.45739348370928523,-0.11729323308271322,-1.7218045112781954,-0.5714285714285712,1,1200.0,0,-0.45
Suj_110,Respuestas de formulario 9,AEF,Dist,1,Bloque_3,2,Opción 2,0,2.0,4.333333333333333,0,1,1,Mujer,2,5,0.0,0,1,1,0.0,0.1666666666666666,0.6666666666666666,0.0,0.6666666666666666,0.6666666666666666,0.1666666666666666,0.5,0.5,-0.3333333333333333,0.0,Dist,0,0.45739348370928523,-0.11729323308271322,-1.7218045112781954,-0.5714285714285712,1,0.0,1,
Suj_110,Respuestas de formulario 9,AJK,Dist,1,Bloque_9,3,Opción 1,1,2.0,4.333333333333333,0,1,1,Mujer,2,5,1000.0,0,1,1,1.0,0.1666666666666666,0.6666666666666666,0.0,0.6666666666666666,0.6666666666666666,0.1666666666666666,0.5,0.5,-0.3333333333333333,0.0,Dist,1,0.45739348370928523,-0.11729323308271322,-1.7218045112781954,-0.5714285714285712,1,1000.0,0,-0.65
Suj_110,Respuestas de formulario 9,AGH,Dist,1,Bloque_7,4,Opción 1,1,2.0,4.333333333333333,0,1,1,Mujer,2,5,2400.0,0,1,1,1.0,0.1666666666666666,0.6666666666666666,0.0,0.6666666666666666,0.6666666666666666,0.1666666666666666,0.5,0.5,-0.3333333333333333,0.0,Dist,1,0.45739348370928523,-0.11729323308271322,-1.7218045112781954,-0.5714285714285712,1,2400.0,0,0.75
Suj_110,Respuestas de formulario 9,ALM,Dist,1,Bloque_1,5,Opción 2,0,2.0,4.333333333333333,0,1,1,Mujer,2,5,0.0,0,1,1,0.0,0.1666666666666666,0.6666666666666666,0.0,0.6666666666666666,0.6666666666666666,0.1666666666666666,0.5,0.5,-0.3333333333333333,0.0,Dist,0,0.45739348370928523,-0.11729323308271322,-1.7218045112781954,-0.5714285714285712,1,0.0,1,
Suj_110,Respuestas de formulario 9,AQS,Dist,1,Bloque_5,6,Opción 1,1,2.0,4.333333333333333,0,1,1,Mujer,2,5,2000.0,0,1,1,1.0,0.1666666666666666,0.6666666666666666,0.0,0.6666666666666666,0.6666666666666666,0.1666666666666666,0.5,0.5,-0.3333333333333333,0.0,Dist,1,0.45739348370928523,-0.11729323308271322,-1.7218045112781954,-0.5714285714285712,1,2000.0,0,0.35
Suj_111,Respuestas de formulario 9,ABC,Dist,1,Bloque_11,1,Opción 1,1,2.3,4.833333333333333,0,0,0,Mujer,4,5,1200.0,0,0,0,0.0,0.6666666666666666,0.0,0.6666666666666666,0.3333333333333333,0.0,0.3333333333333333,0.3333333333333333,0.5,0.0,-0.1666666666666666,Dist,1,0.9573934837092852,0.1827067669172866,0.27819548872180455,-0.5714285714285712,1,1200.0,0,-0.45
Suj_111,Respuestas de formulario 9,AEF,Dist,1,Bloque_3,2,Opción 1,1,2.3,4.833333333333333,0,0,0,Mujer,4,5,0.0,0,0,0,0.0,0.6666666666666666,0.0,0.6666666666666666,0.3333333333333333,0.0,0.3333333333333333,0.3333333333333333,0.5,0.0,-0.1666666666666666,Dist,1,0.9573934837092852,0.1827067669172866,0.27819548872180455,-0.5714285714285712,1,0.0,1,
Suj_111,Respuestas de formulario 9,AJK,Dist,1,Bloque_9,3,Opción 2,0,2.3,4.833333333333333,0,0,0,Mujer,4,5,1000.0,0,0,0,0.0,0.6666666666666666,0.0,0.6666666666666666,0.3333333333333333,0.0,0.3333333333333333,0.3333333333333333,0.5,0.0,-0.1666666666666666,Dist,0,0.9573934837092852,0.1827067669172866,0.27819548872180455,-0.5714285714285712,1,1000.0,0,-0.65
Suj_111,Respuestas de formulario 9,AGH,Dist,1,Bloque_7,4,Opción 2,0,2.3,4.833333333333333,0,0,0,Mujer,4,5,2400.0,0,0,0,0.0,0.6666666666666666,0.0,0.6666666666666666,0.3333333333333333,0.0,0.3333333333333333,0.3333333333333333,0.5,0.0,-0.1666666666666666,Dist,0,0.9573934837092852,0.1827067669172866,0.27819548872180455,-0.5714285714285712,1,2400.0,0,0.75
Suj_111,Respuestas de formulario 9,ALM,Dist,1,Bloque_1,5,Opción 1,1,2.3,4.833333333333333,0,0,0,Mujer,4,5,0.0,0,0,0,0.0,0.6666666666666666,0.0,0.6666666666666666,0.3333333333333333,0.0,0.3333333333333333,0.3333333333333333,0.5,0.0,-0.1666666666666666,Dist,1,0.9573934837092852,0.1827067669172866,0.27819548872180455,-0.5714285714285712,1,0.0,1,
Suj_111,Respuestas de formulario 9,AQS,Dist,1,Bloque_5,6,Opción 2,0,2.3,4.833333333333333,0,0,0,Mujer,4,5,2000.0,0,0,0,0.0,0.6666666666666666,0.0,0.6666666666666666,0.3333333333333333,0.0,0.3333333333333333,0.3333333333333333,0.5,0.0,-0.1666666666666666,Dist,0,0.9573934837092852,0.1827067669172866,0.27819548872180455,-0.5714285714285712,1,2000.0,0,0.35
Suj_112,Respuestas de formulario 9,ABC,Dist,1,Bloque_11,1,Opción 2,0,3.7,5.0,-1,-1,-1,Hombre,5,6,1200.0,-1,-1,-1,-1.0,0.0,0.0,0.0,0.0,0.0,0.0,0.0,0.0,0.0,0.0,Dist,0,1.1240601503759522,1.582706766917287,1.2781954887218046,0.4285714285714288,0,1200.0,0,-0.45
Suj_112,Respuestas de formulario 9,AEF,Dist,1,Bloque_3,2,Opción 2,0,3.7,5.0,-1,-1,-1,Hombre,5,6,0.0,-1,-1,-1,-1.0,0.0,0.0,0.0,0.0,0.0,0.0,0.0,0.0,0.0,0.0,Dist,0,1.1240601503759522,1.582706766917287,1.2781954887218046,0.4285714285714288,0,0.0,1,
Suj_112,Respuestas de formulario 9,AJK,Dist,1,Bloque_9,3,Opción 2,0,3.7,5.0,-1,-1,-1,Hombre,5,6,1000.0,-1,-1,-1,-1.0,0.0,0.0,0.0,0.0,0.0,0.0,0.0,0.0,0.0,0.0,Dist,0,1.1240601503759522,1.582706766917287,1.2781954887218046,0.4285714285714288,0,1000.0,0,-0.65
Suj_112,Respuestas de formulario 9,AGH,Dist,1,Bloque_7,4,Opción 2,0,3.7,5.0,-1,-1,-1,Hombre,5,6,2400.0,-1,-1,-1,-1.0,0.0,0.0,0.0,0.0,0.0,0.0,0.0,0.0,0.0,0.0,Dist,0,1.1240601503759522,1.582706766917287,1.2781954887218046,0.4285714285714288,0,2400.0,0,0.75
Suj_112,Respuestas de formulario 9,ALM,Dist,1,Bloque_1,5,Opción 2,0,3.7,5.0,-1,-1,-1,Hombre,5,6,0.0,-1,-1,-1,-1.0,0.0,0.0,0.0,0.0,0.0,0.0,0.0,0.0,0.0,0.0,Dist,0,1.1240601503759522,1.582706766917287,1.2781954887218046,0.4285714285714288,0,0.0,1,
Suj_112,Respuestas de formulario 9,AQS,Dist,1,Bloque_5,6,Opción 2,0,3.7,5.0,-1,-1,-1,Hombre,5,6,2000.0,-1,-1,-1,-1.0,0.0,0.0,0.0,0.0,0.0,0.0,0.0,0.0,0.0,0.0,Dist,0,1.1240601503759522,1.582706766917287,1.2781954887218046,0.4285714285714288,0,2000.0,0,0.35
Suj_113,Respuestas de formulario 9,ABC,Dist,1,Bloque_11,1,Opción 2,0,2.9,3.0,0,1,-1,Mujer,5,6,1200.0,0,1,-1,-1.0,1.0,1.0,0.3333333333333333,1.0,0.0,0.6666666666666666,0.8333333333333334,0.6666666666666666,-0.1666666666666667,0.1666666666666667,Dist,0,-0.8759398496240478,0.7827067669172867,1.2781954887218046,0.4285714285714288,1,1200.0,0,-0.45
Suj_113,Respuestas de formulario 9,AEF,Dist,1,Bloque_3,2,Opción 1,1,2.9,3.0,0,1,-1,Mujer,5,6,0.0,0,1,-1,0.0,1.0,1.0,0.3333333333333333,1.0,0.0,0.6666666666666666,0.8333333333333334,0.6666666666666666,-0.1666666666666667,0.1666666666666667,Dist,1,-0.8759398496240478,0.7827067669172867,1.2781954887218046,0.4285714285714288,1,0.0,1,
Suj_113,Respuestas de formulario 9,AJK,Dist,1,Bloque_9,3,Opción 1,1,2.9,3.0,0,1,-1,Mujer,5,6,1000.0,0,1,-1,-1.0,1.0,1.0,0.3333333333333333,1.0,0.0,0.6666666666666666,0.8333333333333334,0.6666666666666666,-0.1666666666666667,0.1666666666666667,Dist,1,-0.8759398496240478,0.7827067669172867,1.2781954887218046,0.4285714285714288,1,1000.0,0,-0.65
Suj_113,Respuestas de formulario 9,AGH,Dist,1,Bloque_7,4,Opción 2,0,2.9,3.0,0,1,-1,Mujer,5,6,2400.0,0,1,-1,1.0,1.0,1.0,0.3333333333333333,1.0,0.0,0.6666666666666666,0.8333333333333334,0.6666666666666666,-0.1666666666666667,0.1666666666666667,Dist,0,-0.8759398496240478,0.7827067669172867,1.2781954887218046,0.4285714285714288,1,2400.0,0,0.75
Suj_113,Respuestas de formulario 9,ALM,Dist,1,Bloque_1,5,Opción 1,1,2.9,3.0,0,1,-1,Mujer,5,6,0.0,0,1,-1,0.0,1.0,1.0,0.3333333333333333,1.0,0.0,0.6666666666666666,0.8333333333333334,0.6666666666666666,-0.1666666666666667,0.1666666666666667,Dist,1,-0.8759398496240478,0.7827067669172867,1.2781954887218046,0.4285714285714288,1,0.0,1,
Suj_113,Respuestas de formulario 9,AQS,Dist,1,Bloque_5,6,Opción 1,1,2.9,3.0,0,1,-1,Mujer,5,6,2000.0,0,1,-1,1.0,1.0,1.0,0.3333333333333333,1.0,0.0,0.6666666666666666,0.8333333333333334,0.6666666666666666,-0.1666666666666667,0.1666666666666667,Dist,1,-0.8759398496240478,0.7827067669172867,1.2781954887218046,0.4285714285714288,1,2000.0,0,0.35
Suj_114,Respuestas de formulario 9,ABC,Dist,1,Bloque_11,1,Opción 2,0,3.2,1.5,0,-1,-1,Hombre,5,7,1200.0,0,-1,-1,-1.0,1.0,0.0,0.0,0.0,0.0,0.3333333333333333,0.3333333333333333,0.3333333333333333,0.0,0.0,Dist,0,-2.375939849624048,1.082706766917287,1.2781954887218046,1.4285714285714288,0,1200.0,0,-0.45
Suj_114,Respuestas de formulario 9,AEF,Dist,1,Bloque_3,2,Opción 1,1,3.2,1.5,0,-1,-1,Hombre,5,7,0.0,0,-1,-1,0.0,1.0,0.0,0.0,0.0,0.0,0.3333333333333333,0.3333333333333333,0.3333333333333333,0.0,0.0,Dist,1,-2.375939849624048,1.082706766917287,1.2781954887218046,1.4285714285714288,0,0.0,1,
Suj_114,Respuestas de formulario 9,AJK,Dist,1,Bloque_9,3,Opción 2,0,3.2,1.5,0,-1,-1,Hombre,5,7,1000.0,0,-1,-1,-1.0,1.0,0.0,0.0,0.0,0.0,0.3333333333333333,0.3333333333333333,0.3333333333333333,0.0,0.0,Dist,0,-2.375939849624048,1.082706766917287,1.2781954887218046,1.4285714285714288,0,1000.0,0,-0.65
Suj_114,Respuestas de formulario 9,AGH,Dist,1,Bloque_7,4,Opción 2,0,3.2,1.5,0,-1,-1,Hombre,5,7,2400.0,0,-1,-1,-1.0,1.0,0.0,0.0,0.0,0.0,0.3333333333333333,0.3333333333333333,0.3333333333333333,0.0,0.0,Dist,0,-2.375939849624048,1.082706766917287,1.2781954887218046,1.4285714285714288,0,2400.0,0,0.75
Suj_114,Respuestas de formulario 9,ALM,Dist,1,Bloque_1,5,Opción 1,1,3.2,1.5,0,-1,-1,Hombre,5,7,0.0,0,-1,-1,0.0,1.0,0.0,0.0,0.0,0.0,0.3333333333333333,0.3333333333333333,0.3333333333333333,0.0,0.0,Dist,1,-2.375939849624048,1.082706766917287,1.2781954887218046,1.4285714285714288,0,0.0,1,
Suj_114,Respuestas de formulario 9,AQS,Dist,1,Bloque_5,6,Opción 2,0,3.2,1.5,0,-1,-1,Hombre,5,7,2000.0,0,-1,-1,-1.0,1.0,0.0,0.0,0.0,0.0,0.3333333333333333,0.3333333333333333,0.3333333333333333,0.0,0.0,Dist,0,-2.375939849624048,1.082706766917287,1.2781954887218046,1.4285714285714288,0,2000.0,0,0.35
Suj_115,Respuestas de formulario 9,ABC,Dist,1,Bloque_11,1,Opción 1,1,1.0,5.0,0,0,0,Mujer,2,6,1200.0,0,0,0,0.0,1.0,1.0,1.0,1.0,1.0,1.0,1.0,1.0,0.0,0.0,Dist,1,1.1240601503759522,-1.1172932330827132,-1.7218045112781954,0.4285714285714288,1,1200.0,0,-0.45
Suj_115,Respuestas de formulario 9,AEF,Dist,1,Bloque_3,2,Opción 1,1,1.0,5.0,0,0,0,Mujer,2,6,0.0,0,0,0,0.0,1.0,1.0,1.0,1.0,1.0,1.0,1.0,1.0,0.0,0.0,Dist,1,1.1240601503759522,-1.1172932330827132,-1.7218045112781954,0.4285714285714288,1,0.0,1,
Suj_115,Respuestas de formulario 9,AJK,Dist,1,Bloque_9,3,Opción 1,1,1.0,5.0,0,0,0,Mujer,2,6,1000.0,0,0,0,0.0,1.0,1.0,1.0,1.0,1.0,1.0,1.0,1.0,0.0,0.0,Dist,1,1.1240601503759522,-1.1172932330827132,-1.7218045112781954,0.4285714285714288,1,1000.0,0,-0.65
Suj_115,Respuestas de formulario 9,AGH,Dist,1,Bloque_7,4,Opción 1,1,1.0,5.0,0,0,0,Mujer,2,6,2400.0,0,0,0,0.0,1.0,1.0,1.0,1.0,1.0,1.0,1.0,1.0,0.0,0.0,Dist,1,1.1240601503759522,-1.1172932330827132,-1.7218045112781954,0.4285714285714288,1,2400.0,0,0.75
Suj_115,Respuestas de formulario 9,ALM,Dist,1,Bloque_1,5,Opción 1,1,1.0,5.0,0,0,0,Mujer,2,6,0.0,0,0,0,0.0,1.0,1.0,1.0,1.0,1.0,1.0,1.0,1.0,0.0,0.0,Dist,1,1.1240601503759522,-1.1172932330827132,-1.7218045112781954,0.4285714285714288,1,0.0,1,
Suj_115,Respuestas de formulario 9,AQS,Dist,1,Bloque_5,6,Opción 1,1,1.0,5.0,0,0,0,Mujer,2,6,2000.0,0,0,0,0.0,1.0,1.0,1.0,1.0,1.0,1.0,1.0,1.0,0.0,0.0,Dist,1,1.1240601503759522,-1.1172932330827132,-1.7218045112781954,0.4285714285714288,1,2000.0,0,0.35
Suj_116,Respuestas de formulario 10,AEF,Dist,1,Bloque_11,1,Opción 2,0,2.1,4.0,0,-1,0,Mujer,2,6,1200.0,0,-1,0,0.0,1.0,0.6666666666666666,0.0,0.0,0.0,0.5,0.5,0.3333333333333333,0.0,0.1666666666666666,Dist,0,0.1240601503759522,-0.017293233082713133,-1.7218045112781954,0.4285714285714288,1,1200.0,0,-0.45
Suj_116,Respuestas de formulario 10,AGH,Dist,1,Bloque_3,2,Opción 1,1,2.1,4.0,0,-1,0,Mujer,2,6,0.0,0,-1,0,0.0,1.0,0.6666666666666666,0.0,0.0,0.0,0.5,0.5,0.3333333333333333,0.0,0.1666666666666666,Dist,1,0.1240601503759522,-0.017293233082713133,-1.7218045112781954,0.4285714285714288,1,0.0,1,
Suj_116,Respuestas de formulario 10,ALM,Dist,1,Bloque_9,3,Opción 2,0,2.1,4.0,0,-1,0,Mujer,2,6,1000.0,0,-1,0,0.0,1.0,0.6666666666666666,0.0,0.0,0.0,0.5,0.5,0.3333333333333333,0.0,0.1666666666666666,Dist,0,0.1240601503759522,-0.017293233082713133,-1.7218045112781954,0.4285714285714288,1,1000.0,0,-0.65
Suj_116,Respuestas de formulario 10,ABC,Dist,1,Bloque_7,4,Opción 2,0,2.1,4.0,0,-1,0,Mujer,2,6,2400.0,0,-1,0,-1.0,1.0,0.6666666666666666,0.0,0.0,0.0,0.5,0.5,0.3333333333333333,0.0,0.1666666666666666,Dist,0,0.1240601503759522,-0.017293233082713133,-1.7218045112781954,0.4285714285714288,1,2400.0,0,0.75
Suj_116,Respuestas de formulario 10,AQS,Dist,1,Bloque_1,5,Opción 1,1,2.1,4.0,0,-1,0,Mujer,2,6,0.0,0,-1,0,0.0,1.0,0.6666666666666666,0.0,0.0,0.0,0.5,0.5,0.3333333333333333,0.0,0.1666666666666666,Dist,1,0.1240601503759522,-0.017293233082713133,-1.7218045112781954,0.4285714285714288,1,0.0,1,
Suj_116,Respuestas de formulario 10,AJK,Dist,1,Bloque_5,6,Opción 2,0,2.1,4.0,0,-1,0,Mujer,2,6,2000.0,0,-1,0,-1.0,1.0,0.6666666666666666,0.0,0.0,0.0,0.5,0.5,0.3333333333333333,0.0,0.1666666666666666,Dist,0,0.1240601503759522,-0.017293233082713133,-1.7218045112781954,0.4285714285714288,1,2000.0,0,0.35
Suj_117,Respuestas de formulario 10,AEF,Dist,1,Bloque_11,1,Opción 2,0,1.4,4.666666666666667,-1,-1,-1,Hombre,1,7,1200.0,-1,-1,-1,-1.0,0.1666666666666666,0.0,0.0,0.0,0.0,0.0,0.1666666666666666,0.0,-0.1666666666666666,0.1666666666666666,Dist,0,0.7907268170426192,-0.7172932330827133,-2.7218045112781954,1.4285714285714288,0,1200.0,0,-0.45
Suj_117,Respuestas de formulario 10,AGH,Dist,1,Bloque_3,2,Opción 2,0,1.4,4.666666666666667,-1,-1,-1,Hombre,1,7,0.0,-1,-1,-1,-1.0,0.1666666666666666,0.0,0.0,0.0,0.0,0.0,0.1666666666666666,0.0,-0.1666666666666666,0.1666666666666666,Dist,0,0.7907268170426192,-0.7172932330827133,-2.7218045112781954,1.4285714285714288,0,0.0,1,
Suj_117,Respuestas de formulario 10,ALM,Dist,1,Bloque_9,3,Opción 2,0,1.4,4.666666666666667,-1,-1,-1,Hombre,1,7,1000.0,-1,-1,-1,-1.0,0.1666666666666666,0.0,0.0,0.0,0.0,0.0,0.1666666666666666,0.0,-0.1666666666666666,0.1666666666666666,Dist,0,0.7907268170426192,-0.7172932330827133,-2.7218045112781954,1.4285714285714288,0,1000.0,0,-0.65
Suj_117,Respuestas de formulario 10,ABC,Dist,1,Bloque_7,4,Opción 2,0,1.4,4.666666666666667,-1,-1,-1,Hombre,1,7,2400.0,-1,-1,-1,-1.0,0.1666666666666666,0.0,0.0,0.0,0.0,0.0,0.1666666666666666,0.0,-0.1666666666666666,0.1666666666666666,Dist,0,0.7907268170426192,-0.7172932330827133,-2.7218045112781954,1.4285714285714288,0,2400.0,0,0.75
Suj_117,Respuestas de formulario 10,AQS,Dist,1,Bloque_1,5,Opción 2,0,1.4,4.666666666666667,-1,-1,-1,Hombre,1,7,0.0,-1,-1,-1,-1.0,0.1666666666666666,0.0,0.0,0.0,0.0,0.0,0.1666666666666666,0.0,-0.1666666666666666,0.1666666666666666,Dist,0,0.7907268170426192,-0.7172932330827133,-2.7218045112781954,1.4285714285714288,0,0.0,1,
Suj_117,Respuestas de formulario 10,AJK,Dist,1,Bloque_5,6,Opción 2,0,1.4,4.666666666666667,-1,-1,-1,Hombre,1,7,2000.0,-1,-1,-1,-1.0,0.1666666666666666,0.0,0.0,0.0,0.0,0.0,0.1666666666666666,0.0,-0.1666666666666666,0.1666666666666666,Dist,0,0.7907268170426192,-0.7172932330827133,-2.7218045112781954,1.4285714285714288,0,2000.0,0,0.35
Suj_118,Respuestas de formulario 10,AEF,Dist,1,Bloque_11,1,Opción 1,1,2.4,4.5,1,1,1,Mujer,4,6,1200.0,1,1,1,1.0,1.0,1.0,1.0,1.0,0.6666666666666666,0.8333333333333334,1.0,1.0,-0.1666666666666666,0.0,Dist,1,0.6240601503759522,0.2827067669172867,0.27819548872180455,0.4285714285714288,1,1200.0,0,-0.45
Suj_118,Respuestas de formulario 10,AGH,Dist,1,Bloque_3,2,Opción 1,1,2.4,4.5,1,1,1,Mujer,4,6,0.0,1,1,1,1.0,1.0,1.0,1.0,1.0,0.6666666666666666,0.8333333333333334,1.0,1.0,-0.1666666666666666,0.0,Dist,1,0.6240601503759522,0.2827067669172867,0.27819548872180455,0.4285714285714288,1,0.0,1,
Suj_118,Respuestas de formulario 10,ALM,Dist,1,Bloque_9,3,Opción 1,1,2.4,4.5,1,1,1,Mujer,4,6,1000.0,1,1,1,1.0,1.0,1.0,1.0,1.0,0.6666666666666666,0.8333333333333334,1.0,1.0,-0.1666666666666666,0.0,Dist,1,0.6240601503759522,0.2827067669172867,0.27819548872180455,0.4285714285714288,1,1000.0,0,-0.65
Suj_118,Respuestas de formulario 10,ABC,Dist,1,Bloque_7,4,Opción 1,1,2.4,4.5,1,1,1,Mujer,4,6,2400.0,1,1,1,1.0,1.0,1.0,1.0,1.0,0.6666666666666666,0.8333333333333334,1.0,1.0,-0.1666666666666666,0.0,Dist,1,0.6240601503759522,0.2827067669172867,0.27819548872180455,0.4285714285714288,1,2400.0,0,0.75
Suj_118,Respuestas de formulario 10,AQS,Dist,1,Bloque_1,5,Opción 1,1,2.4,4.5,1,1,1,Mujer,4,6,0.0,1,1,1,1.0,1.0,1.0,1.0,1.0,0.6666666666666666,0.8333333333333334,1.0,1.0,-0.1666666666666666,0.0,Dist,1,0.6240601503759522,0.2827067669172867,0.27819548872180455,0.4285714285714288,1,0.0,1,
Suj_118,Respuestas de formulario 10,AJK,Dist,1,Bloque_5,6,Opción 1,1,2.4,4.5,1,1,1,Mujer,4,6,2000.0,1,1,1,1.0,1.0,1.0,1.0,1.0,0.6666666666666666,0.8333333333333334,1.0,1.0,-0.1666666666666666,0.0,Dist,1,0.6240601503759522,0.2827067669172867,0.27819548872180455,0.4285714285714288,1,2000.0,0,0.35
Suj_119,Respuestas de formulario 10,AEF,Dist,1,Bloque_11,1,Opción 2,0,2.1,3.1666666666666665,0,0,1,Mujer,3,5,1200.0,0,0,1,1.0,1.0,0.6666666666666666,0.0,0.0,0.0,0.5,0.3333333333333333,0.5,0.1666666666666666,-0.1666666666666666,Dist,0,-0.7092731829573813,-0.017293233082713133,-0.7218045112781954,-0.5714285714285712,1,1200.0,0,-0.45
Suj_119,Respuestas de formulario 10,AGH,Dist,1,Bloque_3,2,Opción 1,1,2.1,3.1666666666666665,0,0,1,Mujer,3,5,0.0,0,0,1,0.0,1.0,0.6666666666666666,0.0,0.0,0.0,0.5,0.3333333333333333,0.5,0.1666666666666666,-0.1666666666666666,Dist,1,-0.7092731829573813,-0.017293233082713133,-0.7218045112781954,-0.5714285714285712,1,0.0,1,
Suj_119,Respuestas de formulario 10,ALM,Dist,1,Bloque_9,3,Opción 1,1,2.1,3.1666666666666665,0,0,1,Mujer,3,5,1000.0,0,0,1,1.0,1.0,0.6666666666666666,0.0,0.0,0.0,0.5,0.3333333333333333,0.5,0.1666666666666666,-0.1666666666666666,Dist,1,-0.7092731829573813,-0.017293233082713133,-0.7218045112781954,-0.5714285714285712,1,1000.0,0,-0.65
Suj_119,Respuestas de formulario 10,ABC,Dist,1,Bloque_7,4,Opción 2,0,2.1,3.1666666666666665,0,0,1,Mujer,3,5,2400.0,0,0,1,0.0,1.0,0.6666666666666666,0.0,0.0,0.0,0.5,0.3333333333333333,0.5,0.1666666666666666,-0.1666666666666666,Dist,0,-0.7092731829573813,-0.017293233082713133,-0.7218045112781954,-0.5714285714285712,1,2400.0,0,0.75
Suj_119,Respuestas de formulario 10,AQS,Dist,1,Bloque_1,5,Opción 1,1,2.1,3.1666666666666665,0,0,1,Mujer,3,5,0.0,0,0,1,0.0,1.0,0.6666666666666666,0.0,0.0,0.0,0.5,0.3333333333333333,0.5,0.1666666666666666,-0.1666666666666666,Dist,1,-0.7092731829573813,-0.017293233082713133,-0.7218045112781954,-0.5714285714285712,1,0.0,1,
Suj_119,Respuestas de formulario 10,AJK,Dist,1,Bloque_5,6,Opción 2,0,2.1,3.1666666666666665,0,0,1,Mujer,3,5,2000.0,0,0,1,0.0,1.0,0.6666666666666666,0.0,0.0,0.0,0.5,0.3333333333333333,0.5,0.1666666666666666,-0.1666666666666666,Dist,0,-0.7092731829573813,-0.017293233082713133,-0.7218045112781954,-0.5714285714285712,1,2000.0,0,0.35
Suj_120,Respuestas de formulario 10,AEF,Dist,1,Bloque_11,1,Opción 1,1,1.2,4.5,1,1,1,Mujer,4,6,1200.0,1,1,1,1.0,0.8333333333333334,1.0,1.0,1.0,0.6666666666666666,1.0,0.8333333333333334,0.8333333333333334,0.1666666666666666,0.0,Dist,1,0.6240601503759522,-0.9172932330827133,0.27819548872180455,0.4285714285714288,1,1200.0,0,-0.45
Suj_120,Respuestas de formulario 10,AGH,Dist,1,Bloque_3,2,Opción 1,1,1.2,4.5,1,1,1,Mujer,4,6,0.0,1,1,1,1.0,0.8333333333333334,1.0,1.0,1.0,0.6666666666666666,1.0,0.8333333333333334,0.8333333333333334,0.1666666666666666,0.0,Dist,1,0.6240601503759522,-0.9172932330827133,0.27819548872180455,0.4285714285714288,1,0.0,1,
Suj_120,Respuestas de formulario 10,ALM,Dist,1,Bloque_9,3,Opción 1,1,1.2,4.5,1,1,1,Mujer,4,6,1000.0,1,1,1,1.0,0.8333333333333334,1.0,1.0,1.0,0.6666666666666666,1.0,0.8333333333333334,0.8333333333333334,0.1666666666666666,0.0,Dist,1,0.6240601503759522,-0.9172932330827133,0.27819548872180455,0.4285714285714288,1,1000.0,0,-0.65
Suj_120,Respuestas de formulario 10,ABC,Dist,1,Bloque_7,4,Opción 2,0,1.2,4.5,1,1,1,Mujer,4,6,2400.0,1,1,1,1.0,0.8333333333333334,1.0,1.0,1.0,0.6666666666666666,1.0,0.8333333333333334,0.8333333333333334,0.1666666666666666,0.0,Dist,0,0.6240601503759522,-0.9172932330827133,0.27819548872180455,0.4285714285714288,1,2400.0,0,0.75
Suj_120,Respuestas de formulario 10,AQS,Dist,1,Bloque_1,5,Opción 1,1,1.2,4.5,1,1,1,Mujer,4,6,0.0,1,1,1,1.0,0.8333333333333334,1.0,1.0,1.0,0.6666666666666666,1.0,0.8333333333333334,0.8333333333333334,0.1666666666666666,0.0,Dist,1,0.6240601503759522,-0.9172932330827133,0.27819548872180455,0.4285714285714288,1,0.0,1,
Suj_120,Respuestas de formulario 10,AJK,Dist,1,Bloque_5,6,Opción 1,1,1.2,4.5,1,1,1,Mujer,4,6,2000.0,1,1,1,1.0,0.8333333333333334,1.0,1.0,1.0,0.6666666666666666,1.0,0.8333333333333334,0.8333333333333334,0.1666666666666666,0.0,Dist,1,0.6240601503759522,-0.9172932330827133,0.27819548872180455,0.4285714285714288,1,2000.0,0,0.35
Suj_121,Respuestas de formulario 10,AEF,Dist,1,Bloque_11,1,Opción 2,0,1.8,4.0,-1,-1,-1,Hombre,3,6,1200.0,-1,-1,-1,-1.0,0.0,0.0,0.0,0.0,0.0,0.0,0.0,0.0,0.0,0.0,Dist,0,0.1240601503759522,-0.3172932330827132,-0.7218045112781954,0.4285714285714288,0,1200.0,0,-0.45
Suj_121,Respuestas de formulario 10,AGH,Dist,1,Bloque_3,2,Opción 2,0,1.8,4.0,-1,-1,-1,Hombre,3,6,0.0,-1,-1,-1,-1.0,0.0,0.0,0.0,0.0,0.0,0.0,0.0,0.0,0.0,0.0,Dist,0,0.1240601503759522,-0.3172932330827132,-0.7218045112781954,0.4285714285714288,0,0.0,1,
Suj_121,Respuestas de formulario 10,ALM,Dist,1,Bloque_9,3,Opción 2,0,1.8,4.0,-1,-1,-1,Hombre,3,6,1000.0,-1,-1,-1,-1.0,0.0,0.0,0.0,0.0,0.0,0.0,0.0,0.0,0.0,0.0,Dist,0,0.1240601503759522,-0.3172932330827132,-0.7218045112781954,0.4285714285714288,0,1000.0,0,-0.65
Suj_121,Respuestas de formulario 10,ABC,Dist,1,Bloque_7,4,Opción 2,0,1.8,4.0,-1,-1,-1,Hombre,3,6,2400.0,-1,-1,-1,-1.0,0.0,0.0,0.0,0.0,0.0,0.0,0.0,0.0,0.0,0.0,Dist,0,0.1240601503759522,-0.3172932330827132,-0.7218045112781954,0.4285714285714288,0,2400.0,0,0.75
Suj_121,Respuestas de formulario 10,AQS,Dist,1,Bloque_1,5,Opción 2,0,1.8,4.0,-1,-1,-1,Hombre,3,6,0.0,-1,-1,-1,-1.0,0.0,0.0,0.0,0.0,0.0,0.0,0.0,0.0,0.0,0.0,Dist,0,0.1240601503759522,-0.3172932330827132,-0.7218045112781954,0.4285714285714288,0,0.0,1,
Suj_121,Respuestas de formulario 10,AJK,Dist,1,Bloque_5,6,Opción 2,0,1.8,4.0,-1,-1,-1,Hombre,3,6,2000.0,-1,-1,-1,-1.0,0.0,0.0,0.0,0.0,0.0,0.0,0.0,0.0,0.0,0.0,Dist,0,0.1240601503759522,-0.3172932330827132,-0.7218045112781954,0.4285714285714288,0,2000.0,0,0.35
Suj_122,Respuestas de formulario 10,AEF,Dist,1,Bloque_11,1,Opción 1,1,3.3,3.6666666666666665,1,-1,1,Mujer,3,4,1200.0,1,-1,1,1.0,0.3333333333333333,0.6666666666666666,0.6666666666666666,0.0,0.0,0.3333333333333333,0.1666666666666666,0.5,0.1666666666666666,-0.3333333333333333,Dist,1,-0.2092731829573813,1.1827067669172866,-0.7218045112781954,-1.5714285714285712,1,1200.0,0,-0.45
Suj_122,Respuestas de formulario 10,AGH,Dist,1,Bloque_3,2,Opción 2,0,3.3,3.6666666666666665,1,-1,1,Mujer,3,4,0.0,1,-1,1,1.0,0.3333333333333333,0.6666666666666666,0.6666666666666666,0.0,0.0,0.3333333333333333,0.1666666666666666,0.5,0.1666666666666666,-0.3333333333333333,Dist,0,-0.2092731829573813,1.1827067669172866,-0.7218045112781954,-1.5714285714285712,1,0.0,1,
Suj_122,Respuestas de formulario 10,ALM,Dist,1,Bloque_9,3,Opción 1,1,3.3,3.6666666666666665,1,-1,1,Mujer,3,4,1000.0,1,-1,1,1.0,0.3333333333333333,0.6666666666666666,0.6666666666666666,0.0,0.0,0.3333333333333333,0.1666666666666666,0.5,0.1666666666666666,-0.3333333333333333,Dist,1,-0.2092731829573813,1.1827067669172866,-0.7218045112781954,-1.5714285714285712,1,1000.0,0,-0.65
Suj_122,Respuestas de formulario 10,ABC,Dist,1,Bloque_7,4,Opción 2,0,3.3,3.6666666666666665,1,-1,1,Mujer,3,4,2400.0,1,-1,1,-1.0,0.3333333333333333,0.6666666666666666,0.6666666666666666,0.0,0.0,0.3333333333333333,0.1666666666666666,0.5,0.1666666666666666,-0.3333333333333333,Dist,0,-0.2092731829573813,1.1827067669172866,-0.7218045112781954,-1.5714285714285712,1,2400.0,0,0.75
Suj_122,Respuestas de formulario 10,AQS,Dist,1,Bloque_1,5,Opción 1,1,3.3,3.6666666666666665,1,-1,1,Mujer,3,4,0.0,1,-1,1,1.0,0.3333333333333333,0.6666666666666666,0.6666666666666666,0.0,0.0,0.3333333333333333,0.1666666666666666,0.5,0.1666666666666666,-0.3333333333333333,Dist,1,-0.2092731829573813,1.1827067669172866,-0.7218045112781954,-1.5714285714285712,1,0.0,1,
Suj_122,Respuestas de formulario 10,AJK,Dist,1,Bloque_5,6,Opción 2,0,3.3,3.6666666666666665,1,-1,1,Mujer,3,4,2000.0,1,-1,1,-1.0,0.3333333333333333,0.6666666666666666,0.6666666666666666,0.0,0.0,0.3333333333333333,0.1666666666666666,0.5,0.1666666666666666,-0.3333333333333333,Dist,0,-0.2092731829573813,1.1827067669172866,-0.7218045112781954,-1.5714285714285712,1,2000.0,0,0.35
Suj_123,Respuestas de formulario 10,AEF,Dist,1,Bloque_11,1,Opción 2,0,3.2,4.166666666666667,0,-1,-1,Hombre,5,6,1200.0,0,-1,-1,-1.0,0.5,0.0,0.0,0.0,0.3333333333333333,0.3333333333333333,0.1666666666666666,0.1666666666666666,0.1666666666666666,0.0,Dist,0,0.29072681704261916,1.082706766917287,1.2781954887218046,0.4285714285714288,0,1200.0,0,-0.45
Suj_123,Respuestas de formulario 10,AGH,Dist,1,Bloque_3,2,Opción 2,0,3.2,4.166666666666667,0,-1,-1,Hombre,5,6,0.0,0,-1,-1,0.0,0.5,0.0,0.0,0.0,0.3333333333333333,0.3333333333333333,0.1666666666666666,0.1666666666666666,0.1666666666666666,0.0,Dist,0,0.29072681704261916,1.082706766917287,1.2781954887218046,0.4285714285714288,0,0.0,1,
Suj_123,Respuestas de formulario 10,ALM,Dist,1,Bloque_9,3,Opción 2,0,3.2,4.166666666666667,0,-1,-1,Hombre,5,6,1000.0,0,-1,-1,-1.0,0.5,0.0,0.0,0.0,0.3333333333333333,0.3333333333333333,0.1666666666666666,0.1666666666666666,0.1666666666666666,0.0,Dist,0,0.29072681704261916,1.082706766917287,1.2781954887218046,0.4285714285714288,0,1000.0,0,-0.65
Suj_123,Respuestas de formulario 10,ABC,Dist,1,Bloque_7,4,Opción 2,0,3.2,4.166666666666667,0,-1,-1,Hombre,5,6,2400.0,0,-1,-1,-1.0,0.5,0.0,0.0,0.0,0.3333333333333333,0.3333333333333333,0.1666666666666666,0.1666666666666666,0.1666666666666666,0.0,Dist,0,0.29072681704261916,1.082706766917287,1.2781954887218046,0.4285714285714288,0,2400.0,0,0.75
Suj_123,Respuestas de formulario 10,AQS,Dist,1,Bloque_1,5,Opción 1,1,3.2,4.166666666666667,0,-1,-1,Hombre,5,6,0.0,0,-1,-1,0.0,0.5,0.0,0.0,0.0,0.3333333333333333,0.3333333333333333,0.1666666666666666,0.1666666666666666,0.1666666666666666,0.0,Dist,1,0.29072681704261916,1.082706766917287,1.2781954887218046,0.4285714285714288,0,0.0,1,
Suj_123,Respuestas de formulario 10,AJK,Dist,1,Bloque_5,6,Opción 2,0,3.2,4.166666666666667,0,-1,-1,Hombre,5,6,2000.0,0,-1,-1,-1.0,0.5,0.0,0.0,0.0,0.3333333333333333,0.3333333333333333,0.1666666666666666,0.1666666666666666,0.1666666666666666,0.0,Dist,0,0.29072681704261916,1.082706766917287,1.2781954887218046,0.4285714285714288,0,2000.0,0,0.35
Suj_124,Respuestas de formulario 10,AEF,Dist,1,Bloque_11,1,Opción 1,1,2.2,4.0,-1,-1,1,Mujer,3,7,1200.0,-1,-1,1,1.0,0.1666666666666666,1.0,1.0,0.0,0.0,0.3333333333333333,0.3333333333333333,0.5,0.0,-0.1666666666666666,Dist,1,0.1240601503759522,0.08270676691728696,-0.7218045112781954,1.4285714285714288,1,1200.0,0,-0.45
Suj_124,Respuestas de formulario 10,AGH,Dist,1,Bloque_3,2,Opción 2,0,2.2,4.0,-1,-1,1,Mujer,3,7,0.0,-1,-1,1,-1.0,0.1666666666666666,1.0,1.0,0.0,0.0,0.3333333333333333,0.3333333333333333,0.5,0.0,-0.1666666666666666,Dist,0,0.1240601503759522,0.08270676691728696,-0.7218045112781954,1.4285714285714288,1,0.0,1,
Suj_124,Respuestas de formulario 10,ALM,Dist,1,Bloque_9,3,Opción 1,1,2.2,4.0,-1,-1,1,Mujer,3,7,1000.0,-1,-1,1,1.0,0.1666666666666666,1.0,1.0,0.0,0.0,0.3333333333333333,0.3333333333333333,0.5,0.0,-0.1666666666666666,Dist,1,0.1240601503759522,0.08270676691728696,-0.7218045112781954,1.4285714285714288,1,1000.0,0,-0.65
Suj_124,Respuestas de formulario 10,ABC,Dist,1,Bloque_7,4,Opción 2,0,2.2,4.0,-1,-1,1,Mujer,3,7,2400.0,-1,-1,1,-1.0,0.1666666666666666,1.0,1.0,0.0,0.0,0.3333333333333333,0.3333333333333333,0.5,0.0,-0.1666666666666666,Dist,0,0.1240601503759522,0.08270676691728696,-0.7218045112781954,1.4285714285714288,1,2400.0,0,0.75
Suj_124,Respuestas de formulario 10,AQS,Dist,1,Bloque_1,5,Opción 1,1,2.2,4.0,-1,-1,1,Mujer,3,7,0.0,-1,-1,1,-1.0,0.1666666666666666,1.0,1.0,0.0,0.0,0.3333333333333333,0.3333333333333333,0.5,0.0,-0.1666666666666666,Dist,1,0.1240601503759522,0.08270676691728696,-0.7218045112781954,1.4285714285714288,1,0.0,1,
Suj_124,Respuestas de formulario 10,AJK,Dist,1,Bloque_5,6,Opción 2,0,2.2,4.0,-1,-1,1,Mujer,3,7,2000.0,-1,-1,1,-1.0,0.1666666666666666,1.0,1.0,0.0,0.0,0.3333333333333333,0.3333333333333333,0.5,0.0,-0.1666666666666666,Dist,0,0.1240601503759522,0.08270676691728696,-0.7218045112781954,1.4285714285714288,1,2000.0,0,0.35
Suj_125,Respuestas de formulario 10,AEF,Dist,1,Bloque_11,1,Opción 1,1,2.7,3.6666666666666665,-1,1,0,Mujer,4,5,1200.0,-1,1,0,0.0,0.3333333333333333,0.3333333333333333,0.6666666666666666,1.0,0.6666666666666666,0.5,0.5,0.6666666666666666,0.0,-0.1666666666666666,Dist,1,-0.2092731829573813,0.582706766917287,0.27819548872180455,-0.5714285714285712,1,1200.0,0,-0.45
Suj_125,Respuestas de formulario 10,AGH,Dist,1,Bloque_3,2,Opción 2,0,2.7,3.6666666666666665,-1,1,0,Mujer,4,5,0.0,-1,1,0,-1.0,0.3333333333333333,0.3333333333333333,0.6666666666666666,1.0,0.6666666666666666,0.5,0.5,0.6666666666666666,0.0,-0.1666666666666666,Dist,0,-0.2092731829573813,0.582706766917287,0.27819548872180455,-0.5714285714285712,1,0.0,1,
Suj_125,Respuestas de formulario 10,ALM,Dist,1,Bloque_9,3,Opción 1,1,2.7,3.6666666666666665,-1,1,0,Mujer,4,5,1000.0,-1,1,0,0.0,0.3333333333333333,0.3333333333333333,0.6666666666666666,1.0,0.6666666666666666,0.5,0.5,0.6666666666666666,0.0,-0.1666666666666666,Dist,1,-0.2092731829573813,0.582706766917287,0.27819548872180455,-0.5714285714285712,1,1000.0,0,-0.65
Suj_125,Respuestas de formulario 10,ABC,Dist,1,Bloque_7,4,Opción 1,1,2.7,3.6666666666666665,-1,1,0,Mujer,4,5,2400.0,-1,1,0,1.0,0.3333333333333333,0.3333333333333333,0.6666666666666666,1.0,0.6666666666666666,0.5,0.5,0.6666666666666666,0.0,-0.1666666666666666,Dist,1,-0.2092731829573813,0.582706766917287,0.27819548872180455,-0.5714285714285712,1,2400.0,0,0.75
Suj_125,Respuestas de formulario 10,AQS,Dist,1,Bloque_1,5,Opción 2,0,2.7,3.6666666666666665,-1,1,0,Mujer,4,5,0.0,-1,1,0,-1.0,0.3333333333333333,0.3333333333333333,0.6666666666666666,1.0,0.6666666666666666,0.5,0.5,0.6666666666666666,0.0,-0.1666666666666666,Dist,0,-0.2092731829573813,0.582706766917287,0.27819548872180455,-0.5714285714285712,1,0.0,1,
Suj_125,Respuestas de formulario 10,AJK,Dist,1,Bloque_5,6,Opción 1,1,2.7,3.6666666666666665,-1,1,0,Mujer,4,5,2000.0,-1,1,0,1.0,0.3333333333333333,0.3333333333333333,0.6666666666666666,1.0,0.6666666666666666,0.5,0.5,0.6666666666666666,0.0,-0.1666666666666666,Dist,1,-0.2092731829573813,0.582706766917287,0.27819548872180455,-0.5714285714285712,1,2000.0,0,0.35
Suj_127,Respuestas de formulario 10,AEF,Dist,1,Bloque_11,1,Opción 2,0,1.7,4.666666666666667,-1,-1,1,Mujer,2,6,1200.0,-1,-1,1,1.0,0.0,0.0,0.0,0.0,0.0,0.0,0.0,0.0,0.0,0.0,Dist,0,0.7907268170426192,-0.41729323308271327,-1.7218045112781954,0.4285714285714288,1,1200.0,0,-0.45
Suj_127,Respuestas de formulario 10,AGH,Dist,1,Bloque_3,2,Opción 2,0,1.7,4.666666666666667,-1,-1,1,Mujer,2,6,0.0,-1,-1,1,-1.0,0.0,0.0,0.0,0.0,0.0,0.0,0.0,0.0,0.0,0.0,Dist,0,0.7907268170426192,-0.41729323308271327,-1.7218045112781954,0.4285714285714288,1,0.0,1,
Suj_127,Respuestas de formulario 10,ALM,Dist,1,Bloque_9,3,Opción 2,0,1.7,4.666666666666667,-1,-1,1,Mujer,2,6,1000.0,-1,-1,1,1.0,0.0,0.0,0.0,0.0,0.0,0.0,0.0,0.0,0.0,0.0,Dist,0,0.7907268170426192,-0.41729323308271327,-1.7218045112781954,0.4285714285714288,1,1000.0,0,-0.65
Suj_127,Respuestas de formulario 10,ABC,Dist,1,Bloque_7,4,Opción 2,0,1.7,4.666666666666667,-1,-1,1,Mujer,2,6,2400.0,-1,-1,1,-1.0,0.0,0.0,0.0,0.0,0.0,0.0,0.0,0.0,0.0,0.0,Dist,0,0.7907268170426192,-0.41729323308271327,-1.7218045112781954,0.4285714285714288,1,2400.0,0,0.75
Suj_127,Respuestas de formulario 10,AQS,Dist,1,Bloque_1,5,Opción 2,0,1.7,4.666666666666667,-1,-1,1,Mujer,2,6,0.0,-1,-1,1,-1.0,0.0,0.0,0.0,0.0,0.0,0.0,0.0,0.0,0.0,0.0,Dist,0,0.7907268170426192,-0.41729323308271327,-1.7218045112781954,0.4285714285714288,1,0.0,1,
Suj_127,Respuestas de formulario 10,AJK,Dist,1,Bloque_5,6,Opción 2,0,1.7,4.666666666666667,-1,-1,1,Mujer,2,6,2000.0,-1,-1,1,-1.0,0.0,0.0,0.0,0.0,0.0,0.0,0.0,0.0,0.0,0.0,Dist,0,0.7907268170426192,-0.41729323308271327,-1.7218045112781954,0.4285714285714288,1,2000.0,0,0.35
Suj_130,Respuestas de formulario 10,AEF,Dist,1,Bloque_11,1,Opción 2,0,2.5,4.333333333333333,0,0,-1,Hombre,4,7,1200.0,0,0,-1,-1.0,0.5,0.0,0.0,0.3333333333333333,0.3333333333333333,0.5,0.3333333333333333,0.0,0.1666666666666666,0.3333333333333333,Dist,0,0.45739348370928523,0.3827067669172868,0.27819548872180455,1.4285714285714288,0,1200.0,0,-0.45
Suj_130,Respuestas de formulario 10,AGH,Dist,1,Bloque_3,2,Opción 2,0,2.5,4.333333333333333,0,0,-1,Hombre,4,7,0.0,0,0,-1,0.0,0.5,0.0,0.0,0.3333333333333333,0.3333333333333333,0.5,0.3333333333333333,0.0,0.1666666666666666,0.3333333333333333,Dist,0,0.45739348370928523,0.3827067669172868,0.27819548872180455,1.4285714285714288,0,0.0,1,
Suj_130,Respuestas de formulario 10,ALM,Dist,1,Bloque_9,3,Opción 2,0,2.5,4.333333333333333,0,0,-1,Hombre,4,7,1000.0,0,0,-1,-1.0,0.5,0.0,0.0,0.3333333333333333,0.3333333333333333,0.5,0.3333333333333333,0.0,0.1666666666666666,0.3333333333333333,Dist,0,0.45739348370928523,0.3827067669172868,0.27819548872180455,1.4285714285714288,0,1000.0,0,-0.65
Suj_130,Respuestas de formulario 10,ABC,Dist,1,Bloque_7,4,Opción 2,0,2.5,4.333333333333333,0,0,-1,Hombre,4,7,2400.0,0,0,-1,0.0,0.5,0.0,0.0,0.3333333333333333,0.3333333333333333,0.5,0.3333333333333333,0.0,0.1666666666666666,0.3333333333333333,Dist,0,0.45739348370928523,0.3827067669172868,0.27819548872180455,1.4285714285714288,0,2400.0,0,0.75
Suj_130,Respuestas de formulario 10,AQS,Dist,1,Bloque_1,5,Opción 2,0,2.5,4.333333333333333,0,0,-1,Hombre,4,7,0.0,0,0,-1,0.0,0.5,0.0,0.0,0.3333333333333333,0.3333333333333333,0.5,0.3333333333333333,0.0,0.1666666666666666,0.3333333333333333,Dist,0,0.45739348370928523,0.3827067669172868,0.27819548872180455,1.4285714285714288,0,0.0,1,
Suj_130,Respuestas de formulario 10,AJK,Dist,1,Bloque_5,6,Opción 2,0,2.5,4.333333333333333,0,0,-1,Hombre,4,7,2000.0,0,0,-1,0.0,0.5,0.0,0.0,0.3333333333333333,0.3333333333333333,0.5,0.3333333333333333,0.0,0.1666666666666666,0.3333333333333333,Dist,0,0.45739348370928523,0.3827067669172868,0.27819548872180455,1.4285714285714288,0,2000.0,0,0.35
Suj_131,Respuestas de formulario 10,AEF,Dist,1,Bloque_11,1,Opción 1,1,2.9,3.1666666666666665,1,-1,-1,Mujer,4,4,1200.0,1,-1,-1,-1.0,0.8333333333333334,0.0,0.3333333333333333,0.0,0.0,0.3333333333333333,0.3333333333333333,0.3333333333333333,0.0,0.0,Dist,1,-0.7092731829573813,0.7827067669172867,0.27819548872180455,-1.5714285714285712,1,1200.0,0,-0.45
Suj_131,Respuestas de formulario 10,AGH,Dist,1,Bloque_3,2,Opción 2,0,2.9,3.1666666666666665,1,-1,-1,Mujer,4,4,0.0,1,-1,-1,1.0,0.8333333333333334,0.0,0.3333333333333333,0.0,0.0,0.3333333333333333,0.3333333333333333,0.3333333333333333,0.0,0.0,Dist,0,-0.7092731829573813,0.7827067669172867,0.27819548872180455,-1.5714285714285712,1,0.0,1,
Suj_131,Respuestas de formulario 10,ALM,Dist,1,Bloque_9,3,Opción 2,0,2.9,3.1666666666666665,1,-1,-1,Mujer,4,4,1000.0,1,-1,-1,-1.0,0.8333333333333334,0.0,0.3333333333333333,0.0,0.0,0.3333333333333333,0.3333333333333333,0.3333333333333333,0.0,0.0,Dist,0,-0.7092731829573813,0.7827067669172867,0.27819548872180455,-1.5714285714285712,1,1000.0,0,-0.65
Suj_131,Respuestas de formulario 10,ABC,Dist,1,Bloque_7,4,Opción 2,0,2.9,3.1666666666666665,1,-1,-1,Mujer,4,4,2400.0,1,-1,-1,-1.0,0.8333333333333334,0.0,0.3333333333333333,0.0,0.0,0.3333333333333333,0.3333333333333333,0.3333333333333333,0.0,0.0,Dist,0,-0.7092731829573813,0.7827067669172867,0.27819548872180455,-1.5714285714285712,1,2400.0,0,0.75
Suj_131,Respuestas de formulario 10,AQS,Dist,1,Bloque_1,5,Opción 1,1,2.9,3.1666666666666665,1,-1,-1,Mujer,4,4,0.0,1,-1,-1,1.0,0.8333333333333334,0.0,0.3333333333333333,0.0,0.0,0.3333333333333333,0.3333333333333333,0.3333333333333333,0.0,0.0,Dist,1,-0.7092731829573813,0.7827067669172867,0.27819548872180455,-1.5714285714285712,1,0.0,1,
Suj_131,Respuestas de formulario 10,AJK,Dist,1,Bloque_5,6,Opción 2,0,2.9,3.1666666666666665,1,-1,-1,Mujer,4,4,2000.0,1,-1,-1,-1.0,0.8333333333333334,0.0,0.3333333333333333,0.0,0.0,0.3333333333333333,0.3333333333333333,0.3333333333333333,0.0,0.0,Dist,0,-0.7092731829573813,0.7827067669172867,0.27819548872180455,-1.5714285714285712,1,2000.0,0,0.35
Suj_133,Respuestas de formulario 11,ALM,Dist,1,Bloque_9,1,Opción 2,0,1.4,3.6666666666666665,-1,-1,0,Hombre,4,6,1000.0,-1,-1,0,0.0,0.6666666666666666,0.0,0.0,0.0,0.0,0.3333333333333333,0.1666666666666666,0.1666666666666666,0.1666666666666666,0.0,Dist,0,-0.2092731829573813,-0.7172932330827133,0.27819548872180455,0.4285714285714288,0,1000.0,0,-0.65
Suj_133,Respuestas de formulario 11,ABC,Dist,1,Bloque_1,2,Opción 2,0,1.4,3.6666666666666665,-1,-1,0,Hombre,4,6,0.0,-1,-1,0,-1.0,0.6666666666666666,0.0,0.0,0.0,0.0,0.3333333333333333,0.1666666666666666,0.1666666666666666,0.1666666666666666,0.0,Dist,0,-0.2092731829573813,-0.7172932330827133,0.27819548872180455,0.4285714285714288,0,0.0,1,
Suj_133,Respuestas de formulario 11,AQS,Dist,1,Bloque_5,3,Opción 2,0,1.4,3.6666666666666665,-1,-1,0,Hombre,4,6,2000.0,-1,-1,0,-1.0,0.6666666666666666,0.0,0.0,0.0,0.0,0.3333333333333333,0.1666666666666666,0.1666666666666666,0.1666666666666666,0.0,Dist,0,-0.2092731829573813,-0.7172932330827133,0.27819548872180455,0.4285714285714288,0,2000.0,0,0.35
Suj_133,Respuestas de formulario 11,AEF,Dist,1,Bloque_11,4,Opción 2,0,1.4,3.6666666666666665,-1,-1,0,Hombre,4,6,1200.0,-1,-1,0,0.0,0.6666666666666666,0.0,0.0,0.0,0.0,0.3333333333333333,0.1666666666666666,0.1666666666666666,0.1666666666666666,0.0,Dist,0,-0.2092731829573813,-0.7172932330827133,0.27819548872180455,0.4285714285714288,0,1200.0,0,-0.45
Suj_133,Respuestas de formulario 11,AGH,Dist,1,Bloque_3,5,Opción 1,1,1.4,3.6666666666666665,-1,-1,0,Hombre,4,6,0.0,-1,-1,0,-1.0,0.6666666666666666,0.0,0.0,0.0,0.0,0.3333333333333333,0.1666666666666666,0.1666666666666666,0.1666666666666666,0.0,Dist,1,-0.2092731829573813,-0.7172932330827133,0.27819548872180455,0.4285714285714288,0,0.0,1,
Suj_133,Respuestas de formulario 11,AJK,Dist,1,Bloque_7,6,Opción 2,0,1.4,3.6666666666666665,-1,-1,0,Hombre,4,6,2400.0,-1,-1,0,-1.0,0.6666666666666666,0.0,0.0,0.0,0.0,0.3333333333333333,0.1666666666666666,0.1666666666666666,0.1666666666666666,0.0,Dist,0,-0.2092731829573813,-0.7172932330827133,0.27819548872180455,0.4285714285714288,0,2400.0,0,0.75
Suj_134,Respuestas de formulario 11,ALM,Dist,1,Bloque_9,1,Opción 1,1,2.5,3.6666666666666665,0,0,1,Mujer,3,7,1000.0,0,0,1,1.0,0.5,1.0,0.0,0.3333333333333333,0.0,0.5,0.5,0.1666666666666666,0.0,0.3333333333333333,Dist,1,-0.2092731829573813,0.3827067669172868,-0.7218045112781954,1.4285714285714288,1,1000.0,0,-0.65
Suj_134,Respuestas de formulario 11,ABC,Dist,1,Bloque_1,2,Opción 2,0,2.5,3.6666666666666665,0,0,1,Mujer,3,7,0.0,0,0,1,0.0,0.5,1.0,0.0,0.3333333333333333,0.0,0.5,0.5,0.1666666666666666,0.0,0.3333333333333333,Dist,0,-0.2092731829573813,0.3827067669172868,-0.7218045112781954,1.4285714285714288,1,0.0,1,
Suj_134,Respuestas de formulario 11,AQS,Dist,1,Bloque_5,3,Opción 2,0,2.5,3.6666666666666665,0,0,1,Mujer,3,7,2000.0,0,0,1,0.0,0.5,1.0,0.0,0.3333333333333333,0.0,0.5,0.5,0.1666666666666666,0.0,0.3333333333333333,Dist,0,-0.2092731829573813,0.3827067669172868,-0.7218045112781954,1.4285714285714288,1,2000.0,0,0.35
Suj_134,Respuestas de formulario 11,AEF,Dist,1,Bloque_11,4,Opción 2,0,2.5,3.6666666666666665,0,0,1,Mujer,3,7,1200.0,0,0,1,1.0,0.5,1.0,0.0,0.3333333333333333,0.0,0.5,0.5,0.1666666666666666,0.0,0.3333333333333333,Dist,0,-0.2092731829573813,0.3827067669172868,-0.7218045112781954,1.4285714285714288,1,1200.0,0,-0.45
Suj_134,Respuestas de formulario 11,AGH,Dist,1,Bloque_3,5,Opción 2,0,2.5,3.6666666666666665,0,0,1,Mujer,3,7,0.0,0,0,1,0.0,0.5,1.0,0.0,0.3333333333333333,0.0,0.5,0.5,0.1666666666666666,0.0,0.3333333333333333,Dist,0,-0.2092731829573813,0.3827067669172868,-0.7218045112781954,1.4285714285714288,1,0.0,1,
Suj_134,Respuestas de formulario 11,AJK,Dist,1,Bloque_7,6,Opción 2,0,2.5,3.6666666666666665,0,0,1,Mujer,3,7,2400.0,0,0,1,0.0,0.5,1.0,0.0,0.3333333333333333,0.0,0.5,0.5,0.1666666666666666,0.0,0.3333333333333333,Dist,0,-0.2092731829573813,0.3827067669172868,-0.7218045112781954,1.4285714285714288,1,2400.0,0,0.75
Suj_135,Respuestas de formulario 11,ALM,Dist,1,Bloque_9,1,Opción 2,0,1.8,3.8333333333333335,1,-1,1,Mujer,4,5,1000.0,1,-1,1,1.0,0.8333333333333334,0.3333333333333333,0.6666666666666666,0.0,0.3333333333333333,0.3333333333333333,0.6666666666666666,0.5,-0.3333333333333333,0.1666666666666666,Dist,0,-0.042606516290714325,-0.3172932330827132,0.27819548872180455,-0.5714285714285712,1,1000.0,0,-0.65
Suj_135,Respuestas de formulario 11,ABC,Dist,1,Bloque_1,2,Opción 2,0,1.8,3.8333333333333335,1,-1,1,Mujer,4,5,0.0,1,-1,1,1.0,0.8333333333333334,0.3333333333333333,0.6666666666666666,0.0,0.3333333333333333,0.3333333333333333,0.6666666666666666,0.5,-0.3333333333333333,0.1666666666666666,Dist,0,-0.042606516290714325,-0.3172932330827132,0.27819548872180455,-0.5714285714285712,1,0.0,1,
Suj_135,Respuestas de formulario 11,AQS,Dist,1,Bloque_5,3,Opción 2,0,1.8,3.8333333333333335,1,-1,1,Mujer,4,5,2000.0,1,-1,1,-1.0,0.8333333333333334,0.3333333333333333,0.6666666666666666,0.0,0.3333333333333333,0.3333333333333333,0.6666666666666666,0.5,-0.3333333333333333,0.1666666666666666,Dist,0,-0.042606516290714325,-0.3172932330827132,0.27819548872180455,-0.5714285714285712,1,2000.0,0,0.35
Suj_135,Respuestas de formulario 11,AEF,Dist,1,Bloque_11,4,Opción 1,1,1.8,3.8333333333333335,1,-1,1,Mujer,4,5,1200.0,1,-1,1,1.0,0.8333333333333334,0.3333333333333333,0.6666666666666666,0.0,0.3333333333333333,0.3333333333333333,0.6666666666666666,0.5,-0.3333333333333333,0.1666666666666666,Dist,1,-0.042606516290714325,-0.3172932330827132,0.27819548872180455,-0.5714285714285712,1,1200.0,0,-0.45
Suj_135,Respuestas de formulario 11,AGH,Dist,1,Bloque_3,5,Opción 1,1,1.8,3.8333333333333335,1,-1,1,Mujer,4,5,0.0,1,-1,1,1.0,0.8333333333333334,0.3333333333333333,0.6666666666666666,0.0,0.3333333333333333,0.3333333333333333,0.6666666666666666,0.5,-0.3333333333333333,0.1666666666666666,Dist,1,-0.042606516290714325,-0.3172932330827132,0.27819548872180455,-0.5714285714285712,1,0.0,1,
Suj_135,Respuestas de formulario 11,AJK,Dist,1,Bloque_7,6,Opción 1,1,1.8,3.8333333333333335,1,-1,1,Mujer,4,5,2400.0,1,-1,1,-1.0,0.8333333333333334,0.3333333333333333,0.6666666666666666,0.0,0.3333333333333333,0.3333333333333333,0.6666666666666666,0.5,-0.3333333333333333,0.1666666666666666,Dist,1,-0.042606516290714325,-0.3172932330827132,0.27819548872180455,-0.5714285714285712,1,2400.0,0,0.75
Suj_136,Respuestas de formulario 11,ALM,Dist,1,Bloque_9,1,Opción 2,0,2.2,4.666666666666667,1,-1,-1,No binario,2,6,1000.0,1,-1,-1,-1.0,1.0,0.6666666666666666,0.0,0.0,0.0,0.5,0.5,0.3333333333333333,0.0,0.1666666666666666,Dist,0,0.7907268170426192,0.08270676691728696,-1.7218045112781954,0.4285714285714288,0,1000.0,0,-0.65
Suj_136,Respuestas de formulario 11,ABC,Dist,1,Bloque_1,2,Opción 1,1,2.2,4.666666666666667,1,-1,-1,No binario,2,6,0.0,1,-1,-1,1.0,1.0,0.6666666666666666,0.0,0.0,0.0,0.5,0.5,0.3333333333333333,0.0,0.1666666666666666,Dist,1,0.7907268170426192,0.08270676691728696,-1.7218045112781954,0.4285714285714288,0,0.0,1,
Suj_136,Respuestas de formulario 11,AQS,Dist,1,Bloque_5,3,Opción 2,0,2.2,4.666666666666667,1,-1,-1,No binario,2,6,2000.0,1,-1,-1,-1.0,1.0,0.6666666666666666,0.0,0.0,0.0,0.5,0.5,0.3333333333333333,0.0,0.1666666666666666,Dist,0,0.7907268170426192,0.08270676691728696,-1.7218045112781954,0.4285714285714288,0,2000.0,0,0.35
Suj_136,Respuestas de formulario 11,AEF,Dist,1,Bloque_11,4,Opción 2,0,2.2,4.666666666666667,1,-1,-1,No binario,2,6,1200.0,1,-1,-1,-1.0,1.0,0.6666666666666666,0.0,0.0,0.0,0.5,0.5,0.3333333333333333,0.0,0.1666666666666666,Dist,0,0.7907268170426192,0.08270676691728696,-1.7218045112781954,0.4285714285714288,0,1200.0,0,-0.45
Suj_136,Respuestas de formulario 11,AGH,Dist,1,Bloque_3,5,Opción 1,1,2.2,4.666666666666667,1,-1,-1,No binario,2,6,0.0,1,-1,-1,1.0,1.0,0.6666666666666666,0.0,0.0,0.0,0.5,0.5,0.3333333333333333,0.0,0.1666666666666666,Dist,1,0.7907268170426192,0.08270676691728696,-1.7218045112781954,0.4285714285714288,0,0.0,1,
Suj_136,Respuestas de formulario 11,AJK,Dist,1,Bloque_7,6,Opción 2,0,2.2,4.666666666666667,1,-1,-1,No binario,2,6,2400.0,1,-1,-1,-1.0,1.0,0.6666666666666666,0.0,0.0,0.0,0.5,0.5,0.3333333333333333,0.0,0.1666666666666666,Dist,0,0.7907268170426192,0.08270676691728696,-1.7218045112781954,0.4285714285714288,0,2400.0,0,0.75
Suj_137,Respuestas de formulario 11,ALM,Dist,1,Bloque_9,1,Opción 2,0,1.0,4.666666666666667,1,1,1,Mujer,1,8,1000.0,1,1,1,1.0,1.0,0.6666666666666666,1.0,1.0,1.0,1.0,1.0,0.8333333333333334,0.0,0.1666666666666666,Dist,0,0.7907268170426192,-1.1172932330827132,-2.7218045112781954,2.428571428571429,1,1000.0,0,-0.65
Suj_137,Respuestas de formulario 11,ABC,Dist,1,Bloque_1,2,Opción 1,1,1.0,4.666666666666667,1,1,1,Mujer,1,8,0.0,1,1,1,1.0,1.0,0.6666666666666666,1.0,1.0,1.0,1.0,1.0,0.8333333333333334,0.0,0.1666666666666666,Dist,1,0.7907268170426192,-1.1172932330827132,-2.7218045112781954,2.428571428571429,1,0.0,1,
Suj_137,Respuestas de formulario 11,AQS,Dist,1,Bloque_5,3,Opción 1,1,1.0,4.666666666666667,1,1,1,Mujer,1,8,2000.0,1,1,1,1.0,1.0,0.6666666666666666,1.0,1.0,1.0,1.0,1.0,0.8333333333333334,0.0,0.1666666666666666,Dist,1,0.7907268170426192,-1.1172932330827132,-2.7218045112781954,2.428571428571429,1,2000.0,0,0.35
Suj_137,Respuestas de formulario 11,AEF,Dist,1,Bloque_11,4,Opción 1,1,1.0,4.666666666666667,1,1,1,Mujer,1,8,1200.0,1,1,1,1.0,1.0,0.6666666666666666,1.0,1.0,1.0,1.0,1.0,0.8333333333333334,0.0,0.1666666666666666,Dist,1,0.7907268170426192,-1.1172932330827132,-2.7218045112781954,2.428571428571429,1,1200.0,0,-0.45
Suj_137,Respuestas de formulario 11,AGH,Dist,1,Bloque_3,5,Opción 1,1,1.0,4.666666666666667,1,1,1,Mujer,1,8,0.0,1,1,1,1.0,1.0,0.6666666666666666,1.0,1.0,1.0,1.0,1.0,0.8333333333333334,0.0,0.1666666666666666,Dist,1,0.7907268170426192,-1.1172932330827132,-2.7218045112781954,2.428571428571429,1,0.0,1,
Suj_137,Respuestas de formulario 11,AJK,Dist,1,Bloque_7,6,Opción 1,1,1.0,4.666666666666667,1,1,1,Mujer,1,8,2400.0,1,1,1,1.0,1.0,0.6666666666666666,1.0,1.0,1.0,1.0,1.0,0.8333333333333334,0.0,0.1666666666666666,Dist,1,0.7907268170426192,-1.1172932330827132,-2.7218045112781954,2.428571428571429,1,2400.0,0,0.75
Suj_138,Respuestas de formulario 11,ALM,Dist,1,Bloque_9,1,Opción 2,0,2.5,4.0,-1,-1,-1,Mujer,6,6,1000.0,-1,-1,-1,-1.0,0.1666666666666666,0.0,0.3333333333333333,0.0,0.0,0.3333333333333333,0.0,0.0,0.3333333333333333,0.0,Dist,0,0.1240601503759522,0.3827067669172868,2.2781954887218046,0.4285714285714288,1,1000.0,0,-0.65
Suj_138,Respuestas de formulario 11,ABC,Dist,1,Bloque_1,2,Opción 2,0,2.5,4.0,-1,-1,-1,Mujer,6,6,0.0,-1,-1,-1,-1.0,0.1666666666666666,0.0,0.3333333333333333,0.0,0.0,0.3333333333333333,0.0,0.0,0.3333333333333333,0.0,Dist,0,0.1240601503759522,0.3827067669172868,2.2781954887218046,0.4285714285714288,1,0.0,1,
Suj_138,Respuestas de formulario 11,AQS,Dist,1,Bloque_5,3,Opción 2,0,2.5,4.0,-1,-1,-1,Mujer,6,6,2000.0,-1,-1,-1,-1.0,0.1666666666666666,0.0,0.3333333333333333,0.0,0.0,0.3333333333333333,0.0,0.0,0.3333333333333333,0.0,Dist,0,0.1240601503759522,0.3827067669172868,2.2781954887218046,0.4285714285714288,1,2000.0,0,0.35
Suj_138,Respuestas de formulario 11,AEF,Dist,1,Bloque_11,4,Opción 2,0,2.5,4.0,-1,-1,-1,Mujer,6,6,1200.0,-1,-1,-1,-1.0,0.1666666666666666,0.0,0.3333333333333333,0.0,0.0,0.3333333333333333,0.0,0.0,0.3333333333333333,0.0,Dist,0,0.1240601503759522,0.3827067669172868,2.2781954887218046,0.4285714285714288,1,1200.0,0,-0.45
Suj_138,Respuestas de formulario 11,AGH,Dist,1,Bloque_3,5,Opción 2,0,2.5,4.0,-1,-1,-1,Mujer,6,6,0.0,-1,-1,-1,-1.0,0.1666666666666666,0.0,0.3333333333333333,0.0,0.0,0.3333333333333333,0.0,0.0,0.3333333333333333,0.0,Dist,0,0.1240601503759522,0.3827067669172868,2.2781954887218046,0.4285714285714288,1,0.0,1,
Suj_138,Respuestas de formulario 11,AJK,Dist,1,Bloque_7,6,Opción 2,0,2.5,4.0,-1,-1,-1,Mujer,6,6,2400.0,-1,-1,-1,-1.0,0.1666666666666666,0.0,0.3333333333333333,0.0,0.0,0.3333333333333333,0.0,0.0,0.3333333333333333,0.0,Dist,0,0.1240601503759522,0.3827067669172868,2.2781954887218046,0.4285714285714288,1,2400.0,0,0.75
Suj_140,Respuestas de formulario 11,ALM,Dist,1,Bloque_9,1,Opción 2,0,1.4,4.333333333333333,1,1,1,Hombre,3,4,1000.0,1,1,1,1.0,0.8333333333333334,0.3333333333333333,0.3333333333333333,0.0,0.3333333333333333,0.3333333333333333,0.6666666666666666,0.3333333333333333,-0.3333333333333333,0.3333333333333333,Dist,0,0.45739348370928523,-0.7172932330827133,-0.7218045112781954,-1.5714285714285712,0,1000.0,0,-0.65
Suj_140,Respuestas de formulario 11,ABC,Dist,1,Bloque_1,2,Opción 1,1,1.4,4.333333333333333,1,1,1,Hombre,3,4,0.0,1,1,1,1.0,0.8333333333333334,0.3333333333333333,0.3333333333333333,0.0,0.3333333333333333,0.3333333333333333,0.6666666666666666,0.3333333333333333,-0.3333333333333333,0.3333333333333333,Dist,1,0.45739348370928523,-0.7172932330827133,-0.7218045112781954,-1.5714285714285712,0,0.0,1,
Suj_140,Respuestas de formulario 11,AQS,Dist,1,Bloque_5,3,Opción 2,0,1.4,4.333333333333333,1,1,1,Hombre,3,4,2000.0,1,1,1,1.0,0.8333333333333334,0.3333333333333333,0.3333333333333333,0.0,0.3333333333333333,0.3333333333333333,0.6666666666666666,0.3333333333333333,-0.3333333333333333,0.3333333333333333,Dist,0,0.45739348370928523,-0.7172932330827133,-0.7218045112781954,-1.5714285714285712,0,2000.0,0,0.35
Suj_140,Respuestas de formulario 11,AEF,Dist,1,Bloque_11,4,Opción 2,0,1.4,4.333333333333333,1,1,1,Hombre,3,4,1200.0,1,1,1,1.0,0.8333333333333334,0.3333333333333333,0.3333333333333333,0.0,0.3333333333333333,0.3333333333333333,0.6666666666666666,0.3333333333333333,-0.3333333333333333,0.3333333333333333,Dist,0,0.45739348370928523,-0.7172932330827133,-0.7218045112781954,-1.5714285714285712,0,1200.0,0,-0.45
Suj_140,Respuestas de formulario 11,AGH,Dist,1,Bloque_3,5,Opción 1,1,1.4,4.333333333333333,1,1,1,Hombre,3,4,0.0,1,1,1,1.0,0.8333333333333334,0.3333333333333333,0.3333333333333333,0.0,0.3333333333333333,0.3333333333333333,0.6666666666666666,0.3333333333333333,-0.3333333333333333,0.3333333333333333,Dist,1,0.45739348370928523,-0.7172932330827133,-0.7218045112781954,-1.5714285714285712,0,0.0,1,
Suj_140,Respuestas de formulario 11,AJK,Dist,1,Bloque_7,6,Opción 2,0,1.4,4.333333333333333,1,1,1,Hombre,3,4,2400.0,1,1,1,1.0,0.8333333333333334,0.3333333333333333,0.3333333333333333,0.0,0.3333333333333333,0.3333333333333333,0.6666666666666666,0.3333333333333333,-0.3333333333333333,0.3333333333333333,Dist,0,0.45739348370928523,-0.7172932330827133,-0.7218045112781954,-1.5714285714285712,0,2400.0,0,0.75
Suj_141,Respuestas de formulario 11,ALM,Dist,1,Bloque_9,1,Opción 2,0,2.2,4.0,0,-1,-1,Hombre,3,9,1000.0,0,-1,-1,-1.0,0.5,0.0,0.6666666666666666,0.0,0.0,0.5,0.1666666666666666,0.1666666666666666,0.3333333333333333,0.0,Dist,0,0.1240601503759522,0.08270676691728696,-0.7218045112781954,3.428571428571429,0,1000.0,0,-0.65
Suj_141,Respuestas de formulario 11,ABC,Dist,1,Bloque_1,2,Opción 2,0,2.2,4.0,0,-1,-1,Hombre,3,9,0.0,0,-1,-1,0.0,0.5,0.0,0.6666666666666666,0.0,0.0,0.5,0.1666666666666666,0.1666666666666666,0.3333333333333333,0.0,Dist,0,0.1240601503759522,0.08270676691728696,-0.7218045112781954,3.428571428571429,0,0.0,1,
Suj_141,Respuestas de formulario 11,AQS,Dist,1,Bloque_5,3,Opción 2,0,2.2,4.0,0,-1,-1,Hombre,3,9,2000.0,0,-1,-1,-1.0,0.5,0.0,0.6666666666666666,0.0,0.0,0.5,0.1666666666666666,0.1666666666666666,0.3333333333333333,0.0,Dist,0,0.1240601503759522,0.08270676691728696,-0.7218045112781954,3.428571428571429,0,2000.0,0,0.35
Suj_141,Respuestas de formulario 11,AEF,Dist,1,Bloque_11,4,Opción 2,0,2.2,4.0,0,-1,-1,Hombre,3,9,1200.0,0,-1,-1,-1.0,0.5,0.0,0.6666666666666666,0.0,0.0,0.5,0.1666666666666666,0.1666666666666666,0.3333333333333333,0.0,Dist,0,0.1240601503759522,0.08270676691728696,-0.7218045112781954,3.428571428571429,0,1200.0,0,-0.45
Suj_141,Respuestas de formulario 11,AGH,Dist,1,Bloque_3,5,Opción 1,1,2.2,4.0,0,-1,-1,Hombre,3,9,0.0,0,-1,-1,0.0,0.5,0.0,0.6666666666666666,0.0,0.0,0.5,0.1666666666666666,0.1666666666666666,0.3333333333333333,0.0,Dist,1,0.1240601503759522,0.08270676691728696,-0.7218045112781954,3.428571428571429,0,0.0,1,
Suj_141,Respuestas de formulario 11,AJK,Dist,1,Bloque_7,6,Opción 2,0,2.2,4.0,0,-1,-1,Hombre,3,9,2400.0,0,-1,-1,-1.0,0.5,0.0,0.6666666666666666,0.0,0.0,0.5,0.1666666666666666,0.1666666666666666,0.3333333333333333,0.0,Dist,0,0.1240601503759522,0.08270676691728696,-0.7218045112781954,3.428571428571429,0,2400.0,0,0.75
Suj_143,Respuestas de formulario 11,ALM,Dist,1,Bloque_9,1,Opción 2,0,2.0,3.6666666666666665,1,-1,1,Mujer,4,5,1000.0,1,-1,1,1.0,0.1666666666666666,0.0,0.3333333333333333,0.0,0.0,0.1666666666666666,0.1666666666666666,0.0,0.0,0.1666666666666666,Dist,0,-0.2092731829573813,-0.11729323308271322,0.27819548872180455,-0.5714285714285712,1,1000.0,0,-0.65
Suj_143,Respuestas de formulario 11,ABC,Dist,1,Bloque_1,2,Opción 2,0,2.0,3.6666666666666665,1,-1,1,Mujer,4,5,0.0,1,-1,1,1.0,0.1666666666666666,0.0,0.3333333333333333,0.0,0.0,0.1666666666666666,0.1666666666666666,0.0,0.0,0.1666666666666666,Dist,0,-0.2092731829573813,-0.11729323308271322,0.27819548872180455,-0.5714285714285712,1,0.0,1,
Suj_143,Respuestas de formulario 11,AQS,Dist,1,Bloque_5,3,Opción 2,0,2.0,3.6666666666666665,1,-1,1,Mujer,4,5,2000.0,1,-1,1,-1.0,0.1666666666666666,0.0,0.3333333333333333,0.0,0.0,0.1666666666666666,0.1666666666666666,0.0,0.0,0.1666666666666666,Dist,0,-0.2092731829573813,-0.11729323308271322,0.27819548872180455,-0.5714285714285712,1,2000.0,0,0.35
Suj_143,Respuestas de formulario 11,AEF,Dist,1,Bloque_11,4,Opción 2,0,2.0,3.6666666666666665,1,-1,1,Mujer,4,5,1200.0,1,-1,1,1.0,0.1666666666666666,0.0,0.3333333333333333,0.0,0.0,0.1666666666666666,0.1666666666666666,0.0,0.0,0.1666666666666666,Dist,0,-0.2092731829573813,-0.11729323308271322,0.27819548872180455,-0.5714285714285712,1,1200.0,0,-0.45
Suj_143,Respuestas de formulario 11,AGH,Dist,1,Bloque_3,5,Opción 2,0,2.0,3.6666666666666665,1,-1,1,Mujer,4,5,0.0,1,-1,1,1.0,0.1666666666666666,0.0,0.3333333333333333,0.0,0.0,0.1666666666666666,0.1666666666666666,0.0,0.0,0.1666666666666666,Dist,0,-0.2092731829573813,-0.11729323308271322,0.27819548872180455,-0.5714285714285712,1,0.0,1,
Suj_143,Respuestas de formulario 11,AJK,Dist,1,Bloque_7,6,Opción 2,0,2.0,3.6666666666666665,1,-1,1,Mujer,4,5,2400.0,1,-1,1,-1.0,0.1666666666666666,0.0,0.3333333333333333,0.0,0.0,0.1666666666666666,0.1666666666666666,0.0,0.0,0.1666666666666666,Dist,0,-0.2092731829573813,-0.11729323308271322,0.27819548872180455,-0.5714285714285712,1,2400.0,0,0.75
Suj_144,Respuestas de formulario 11,ALM,Dist,1,Bloque_9,1,Opción 1,1,3.0,5.0,1,1,1,Mujer,5,7,1000.0,1,1,1,1.0,1.0,1.0,1.0,1.0,1.0,1.0,1.0,1.0,0.0,0.0,Dist,1,1.1240601503759522,0.8827067669172868,1.2781954887218046,1.4285714285714288,1,1000.0,0,-0.65
Suj_144,Respuestas de formulario 11,ABC,Dist,1,Bloque_1,2,Opción 1,1,3.0,5.0,1,1,1,Mujer,5,7,0.0,1,1,1,1.0,1.0,1.0,1.0,1.0,1.0,1.0,1.0,1.0,0.0,0.0,Dist,1,1.1240601503759522,0.8827067669172868,1.2781954887218046,1.4285714285714288,1,0.0,1,
Suj_144,Respuestas de formulario 11,AQS,Dist,1,Bloque_5,3,Opción 1,1,3.0,5.0,1,1,1,Mujer,5,7,2000.0,1,1,1,1.0,1.0,1.0,1.0,1.0,1.0,1.0,1.0,1.0,0.0,0.0,Dist,1,1.1240601503759522,0.8827067669172868,1.2781954887218046,1.4285714285714288,1,2000.0,0,0.35
Suj_144,Respuestas de formulario 11,AEF,Dist,1,Bloque_11,4,Opción 1,1,3.0,5.0,1,1,1,Mujer,5,7,1200.0,1,1,1,1.0,1.0,1.0,1.0,1.0,1.0,1.0,1.0,1.0,0.0,0.0,Dist,1,1.1240601503759522,0.8827067669172868,1.2781954887218046,1.4285714285714288,1,1200.0,0,-0.45
Suj_144,Respuestas de formulario 11,AGH,Dist,1,Bloque_3,5,Opción 1,1,3.0,5.0,1,1,1,Mujer,5,7,0.0,1,1,1,1.0,1.0,1.0,1.0,1.0,1.0,1.0,1.0,1.0,0.0,0.0,Dist,1,1.1240601503759522,0.8827067669172868,1.2781954887218046,1.4285714285714288,1,0.0,1,
Suj_144,Respuestas de formulario 11,AJK,Dist,1,Bloque_7,6,Opción 1,1,3.0,5.0,1,1,1,Mujer,5,7,2400.0,1,1,1,1.0,1.0,1.0,1.0,1.0,1.0,1.0,1.0,1.0,0.0,0.0,Dist,1,1.1240601503759522,0.8827067669172868,1.2781954887218046,1.4285714285714288,1,2400.0,0,0.75
Suj_145,Respuestas de formulario 11,ALM,Dist,1,Bloque_9,1,Opción 2,0,1.3,5.0,0,-1,-1,Mujer,2,5,1000.0,0,-1,-1,-1.0,0.3333333333333333,0.0,0.0,0.0,0.0,0.1666666666666666,0.0,0.1666666666666666,0.1666666666666666,-0.1666666666666666,Dist,0,1.1240601503759522,-0.8172932330827132,-1.7218045112781954,-0.5714285714285712,1,1000.0,0,-0.65
Suj_145,Respuestas de formulario 11,ABC,Dist,1,Bloque_1,2,Opción 1,1,1.3,5.0,0,-1,-1,Mujer,2,5,0.0,0,-1,-1,0.0,0.3333333333333333,0.0,0.0,0.0,0.0,0.1666666666666666,0.0,0.1666666666666666,0.1666666666666666,-0.1666666666666666,Dist,1,1.1240601503759522,-0.8172932330827132,-1.7218045112781954,-0.5714285714285712,1,0.0,1,
Suj_145,Respuestas de formulario 11,AQS,Dist,1,Bloque_5,3,Opción 2,0,1.3,5.0,0,-1,-1,Mujer,2,5,2000.0,0,-1,-1,-1.0,0.3333333333333333,0.0,0.0,0.0,0.0,0.1666666666666666,0.0,0.1666666666666666,0.1666666666666666,-0.1666666666666666,Dist,0,1.1240601503759522,-0.8172932330827132,-1.7218045112781954,-0.5714285714285712,1,2000.0,0,0.35
Suj_145,Respuestas de formulario 11,AEF,Dist,1,Bloque_11,4,Opción 2,0,1.3,5.0,0,-1,-1,Mujer,2,5,1200.0,0,-1,-1,-1.0,0.3333333333333333,0.0,0.0,0.0,0.0,0.1666666666666666,0.0,0.1666666666666666,0.1666666666666666,-0.1666666666666666,Dist,0,1.1240601503759522,-0.8172932330827132,-1.7218045112781954,-0.5714285714285712,1,1200.0,0,-0.45
Suj_145,Respuestas de formulario 11,AGH,Dist,1,Bloque_3,5,Opción 2,0,1.3,5.0,0,-1,-1,Mujer,2,5,0.0,0,-1,-1,0.0,0.3333333333333333,0.0,0.0,0.0,0.0,0.1666666666666666,0.0,0.1666666666666666,0.1666666666666666,-0.1666666666666666,Dist,0,1.1240601503759522,-0.8172932330827132,-1.7218045112781954,-0.5714285714285712,1,0.0,1,
Suj_145,Respuestas de formulario 11,AJK,Dist,1,Bloque_7,6,Opción 2,0,1.3,5.0,0,-1,-1,Mujer,2,5,2400.0,0,-1,-1,-1.0,0.3333333333333333,0.0,0.0,0.0,0.0,0.1666666666666666,0.0,0.1666666666666666,0.1666666666666666,-0.1666666666666666,Dist,0,1.1240601503759522,-0.8172932330827132,-1.7218045112781954,-0.5714285714285712,1,2400.0,0,0.75
Suj_146,Respuestas de formulario 11,ALM,Dist,1,Bloque_9,1,Opción 2,0,2.2,4.0,1,-1,0,Mujer,4,5,1000.0,1,-1,0,0.0,1.0,0.3333333333333333,0.0,0.0,0.0,0.3333333333333333,0.5,0.3333333333333333,-0.1666666666666666,0.1666666666666666,Dist,0,0.1240601503759522,0.08270676691728696,0.27819548872180455,-0.5714285714285712,1,1000.0,0,-0.65
Suj_146,Respuestas de formulario 11,ABC,Dist,1,Bloque_1,2,Opción 1,1,2.2,4.0,1,-1,0,Mujer,4,5,0.0,1,-1,0,1.0,1.0,0.3333333333333333,0.0,0.0,0.0,0.3333333333333333,0.5,0.3333333333333333,-0.1666666666666666,0.1666666666666666,Dist,1,0.1240601503759522,0.08270676691728696,0.27819548872180455,-0.5714285714285712,1,0.0,1,
Suj_146,Respuestas de formulario 11,AQS,Dist,1,Bloque_5,3,Opción 2,0,2.2,4.0,1,-1,0,Mujer,4,5,2000.0,1,-1,0,-1.0,1.0,0.3333333333333333,0.0,0.0,0.0,0.3333333333333333,0.5,0.3333333333333333,-0.1666666666666666,0.1666666666666666,Dist,0,0.1240601503759522,0.08270676691728696,0.27819548872180455,-0.5714285714285712,1,2000.0,0,0.35
Suj_146,Respuestas de formulario 11,AEF,Dist,1,Bloque_11,4,Opción 2,0,2.2,4.0,1,-1,0,Mujer,4,5,1200.0,1,-1,0,0.0,1.0,0.3333333333333333,0.0,0.0,0.0,0.3333333333333333,0.5,0.3333333333333333,-0.1666666666666666,0.1666666666666666,Dist,0,0.1240601503759522,0.08270676691728696,0.27819548872180455,-0.5714285714285712,1,1200.0,0,-0.45
Suj_146,Respuestas de formulario 11,AGH,Dist,1,Bloque_3,5,Opción 1,1,2.2,4.0,1,-1,0,Mujer,4,5,0.0,1,-1,0,1.0,1.0,0.3333333333333333,0.0,0.0,0.0,0.3333333333333333,0.5,0.3333333333333333,-0.1666666666666666,0.1666666666666666,Dist,1,0.1240601503759522,0.08270676691728696,0.27819548872180455,-0.5714285714285712,1,0.0,1,
Suj_146,Respuestas de formulario 11,AJK,Dist,1,Bloque_7,6,Opción 2,0,2.2,4.0,1,-1,0,Mujer,4,5,2400.0,1,-1,0,-1.0,1.0,0.3333333333333333,0.0,0.0,0.0,0.3333333333333333,0.5,0.3333333333333333,-0.1666666666666666,0.1666666666666666,Dist,0,0.1240601503759522,0.08270676691728696,0.27819548872180455,-0.5714285714285712,1,2400.0,0,0.75
Suj_147,Respuestas de formulario 11,ALM,Dist,1,Bloque_9,1,Opción 2,0,2.3,4.333333333333333,1,-1,-1,Hombre,6,8,1000.0,1,-1,-1,-1.0,1.0,0.3333333333333333,0.0,0.0,0.0,0.5,0.3333333333333333,0.3333333333333333,0.1666666666666666,0.0,Dist,0,0.45739348370928523,0.1827067669172866,2.2781954887218046,2.428571428571429,0,1000.0,0,-0.65
Suj_147,Respuestas de formulario 11,ABC,Dist,1,Bloque_1,2,Opción 1,1,2.3,4.333333333333333,1,-1,-1,Hombre,6,8,0.0,1,-1,-1,1.0,1.0,0.3333333333333333,0.0,0.0,0.0,0.5,0.3333333333333333,0.3333333333333333,0.1666666666666666,0.0,Dist,1,0.45739348370928523,0.1827067669172866,2.2781954887218046,2.428571428571429,0,0.0,1,
Suj_147,Respuestas de formulario 11,AQS,Dist,1,Bloque_5,3,Opción 2,0,2.3,4.333333333333333,1,-1,-1,Hombre,6,8,2000.0,1,-1,-1,-1.0,1.0,0.3333333333333333,0.0,0.0,0.0,0.5,0.3333333333333333,0.3333333333333333,0.1666666666666666,0.0,Dist,0,0.45739348370928523,0.1827067669172866,2.2781954887218046,2.428571428571429,0,2000.0,0,0.35
Suj_147,Respuestas de formulario 11,AEF,Dist,1,Bloque_11,4,Opción 2,0,2.3,4.333333333333333,1,-1,-1,Hombre,6,8,1200.0,1,-1,-1,-1.0,1.0,0.3333333333333333,0.0,0.0,0.0,0.5,0.3333333333333333,0.3333333333333333,0.1666666666666666,0.0,Dist,0,0.45739348370928523,0.1827067669172866,2.2781954887218046,2.428571428571429,0,1200.0,0,-0.45
Suj_147,Respuestas de formulario 11,AGH,Dist,1,Bloque_3,5,Opción 1,1,2.3,4.333333333333333,1,-1,-1,Hombre,6,8,0.0,1,-1,-1,1.0,1.0,0.3333333333333333,0.0,0.0,0.0,0.5,0.3333333333333333,0.3333333333333333,0.1666666666666666,0.0,Dist,1,0.45739348370928523,0.1827067669172866,2.2781954887218046,2.428571428571429,0,0.0,1,
Suj_147,Respuestas de formulario 11,AJK,Dist,1,Bloque_7,6,Opción 2,0,2.3,4.333333333333333,1,-1,-1,Hombre,6,8,2400.0,1,-1,-1,-1.0,1.0,0.3333333333333333,0.0,0.0,0.0,0.5,0.3333333333333333,0.3333333333333333,0.1666666666666666,0.0,Dist,0,0.45739348370928523,0.1827067669172866,2.2781954887218046,2.428571428571429,0,2400.0,0,0.75
Suj_148,Respuestas de formulario 11,ALM,Dist,1,Bloque_9,1,Opción 2,0,2.4,3.333333333333333,-1,-1,-1,Hombre,5,5,1000.0,-1,-1,-1,-1.0,0.8333333333333334,0.3333333333333333,0.3333333333333333,0.3333333333333333,0.0,0.5,0.3333333333333333,0.5,0.1666666666666666,-0.1666666666666666,Dist,0,-0.5426065162907148,0.2827067669172867,1.2781954887218046,-0.5714285714285712,0,1000.0,0,-0.65
Suj_148,Respuestas de formulario 11,ABC,Dist,1,Bloque_1,2,Opción 1,1,2.4,3.333333333333333,-1,-1,-1,Hombre,5,5,0.0,-1,-1,-1,-1.0,0.8333333333333334,0.3333333333333333,0.3333333333333333,0.3333333333333333,0.0,0.5,0.3333333333333333,0.5,0.1666666666666666,-0.1666666666666666,Dist,1,-0.5426065162907148,0.2827067669172867,1.2781954887218046,-0.5714285714285712,0,0.0,1,
Suj_148,Respuestas de formulario 11,AQS,Dist,1,Bloque_5,3,Opción 2,0,2.4,3.333333333333333,-1,-1,-1,Hombre,5,5,2000.0,-1,-1,-1,-1.0,0.8333333333333334,0.3333333333333333,0.3333333333333333,0.3333333333333333,0.0,0.5,0.3333333333333333,0.5,0.1666666666666666,-0.1666666666666666,Dist,0,-0.5426065162907148,0.2827067669172867,1.2781954887218046,-0.5714285714285712,0,2000.0,0,0.35
Suj_148,Respuestas de formulario 11,AEF,Dist,1,Bloque_11,4,Opción 1,1,2.4,3.333333333333333,-1,-1,-1,Hombre,5,5,1200.0,-1,-1,-1,-1.0,0.8333333333333334,0.3333333333333333,0.3333333333333333,0.3333333333333333,0.0,0.5,0.3333333333333333,0.5,0.1666666666666666,-0.1666666666666666,Dist,1,-0.5426065162907148,0.2827067669172867,1.2781954887218046,-0.5714285714285712,0,1200.0,0,-0.45
Suj_148,Respuestas de formulario 11,AGH,Dist,1,Bloque_3,5,Opción 1,1,2.4,3.333333333333333,-1,-1,-1,Hombre,5,5,0.0,-1,-1,-1,-1.0,0.8333333333333334,0.3333333333333333,0.3333333333333333,0.3333333333333333,0.0,0.5,0.3333333333333333,0.5,0.1666666666666666,-0.1666666666666666,Dist,1,-0.5426065162907148,0.2827067669172867,1.2781954887218046,-0.5714285714285712,0,0.0,1,
Suj_148,Respuestas de formulario 11,AJK,Dist,1,Bloque_7,6,Opción 2,0,2.4,3.333333333333333,-1,-1,-1,Hombre,5,5,2400.0,-1,-1,-1,-1.0,0.8333333333333334,0.3333333333333333,0.3333333333333333,0.3333333333333333,0.0,0.5,0.3333333333333333,0.5,0.1666666666666666,-0.1666666666666666,Dist,0,-0.5426065162907148,0.2827067669172867,1.2781954887218046,-0.5714285714285712,0,2400.0,0,0.75
Suj_149,Respuestas de formulario 11,ALM,Dist,1,Bloque_9,1,Opción 2,0,2.4,4.333333333333333,-1,-1,-1,Mujer,6,6,1000.0,-1,-1,-1,-1.0,0.0,0.0,0.0,0.0,0.0,0.0,0.0,0.0,0.0,0.0,Dist,0,0.45739348370928523,0.2827067669172867,2.2781954887218046,0.4285714285714288,1,1000.0,0,-0.65
Suj_149,Respuestas de formulario 11,ABC,Dist,1,Bloque_1,2,Opción 2,0,2.4,4.333333333333333,-1,-1,-1,Mujer,6,6,0.0,-1,-1,-1,-1.0,0.0,0.0,0.0,0.0,0.0,0.0,0.0,0.0,0.0,0.0,Dist,0,0.45739348370928523,0.2827067669172867,2.2781954887218046,0.4285714285714288,1,0.0,1,
Suj_149,Respuestas de formulario 11,AQS,Dist,1,Bloque_5,3,Opción 2,0,2.4,4.333333333333333,-1,-1,-1,Mujer,6,6,2000.0,-1,-1,-1,-1.0,0.0,0.0,0.0,0.0,0.0,0.0,0.0,0.0,0.0,0.0,Dist,0,0.45739348370928523,0.2827067669172867,2.2781954887218046,0.4285714285714288,1,2000.0,0,0.35
Suj_149,Respuestas de formulario 11,AEF,Dist,1,Bloque_11,4,Opción 2,0,2.4,4.333333333333333,-1,-1,-1,Mujer,6,6,1200.0,-1,-1,-1,-1.0,0.0,0.0,0.0,0.0,0.0,0.0,0.0,0.0,0.0,0.0,Dist,0,0.45739348370928523,0.2827067669172867,2.2781954887218046,0.4285714285714288,1,1200.0,0,-0.45
Suj_149,Respuestas de formulario 11,AGH,Dist,1,Bloque_3,5,Opción 2,0,2.4,4.333333333333333,-1,-1,-1,Mujer,6,6,0.0,-1,-1,-1,-1.0,0.0,0.0,0.0,0.0,0.0,0.0,0.0,0.0,0.0,0.0,Dist,0,0.45739348370928523,0.2827067669172867,2.2781954887218046,0.4285714285714288,1,0.0,1,
Suj_149,Respuestas de formulario 11,AJK,Dist,1,Bloque_7,6,Opción 2,0,2.4,4.333333333333333,-1,-1,-1,Mujer,6,6,2400.0,-1,-1,-1,-1.0,0.0,0.0,0.0,0.0,0.0,0.0,0.0,0.0,0.0,0.0,Dist,0,0.45739348370928523,0.2827067669172867,2.2781954887218046,0.4285714285714288,1,2400.0,0,0.75
Suj_150,Respuestas de formulario 11,ALM,Dist,1,Bloque_9,1,Opción 2,0,2.9,2.6666666666666665,1,-1,1,No binario,3,6,1000.0,1,-1,1,1.0,0.5,0.0,0.6666666666666666,0.3333333333333333,1.0,0.6666666666666666,0.5,0.3333333333333333,0.1666666666666666,0.1666666666666666,Dist,0,-1.2092731829573813,0.7827067669172867,-0.7218045112781954,0.4285714285714288,0,1000.0,0,-0.65
Suj_150,Respuestas de formulario 11,ABC,Dist,1,Bloque_1,2,Opción 1,1,2.9,2.6666666666666665,1,-1,1,No binario,3,6,0.0,1,-1,1,1.0,0.5,0.0,0.6666666666666666,0.3333333333333333,1.0,0.6666666666666666,0.5,0.3333333333333333,0.1666666666666666,0.1666666666666666,Dist,1,-1.2092731829573813,0.7827067669172867,-0.7218045112781954,0.4285714285714288,0,0.0,1,
Suj_150,Respuestas de formulario 11,AQS,Dist,1,Bloque_5,3,Opción 2,0,2.9,2.6666666666666665,1,-1,1,No binario,3,6,2000.0,1,-1,1,-1.0,0.5,0.0,0.6666666666666666,0.3333333333333333,1.0,0.6666666666666666,0.5,0.3333333333333333,0.1666666666666666,0.1666666666666666,Dist,0,-1.2092731829573813,0.7827067669172867,-0.7218045112781954,0.4285714285714288,0,2000.0,0,0.35
Suj_150,Respuestas de formulario 11,AEF,Dist,1,Bloque_11,4,Opción 2,0,2.9,2.6666666666666665,1,-1,1,No binario,3,6,1200.0,1,-1,1,1.0,0.5,0.0,0.6666666666666666,0.3333333333333333,1.0,0.6666666666666666,0.5,0.3333333333333333,0.1666666666666666,0.1666666666666666,Dist,0,-1.2092731829573813,0.7827067669172867,-0.7218045112781954,0.4285714285714288,0,1200.0,0,-0.45
Suj_150,Respuestas de formulario 11,AGH,Dist,1,Bloque_3,5,Opción 2,0,2.9,2.6666666666666665,1,-1,1,No binario,3,6,0.0,1,-1,1,1.0,0.5,0.0,0.6666666666666666,0.3333333333333333,1.0,0.6666666666666666,0.5,0.3333333333333333,0.1666666666666666,0.1666666666666666,Dist,0,-1.2092731829573813,0.7827067669172867,-0.7218045112781954,0.4285714285714288,0,0.0,1,
Suj_150,Respuestas de formulario 11,AJK,Dist,1,Bloque_7,6,Opción 1,1,2.9,2.6666666666666665,1,-1,1,No binario,3,6,2400.0,1,-1,1,-1.0,0.5,0.0,0.6666666666666666,0.3333333333333333,1.0,0.6666666666666666,0.5,0.3333333333333333,0.1666666666666666,0.1666666666666666,Dist,1,-1.2092731829573813,0.7827067669172867,-0.7218045112781954,0.4285714285714288,0,2400.0,0,0.75
Suj_151,Respuestas de formulario 11,ALM,Dist,1,Bloque_9,1,Opción 2,0,1.9,3.8333333333333335,-1,-1,-1,Hombre,5,4,1000.0,-1,-1,-1,-1.0,0.3333333333333333,0.0,0.0,0.0,0.0,0.1666666666666666,0.0,0.1666666666666666,0.1666666666666666,-0.1666666666666666,Dist,0,-0.042606516290714325,-0.2172932330827133,1.2781954887218046,-1.5714285714285712,0,1000.0,0,-0.65
Suj_151,Respuestas de formulario 11,ABC,Dist,1,Bloque_1,2,Opción 2,0,1.9,3.8333333333333335,-1,-1,-1,Hombre,5,4,0.0,-1,-1,-1,-1.0,0.3333333333333333,0.0,0.0,0.0,0.0,0.1666666666666666,0.0,0.1666666666666666,0.1666666666666666,-0.1666666666666666,Dist,0,-0.042606516290714325,-0.2172932330827133,1.2781954887218046,-1.5714285714285712,0,0.0,1,
Suj_151,Respuestas de formulario 11,AQS,Dist,1,Bloque_5,3,Opción 2,0,1.9,3.8333333333333335,-1,-1,-1,Hombre,5,4,2000.0,-1,-1,-1,-1.0,0.3333333333333333,0.0,0.0,0.0,0.0,0.1666666666666666,0.0,0.1666666666666666,0.1666666666666666,-0.1666666666666666,Dist,0,-0.042606516290714325,-0.2172932330827133,1.2781954887218046,-1.5714285714285712,0,2000.0,0,0.35
Suj_151,Respuestas de formulario 11,AEF,Dist,1,Bloque_11,4,Opción 2,0,1.9,3.8333333333333335,-1,-1,-1,Hombre,5,4,1200.0,-1,-1,-1,-1.0,0.3333333333333333,0.0,0.0,0.0,0.0,0.1666666666666666,0.0,0.1666666666666666,0.1666666666666666,-0.1666666666666666,Dist,0,-0.042606516290714325,-0.2172932330827133,1.2781954887218046,-1.5714285714285712,0,1200.0,0,-0.45
Suj_151,Respuestas de formulario 11,AGH,Dist,1,Bloque_3,5,Opción 1,1,1.9,3.8333333333333335,-1,-1,-1,Hombre,5,4,0.0,-1,-1,-1,-1.0,0.3333333333333333,0.0,0.0,0.0,0.0,0.1666666666666666,0.0,0.1666666666666666,0.1666666666666666,-0.1666666666666666,Dist,1,-0.042606516290714325,-0.2172932330827133,1.2781954887218046,-1.5714285714285712,0,0.0,1,
Suj_151,Respuestas de formulario 11,AJK,Dist,1,Bloque_7,6,Opción 2,0,1.9,3.8333333333333335,-1,-1,-1,Hombre,5,4,2400.0,-1,-1,-1,-1.0,0.3333333333333333,0.0,0.0,0.0,0.0,0.1666666666666666,0.0,0.1666666666666666,0.1666666666666666,-0.1666666666666666,Dist,0,-0.042606516290714325,-0.2172932330827133,1.2781954887218046,-1.5714285714285712,0,2400.0,0,0.75
Suj_152,Respuestas de formulario 12,AQS,Dist,1,Bloque_11,1,Opción 2,0,1.8,4.0,0,-1,-1,Mujer,3,7,1200.0,0,-1,-1,-1.0,0.3333333333333333,0.3333333333333333,0.0,0.3333333333333333,0.3333333333333333,0.3333333333333333,0.5,0.0,-0.1666666666666666,0.5,Dist,0,0.1240601503759522,-0.3172932330827132,-0.7218045112781954,1.4285714285714288,1,1200.0,0,-0.45
Suj_152,Respuestas de formulario 12,AJK,Dist,1,Bloque_3,2,Opción 2,0,1.8,4.0,0,-1,-1,Mujer,3,7,0.0,0,-1,-1,0.0,0.3333333333333333,0.3333333333333333,0.0,0.3333333333333333,0.3333333333333333,0.3333333333333333,0.5,0.0,-0.1666666666666666,0.5,Dist,0,0.1240601503759522,-0.3172932330827132,-0.7218045112781954,1.4285714285714288,1,0.0,1,
Suj_152,Respuestas de formulario 12,ABC,Dist,1,Bloque_9,3,Opción 2,0,1.8,4.0,0,-1,-1,Mujer,3,7,1000.0,0,-1,-1,-1.0,0.3333333333333333,0.3333333333333333,0.0,0.3333333333333333,0.3333333333333333,0.3333333333333333,0.5,0.0,-0.1666666666666666,0.5,Dist,0,0.1240601503759522,-0.3172932330827132,-0.7218045112781954,1.4285714285714288,1,1000.0,0,-0.65
Suj_152,Respuestas de formulario 12,ALM,Dist,1,Bloque_7,4,Opción 2,0,1.8,4.0,0,-1,-1,Mujer,3,7,2400.0,0,-1,-1,-1.0,0.3333333333333333,0.3333333333333333,0.0,0.3333333333333333,0.3333333333333333,0.3333333333333333,0.5,0.0,-0.1666666666666666,0.5,Dist,0,0.1240601503759522,-0.3172932330827132,-0.7218045112781954,1.4285714285714288,1,2400.0,0,0.75
Suj_152,Respuestas de formulario 12,AEF,Dist,1,Bloque_1,5,Opción 2,0,1.8,4.0,0,-1,-1,Mujer,3,7,0.0,0,-1,-1,0.0,0.3333333333333333,0.3333333333333333,0.0,0.3333333333333333,0.3333333333333333,0.3333333333333333,0.5,0.0,-0.1666666666666666,0.5,Dist,0,0.1240601503759522,-0.3172932330827132,-0.7218045112781954,1.4285714285714288,1,0.0,1,
Suj_152,Respuestas de formulario 12,AGH,Dist,1,Bloque_5,6,Opción 2,0,1.8,4.0,0,-1,-1,Mujer,3,7,2000.0,0,-1,-1,-1.0,0.3333333333333333,0.3333333333333333,0.0,0.3333333333333333,0.3333333333333333,0.3333333333333333,0.5,0.0,-0.1666666666666666,0.5,Dist,0,0.1240601503759522,-0.3172932330827132,-0.7218045112781954,1.4285714285714288,1,2000.0,0,0.35
Suj_153,Respuestas de formulario 12,AQS,Dist,1,Bloque_11,1,Opción 1,1,1.8,3.333333333333333,1,-1,1,Hombre,1,5,1200.0,1,-1,1,1.0,0.5,1.0,1.0,0.0,0.0,0.6666666666666666,0.5,0.3333333333333333,0.1666666666666666,0.1666666666666666,Dist,1,-0.5426065162907148,-0.3172932330827132,-2.7218045112781954,-0.5714285714285712,0,1200.0,0,-0.45
Suj_153,Respuestas de formulario 12,AJK,Dist,1,Bloque_3,2,Opción 2,0,1.8,3.333333333333333,1,-1,1,Hombre,1,5,0.0,1,-1,1,1.0,0.5,1.0,1.0,0.0,0.0,0.6666666666666666,0.5,0.3333333333333333,0.1666666666666666,0.1666666666666666,Dist,0,-0.5426065162907148,-0.3172932330827132,-2.7218045112781954,-0.5714285714285712,0,0.0,1,
Suj_153,Respuestas de formulario 12,ABC,Dist,1,Bloque_9,3,Opción 1,1,1.8,3.333333333333333,1,-1,1,Hombre,1,5,1000.0,1,-1,1,1.0,0.5,1.0,1.0,0.0,0.0,0.6666666666666666,0.5,0.3333333333333333,0.1666666666666666,0.1666666666666666,Dist,1,-0.5426065162907148,-0.3172932330827132,-2.7218045112781954,-0.5714285714285712,0,1000.0,0,-0.65
Suj_153,Respuestas de formulario 12,ALM,Dist,1,Bloque_7,4,Opción 2,0,1.8,3.333333333333333,1,-1,1,Hombre,1,5,2400.0,1,-1,1,-1.0,0.5,1.0,1.0,0.0,0.0,0.6666666666666666,0.5,0.3333333333333333,0.1666666666666666,0.1666666666666666,Dist,0,-0.5426065162907148,-0.3172932330827132,-2.7218045112781954,-0.5714285714285712,0,2400.0,0,0.75
Suj_153,Respuestas de formulario 12,AEF,Dist,1,Bloque_1,5,Opción 2,0,1.8,3.333333333333333,1,-1,1,Hombre,1,5,0.0,1,-1,1,1.0,0.5,1.0,1.0,0.0,0.0,0.6666666666666666,0.5,0.3333333333333333,0.1666666666666666,0.1666666666666666,Dist,0,-0.5426065162907148,-0.3172932330827132,-2.7218045112781954,-0.5714285714285712,0,0.0,1,
Suj_153,Respuestas de formulario 12,AGH,Dist,1,Bloque_5,6,Opción 2,0,1.8,3.333333333333333,1,-1,1,Hombre,1,5,2000.0,1,-1,1,-1.0,0.5,1.0,1.0,0.0,0.0,0.6666666666666666,0.5,0.3333333333333333,0.1666666666666666,0.1666666666666666,Dist,0,-0.5426065162907148,-0.3172932330827132,-2.7218045112781954,-0.5714285714285712,0,2000.0,0,0.35
Suj_155,Respuestas de formulario 12,AQS,Dist,1,Bloque_11,1,Opción 1,1,1.7,3.6666666666666665,-1,0,0,Mujer,4,4,1200.0,-1,0,0,0.0,0.1666666666666666,0.6666666666666666,0.6666666666666666,0.6666666666666666,0.0,0.3333333333333333,0.5,0.3333333333333333,-0.1666666666666666,0.1666666666666666,Dist,1,-0.2092731829573813,-0.41729323308271327,0.27819548872180455,-1.5714285714285712,1,1200.0,0,-0.45
Suj_155,Respuestas de formulario 12,AJK,Dist,1,Bloque_3,2,Opción 2,0,1.7,3.6666666666666665,-1,0,0,Mujer,4,4,0.0,-1,0,0,-1.0,0.1666666666666666,0.6666666666666666,0.6666666666666666,0.6666666666666666,0.0,0.3333333333333333,0.5,0.3333333333333333,-0.1666666666666666,0.1666666666666666,Dist,0,-0.2092731829573813,-0.41729323308271327,0.27819548872180455,-1.5714285714285712,1,0.0,1,
Suj_155,Respuestas de formulario 12,ABC,Dist,1,Bloque_9,3,Opción 2,0,1.7,3.6666666666666665,-1,0,0,Mujer,4,4,1000.0,-1,0,0,0.0,0.1666666666666666,0.6666666666666666,0.6666666666666666,0.6666666666666666,0.0,0.3333333333333333,0.5,0.3333333333333333,-0.1666666666666666,0.1666666666666666,Dist,0,-0.2092731829573813,-0.41729323308271327,0.27819548872180455,-1.5714285714285712,1,1000.0,0,-0.65
Suj_155,Respuestas de formulario 12,ALM,Dist,1,Bloque_7,4,Opción 2,0,1.7,3.6666666666666665,-1,0,0,Mujer,4,4,2400.0,-1,0,0,0.0,0.1666666666666666,0.6666666666666666,0.6666666666666666,0.6666666666666666,0.0,0.3333333333333333,0.5,0.3333333333333333,-0.1666666666666666,0.1666666666666666,Dist,0,-0.2092731829573813,-0.41729323308271327,0.27819548872180455,-1.5714285714285712,1,2400.0,0,0.75
Suj_155,Respuestas de formulario 12,AEF,Dist,1,Bloque_1,5,Opción 1,1,1.7,3.6666666666666665,-1,0,0,Mujer,4,4,0.0,-1,0,0,-1.0,0.1666666666666666,0.6666666666666666,0.6666666666666666,0.6666666666666666,0.0,0.3333333333333333,0.5,0.3333333333333333,-0.1666666666666666,0.1666666666666666,Dist,1,-0.2092731829573813,-0.41729323308271327,0.27819548872180455,-1.5714285714285712,1,0.0,1,
Suj_155,Respuestas de formulario 12,AGH,Dist,1,Bloque_5,6,Opción 2,0,1.7,3.6666666666666665,-1,0,0,Mujer,4,4,2000.0,-1,0,0,0.0,0.1666666666666666,0.6666666666666666,0.6666666666666666,0.6666666666666666,0.0,0.3333333333333333,0.5,0.3333333333333333,-0.1666666666666666,0.1666666666666666,Dist,0,-0.2092731829573813,-0.41729323308271327,0.27819548872180455,-1.5714285714285712,1,2000.0,0,0.35
Suj_156,Respuestas de formulario 12,AQS,Dist,1,Bloque_11,1,Opción 2,0,1.6,4.333333333333333,1,-1,-1,Hombre,4,7,1200.0,1,-1,-1,-1.0,0.8333333333333334,0.0,0.0,0.0,0.0,0.3333333333333333,0.3333333333333333,0.1666666666666666,0.0,0.1666666666666666,Dist,0,0.45739348370928523,-0.5172932330827131,0.27819548872180455,1.4285714285714288,0,1200.0,0,-0.45
Suj_156,Respuestas de formulario 12,AJK,Dist,1,Bloque_3,2,Opción 1,1,1.6,4.333333333333333,1,-1,-1,Hombre,4,7,0.0,1,-1,-1,1.0,0.8333333333333334,0.0,0.0,0.0,0.0,0.3333333333333333,0.3333333333333333,0.1666666666666666,0.0,0.1666666666666666,Dist,1,0.45739348370928523,-0.5172932330827131,0.27819548872180455,1.4285714285714288,0,0.0,1,
Suj_156,Respuestas de formulario 12,ABC,Dist,1,Bloque_9,3,Opción 2,0,1.6,4.333333333333333,1,-1,-1,Hombre,4,7,1000.0,1,-1,-1,-1.0,0.8333333333333334,0.0,0.0,0.0,0.0,0.3333333333333333,0.3333333333333333,0.1666666666666666,0.0,0.1666666666666666,Dist,0,0.45739348370928523,-0.5172932330827131,0.27819548872180455,1.4285714285714288,0,1000.0,0,-0.65
Suj_156,Respuestas de formulario 12,ALM,Dist,1,Bloque_7,4,Opción 2,0,1.6,4.333333333333333,1,-1,-1,Hombre,4,7,2400.0,1,-1,-1,-1.0,0.8333333333333334,0.0,0.0,0.0,0.0,0.3333333333333333,0.3333333333333333,0.1666666666666666,0.0,0.1666666666666666,Dist,0,0.45739348370928523,-0.5172932330827131,0.27819548872180455,1.4285714285714288,0,2400.0,0,0.75
Suj_156,Respuestas de formulario 12,AEF,Dist,1,Bloque_1,5,Opción 2,0,1.6,4.333333333333333,1,-1,-1,Hombre,4,7,0.0,1,-1,-1,1.0,0.8333333333333334,0.0,0.0,0.0,0.0,0.3333333333333333,0.3333333333333333,0.1666666666666666,0.0,0.1666666666666666,Dist,0,0.45739348370928523,-0.5172932330827131,0.27819548872180455,1.4285714285714288,0,0.0,1,
Suj_156,Respuestas de formulario 12,AGH,Dist,1,Bloque_5,6,Opción 2,0,1.6,4.333333333333333,1,-1,-1,Hombre,4,7,2000.0,1,-1,-1,-1.0,0.8333333333333334,0.0,0.0,0.0,0.0,0.3333333333333333,0.3333333333333333,0.1666666666666666,0.0,0.1666666666666666,Dist,0,0.45739348370928523,-0.5172932330827131,0.27819548872180455,1.4285714285714288,0,2000.0,0,0.35
Suj_157,Respuestas de formulario 12,AQS,Dist,1,Bloque_11,1,Opción 2,0,1.1,3.6666666666666665,0,-1,-1,Hombre,3,4,1200.0,0,-1,-1,-1.0,0.3333333333333333,0.0,0.0,0.0,0.0,0.1666666666666666,0.0,0.1666666666666666,0.1666666666666666,-0.1666666666666666,Dist,0,-0.2092731829573813,-1.0172932330827131,-0.7218045112781954,-1.5714285714285712,0,1200.0,0,-0.45
Suj_157,Respuestas de formulario 12,AJK,Dist,1,Bloque_3,2,Opción 2,0,1.1,3.6666666666666665,0,-1,-1,Hombre,3,4,0.0,0,-1,-1,0.0,0.3333333333333333,0.0,0.0,0.0,0.0,0.1666666666666666,0.0,0.1666666666666666,0.1666666666666666,-0.1666666666666666,Dist,0,-0.2092731829573813,-1.0172932330827131,-0.7218045112781954,-1.5714285714285712,0,0.0,1,
Suj_157,Respuestas de formulario 12,ABC,Dist,1,Bloque_9,3,Opción 2,0,1.1,3.6666666666666665,0,-1,-1,Hombre,3,4,1000.0,0,-1,-1,-1.0,0.3333333333333333,0.0,0.0,0.0,0.0,0.1666666666666666,0.0,0.1666666666666666,0.1666666666666666,-0.1666666666666666,Dist,0,-0.2092731829573813,-1.0172932330827131,-0.7218045112781954,-1.5714285714285712,0,1000.0,0,-0.65
Suj_157,Respuestas de formulario 12,ALM,Dist,1,Bloque_7,4,Opción 2,0,1.1,3.6666666666666665,0,-1,-1,Hombre,3,4,2400.0,0,-1,-1,-1.0,0.3333333333333333,0.0,0.0,0.0,0.0,0.1666666666666666,0.0,0.1666666666666666,0.1666666666666666,-0.1666666666666666,Dist,0,-0.2092731829573813,-1.0172932330827131,-0.7218045112781954,-1.5714285714285712,0,2400.0,0,0.75
Suj_157,Respuestas de formulario 12,AEF,Dist,1,Bloque_1,5,Opción 1,1,1.1,3.6666666666666665,0,-1,-1,Hombre,3,4,0.0,0,-1,-1,0.0,0.3333333333333333,0.0,0.0,0.0,0.0,0.1666666666666666,0.0,0.1666666666666666,0.1666666666666666,-0.1666666666666666,Dist,1,-0.2092731829573813,-1.0172932330827131,-0.7218045112781954,-1.5714285714285712,0,0.0,1,
Suj_157,Respuestas de formulario 12,AGH,Dist,1,Bloque_5,6,Opción 2,0,1.1,3.6666666666666665,0,-1,-1,Hombre,3,4,2000.0,0,-1,-1,-1.0,0.3333333333333333,0.0,0.0,0.0,0.0,0.1666666666666666,0.0,0.1666666666666666,0.1666666666666666,-0.1666666666666666,Dist,0,-0.2092731829573813,-1.0172932330827131,-0.7218045112781954,-1.5714285714285712,0,2000.0,0,0.35
Suj_158,Respuestas de formulario 12,AQS,Dist,1,Bloque_11,1,Opción 1,1,1.2,4.833333333333333,1,0,1,Mujer,3,6,1200.0,1,0,1,1.0,1.0,1.0,1.0,1.0,0.6666666666666666,1.0,1.0,0.8333333333333334,0.0,0.1666666666666666,Dist,1,0.9573934837092852,-0.9172932330827133,-0.7218045112781954,0.4285714285714288,1,1200.0,0,-0.45
Suj_158,Respuestas de formulario 12,AJK,Dist,1,Bloque_3,2,Opción 1,1,1.2,4.833333333333333,1,0,1,Mujer,3,6,0.0,1,0,1,1.0,1.0,1.0,1.0,1.0,0.6666666666666666,1.0,1.0,0.8333333333333334,0.0,0.1666666666666666,Dist,1,0.9573934837092852,-0.9172932330827133,-0.7218045112781954,0.4285714285714288,1,0.0,1,
Suj_158,Respuestas de formulario 12,ABC,Dist,1,Bloque_9,3,Opción 1,1,1.2,4.833333333333333,1,0,1,Mujer,3,6,1000.0,1,0,1,1.0,1.0,1.0,1.0,1.0,0.6666666666666666,1.0,1.0,0.8333333333333334,0.0,0.1666666666666666,Dist,1,0.9573934837092852,-0.9172932330827133,-0.7218045112781954,0.4285714285714288,1,1000.0,0,-0.65
Suj_158,Respuestas de formulario 12,ALM,Dist,1,Bloque_7,4,Opción 2,0,1.2,4.833333333333333,1,0,1,Mujer,3,6,2400.0,1,0,1,0.0,1.0,1.0,1.0,1.0,0.6666666666666666,1.0,1.0,0.8333333333333334,0.0,0.1666666666666666,Dist,0,0.9573934837092852,-0.9172932330827133,-0.7218045112781954,0.4285714285714288,1,2400.0,0,0.75
Suj_158,Respuestas de formulario 12,AEF,Dist,1,Bloque_1,5,Opción 1,1,1.2,4.833333333333333,1,0,1,Mujer,3,6,0.0,1,0,1,1.0,1.0,1.0,1.0,1.0,0.6666666666666666,1.0,1.0,0.8333333333333334,0.0,0.1666666666666666,Dist,1,0.9573934837092852,-0.9172932330827133,-0.7218045112781954,0.4285714285714288,1,0.0,1,
Suj_158,Respuestas de formulario 12,AGH,Dist,1,Bloque_5,6,Opción 1,1,1.2,4.833333333333333,1,0,1,Mujer,3,6,2000.0,1,0,1,0.0,1.0,1.0,1.0,1.0,0.6666666666666666,1.0,1.0,0.8333333333333334,0.0,0.1666666666666666,Dist,1,0.9573934837092852,-0.9172932330827133,-0.7218045112781954,0.4285714285714288,1,2000.0,0,0.35
Suj_159,Respuestas de formulario 12,AQS,Dist,1,Bloque_11,1,Opción 1,1,3.8,3.5,1,1,1,Hombre,6,4,1200.0,1,1,1,1.0,0.8333333333333334,0.3333333333333333,0.3333333333333333,0.0,0.0,0.3333333333333333,0.3333333333333333,0.5,0.0,-0.1666666666666666,Dist,1,-0.3759398496240478,1.6827067669172866,2.2781954887218046,-1.5714285714285712,0,1200.0,0,-0.45
Suj_159,Respuestas de formulario 12,AJK,Dist,1,Bloque_3,2,Opción 2,0,3.8,3.5,1,1,1,Hombre,6,4,0.0,1,1,1,1.0,0.8333333333333334,0.3333333333333333,0.3333333333333333,0.0,0.0,0.3333333333333333,0.3333333333333333,0.5,0.0,-0.1666666666666666,Dist,0,-0.3759398496240478,1.6827067669172866,2.2781954887218046,-1.5714285714285712,0,0.0,1,
Suj_159,Respuestas de formulario 12,ABC,Dist,1,Bloque_9,3,Opción 1,1,3.8,3.5,1,1,1,Hombre,6,4,1000.0,1,1,1,1.0,0.8333333333333334,0.3333333333333333,0.3333333333333333,0.0,0.0,0.3333333333333333,0.3333333333333333,0.5,0.0,-0.1666666666666666,Dist,1,-0.3759398496240478,1.6827067669172866,2.2781954887218046,-1.5714285714285712,0,1000.0,0,-0.65
Suj_159,Respuestas de formulario 12,ALM,Dist,1,Bloque_7,4,Opción 2,0,3.8,3.5,1,1,1,Hombre,6,4,2400.0,1,1,1,1.0,0.8333333333333334,0.3333333333333333,0.3333333333333333,0.0,0.0,0.3333333333333333,0.3333333333333333,0.5,0.0,-0.1666666666666666,Dist,0,-0.3759398496240478,1.6827067669172866,2.2781954887218046,-1.5714285714285712,0,2400.0,0,0.75
Suj_159,Respuestas de formulario 12,AEF,Dist,1,Bloque_1,5,Opción 1,1,3.8,3.5,1,1,1,Hombre,6,4,0.0,1,1,1,1.0,0.8333333333333334,0.3333333333333333,0.3333333333333333,0.0,0.0,0.3333333333333333,0.3333333333333333,0.5,0.0,-0.1666666666666666,Dist,1,-0.3759398496240478,1.6827067669172866,2.2781954887218046,-1.5714285714285712,0,0.0,1,
Suj_159,Respuestas de formulario 12,AGH,Dist,1,Bloque_5,6,Opción 2,0,3.8,3.5,1,1,1,Hombre,6,4,2000.0,1,1,1,1.0,0.8333333333333334,0.3333333333333333,0.3333333333333333,0.0,0.0,0.3333333333333333,0.3333333333333333,0.5,0.0,-0.1666666666666666,Dist,0,-0.3759398496240478,1.6827067669172866,2.2781954887218046,-1.5714285714285712,0,2000.0,0,0.35
Suj_160,Respuestas de formulario 12,AQS,Dist,1,Bloque_11,1,Opción 2,0,1.3,4.166666666666667,-1,-1,-1,Hombre,3,6,1200.0,-1,-1,-1,-1.0,0.1666666666666666,0.0,0.0,0.0,0.0,0.0,0.0,0.1666666666666666,0.0,-0.1666666666666666,Dist,0,0.29072681704261916,-0.8172932330827132,-0.7218045112781954,0.4285714285714288,0,1200.0,0,-0.45
Suj_160,Respuestas de formulario 12,AJK,Dist,1,Bloque_3,2,Opción 2,0,1.3,4.166666666666667,-1,-1,-1,Hombre,3,6,0.0,-1,-1,-1,-1.0,0.1666666666666666,0.0,0.0,0.0,0.0,0.0,0.0,0.1666666666666666,0.0,-0.1666666666666666,Dist,0,0.29072681704261916,-0.8172932330827132,-0.7218045112781954,0.4285714285714288,0,0.0,1,
Suj_160,Respuestas de formulario 12,ABC,Dist,1,Bloque_9,3,Opción 2,0,1.3,4.166666666666667,-1,-1,-1,Hombre,3,6,1000.0,-1,-1,-1,-1.0,0.1666666666666666,0.0,0.0,0.0,0.0,0.0,0.0,0.1666666666666666,0.0,-0.1666666666666666,Dist,0,0.29072681704261916,-0.8172932330827132,-0.7218045112781954,0.4285714285714288,0,1000.0,0,-0.65
Suj_160,Respuestas de formulario 12,ALM,Dist,1,Bloque_7,4,Opción 2,0,1.3,4.166666666666667,-1,-1,-1,Hombre,3,6,2400.0,-1,-1,-1,-1.0,0.1666666666666666,0.0,0.0,0.0,0.0,0.0,0.0,0.1666666666666666,0.0,-0.1666666666666666,Dist,0,0.29072681704261916,-0.8172932330827132,-0.7218045112781954,0.4285714285714288,0,2400.0,0,0.75
Suj_160,Respuestas de formulario 12,AEF,Dist,1,Bloque_1,5,Opción 1,1,1.3,4.166666666666667,-1,-1,-1,Hombre,3,6,0.0,-1,-1,-1,-1.0,0.1666666666666666,0.0,0.0,0.0,0.0,0.0,0.0,0.1666666666666666,0.0,-0.1666666666666666,Dist,1,0.29072681704261916,-0.8172932330827132,-0.7218045112781954,0.4285714285714288,0,0.0,1,
Suj_160,Respuestas de formulario 12,AGH,Dist,1,Bloque_5,6,Opción 2,0,1.3,4.166666666666667,-1,-1,-1,Hombre,3,6,2000.0,-1,-1,-1,-1.0,0.1666666666666666,0.0,0.0,0.0,0.0,0.0,0.0,0.1666666666666666,0.0,-0.1666666666666666,Dist,0,0.29072681704261916,-0.8172932330827132,-0.7218045112781954,0.4285714285714288,0,2000.0,0,0.35
Suj_161,Respuestas de formulario 12,AQS,Dist,1,Bloque_11,1,Opción 2,0,1.2,4.333333333333333,0,-1,-1,Mujer,2,3,1200.0,0,-1,-1,-1.0,0.5,0.0,0.0,0.0,0.0,0.1666666666666666,0.1666666666666666,0.1666666666666666,0.0,0.0,Dist,0,0.45739348370928523,-0.9172932330827133,-1.7218045112781954,-2.571428571428571,1,1200.0,0,-0.45
Suj_161,Respuestas de formulario 12,AJK,Dist,1,Bloque_3,2,Opción 2,0,1.2,4.333333333333333,0,-1,-1,Mujer,2,3,0.0,0,-1,-1,0.0,0.5,0.0,0.0,0.0,0.0,0.1666666666666666,0.1666666666666666,0.1666666666666666,0.0,0.0,Dist,0,0.45739348370928523,-0.9172932330827133,-1.7218045112781954,-2.571428571428571,1,0.0,1,
Suj_161,Respuestas de formulario 12,ABC,Dist,1,Bloque_9,3,Opción 2,0,1.2,4.333333333333333,0,-1,-1,Mujer,2,3,1000.0,0,-1,-1,-1.0,0.5,0.0,0.0,0.0,0.0,0.1666666666666666,0.1666666666666666,0.1666666666666666,0.0,0.0,Dist,0,0.45739348370928523,-0.9172932330827133,-1.7218045112781954,-2.571428571428571,1,1000.0,0,-0.65
Suj_161,Respuestas de formulario 12,ALM,Dist,1,Bloque_7,4,Opción 2,0,1.2,4.333333333333333,0,-1,-1,Mujer,2,3,2400.0,0,-1,-1,-1.0,0.5,0.0,0.0,0.0,0.0,0.1666666666666666,0.1666666666666666,0.1666666666666666,0.0,0.0,Dist,0,0.45739348370928523,-0.9172932330827133,-1.7218045112781954,-2.571428571428571,1,2400.0,0,0.75
Suj_161,Respuestas de formulario 12,AEF,Dist,1,Bloque_1,5,Opción 1,1,1.2,4.333333333333333,0,-1,-1,Mujer,2,3,0.0,0,-1,-1,0.0,0.5,0.0,0.0,0.0,0.0,0.1666666666666666,0.1666666666666666,0.1666666666666666,0.0,0.0,Dist,1,0.45739348370928523,-0.9172932330827133,-1.7218045112781954,-2.571428571428571,1,0.0,1,
Suj_161,Respuestas de formulario 12,AGH,Dist,1,Bloque_5,6,Opción 2,0,1.2,4.333333333333333,0,-1,-1,Mujer,2,3,2000.0,0,-1,-1,-1.0,0.5,0.0,0.0,0.0,0.0,0.1666666666666666,0.1666666666666666,0.1666666666666666,0.0,0.0,Dist,0,0.45739348370928523,-0.9172932330827133,-1.7218045112781954,-2.571428571428571,1,2000.0,0,0.35
Suj_162,Respuestas de formulario 12,AQS,Dist,1,Bloque_11,1,Opción 2,0,1.0,5.0,0,-1,-1,Mujer,4,10,1200.0,0,-1,-1,-1.0,0.5,1.0,0.6666666666666666,0.6666666666666666,0.3333333333333333,0.8333333333333334,0.6666666666666666,0.3333333333333333,0.1666666666666667,0.3333333333333333,Dist,0,1.1240601503759522,-1.1172932330827132,0.27819548872180455,4.428571428571429,1,1200.0,0,-0.45
Suj_162,Respuestas de formulario 12,AJK,Dist,1,Bloque_3,2,Opción 2,0,1.0,5.0,0,-1,-1,Mujer,4,10,0.0,0,-1,-1,0.0,0.5,1.0,0.6666666666666666,0.6666666666666666,0.3333333333333333,0.8333333333333334,0.6666666666666666,0.3333333333333333,0.1666666666666667,0.3333333333333333,Dist,0,1.1240601503759522,-1.1172932330827132,0.27819548872180455,4.428571428571429,1,0.0,1,
Suj_162,Respuestas de formulario 12,ABC,Dist,1,Bloque_9,3,Opción 1,1,1.0,5.0,0,-1,-1,Mujer,4,10,1000.0,0,-1,-1,-1.0,0.5,1.0,0.6666666666666666,0.6666666666666666,0.3333333333333333,0.8333333333333334,0.6666666666666666,0.3333333333333333,0.1666666666666667,0.3333333333333333,Dist,1,1.1240601503759522,-1.1172932330827132,0.27819548872180455,4.428571428571429,1,1000.0,0,-0.65
Suj_162,Respuestas de formulario 12,ALM,Dist,1,Bloque_7,4,Opción 2,0,1.0,5.0,0,-1,-1,Mujer,4,10,2400.0,0,-1,-1,-1.0,0.5,1.0,0.6666666666666666,0.6666666666666666,0.3333333333333333,0.8333333333333334,0.6666666666666666,0.3333333333333333,0.1666666666666667,0.3333333333333333,Dist,0,1.1240601503759522,-1.1172932330827132,0.27819548872180455,4.428571428571429,1,2400.0,0,0.75
Suj_162,Respuestas de formulario 12,AEF,Dist,1,Bloque_1,5,Opción 2,0,1.0,5.0,0,-1,-1,Mujer,4,10,0.0,0,-1,-1,0.0,0.5,1.0,0.6666666666666666,0.6666666666666666,0.3333333333333333,0.8333333333333334,0.6666666666666666,0.3333333333333333,0.1666666666666667,0.3333333333333333,Dist,0,1.1240601503759522,-1.1172932330827132,0.27819548872180455,4.428571428571429,1,0.0,1,
Suj_162,Respuestas de formulario 12,AGH,Dist,1,Bloque_5,6,Opción 1,1,1.0,5.0,0,-1,-1,Mujer,4,10,2000.0,0,-1,-1,-1.0,0.5,1.0,0.6666666666666666,0.6666666666666666,0.3333333333333333,0.8333333333333334,0.6666666666666666,0.3333333333333333,0.1666666666666667,0.3333333333333333,Dist,1,1.1240601503759522,-1.1172932330827132,0.27819548872180455,4.428571428571429,1,2000.0,0,0.35
Suj_163,Respuestas de formulario 7,ALM,Bloque_SIN,1,Bloque_9,1,Opción 2,0,1.6,4.166666666666667,-1,-1,-1,Mujer,4,5,1000.0,-1,-1,-1,-1.0,1.0,0.0,0.0,0.3333333333333333,0.0,0.3333333333333333,0.5,0.3333333333333333,-0.1666666666666666,0.1666666666666666,Bloque_SIN,0,0.29072681704261916,-0.5172932330827131,0.27819548872180455,-0.5714285714285712,1,1000.0,0,-0.65
Suj_163,Respuestas de formulario 7,ABC,Bloque_SIN,1,Bloque_1,2,Opción 1,1,1.6,4.166666666666667,-1,-1,-1,Mujer,4,5,0.0,-1,-1,-1,-1.0,1.0,0.0,0.0,0.3333333333333333,0.0,0.3333333333333333,0.5,0.3333333333333333,-0.1666666666666666,0.1666666666666666,Bloque_SIN,1,0.29072681704261916,-0.5172932330827131,0.27819548872180455,-0.5714285714285712,1,0.0,1,
Suj_163,Respuestas de formulario 7,AQS,Bloque_SIN,1,Bloque_5,3,Opción 1,1,1.6,4.166666666666667,-1,-1,-1,Mujer,4,5,2000.0,-1,-1,-1,-1.0,1.0,0.0,0.0,0.3333333333333333,0.0,0.3333333333333333,0.5,0.3333333333333333,-0.1666666666666666,0.1666666666666666,Bloque_SIN,1,0.29072681704261916,-0.5172932330827131,0.27819548872180455,-0.5714285714285712,1,2000.0,0,0.35
Suj_163,Respuestas de formulario 7,AEF,Bloque_SIN,1,Bloque_11,4,Opción 2,0,1.6,4.166666666666667,-1,-1,-1,Mujer,4,5,1200.0,-1,-1,-1,-1.0,1.0,0.0,0.0,0.3333333333333333,0.0,0.3333333333333333,0.5,0.3333333333333333,-0.1666666666666666,0.1666666666666666,Bloque_SIN,0,0.29072681704261916,-0.5172932330827131,0.27819548872180455,-0.5714285714285712,1,1200.0,0,-0.45
Suj_163,Respuestas de formulario 7,AGH,Bloque_SIN,1,Bloque_3,5,Opción 1,1,1.6,4.166666666666667,-1,-1,-1,Mujer,4,5,0.0,-1,-1,-1,-1.0,1.0,0.0,0.0,0.3333333333333333,0.0,0.3333333333333333,0.5,0.3333333333333333,-0.1666666666666666,0.1666666666666666,Bloque_SIN,1,0.29072681704261916,-0.5172932330827131,0.27819548872180455,-0.5714285714285712,1,0.0,1,
Suj_163,Respuestas de formulario 7,AJK,Bloque_SIN,1,Bloque_7,6,Opción 2,0,1.6,4.166666666666667,-1,-1,-1,Mujer,4,5,2400.0,-1,-1,-1,-1.0,1.0,0.0,0.0,0.3333333333333333,0.0,0.3333333333333333,0.5,0.3333333333333333,-0.1666666666666666,0.1666666666666666,Bloque_SIN,0,0.29072681704261916,-0.5172932330827131,0.27819548872180455,-0.5714285714285712,1,2400.0,0,0.75
Suj_164,Respuestas de formulario 5,ABC,Bloque_SIN,1,Bloque_7,1,Opción 2,0,1.4,3.5,-1,1,-1,Hombre,3,6,2400.0,-1,1,-1,1.0,0.5,1.0,0.6666666666666666,0.0,0.0,0.5,0.3333333333333333,0.5,0.1666666666666666,-0.1666666666666666,Bloque_SIN,0,-0.3759398496240478,-0.7172932330827133,-0.7218045112781954,0.4285714285714288,0,2400.0,0,0.75
Suj_164,Respuestas de formulario 5,AEF,Bloque_SIN,1,Bloque_3,2,Opción 1,1,1.4,3.5,-1,1,-1,Hombre,3,6,0.0,-1,1,-1,-1.0,0.5,1.0,0.6666666666666666,0.0,0.0,0.5,0.3333333333333333,0.5,0.1666666666666666,-0.1666666666666666,Bloque_SIN,1,-0.3759398496240478,-0.7172932330827133,-0.7218045112781954,0.4285714285714288,0,0.0,1,
Suj_164,Respuestas de formulario 5,AJK,Bloque_SIN,1,Bloque_1,3,Opción 2,0,1.4,3.5,-1,1,-1,Hombre,3,6,0.0,-1,1,-1,-1.0,0.5,1.0,0.6666666666666666,0.0,0.0,0.5,0.3333333333333333,0.5,0.1666666666666666,-0.1666666666666666,Bloque_SIN,0,-0.3759398496240478,-0.7172932330827133,-0.7218045112781954,0.4285714285714288,0,0.0,1,
Suj_164,Respuestas de formulario 5,AGH,Bloque_SIN,1,Bloque_9,4,Opción 1,1,1.4,3.5,-1,1,-1,Hombre,3,6,1000.0,-1,1,-1,-1.0,0.5,1.0,0.6666666666666666,0.0,0.0,0.5,0.3333333333333333,0.5,0.1666666666666666,-0.1666666666666666,Bloque_SIN,1,-0.3759398496240478,-0.7172932330827133,-0.7218045112781954,0.4285714285714288,0,1000.0,0,-0.65
Suj_164,Respuestas de formulario 5,ALM,Bloque_SIN,1,Bloque_5,5,Opción 2,0,1.4,3.5,-1,1,-1,Hombre,3,6,2000.0,-1,1,-1,1.0,0.5,1.0,0.6666666666666666,0.0,0.0,0.5,0.3333333333333333,0.5,0.1666666666666666,-0.1666666666666666,Bloque_SIN,0,-0.3759398496240478,-0.7172932330827133,-0.7218045112781954,0.4285714285714288,0,2000.0,0,0.35
Suj_164,Respuestas de formulario 5,AQS,Bloque_SIN,1,Bloque_11,6,Opción 2,0,1.4,3.5,-1,1,-1,Hombre,3,6,1200.0,-1,1,-1,-1.0,0.5,1.0,0.6666666666666666,0.0,0.0,0.5,0.3333333333333333,0.5,0.1666666666666666,-0.1666666666666666,Bloque_SIN,0,-0.3759398496240478,-0.7172932330827133,-0.7218045112781954,0.4285714285714288,0,1200.0,0,-0.45
Suj_165,Respuestas de formulario 9,ABC,Dist,1,Bloque_11,1,Opción 2,0,1.5,4.666666666666667,-1,-1,-1,Mujer,5,4,1200.0,-1,-1,-1,-1.0,0.0,0.0,0.0,0.0,0.0,0.0,0.0,0.0,0.0,0.0,Dist,0,0.7907268170426192,-0.6172932330827132,1.2781954887218046,-1.5714285714285712,1,1200.0,0,-0.45
Suj_165,Respuestas de formulario 9,AEF,Dist,1,Bloque_3,2,Opción 2,0,1.5,4.666666666666667,-1,-1,-1,Mujer,5,4,0.0,-1,-1,-1,-1.0,0.0,0.0,0.0,0.0,0.0,0.0,0.0,0.0,0.0,0.0,Dist,0,0.7907268170426192,-0.6172932330827132,1.2781954887218046,-1.5714285714285712,1,0.0,1,
Suj_165,Respuestas de formulario 9,AJK,Dist,1,Bloque_9,3,Opción 2,0,1.5,4.666666666666667,-1,-1,-1,Mujer,5,4,1000.0,-1,-1,-1,-1.0,0.0,0.0,0.0,0.0,0.0,0.0,0.0,0.0,0.0,0.0,Dist,0,0.7907268170426192,-0.6172932330827132,1.2781954887218046,-1.5714285714285712,1,1000.0,0,-0.65
Suj_165,Respuestas de formulario 9,AGH,Dist,1,Bloque_7,4,Opción 2,0,1.5,4.666666666666667,-1,-1,-1,Mujer,5,4,2400.0,-1,-1,-1,-1.0,0.0,0.0,0.0,0.0,0.0,0.0,0.0,0.0,0.0,0.0,Dist,0,0.7907268170426192,-0.6172932330827132,1.2781954887218046,-1.5714285714285712,1,2400.0,0,0.75
Suj_165,Respuestas de formulario 9,ALM,Dist,1,Bloque_1,5,Opción 2,0,1.5,4.666666666666667,-1,-1,-1,Mujer,5,4,0.0,-1,-1,-1,-1.0,0.0,0.0,0.0,0.0,0.0,0.0,0.0,0.0,0.0,0.0,Dist,0,0.7907268170426192,-0.6172932330827132,1.2781954887218046,-1.5714285714285712,1,0.0,1,
Suj_165,Respuestas de formulario 9,AQS,Dist,1,Bloque_5,6,Opción 2,0,1.5,4.666666666666667,-1,-1,-1,Mujer,5,4,2000.0,-1,-1,-1,-1.0,0.0,0.0,0.0,0.0,0.0,0.0,0.0,0.0,0.0,0.0,Dist,0,0.7907268170426192,-0.6172932330827132,1.2781954887218046,-1.5714285714285712,1,2000.0,0,0.35
