ID_Sujeto,Origen_Form,Identidad,Bloque,Dilema,Categoria,Respuesta,Mantiene,SDO_Score,NDC_Score,expectativa_sin,expectativa_grande,expectativa_pequeña,Genero,politica,nivel_se,Gap_Size,expectativa_sin_num,expectativa_grande_num,expectativa_pequeña_num,Expectativa_Activa,Promedio_Gap_0,Promedio_Gap_1000,Promedio_Gap_1200,Promedio_Gap_2000,Promedio_Gap_2400,Promedio_CON,Promedio_SIN,Promedio_DIST,Delta_Mantiene,Delta_base,Condicion,NDC_Group
Suj_004,Respuestas de formulario 1,ABC,Bloque_1,Bloque_CON,1,Opción 2,0,2.9,5.0,0,1,1,Mujer,6,6,0,0,1,1,0,0.5,0.0,0.0,0.0,0.3333333333333333,0.3333333333333333,0.1666666666666666,0.1666666666666666,0.1666666666666666,0.0,CON,High NDC
Suj_004,Respuestas de formulario 1,AEF,Bloque_5,Bloque_CON,2,Opción 2,0,2.9,5.0,0,1,1,Mujer,6,6,2000,0,1,1,1,0.5,0.0,0.0,0.0,0.3333333333333333,0.3333333333333333,0.1666666666666666,0.1666666666666666,0.1666666666666666,0.0,CON,High NDC
Suj_004,Respuestas de formulario 1,AJK,Bloque_7,Bloque_CON,3,Opción 1,1,2.9,5.0,0,1,1,Mujer,6,6,2400,0,1,1,1,0.5,0.0,0.0,0.0,0.3333333333333333,0.3333333333333333,0.1666666666666666,0.1666666666666666,0.1666666666666666,0.0,CON,High NDC
Suj_004,Respuestas de formulario 1,AGH,Bloque_3,Bloque_CON,4,Opción 1,1,2.9,5.0,0,1,1,Mujer,6,6,0,0,1,1,0,0.5,0.0,0.0,0.0,0.3333333333333333,0.3333333333333333,0.1666666666666666,0.1666666666666666,0.1666666666666666,0.0,CON,High NDC
Suj_004,Respuestas de formulario 1,ALM,Bloque_9,Bloque_CON,5,Opción 2,0,2.9,5.0,0,1,1,Mujer,6,6,1000,0,1,1,1,0.5,0.0,0.0,0.0,0.3333333333333333,0.3333333333333333,0.1666666666666666,0.1666666666666666,0.1666666666666666,0.0,CON,High NDC
Suj_004,Respuestas de formulario 1,AQS,Bloque_11,Bloque_CON,6,Opción 2,0,2.9,5.0,0,1,1,Mujer,6,6,1200,0,1,1,1,0.5,0.0,0.0,0.0,0.3333333333333333,0.3333333333333333,0.1666666666666666,0.1666666666666666,0.1666666666666666,0.0,CON,High NDC
Suj_004,Respuestas de formulario 1,ABC,Bloque_1,Dist,1,Opción 1,1,2.9,5.0,0,1,1,Mujer,6,6,0,0,1,1,0,0.5,0.0,0.0,0.0,0.3333333333333333,0.3333333333333333,0.1666666666666666,0.1666666666666666,0.1666666666666666,0.0,DIST,High NDC
Suj_004,Respuestas de formulario 1,AEF,Bloque_5,Dist,2,Opción 2,0,2.9,5.0,0,1,1,Mujer,6,6,2000,0,1,1,1,0.5,0.0,0.0,0.0,0.3333333333333333,0.3333333333333333,0.1666666666666666,0.1666666666666666,0.1666666666666666,0.0,DIST,High NDC
Suj_004,Respuestas de formulario 1,AJK,Bloque_7,Dist,3,Opción 2,0,2.9,5.0,0,1,1,Mujer,6,6,2400,0,1,1,1,0.5,0.0,0.0,0.0,0.3333333333333333,0.3333333333333333,0.1666666666666666,0.1666666666666666,0.1666666666666666,0.0,DIST,High NDC
Suj_004,Respuestas de formulario 1,AGH,Bloque_3,Dist,4,Opción 2,0,2.9,5.0,0,1,1,Mujer,6,6,0,0,1,1,0,0.5,0.0,0.0,0.0,0.3333333333333333,0.3333333333333333,0.1666666666666666,0.1666666666666666,0.1666666666666666,0.0,DIST,High NDC
Suj_004,Respuestas de formulario 1,ALM,Bloque_9,Dist,5,Opción 2,0,2.9,5.0,0,1,1,Mujer,6,6,1000,0,1,1,1,0.5,0.0,0.0,0.0,0.3333333333333333,0.3333333333333333,0.1666666666666666,0.1666666666666666,0.1666666666666666,0.0,DIST,High NDC
Suj_004,Respuestas de formulario 1,AQS,Bloque_11,Dist,6,Opción 2,0,2.9,5.0,0,1,1,Mujer,6,6,1200,0,1,1,1,0.5,0.0,0.0,0.0,0.3333333333333333,0.3333333333333333,0.1666666666666666,0.1666666666666666,0.1666666666666666,0.0,DIST,High NDC
Suj_004,Respuestas de formulario 1,ABC,Bloque_1,Bloque_SIN,1,Opción 1,1,2.9,5.0,0,1,1,Mujer,6,6,0,0,1,1,0,0.5,0.0,0.0,0.0,0.3333333333333333,0.3333333333333333,0.1666666666666666,0.1666666666666666,0.1666666666666666,0.0,SIN,High NDC
Suj_004,Respuestas de formulario 1,AEF,Bloque_5,Bloque_SIN,2,Opción 2,0,2.9,5.0,0,1,1,Mujer,6,6,2000,0,1,1,1,0.5,0.0,0.0,0.0,0.3333333333333333,0.3333333333333333,0.1666666666666666,0.1666666666666666,0.1666666666666666,0.0,SIN,High NDC
Suj_004,Respuestas de formulario 1,AJK,Bloque_7,Bloque_SIN,3,Opción 2,0,2.9,5.0,0,1,1,Mujer,6,6,2400,0,1,1,1,0.5,0.0,0.0,0.0,0.3333333333333333,0.3333333333333333,0.1666666666666666,0.1666666666666666,0.1666666666666666,0.0,SIN,High NDC
Suj_004,Respuestas de formulario 1,AGH,Bloque_3,Bloque_SIN,4,Opción 2,0,2.9,5.0,0,1,1,Mujer,6,6,0,0,1,1,0,0.5,0.0,0.0,0.0,0.3333333333333333,0.3333333333333333,0.1666666666666666,0.1666666666666666,0.1666666666666666,0.0,SIN,High NDC
Suj_004,Respuestas de formulario 1,ALM,Bloque_9,Bloque_SIN,5,Opción 2,0,2.9,5.0,0,1,1,Mujer,6,6,1000,0,1,1,1,0.5,0.0,0.0,0.0,0.3333333333333333,0.3333333333333333,0.1666666666666666,0.1666666666666666,0.1666666666666666,0.0,SIN,High NDC
Suj_004,Respuestas de formulario 1,AQS,Bloque_11,Bloque_SIN,6,Opción 2,0,2.9,5.0,0,1,1,Mujer,6,6,1200,0,1,1,1,0.5,0.0,0.0,0.0,0.3333333333333333,0.3333333333333333,0.1666666666666666,0.1666666666666666,0.1666666666666666,0.0,SIN,High NDC
Suj_014,Respuestas de formulario 2,AEF,Bloque_1,Bloque_CON,1,Opción 2,0,3.5,5.0,0,-1,-1,Hombre,7,7,0,0,-1,-1,0,0.3333333333333333,0.3333333333333333,0.3333333333333333,0.3333333333333333,0.3333333333333333,0.0,1.0,0.0,-1.0,1.0,CON,High NDC
Suj_014,Respuestas de formulario 2,AGH,Bloque_5,Bloque_CON,2,Opción 2,0,3.5,5.0,0,-1,-1,Hombre,7,7,2000,0,-1,-1,-1,0.3333333333333333,0.3333333333333333,0.3333333333333333,0.3333333333333333,0.3333333333333333,0.0,1.0,0.0,-1.0,1.0,CON,High NDC
Suj_014,Respuestas de formulario 2,ALM,Bloque_7,Bloque_CON,3,Opción 2,0,3.5,5.0,0,-1,-1,Hombre,7,7,2400,0,-1,-1,-1,0.3333333333333333,0.3333333333333333,0.3333333333333333,0.3333333333333333,0.3333333333333333,0.0,1.0,0.0,-1.0,1.0,CON,High NDC
Suj_014,Respuestas de formulario 2,ABC,Bloque_3,Bloque_CON,4,Opción 2,0,3.5,5.0,0,-1,-1,Hombre,7,7,0,0,-1,-1,0,0.3333333333333333,0.3333333333333333,0.3333333333333333,0.3333333333333333,0.3333333333333333,0.0,1.0,0.0,-1.0,1.0,CON,High NDC
Suj_014,Respuestas de formulario 2,AQS,Bloque_9,Bloque_CON,5,Opción 2,0,3.5,5.0,0,-1,-1,Hombre,7,7,1000,0,-1,-1,-1,0.3333333333333333,0.3333333333333333,0.3333333333333333,0.3333333333333333,0.3333333333333333,0.0,1.0,0.0,-1.0,1.0,CON,High NDC
Suj_014,Respuestas de formulario 2,AJK,Bloque_11,Bloque_CON,6,Opción 2,0,3.5,5.0,0,-1,-1,Hombre,7,7,1200,0,-1,-1,-1,0.3333333333333333,0.3333333333333333,0.3333333333333333,0.3333333333333333,0.3333333333333333,0.0,1.0,0.0,-1.0,1.0,CON,High NDC
Suj_014,Respuestas de formulario 2,AEF,Bloque_1,Dist,1,Opción 2,0,3.5,5.0,0,-1,-1,Hombre,7,7,0,0,-1,-1,0,0.3333333333333333,0.3333333333333333,0.3333333333333333,0.3333333333333333,0.3333333333333333,0.0,1.0,0.0,-1.0,1.0,DIST,High NDC
Suj_014,Respuestas de formulario 2,AGH,Bloque_5,Dist,2,Opción 2,0,3.5,5.0,0,-1,-1,Hombre,7,7,2000,0,-1,-1,-1,0.3333333333333333,0.3333333333333333,0.3333333333333333,0.3333333333333333,0.3333333333333333,0.0,1.0,0.0,-1.0,1.0,DIST,High NDC
Suj_014,Respuestas de formulario 2,ALM,Bloque_7,Dist,3,Opción 2,0,3.5,5.0,0,-1,-1,Hombre,7,7,2400,0,-1,-1,-1,0.3333333333333333,0.3333333333333333,0.3333333333333333,0.3333333333333333,0.3333333333333333,0.0,1.0,0.0,-1.0,1.0,DIST,High NDC
Suj_014,Respuestas de formulario 2,ABC,Bloque_3,Dist,4,Opción 2,0,3.5,5.0,0,-1,-1,Hombre,7,7,0,0,-1,-1,0,0.3333333333333333,0.3333333333333333,0.3333333333333333,0.3333333333333333,0.3333333333333333,0.0,1.0,0.0,-1.0,1.0,DIST,High NDC
Suj_014,Respuestas de formulario 2,AQS,Bloque_9,Dist,5,Opción 2,0,3.5,5.0,0,-1,-1,Hombre,7,7,1000,0,-1,-1,-1,0.3333333333333333,0.3333333333333333,0.3333333333333333,0.3333333333333333,0.3333333333333333,0.0,1.0,0.0,-1.0,1.0,DIST,High NDC
Suj_014,Respuestas de formulario 2,AJK,Bloque_11,Dist,6,Opción 2,0,3.5,5.0,0,-1,-1,Hombre,7,7,1200,0,-1,-1,-1,0.3333333333333333,0.3333333333333333,0.3333333333333333,0.3333333333333333,0.3333333333333333,0.0,1.0,0.0,-1.0,1.0,DIST,High NDC
Suj_014,Respuestas de formulario 2,AEF,Bloque_1,Bloque_SIN,1,Opción 1,1,3.5,5.0,0,-1,-1,Hombre,7,7,0,0,-1,-1,0,0.3333333333333333,0.3333333333333333,0.3333333333333333,0.3333333333333333,0.3333333333333333,0.0,1.0,0.0,-1.0,1.0,SIN,High NDC
Suj_014,Respuestas de formulario 2,AGH,Bloque_5,Bloque_SIN,2,Opción 1,1,3.5,5.0,0,-1,-1,Hombre,7,7,2000,0,-1,-1,-1,0.3333333333333333,0.3333333333333333,0.3333333333333333,0.3333333333333333,0.3333333333333333,0.0,1.0,0.0,-1.0,1.0,SIN,High NDC
Suj_014,Respuestas de formulario 2,ALM,Bloque_7,Bloque_SIN,3,Opción 1,1,3.5,5.0,0,-1,-1,Hombre,7,7,2400,0,-1,-1,-1,0.3333333333333333,0.3333333333333333,0.3333333333333333,0.3333333333333333,0.3333333333333333,0.0,1.0,0.0,-1.0,1.0,SIN,High NDC
Suj_014,Respuestas de formulario 2,ABC,Bloque_3,Bloque_SIN,4,Opción 1,1,3.5,5.0,0,-1,-1,Hombre,7,7,0,0,-1,-1,0,0.3333333333333333,0.3333333333333333,0.3333333333333333,0.3333333333333333,0.3333333333333333,0.0,1.0,0.0,-1.0,1.0,SIN,High NDC
Suj_014,Respuestas de formulario 2,AQS,Bloque_9,Bloque_SIN,5,Opción 1,1,3.5,5.0,0,-1,-1,Hombre,7,7,1000,0,-1,-1,-1,0.3333333333333333,0.3333333333333333,0.3333333333333333,0.3333333333333333,0.3333333333333333,0.0,1.0,0.0,-1.0,1.0,SIN,High NDC
Suj_014,Respuestas de formulario 2,AJK,Bloque_11,Bloque_SIN,6,Opción 1,1,3.5,5.0,0,-1,-1,Hombre,7,7,1200,0,-1,-1,-1,0.3333333333333333,0.3333333333333333,0.3333333333333333,0.3333333333333333,0.3333333333333333,0.0,1.0,0.0,-1.0,1.0,SIN,High NDC
Suj_019,Respuestas de formulario 2,AEF,Bloque_1,Bloque_CON,1,Opción 2,0,2.3,5.333333333333333,-1,-1,-1,Mujer,4,6,0,-1,-1,-1,-1,0.5,0.0,0.0,0.0,0.0,0.1666666666666666,0.1666666666666666,0.1666666666666666,0.0,0.0,CON,High NDC
Suj_019,Respuestas de formulario 2,AGH,Bloque_5,Bloque_CON,2,Opción 2,0,2.3,5.333333333333333,-1,-1,-1,Mujer,4,6,2000,-1,-1,-1,-1,0.5,0.0,0.0,0.0,0.0,0.1666666666666666,0.1666666666666666,0.1666666666666666,0.0,0.0,CON,High NDC
Suj_019,Respuestas de formulario 2,ALM,Bloque_7,Bloque_CON,3,Opción 2,0,2.3,5.333333333333333,-1,-1,-1,Mujer,4,6,2400,-1,-1,-1,-1,0.5,0.0,0.0,0.0,0.0,0.1666666666666666,0.1666666666666666,0.1666666666666666,0.0,0.0,CON,High NDC
Suj_019,Respuestas de formulario 2,ABC,Bloque_3,Bloque_CON,4,Opción 1,1,2.3,5.333333333333333,-1,-1,-1,Mujer,4,6,0,-1,-1,-1,-1,0.5,0.0,0.0,0.0,0.0,0.1666666666666666,0.1666666666666666,0.1666666666666666,0.0,0.0,CON,High NDC
Suj_019,Respuestas de formulario 2,AQS,Bloque_9,Bloque_CON,5,Opción 2,0,2.3,5.333333333333333,-1,-1,-1,Mujer,4,6,1000,-1,-1,-1,-1,0.5,0.0,0.0,0.0,0.0,0.1666666666666666,0.1666666666666666,0.1666666666666666,0.0,0.0,CON,High NDC
Suj_019,Respuestas de formulario 2,AJK,Bloque_11,Bloque_CON,6,Opción 2,0,2.3,5.333333333333333,-1,-1,-1,Mujer,4,6,1200,-1,-1,-1,-1,0.5,0.0,0.0,0.0,0.0,0.1666666666666666,0.1666666666666666,0.1666666666666666,0.0,0.0,CON,High NDC
Suj_019,Respuestas de formulario 2,AEF,Bloque_1,Dist,1,Opción 2,0,2.3,5.333333333333333,-1,-1,-1,Mujer,4,6,0,-1,-1,-1,-1,0.5,0.0,0.0,0.0,0.0,0.1666666666666666,0.1666666666666666,0.1666666666666666,0.0,0.0,DIST,High NDC
Suj_019,Respuestas de formulario 2,AGH,Bloque_5,Dist,2,Opción 2,0,2.3,5.333333333333333,-1,-1,-1,Mujer,4,6,2000,-1,-1,-1,-1,0.5,0.0,0.0,0.0,0.0,0.1666666666666666,0.1666666666666666,0.1666666666666666,0.0,0.0,DIST,High NDC
Suj_019,Respuestas de formulario 2,ALM,Bloque_7,Dist,3,Opción 2,0,2.3,5.333333333333333,-1,-1,-1,Mujer,4,6,2400,-1,-1,-1,-1,0.5,0.0,0.0,0.0,0.0,0.1666666666666666,0.1666666666666666,0.1666666666666666,0.0,0.0,DIST,High NDC
Suj_019,Respuestas de formulario 2,ABC,Bloque_3,Dist,4,Opción 1,1,2.3,5.333333333333333,-1,-1,-1,Mujer,4,6,0,-1,-1,-1,-1,0.5,0.0,0.0,0.0,0.0,0.1666666666666666,0.1666666666666666,0.1666666666666666,0.0,0.0,DIST,High NDC
Suj_019,Respuestas de formulario 2,AQS,Bloque_9,Dist,5,Opción 2,0,2.3,5.333333333333333,-1,-1,-1,Mujer,4,6,1000,-1,-1,-1,-1,0.5,0.0,0.0,0.0,0.0,0.1666666666666666,0.1666666666666666,0.1666666666666666,0.0,0.0,DIST,High NDC
Suj_019,Respuestas de formulario 2,AJK,Bloque_11,Dist,6,Opción 2,0,2.3,5.333333333333333,-1,-1,-1,Mujer,4,6,1200,-1,-1,-1,-1,0.5,0.0,0.0,0.0,0.0,0.1666666666666666,0.1666666666666666,0.1666666666666666,0.0,0.0,DIST,High NDC
Suj_019,Respuestas de formulario 2,AEF,Bloque_1,Bloque_SIN,1,Opción 2,0,2.3,5.333333333333333,-1,-1,-1,Mujer,4,6,0,-1,-1,-1,-1,0.5,0.0,0.0,0.0,0.0,0.1666666666666666,0.1666666666666666,0.1666666666666666,0.0,0.0,SIN,High NDC
Suj_019,Respuestas de formulario 2,AGH,Bloque_5,Bloque_SIN,2,Opción 2,0,2.3,5.333333333333333,-1,-1,-1,Mujer,4,6,2000,-1,-1,-1,-1,0.5,0.0,0.0,0.0,0.0,0.1666666666666666,0.1666666666666666,0.1666666666666666,0.0,0.0,SIN,High NDC
Suj_019,Respuestas de formulario 2,ALM,Bloque_7,Bloque_SIN,3,Opción 2,0,2.3,5.333333333333333,-1,-1,-1,Mujer,4,6,2400,-1,-1,-1,-1,0.5,0.0,0.0,0.0,0.0,0.1666666666666666,0.1666666666666666,0.1666666666666666,0.0,0.0,SIN,High NDC
Suj_019,Respuestas de formulario 2,ABC,Bloque_3,Bloque_SIN,4,Opción 1,1,2.3,5.333333333333333,-1,-1,-1,Mujer,4,6,0,-1,-1,-1,-1,0.5,0.0,0.0,0.0,0.0,0.1666666666666666,0.1666666666666666,0.1666666666666666,0.0,0.0,SIN,High NDC
Suj_019,Respuestas de formulario 2,AQS,Bloque_9,Bloque_SIN,5,Opción 2,0,2.3,5.333333333333333,-1,-1,-1,Mujer,4,6,1000,-1,-1,-1,-1,0.5,0.0,0.0,0.0,0.0,0.1666666666666666,0.1666666666666666,0.1666666666666666,0.0,0.0,SIN,High NDC
Suj_019,Respuestas de formulario 2,AJK,Bloque_11,Bloque_SIN,6,Opción 2,0,2.3,5.333333333333333,-1,-1,-1,Mujer,4,6,1200,-1,-1,-1,-1,0.5,0.0,0.0,0.0,0.0,0.1666666666666666,0.1666666666666666,0.1666666666666666,0.0,0.0,SIN,High NDC
Suj_023,Respuestas de formulario 2,AEF,Bloque_1,Bloque_CON,1,Opción 1,1,2.7,4.833333333333333,0,-1,-1,Hombre,5,6,0,0,-1,-1,0,1.0,0.0,0.0,0.0,0.3333333333333333,0.3333333333333333,0.5,0.3333333333333333,-0.1666666666666666,0.1666666666666666,CON,High NDC
Suj_023,Respuestas de formulario 2,AGH,Bloque_5,Bloque_CON,2,Opción 2,0,2.7,4.833333333333333,0,-1,-1,Hombre,5,6,2000,0,-1,-1,-1,1.0,0.0,0.0,0.0,0.3333333333333333,0.3333333333333333,0.5,0.3333333333333333,-0.1666666666666666,0.1666666666666666,CON,High NDC
Suj_023,Respuestas de formulario 2,ALM,Bloque_7,Bloque_CON,3,Opción 2,0,2.7,4.833333333333333,0,-1,-1,Hombre,5,6,2400,0,-1,-1,-1,1.0,0.0,0.0,0.0,0.3333333333333333,0.3333333333333333,0.5,0.3333333333333333,-0.1666666666666666,0.1666666666666666,CON,High NDC
Suj_023,Respuestas de formulario 2,ABC,Bloque_3,Bloque_CON,4,Opción 1,1,2.7,4.833333333333333,0,-1,-1,Hombre,5,6,0,0,-1,-1,0,1.0,0.0,0.0,0.0,0.3333333333333333,0.3333333333333333,0.5,0.3333333333333333,-0.1666666666666666,0.1666666666666666,CON,High NDC
Suj_023,Respuestas de formulario 2,AQS,Bloque_9,Bloque_CON,5,Opción 2,0,2.7,4.833333333333333,0,-1,-1,Hombre,5,6,1000,0,-1,-1,-1,1.0,0.0,0.0,0.0,0.3333333333333333,0.3333333333333333,0.5,0.3333333333333333,-0.1666666666666666,0.1666666666666666,CON,High NDC
Suj_023,Respuestas de formulario 2,AJK,Bloque_11,Bloque_CON,6,Opción 2,0,2.7,4.833333333333333,0,-1,-1,Hombre,5,6,1200,0,-1,-1,-1,1.0,0.0,0.0,0.0,0.3333333333333333,0.3333333333333333,0.5,0.3333333333333333,-0.1666666666666666,0.1666666666666666,CON,High NDC
Suj_023,Respuestas de formulario 2,AEF,Bloque_1,Dist,1,Opción 1,1,2.7,4.833333333333333,0,-1,-1,Hombre,5,6,0,0,-1,-1,0,1.0,0.0,0.0,0.0,0.3333333333333333,0.3333333333333333,0.5,0.3333333333333333,-0.1666666666666666,0.1666666666666666,DIST,High NDC
Suj_023,Respuestas de formulario 2,AGH,Bloque_5,Dist,2,Opción 2,0,2.7,4.833333333333333,0,-1,-1,Hombre,5,6,2000,0,-1,-1,-1,1.0,0.0,0.0,0.0,0.3333333333333333,0.3333333333333333,0.5,0.3333333333333333,-0.1666666666666666,0.1666666666666666,DIST,High NDC
Suj_023,Respuestas de formulario 2,ALM,Bloque_7,Dist,3,Opción 2,0,2.7,4.833333333333333,0,-1,-1,Hombre,5,6,2400,0,-1,-1,-1,1.0,0.0,0.0,0.0,0.3333333333333333,0.3333333333333333,0.5,0.3333333333333333,-0.1666666666666666,0.1666666666666666,DIST,High NDC
Suj_023,Respuestas de formulario 2,ABC,Bloque_3,Dist,4,Opción 1,1,2.7,4.833333333333333,0,-1,-1,Hombre,5,6,0,0,-1,-1,0,1.0,0.0,0.0,0.0,0.3333333333333333,0.3333333333333333,0.5,0.3333333333333333,-0.1666666666666666,0.1666666666666666,DIST,High NDC
Suj_023,Respuestas de formulario 2,AQS,Bloque_9,Dist,5,Opción 2,0,2.7,4.833333333333333,0,-1,-1,Hombre,5,6,1000,0,-1,-1,-1,1.0,0.0,0.0,0.0,0.3333333333333333,0.3333333333333333,0.5,0.3333333333333333,-0.1666666666666666,0.1666666666666666,DIST,High NDC
Suj_023,Respuestas de formulario 2,AJK,Bloque_11,Dist,6,Opción 2,0,2.7,4.833333333333333,0,-1,-1,Hombre,5,6,1200,0,-1,-1,-1,1.0,0.0,0.0,0.0,0.3333333333333333,0.3333333333333333,0.5,0.3333333333333333,-0.1666666666666666,0.1666666666666666,DIST,High NDC
Suj_023,Respuestas de formulario 2,AEF,Bloque_1,Bloque_SIN,1,Opción 1,1,2.7,4.833333333333333,0,-1,-1,Hombre,5,6,0,0,-1,-1,0,1.0,0.0,0.0,0.0,0.3333333333333333,0.3333333333333333,0.5,0.3333333333333333,-0.1666666666666666,0.1666666666666666,SIN,High NDC
Suj_023,Respuestas de formulario 2,AGH,Bloque_5,Bloque_SIN,2,Opción 2,0,2.7,4.833333333333333,0,-1,-1,Hombre,5,6,2000,0,-1,-1,-1,1.0,0.0,0.0,0.0,0.3333333333333333,0.3333333333333333,0.5,0.3333333333333333,-0.1666666666666666,0.1666666666666666,SIN,High NDC
Suj_023,Respuestas de formulario 2,ALM,Bloque_7,Bloque_SIN,3,Opción 1,1,2.7,4.833333333333333,0,-1,-1,Hombre,5,6,2400,0,-1,-1,-1,1.0,0.0,0.0,0.0,0.3333333333333333,0.3333333333333333,0.5,0.3333333333333333,-0.1666666666666666,0.1666666666666666,SIN,High NDC
Suj_023,Respuestas de formulario 2,ABC,Bloque_3,Bloque_SIN,4,Opción 1,1,2.7,4.833333333333333,0,-1,-1,Hombre,5,6,0,0,-1,-1,0,1.0,0.0,0.0,0.0,0.3333333333333333,0.3333333333333333,0.5,0.3333333333333333,-0.1666666666666666,0.1666666666666666,SIN,High NDC
Suj_023,Respuestas de formulario 2,AQS,Bloque_9,Bloque_SIN,5,Opción 2,0,2.7,4.833333333333333,0,-1,-1,Hombre,5,6,1000,0,-1,-1,-1,1.0,0.0,0.0,0.0,0.3333333333333333,0.3333333333333333,0.5,0.3333333333333333,-0.1666666666666666,0.1666666666666666,SIN,High NDC
Suj_023,Respuestas de formulario 2,AJK,Bloque_11,Bloque_SIN,6,Opción 2,0,2.7,4.833333333333333,0,-1,-1,Hombre,5,6,1200,0,-1,-1,-1,1.0,0.0,0.0,0.0,0.3333333333333333,0.3333333333333333,0.5,0.3333333333333333,-0.1666666666666666,0.1666666666666666,SIN,High NDC
Suj_026,Respuestas de formulario 3,ALM,Bloque_1,Bloque_CON,1,Opción 1,1,2.6,5.166666666666667,1,1,1,Hombre,5,7,0,1,1,1,1,0.6666666666666666,1.0,1.0,0.6666666666666666,1.0,0.6666666666666666,1.0,0.8333333333333334,-0.3333333333333333,0.1666666666666666,CON,High NDC
Suj_026,Respuestas de formulario 3,ABC,Bloque_5,Bloque_CON,2,Opción 2,0,2.6,5.166666666666667,1,1,1,Hombre,5,7,2000,1,1,1,1,0.6666666666666666,1.0,1.0,0.6666666666666666,1.0,0.6666666666666666,1.0,0.8333333333333334,-0.3333333333333333,0.1666666666666666,CON,High NDC
Suj_026,Respuestas de formulario 3,AQS,Bloque_7,Bloque_CON,3,Opción 1,1,2.6,5.166666666666667,1,1,1,Hombre,5,7,2400,1,1,1,1,0.6666666666666666,1.0,1.0,0.6666666666666666,1.0,0.6666666666666666,1.0,0.8333333333333334,-0.3333333333333333,0.1666666666666666,CON,High NDC
Suj_026,Respuestas de formulario 3,AEF,Bloque_3,Bloque_CON,4,Opción 2,0,2.6,5.166666666666667,1,1,1,Hombre,5,7,0,1,1,1,1,0.6666666666666666,1.0,1.0,0.6666666666666666,1.0,0.6666666666666666,1.0,0.8333333333333334,-0.3333333333333333,0.1666666666666666,CON,High NDC
Suj_026,Respuestas de formulario 3,AGH,Bloque_9,Bloque_CON,5,Opción 1,1,2.6,5.166666666666667,1,1,1,Hombre,5,7,1000,1,1,1,1,0.6666666666666666,1.0,1.0,0.6666666666666666,1.0,0.6666666666666666,1.0,0.8333333333333334,-0.3333333333333333,0.1666666666666666,CON,High NDC
Suj_026,Respuestas de formulario 3,AJK,Bloque_11,Bloque_CON,6,Opción 1,1,2.6,5.166666666666667,1,1,1,Hombre,5,7,1200,1,1,1,1,0.6666666666666666,1.0,1.0,0.6666666666666666,1.0,0.6666666666666666,1.0,0.8333333333333334,-0.3333333333333333,0.1666666666666666,CON,High NDC
Suj_026,Respuestas de formulario 3,ALM,Bloque_1,Bloque_SIN,1,Opción 1,1,2.6,5.166666666666667,1,1,1,Hombre,5,7,0,1,1,1,1,0.6666666666666666,1.0,1.0,0.6666666666666666,1.0,0.6666666666666666,1.0,0.8333333333333334,-0.3333333333333333,0.1666666666666666,SIN,High NDC
Suj_026,Respuestas de formulario 3,ABC,Bloque_5,Bloque_SIN,2,Opción 1,1,2.6,5.166666666666667,1,1,1,Hombre,5,7,2000,1,1,1,1,0.6666666666666666,1.0,1.0,0.6666666666666666,1.0,0.6666666666666666,1.0,0.8333333333333334,-0.3333333333333333,0.1666666666666666,SIN,High NDC
Suj_026,Respuestas de formulario 3,AQS,Bloque_7,Bloque_SIN,3,Opción 1,1,2.6,5.166666666666667,1,1,1,Hombre,5,7,2400,1,1,1,1,0.6666666666666666,1.0,1.0,0.6666666666666666,1.0,0.6666666666666666,1.0,0.8333333333333334,-0.3333333333333333,0.1666666666666666,SIN,High NDC
Suj_026,Respuestas de formulario 3,AEF,Bloque_3,Bloque_SIN,4,Opción 1,1,2.6,5.166666666666667,1,1,1,Hombre,5,7,0,1,1,1,1,0.6666666666666666,1.0,1.0,0.6666666666666666,1.0,0.6666666666666666,1.0,0.8333333333333334,-0.3333333333333333,0.1666666666666666,SIN,High NDC
Suj_026,Respuestas de formulario 3,AGH,Bloque_9,Bloque_SIN,5,Opción 1,1,2.6,5.166666666666667,1,1,1,Hombre,5,7,1000,1,1,1,1,0.6666666666666666,1.0,1.0,0.6666666666666666,1.0,0.6666666666666666,1.0,0.8333333333333334,-0.3333333333333333,0.1666666666666666,SIN,High NDC
Suj_026,Respuestas de formulario 3,AJK,Bloque_11,Bloque_SIN,6,Opción 1,1,2.6,5.166666666666667,1,1,1,Hombre,5,7,1200,1,1,1,1,0.6666666666666666,1.0,1.0,0.6666666666666666,1.0,0.6666666666666666,1.0,0.8333333333333334,-0.3333333333333333,0.1666666666666666,SIN,High NDC
Suj_026,Respuestas de formulario 3,ALM,Bloque_1,Dist,1,Opción 1,1,2.6,5.166666666666667,1,1,1,Hombre,5,7,0,1,1,1,1,0.6666666666666666,1.0,1.0,0.6666666666666666,1.0,0.6666666666666666,1.0,0.8333333333333334,-0.3333333333333333,0.1666666666666666,DIST,High NDC
Suj_026,Respuestas de formulario 3,ABC,Bloque_5,Dist,2,Opción 1,1,2.6,5.166666666666667,1,1,1,Hombre,5,7,2000,1,1,1,1,0.6666666666666666,1.0,1.0,0.6666666666666666,1.0,0.6666666666666666,1.0,0.8333333333333334,-0.3333333333333333,0.1666666666666666,DIST,High NDC
Suj_026,Respuestas de formulario 3,AQS,Bloque_7,Dist,3,Opción 1,1,2.6,5.166666666666667,1,1,1,Hombre,5,7,2400,1,1,1,1,0.6666666666666666,1.0,1.0,0.6666666666666666,1.0,0.6666666666666666,1.0,0.8333333333333334,-0.3333333333333333,0.1666666666666666,DIST,High NDC
Suj_026,Respuestas de formulario 3,AEF,Bloque_3,Dist,4,Opción 2,0,2.6,5.166666666666667,1,1,1,Hombre,5,7,0,1,1,1,1,0.6666666666666666,1.0,1.0,0.6666666666666666,1.0,0.6666666666666666,1.0,0.8333333333333334,-0.3333333333333333,0.1666666666666666,DIST,High NDC
Suj_026,Respuestas de formulario 3,AGH,Bloque_9,Dist,5,Opción 1,1,2.6,5.166666666666667,1,1,1,Hombre,5,7,1000,1,1,1,1,0.6666666666666666,1.0,1.0,0.6666666666666666,1.0,0.6666666666666666,1.0,0.8333333333333334,-0.3333333333333333,0.1666666666666666,DIST,High NDC
Suj_026,Respuestas de formulario 3,AJK,Bloque_11,Dist,6,Opción 1,1,2.6,5.166666666666667,1,1,1,Hombre,5,7,1200,1,1,1,1,0.6666666666666666,1.0,1.0,0.6666666666666666,1.0,0.6666666666666666,1.0,0.8333333333333334,-0.3333333333333333,0.1666666666666666,DIST,High NDC
Suj_027,Respuestas de formulario 3,ALM,Bloque_1,Bloque_CON,1,Opción 1,1,2.6,5.0,1,1,1,Mujer,3,4,0,1,1,1,1,0.8333333333333334,1.0,0.6666666666666666,0.3333333333333333,0.6666666666666666,0.6666666666666666,0.8333333333333334,0.6666666666666666,-0.1666666666666667,0.1666666666666667,CON,High NDC
Suj_027,Respuestas de formulario 3,ABC,Bloque_5,Bloque_CON,2,Opción 2,0,2.6,5.0,1,1,1,Mujer,3,4,2000,1,1,1,1,0.8333333333333334,1.0,0.6666666666666666,0.3333333333333333,0.6666666666666666,0.6666666666666666,0.8333333333333334,0.6666666666666666,-0.1666666666666667,0.1666666666666667,CON,High NDC
Suj_027,Respuestas de formulario 3,AQS,Bloque_7,Bloque_CON,3,Opción 2,0,2.6,5.0,1,1,1,Mujer,3,4,2400,1,1,1,1,0.8333333333333334,1.0,0.6666666666666666,0.3333333333333333,0.6666666666666666,0.6666666666666666,0.8333333333333334,0.6666666666666666,-0.1666666666666667,0.1666666666666667,CON,High NDC
Suj_027,Respuestas de formulario 3,AEF,Bloque_3,Bloque_CON,4,Opción 1,1,2.6,5.0,1,1,1,Mujer,3,4,0,1,1,1,1,0.8333333333333334,1.0,0.6666666666666666,0.3333333333333333,0.6666666666666666,0.6666666666666666,0.8333333333333334,0.6666666666666666,-0.1666666666666667,0.1666666666666667,CON,High NDC
Suj_027,Respuestas de formulario 3,AGH,Bloque_9,Bloque_CON,5,Opción 1,1,2.6,5.0,1,1,1,Mujer,3,4,1000,1,1,1,1,0.8333333333333334,1.0,0.6666666666666666,0.3333333333333333,0.6666666666666666,0.6666666666666666,0.8333333333333334,0.6666666666666666,-0.1666666666666667,0.1666666666666667,CON,High NDC
Suj_027,Respuestas de formulario 3,AJK,Bloque_11,Bloque_CON,6,Opción 1,1,2.6,5.0,1,1,1,Mujer,3,4,1200,1,1,1,1,0.8333333333333334,1.0,0.6666666666666666,0.3333333333333333,0.6666666666666666,0.6666666666666666,0.8333333333333334,0.6666666666666666,-0.1666666666666667,0.1666666666666667,CON,High NDC
Suj_027,Respuestas de formulario 3,ALM,Bloque_1,Bloque_SIN,1,Opción 1,1,2.6,5.0,1,1,1,Mujer,3,4,0,1,1,1,1,0.8333333333333334,1.0,0.6666666666666666,0.3333333333333333,0.6666666666666666,0.6666666666666666,0.8333333333333334,0.6666666666666666,-0.1666666666666667,0.1666666666666667,SIN,High NDC
Suj_027,Respuestas de formulario 3,ABC,Bloque_5,Bloque_SIN,2,Opción 2,0,2.6,5.0,1,1,1,Mujer,3,4,2000,1,1,1,1,0.8333333333333334,1.0,0.6666666666666666,0.3333333333333333,0.6666666666666666,0.6666666666666666,0.8333333333333334,0.6666666666666666,-0.1666666666666667,0.1666666666666667,SIN,High NDC
Suj_027,Respuestas de formulario 3,AQS,Bloque_7,Bloque_SIN,3,Opción 1,1,2.6,5.0,1,1,1,Mujer,3,4,2400,1,1,1,1,0.8333333333333334,1.0,0.6666666666666666,0.3333333333333333,0.6666666666666666,0.6666666666666666,0.8333333333333334,0.6666666666666666,-0.1666666666666667,0.1666666666666667,SIN,High NDC
Suj_027,Respuestas de formulario 3,AEF,Bloque_3,Bloque_SIN,4,Opción 1,1,2.6,5.0,1,1,1,Mujer,3,4,0,1,1,1,1,0.8333333333333334,1.0,0.6666666666666666,0.3333333333333333,0.6666666666666666,0.6666666666666666,0.8333333333333334,0.6666666666666666,-0.1666666666666667,0.1666666666666667,SIN,High NDC
Suj_027,Respuestas de formulario 3,AGH,Bloque_9,Bloque_SIN,5,Opción 1,1,2.6,5.0,1,1,1,Mujer,3,4,1000,1,1,1,1,0.8333333333333334,1.0,0.6666666666666666,0.3333333333333333,0.6666666666666666,0.6666666666666666,0.8333333333333334,0.6666666666666666,-0.1666666666666667,0.1666666666666667,SIN,High NDC
Suj_027,Respuestas de formulario 3,AJK,Bloque_11,Bloque_SIN,6,Opción 1,1,2.6,5.0,1,1,1,Mujer,3,4,1200,1,1,1,1,0.8333333333333334,1.0,0.6666666666666666,0.3333333333333333,0.6666666666666666,0.6666666666666666,0.8333333333333334,0.6666666666666666,-0.1666666666666667,0.1666666666666667,SIN,High NDC
Suj_027,Respuestas de formulario 3,ALM,Bloque_1,Dist,1,Opción 1,1,2.6,5.0,1,1,1,Mujer,3,4,0,1,1,1,1,0.8333333333333334,1.0,0.6666666666666666,0.3333333333333333,0.6666666666666666,0.6666666666666666,0.8333333333333334,0.6666666666666666,-0.1666666666666667,0.1666666666666667,DIST,High NDC
Suj_027,Respuestas de formulario 3,ABC,Bloque_5,Dist,2,Opción 1,1,2.6,5.0,1,1,1,Mujer,3,4,2000,1,1,1,1,0.8333333333333334,1.0,0.6666666666666666,0.3333333333333333,0.6666666666666666,0.6666666666666666,0.8333333333333334,0.6666666666666666,-0.1666666666666667,0.1666666666666667,DIST,High NDC
Suj_027,Respuestas de formulario 3,AQS,Bloque_7,Dist,3,Opción 1,1,2.6,5.0,1,1,1,Mujer,3,4,2400,1,1,1,1,0.8333333333333334,1.0,0.6666666666666666,0.3333333333333333,0.6666666666666666,0.6666666666666666,0.8333333333333334,0.6666666666666666,-0.1666666666666667,0.1666666666666667,DIST,High NDC
Suj_027,Respuestas de formulario 3,AEF,Bloque_3,Dist,4,Opción 2,0,2.6,5.0,1,1,1,Mujer,3,4,0,1,1,1,1,0.8333333333333334,1.0,0.6666666666666666,0.3333333333333333,0.6666666666666666,0.6666666666666666,0.8333333333333334,0.6666666666666666,-0.1666666666666667,0.1666666666666667,DIST,High NDC
Suj_027,Respuestas de formulario 3,AGH,Bloque_9,Dist,5,Opción 1,1,2.6,5.0,1,1,1,Mujer,3,4,1000,1,1,1,1,0.8333333333333334,1.0,0.6666666666666666,0.3333333333333333,0.6666666666666666,0.6666666666666666,0.8333333333333334,0.6666666666666666,-0.1666666666666667,0.1666666666666667,DIST,High NDC
Suj_027,Respuestas de formulario 3,AJK,Bloque_11,Dist,6,Opción 2,0,2.6,5.0,1,1,1,Mujer,3,4,1200,1,1,1,1,0.8333333333333334,1.0,0.6666666666666666,0.3333333333333333,0.6666666666666666,0.6666666666666666,0.8333333333333334,0.6666666666666666,-0.1666666666666667,0.1666666666666667,DIST,High NDC
Suj_034,Respuestas de formulario 3,ALM,Bloque_1,Bloque_CON,1,Opción 2,0,1.4,5.666666666666667,-1,-1,-1,Hombre,2,4,0,-1,-1,-1,-1,0.0,0.0,0.0,0.0,0.0,0.0,0.0,0.0,0.0,0.0,CON,High NDC
Suj_034,Respuestas de formulario 3,ABC,Bloque_5,Bloque_CON,2,Opción 2,0,1.4,5.666666666666667,-1,-1,-1,Hombre,2,4,2000,-1,-1,-1,-1,0.0,0.0,0.0,0.0,0.0,0.0,0.0,0.0,0.0,0.0,CON,High NDC
Suj_034,Respuestas de formulario 3,AQS,Bloque_7,Bloque_CON,3,Opción 2,0,1.4,5.666666666666667,-1,-1,-1,Hombre,2,4,2400,-1,-1,-1,-1,0.0,0.0,0.0,0.0,0.0,0.0,0.0,0.0,0.0,0.0,CON,High NDC
Suj_034,Respuestas de formulario 3,AEF,Bloque_3,Bloque_CON,4,Opción 2,0,1.4,5.666666666666667,-1,-1,-1,Hombre,2,4,0,-1,-1,-1,-1,0.0,0.0,0.0,0.0,0.0,0.0,0.0,0.0,0.0,0.0,CON,High NDC
Suj_034,Respuestas de formulario 3,AGH,Bloque_9,Bloque_CON,5,Opción 2,0,1.4,5.666666666666667,-1,-1,-1,Hombre,2,4,1000,-1,-1,-1,-1,0.0,0.0,0.0,0.0,0.0,0.0,0.0,0.0,0.0,0.0,CON,High NDC
Suj_034,Respuestas de formulario 3,AJK,Bloque_11,Bloque_CON,6,Opción 2,0,1.4,5.666666666666667,-1,-1,-1,Hombre,2,4,1200,-1,-1,-1,-1,0.0,0.0,0.0,0.0,0.0,0.0,0.0,0.0,0.0,0.0,CON,High NDC
Suj_034,Respuestas de formulario 3,ALM,Bloque_1,Bloque_SIN,1,Opción 2,0,1.4,5.666666666666667,-1,-1,-1,Hombre,2,4,0,-1,-1,-1,-1,0.0,0.0,0.0,0.0,0.0,0.0,0.0,0.0,0.0,0.0,SIN,High NDC
Suj_034,Respuestas de formulario 3,ABC,Bloque_5,Bloque_SIN,2,Opción 2,0,1.4,5.666666666666667,-1,-1,-1,Hombre,2,4,2000,-1,-1,-1,-1,0.0,0.0,0.0,0.0,0.0,0.0,0.0,0.0,0.0,0.0,SIN,High NDC
Suj_034,Respuestas de formulario 3,AQS,Bloque_7,Bloque_SIN,3,Opción 2,0,1.4,5.666666666666667,-1,-1,-1,Hombre,2,4,2400,-1,-1,-1,-1,0.0,0.0,0.0,0.0,0.0,0.0,0.0,0.0,0.0,0.0,SIN,High NDC
Suj_034,Respuestas de formulario 3,AEF,Bloque_3,Bloque_SIN,4,Opción 2,0,1.4,5.666666666666667,-1,-1,-1,Hombre,2,4,0,-1,-1,-1,-1,0.0,0.0,0.0,0.0,0.0,0.0,0.0,0.0,0.0,0.0,SIN,High NDC
Suj_034,Respuestas de formulario 3,AGH,Bloque_9,Bloque_SIN,5,Opción 2,0,1.4,5.666666666666667,-1,-1,-1,Hombre,2,4,1000,-1,-1,-1,-1,0.0,0.0,0.0,0.0,0.0,0.0,0.0,0.0,0.0,0.0,SIN,High NDC
Suj_034,Respuestas de formulario 3,AJK,Bloque_11,Bloque_SIN,6,Opción 2,0,1.4,5.666666666666667,-1,-1,-1,Hombre,2,4,1200,-1,-1,-1,-1,0.0,0.0,0.0,0.0,0.0,0.0,0.0,0.0,0.0,0.0,SIN,High NDC
Suj_034,Respuestas de formulario 3,ALM,Bloque_1,Dist,1,Opción 2,0,1.4,5.666666666666667,-1,-1,-1,Hombre,2,4,0,-1,-1,-1,-1,0.0,0.0,0.0,0.0,0.0,0.0,0.0,0.0,0.0,0.0,DIST,High NDC
Suj_034,Respuestas de formulario 3,ABC,Bloque_5,Dist,2,Opción 2,0,1.4,5.666666666666667,-1,-1,-1,Hombre,2,4,2000,-1,-1,-1,-1,0.0,0.0,0.0,0.0,0.0,0.0,0.0,0.0,0.0,0.0,DIST,High NDC
Suj_034,Respuestas de formulario 3,AQS,Bloque_7,Dist,3,Opción 2,0,1.4,5.666666666666667,-1,-1,-1,Hombre,2,4,2400,-1,-1,-1,-1,0.0,0.0,0.0,0.0,0.0,0.0,0.0,0.0,0.0,0.0,DIST,High NDC
Suj_034,Respuestas de formulario 3,AEF,Bloque_3,Dist,4,Opción 2,0,1.4,5.666666666666667,-1,-1,-1,Hombre,2,4,0,-1,-1,-1,-1,0.0,0.0,0.0,0.0,0.0,0.0,0.0,0.0,0.0,0.0,DIST,High NDC
Suj_034,Respuestas de formulario 3,AGH,Bloque_9,Dist,5,Opción 2,0,1.4,5.666666666666667,-1,-1,-1,Hombre,2,4,1000,-1,-1,-1,-1,0.0,0.0,0.0,0.0,0.0,0.0,0.0,0.0,0.0,0.0,DIST,High NDC
Suj_034,Respuestas de formulario 3,AJK,Bloque_11,Dist,6,Opción 2,0,1.4,5.666666666666667,-1,-1,-1,Hombre,2,4,1200,-1,-1,-1,-1,0.0,0.0,0.0,0.0,0.0,0.0,0.0,0.0,0.0,0.0,DIST,High NDC
Suj_036,Respuestas de formulario 3,ALM,Bloque_1,Bloque_CON,1,Opción 2,0,2.1,4.833333333333333,0,-1,-1,Mujer,6,8,0,0,-1,-1,0,0.0,0.0,0.0,0.3333333333333333,0.0,0.0,0.0,0.1666666666666666,0.0,-0.1666666666666666,CON,High NDC
Suj_036,Respuestas de formulario 3,ABC,Bloque_5,Bloque_CON,2,Opción 2,0,2.1,4.833333333333333,0,-1,-1,Mujer,6,8,2000,0,-1,-1,-1,0.0,0.0,0.0,0.3333333333333333,0.0,0.0,0.0,0.1666666666666666,0.0,-0.1666666666666666,CON,High NDC
Suj_036,Respuestas de formulario 3,AQS,Bloque_7,Bloque_CON,3,Opción 2,0,2.1,4.833333333333333,0,-1,-1,Mujer,6,8,2400,0,-1,-1,-1,0.0,0.0,0.0,0.3333333333333333,0.0,0.0,0.0,0.1666666666666666,0.0,-0.1666666666666666,CON,High NDC
Suj_036,Respuestas de formulario 3,AEF,Bloque_3,Bloque_CON,4,Opción 2,0,2.1,4.833333333333333,0,-1,-1,Mujer,6,8,0,0,-1,-1,0,0.0,0.0,0.0,0.3333333333333333,0.0,0.0,0.0,0.1666666666666666,0.0,-0.1666666666666666,CON,High NDC
Suj_036,Respuestas de formulario 3,AGH,Bloque_9,Bloque_CON,5,Opción 2,0,2.1,4.833333333333333,0,-1,-1,Mujer,6,8,1000,0,-1,-1,-1,0.0,0.0,0.0,0.3333333333333333,0.0,0.0,0.0,0.1666666666666666,0.0,-0.1666666666666666,CON,High NDC
Suj_036,Respuestas de formulario 3,AJK,Bloque_11,Bloque_CON,6,Opción 2,0,2.1,4.833333333333333,0,-1,-1,Mujer,6,8,1200,0,-1,-1,-1,0.0,0.0,0.0,0.3333333333333333,0.0,0.0,0.0,0.1666666666666666,0.0,-0.1666666666666666,CON,High NDC
Suj_036,Respuestas de formulario 3,ALM,Bloque_1,Bloque_SIN,1,Opción 2,0,2.1,4.833333333333333,0,-1,-1,Mujer,6,8,0,0,-1,-1,0,0.0,0.0,0.0,0.3333333333333333,0.0,0.0,0.0,0.1666666666666666,0.0,-0.1666666666666666,SIN,High NDC
Suj_036,Respuestas de formulario 3,ABC,Bloque_5,Bloque_SIN,2,Opción 2,0,2.1,4.833333333333333,0,-1,-1,Mujer,6,8,2000,0,-1,-1,-1,0.0,0.0,0.0,0.3333333333333333,0.0,0.0,0.0,0.1666666666666666,0.0,-0.1666666666666666,SIN,High NDC
Suj_036,Respuestas de formulario 3,AQS,Bloque_7,Bloque_SIN,3,Opción 2,0,2.1,4.833333333333333,0,-1,-1,Mujer,6,8,2400,0,-1,-1,-1,0.0,0.0,0.0,0.3333333333333333,0.0,0.0,0.0,0.1666666666666666,0.0,-0.1666666666666666,SIN,High NDC
Suj_036,Respuestas de formulario 3,AEF,Bloque_3,Bloque_SIN,4,Opción 2,0,2.1,4.833333333333333,0,-1,-1,Mujer,6,8,0,0,-1,-1,0,0.0,0.0,0.0,0.3333333333333333,0.0,0.0,0.0,0.1666666666666666,0.0,-0.1666666666666666,SIN,High NDC
Suj_036,Respuestas de formulario 3,AGH,Bloque_9,Bloque_SIN,5,Opción 2,0,2.1,4.833333333333333,0,-1,-1,Mujer,6,8,1000,0,-1,-1,-1,0.0,0.0,0.0,0.3333333333333333,0.0,0.0,0.0,0.1666666666666666,0.0,-0.1666666666666666,SIN,High NDC
Suj_036,Respuestas de formulario 3,AJK,Bloque_11,Bloque_SIN,6,Opción 2,0,2.1,4.833333333333333,0,-1,-1,Mujer,6,8,1200,0,-1,-1,-1,0.0,0.0,0.0,0.3333333333333333,0.0,0.0,0.0,0.1666666666666666,0.0,-0.1666666666666666,SIN,High NDC
Suj_036,Respuestas de formulario 3,ALM,Bloque_1,Dist,1,Opción 2,0,2.1,4.833333333333333,0,-1,-1,Mujer,6,8,0,0,-1,-1,0,0.0,0.0,0.0,0.3333333333333333,0.0,0.0,0.0,0.1666666666666666,0.0,-0.1666666666666666,DIST,High NDC
Suj_036,Respuestas de formulario 3,ABC,Bloque_5,Dist,2,Opción 1,1,2.1,4.833333333333333,0,-1,-1,Mujer,6,8,2000,0,-1,-1,-1,0.0,0.0,0.0,0.3333333333333333,0.0,0.0,0.0,0.1666666666666666,0.0,-0.1666666666666666,DIST,High NDC
Suj_036,Respuestas de formulario 3,AQS,Bloque_7,Dist,3,Opción 2,0,2.1,4.833333333333333,0,-1,-1,Mujer,6,8,2400,0,-1,-1,-1,0.0,0.0,0.0,0.3333333333333333,0.0,0.0,0.0,0.1666666666666666,0.0,-0.1666666666666666,DIST,High NDC
Suj_036,Respuestas de formulario 3,AEF,Bloque_3,Dist,4,Opción 2,0,2.1,4.833333333333333,0,-1,-1,Mujer,6,8,0,0,-1,-1,0,0.0,0.0,0.0,0.3333333333333333,0.0,0.0,0.0,0.1666666666666666,0.0,-0.1666666666666666,DIST,High NDC
Suj_036,Respuestas de formulario 3,AGH,Bloque_9,Dist,5,Opción 2,0,2.1,4.833333333333333,0,-1,-1,Mujer,6,8,1000,0,-1,-1,-1,0.0,0.0,0.0,0.3333333333333333,0.0,0.0,0.0,0.1666666666666666,0.0,-0.1666666666666666,DIST,High NDC
Suj_036,Respuestas de formulario 3,AJK,Bloque_11,Dist,6,Opción 2,0,2.1,4.833333333333333,0,-1,-1,Mujer,6,8,1200,0,-1,-1,-1,0.0,0.0,0.0,0.3333333333333333,0.0,0.0,0.0,0.1666666666666666,0.0,-0.1666666666666666,DIST,High NDC
Suj_040,Respuestas de formulario 4,AQS,Bloque_7,Bloque_CON,1,Opción 2,0,3.8,4.833333333333333,-1,-1,-1,Hombre,6,7,2400,-1,-1,-1,-1,0.8333333333333334,0.0,0.0,0.0,0.0,0.1666666666666666,0.3333333333333333,0.3333333333333333,-0.1666666666666666,0.0,CON,High NDC
Suj_040,Respuestas de formulario 4,AJK,Bloque_3,Bloque_CON,2,Opción 2,0,3.8,4.833333333333333,-1,-1,-1,Hombre,6,7,0,-1,-1,-1,-1,0.8333333333333334,0.0,0.0,0.0,0.0,0.1666666666666666,0.3333333333333333,0.3333333333333333,-0.1666666666666666,0.0,CON,High NDC
Suj_040,Respuestas de formulario 4,ABC,Bloque_1,Bloque_CON,3,Opción 1,1,3.8,4.833333333333333,-1,-1,-1,Hombre,6,7,0,-1,-1,-1,-1,0.8333333333333334,0.0,0.0,0.0,0.0,0.1666666666666666,0.3333333333333333,0.3333333333333333,-0.1666666666666666,0.0,CON,High NDC
Suj_040,Respuestas de formulario 4,ALM,Bloque_9,Bloque_CON,4,Opción 2,0,3.8,4.833333333333333,-1,-1,-1,Hombre,6,7,1000,-1,-1,-1,-1,0.8333333333333334,0.0,0.0,0.0,0.0,0.1666666666666666,0.3333333333333333,0.3333333333333333,-0.1666666666666666,0.0,CON,High NDC
Suj_040,Respuestas de formulario 4,AEF,Bloque_5,Bloque_CON,5,Opción 2,0,3.8,4.833333333333333,-1,-1,-1,Hombre,6,7,2000,-1,-1,-1,-1,0.8333333333333334,0.0,0.0,0.0,0.0,0.1666666666666666,0.3333333333333333,0.3333333333333333,-0.1666666666666666,0.0,CON,High NDC
Suj_040,Respuestas de formulario 4,AGH,Bloque_11,Bloque_CON,6,Opción 2,0,3.8,4.833333333333333,-1,-1,-1,Hombre,6,7,1200,-1,-1,-1,-1,0.8333333333333334,0.0,0.0,0.0,0.0,0.1666666666666666,0.3333333333333333,0.3333333333333333,-0.1666666666666666,0.0,CON,High NDC
Suj_040,Respuestas de formulario 4,AQS,Bloque_7,Bloque_SIN,1,Opción 2,0,3.8,4.833333333333333,-1,-1,-1,Hombre,6,7,2400,-1,-1,-1,-1,0.8333333333333334,0.0,0.0,0.0,0.0,0.1666666666666666,0.3333333333333333,0.3333333333333333,-0.1666666666666666,0.0,SIN,High NDC
Suj_040,Respuestas de formulario 4,AJK,Bloque_3,Bloque_SIN,2,Opción 1,1,3.8,4.833333333333333,-1,-1,-1,Hombre,6,7,0,-1,-1,-1,-1,0.8333333333333334,0.0,0.0,0.0,0.0,0.1666666666666666,0.3333333333333333,0.3333333333333333,-0.1666666666666666,0.0,SIN,High NDC
Suj_040,Respuestas de formulario 4,ABC,Bloque_1,Bloque_SIN,3,Opción 1,1,3.8,4.833333333333333,-1,-1,-1,Hombre,6,7,0,-1,-1,-1,-1,0.8333333333333334,0.0,0.0,0.0,0.0,0.1666666666666666,0.3333333333333333,0.3333333333333333,-0.1666666666666666,0.0,SIN,High NDC
Suj_040,Respuestas de formulario 4,ALM,Bloque_9,Bloque_SIN,4,Opción 2,0,3.8,4.833333333333333,-1,-1,-1,Hombre,6,7,1000,-1,-1,-1,-1,0.8333333333333334,0.0,0.0,0.0,0.0,0.1666666666666666,0.3333333333333333,0.3333333333333333,-0.1666666666666666,0.0,SIN,High NDC
Suj_040,Respuestas de formulario 4,AEF,Bloque_5,Bloque_SIN,5,Opción 2,0,3.8,4.833333333333333,-1,-1,-1,Hombre,6,7,2000,-1,-1,-1,-1,0.8333333333333334,0.0,0.0,0.0,0.0,0.1666666666666666,0.3333333333333333,0.3333333333333333,-0.1666666666666666,0.0,SIN,High NDC
Suj_040,Respuestas de formulario 4,AGH,Bloque_11,Bloque_SIN,6,Opción 2,0,3.8,4.833333333333333,-1,-1,-1,Hombre,6,7,1200,-1,-1,-1,-1,0.8333333333333334,0.0,0.0,0.0,0.0,0.1666666666666666,0.3333333333333333,0.3333333333333333,-0.1666666666666666,0.0,SIN,High NDC
Suj_040,Respuestas de formulario 4,AQS,Bloque_7,Dist,1,Opción 2,0,3.8,4.833333333333333,-1,-1,-1,Hombre,6,7,2400,-1,-1,-1,-1,0.8333333333333334,0.0,0.0,0.0,0.0,0.1666666666666666,0.3333333333333333,0.3333333333333333,-0.1666666666666666,0.0,DIST,High NDC
Suj_040,Respuestas de formulario 4,AJK,Bloque_3,Dist,2,Opción 1,1,3.8,4.833333333333333,-1,-1,-1,Hombre,6,7,0,-1,-1,-1,-1,0.8333333333333334,0.0,0.0,0.0,0.0,0.1666666666666666,0.3333333333333333,0.3333333333333333,-0.1666666666666666,0.0,DIST,High NDC
Suj_040,Respuestas de formulario 4,ABC,Bloque_1,Dist,3,Opción 1,1,3.8,4.833333333333333,-1,-1,-1,Hombre,6,7,0,-1,-1,-1,-1,0.8333333333333334,0.0,0.0,0.0,0.0,0.1666666666666666,0.3333333333333333,0.3333333333333333,-0.1666666666666666,0.0,DIST,High NDC
Suj_040,Respuestas de formulario 4,ALM,Bloque_9,Dist,4,Opción 2,0,3.8,4.833333333333333,-1,-1,-1,Hombre,6,7,1000,-1,-1,-1,-1,0.8333333333333334,0.0,0.0,0.0,0.0,0.1666666666666666,0.3333333333333333,0.3333333333333333,-0.1666666666666666,0.0,DIST,High NDC
Suj_040,Respuestas de formulario 4,AEF,Bloque_5,Dist,5,Opción 2,0,3.8,4.833333333333333,-1,-1,-1,Hombre,6,7,2000,-1,-1,-1,-1,0.8333333333333334,0.0,0.0,0.0,0.0,0.1666666666666666,0.3333333333333333,0.3333333333333333,-0.1666666666666666,0.0,DIST,High NDC
Suj_040,Respuestas de formulario 4,AGH,Bloque_11,Dist,6,Opción 2,0,3.8,4.833333333333333,-1,-1,-1,Hombre,6,7,1200,-1,-1,-1,-1,0.8333333333333334,0.0,0.0,0.0,0.0,0.1666666666666666,0.3333333333333333,0.3333333333333333,-0.1666666666666666,0.0,DIST,High NDC
Suj_044,Respuestas de formulario 4,AQS,Bloque_7,Bloque_CON,1,Opción 2,0,1.4,4.833333333333333,1,1,0,Mujer,4,5,2400,1,1,0,1,0.0,0.0,0.0,0.0,0.0,0.0,0.0,0.0,0.0,0.0,CON,High NDC
Suj_044,Respuestas de formulario 4,AJK,Bloque_3,Bloque_CON,2,Opción 2,0,1.4,4.833333333333333,1,1,0,Mujer,4,5,0,1,1,0,1,0.0,0.0,0.0,0.0,0.0,0.0,0.0,0.0,0.0,0.0,CON,High NDC
Suj_044,Respuestas de formulario 4,ABC,Bloque_1,Bloque_CON,3,Opción 2,0,1.4,4.833333333333333,1,1,0,Mujer,4,5,0,1,1,0,1,0.0,0.0,0.0,0.0,0.0,0.0,0.0,0.0,0.0,0.0,CON,High NDC
Suj_044,Respuestas de formulario 4,ALM,Bloque_9,Bloque_CON,4,Opción 2,0,1.4,4.833333333333333,1,1,0,Mujer,4,5,1000,1,1,0,0,0.0,0.0,0.0,0.0,0.0,0.0,0.0,0.0,0.0,0.0,CON,High NDC
Suj_044,Respuestas de formulario 4,AEF,Bloque_5,Bloque_CON,5,Opción 2,0,1.4,4.833333333333333,1,1,0,Mujer,4,5,2000,1,1,0,1,0.0,0.0,0.0,0.0,0.0,0.0,0.0,0.0,0.0,0.0,CON,High NDC
Suj_044,Respuestas de formulario 4,AGH,Bloque_11,Bloque_CON,6,Opción 2,0,1.4,4.833333333333333,1,1,0,Mujer,4,5,1200,1,1,0,0,0.0,0.0,0.0,0.0,0.0,0.0,0.0,0.0,0.0,0.0,CON,High NDC
Suj_044,Respuestas de formulario 4,AQS,Bloque_7,Bloque_SIN,1,Opción 2,0,1.4,4.833333333333333,1,1,0,Mujer,4,5,2400,1,1,0,1,0.0,0.0,0.0,0.0,0.0,0.0,0.0,0.0,0.0,0.0,SIN,High NDC
Suj_044,Respuestas de formulario 4,AJK,Bloque_3,Bloque_SIN,2,Opción 2,0,1.4,4.833333333333333,1,1,0,Mujer,4,5,0,1,1,0,1,0.0,0.0,0.0,0.0,0.0,0.0,0.0,0.0,0.0,0.0,SIN,High NDC
Suj_044,Respuestas de formulario 4,ABC,Bloque_1,Bloque_SIN,3,Opción 2,0,1.4,4.833333333333333,1,1,0,Mujer,4,5,0,1,1,0,1,0.0,0.0,0.0,0.0,0.0,0.0,0.0,0.0,0.0,0.0,SIN,High NDC
Suj_044,Respuestas de formulario 4,ALM,Bloque_9,Bloque_SIN,4,Opción 2,0,1.4,4.833333333333333,1,1,0,Mujer,4,5,1000,1,1,0,0,0.0,0.0,0.0,0.0,0.0,0.0,0.0,0.0,0.0,0.0,SIN,High NDC
Suj_044,Respuestas de formulario 4,AEF,Bloque_5,Bloque_SIN,5,Opción 2,0,1.4,4.833333333333333,1,1,0,Mujer,4,5,2000,1,1,0,1,0.0,0.0,0.0,0.0,0.0,0.0,0.0,0.0,0.0,0.0,SIN,High NDC
Suj_044,Respuestas de formulario 4,AGH,Bloque_11,Bloque_SIN,6,Opción 2,0,1.4,4.833333333333333,1,1,0,Mujer,4,5,1200,1,1,0,0,0.0,0.0,0.0,0.0,0.0,0.0,0.0,0.0,0.0,0.0,SIN,High NDC
Suj_044,Respuestas de formulario 4,AQS,Bloque_7,Dist,1,Opción 2,0,1.4,4.833333333333333,1,1,0,Mujer,4,5,2400,1,1,0,1,0.0,0.0,0.0,0.0,0.0,0.0,0.0,0.0,0.0,0.0,DIST,High NDC
Suj_044,Respuestas de formulario 4,AJK,Bloque_3,Dist,2,Opción 2,0,1.4,4.833333333333333,1,1,0,Mujer,4,5,0,1,1,0,1,0.0,0.0,0.0,0.0,0.0,0.0,0.0,0.0,0.0,0.0,DIST,High NDC
Suj_044,Respuestas de formulario 4,ABC,Bloque_1,Dist,3,Opción 2,0,1.4,4.833333333333333,1,1,0,Mujer,4,5,0,1,1,0,1,0.0,0.0,0.0,0.0,0.0,0.0,0.0,0.0,0.0,0.0,DIST,High NDC
Suj_044,Respuestas de formulario 4,ALM,Bloque_9,Dist,4,Opción 2,0,1.4,4.833333333333333,1,1,0,Mujer,4,5,1000,1,1,0,0,0.0,0.0,0.0,0.0,0.0,0.0,0.0,0.0,0.0,0.0,DIST,High NDC
Suj_044,Respuestas de formulario 4,AEF,Bloque_5,Dist,5,Opción 2,0,1.4,4.833333333333333,1,1,0,Mujer,4,5,2000,1,1,0,1,0.0,0.0,0.0,0.0,0.0,0.0,0.0,0.0,0.0,0.0,DIST,High NDC
Suj_044,Respuestas de formulario 4,AGH,Bloque_11,Dist,6,Opción 2,0,1.4,4.833333333333333,1,1,0,Mujer,4,5,1200,1,1,0,0,0.0,0.0,0.0,0.0,0.0,0.0,0.0,0.0,0.0,0.0,DIST,High NDC
Suj_047,Respuestas de formulario 4,AQS,Bloque_7,Bloque_CON,1,Opción 2,0,2.5,4.833333333333333,-1,0,0,Mujer,5,6,2400,-1,0,0,0,0.5,0.3333333333333333,0.3333333333333333,0.0,0.0,0.1666666666666666,0.0,0.6666666666666666,0.1666666666666666,-0.6666666666666666,CON,High NDC
Suj_047,Respuestas de formulario 4,AJK,Bloque_3,Bloque_CON,2,Opción 2,0,2.5,4.833333333333333,-1,0,0,Mujer,5,6,0,-1,0,0,-1,0.5,0.3333333333333333,0.3333333333333333,0.0,0.0,0.1666666666666666,0.0,0.6666666666666666,0.1666666666666666,-0.6666666666666666,CON,High NDC
Suj_047,Respuestas de formulario 4,ABC,Bloque_1,Bloque_CON,3,Opción 1,1,2.5,4.833333333333333,-1,0,0,Mujer,5,6,0,-1,0,0,-1,0.5,0.3333333333333333,0.3333333333333333,0.0,0.0,0.1666666666666666,0.0,0.6666666666666666,0.1666666666666666,-0.6666666666666666,CON,High NDC
Suj_047,Respuestas de formulario 4,ALM,Bloque_9,Bloque_CON,4,Opción 2,0,2.5,4.833333333333333,-1,0,0,Mujer,5,6,1000,-1,0,0,0,0.5,0.3333333333333333,0.3333333333333333,0.0,0.0,0.1666666666666666,0.0,0.6666666666666666,0.1666666666666666,-0.6666666666666666,CON,High NDC
Suj_047,Respuestas de formulario 4,AEF,Bloque_5,Bloque_CON,5,Opción 2,0,2.5,4.833333333333333,-1,0,0,Mujer,5,6,2000,-1,0,0,0,0.5,0.3333333333333333,0.3333333333333333,0.0,0.0,0.1666666666666666,0.0,0.6666666666666666,0.1666666666666666,-0.6666666666666666,CON,High NDC
Suj_047,Respuestas de formulario 4,AGH,Bloque_11,Bloque_CON,6,Opción 2,0,2.5,4.833333333333333,-1,0,0,Mujer,5,6,1200,-1,0,0,0,0.5,0.3333333333333333,0.3333333333333333,0.0,0.0,0.1666666666666666,0.0,0.6666666666666666,0.1666666666666666,-0.6666666666666666,CON,High NDC
Suj_047,Respuestas de formulario 4,AQS,Bloque_7,Bloque_SIN,1,Opción 2,0,2.5,4.833333333333333,-1,0,0,Mujer,5,6,2400,-1,0,0,0,0.5,0.3333333333333333,0.3333333333333333,0.0,0.0,0.1666666666666666,0.0,0.6666666666666666,0.1666666666666666,-0.6666666666666666,SIN,High NDC
Suj_047,Respuestas de formulario 4,AJK,Bloque_3,Bloque_SIN,2,Opción 2,0,2.5,4.833333333333333,-1,0,0,Mujer,5,6,0,-1,0,0,-1,0.5,0.3333333333333333,0.3333333333333333,0.0,0.0,0.1666666666666666,0.0,0.6666666666666666,0.1666666666666666,-0.6666666666666666,SIN,High NDC
Suj_047,Respuestas de formulario 4,ABC,Bloque_1,Bloque_SIN,3,Opción 2,0,2.5,4.833333333333333,-1,0,0,Mujer,5,6,0,-1,0,0,-1,0.5,0.3333333333333333,0.3333333333333333,0.0,0.0,0.1666666666666666,0.0,0.6666666666666666,0.1666666666666666,-0.6666666666666666,SIN,High NDC
Suj_047,Respuestas de formulario 4,ALM,Bloque_9,Bloque_SIN,4,Opción 2,0,2.5,4.833333333333333,-1,0,0,Mujer,5,6,1000,-1,0,0,0,0.5,0.3333333333333333,0.3333333333333333,0.0,0.0,0.1666666666666666,0.0,0.6666666666666666,0.1666666666666666,-0.6666666666666666,SIN,High NDC
Suj_047,Respuestas de formulario 4,AEF,Bloque_5,Bloque_SIN,5,Opción 2,0,2.5,4.833333333333333,-1,0,0,Mujer,5,6,2000,-1,0,0,0,0.5,0.3333333333333333,0.3333333333333333,0.0,0.0,0.1666666666666666,0.0,0.6666666666666666,0.1666666666666666,-0.6666666666666666,SIN,High NDC
Suj_047,Respuestas de formulario 4,AGH,Bloque_11,Bloque_SIN,6,Opción 2,0,2.5,4.833333333333333,-1,0,0,Mujer,5,6,1200,-1,0,0,0,0.5,0.3333333333333333,0.3333333333333333,0.0,0.0,0.1666666666666666,0.0,0.6666666666666666,0.1666666666666666,-0.6666666666666666,SIN,High NDC
Suj_047,Respuestas de formulario 4,AQS,Bloque_7,Dist,1,Opción 2,0,2.5,4.833333333333333,-1,0,0,Mujer,5,6,2400,-1,0,0,0,0.5,0.3333333333333333,0.3333333333333333,0.0,0.0,0.1666666666666666,0.0,0.6666666666666666,0.1666666666666666,-0.6666666666666666,DIST,High NDC
Suj_047,Respuestas de formulario 4,AJK,Bloque_3,Dist,2,Opción 1,1,2.5,4.833333333333333,-1,0,0,Mujer,5,6,0,-1,0,0,-1,0.5,0.3333333333333333,0.3333333333333333,0.0,0.0,0.1666666666666666,0.0,0.6666666666666666,0.1666666666666666,-0.6666666666666666,DIST,High NDC
Suj_047,Respuestas de formulario 4,ABC,Bloque_1,Dist,3,Opción 1,1,2.5,4.833333333333333,-1,0,0,Mujer,5,6,0,-1,0,0,-1,0.5,0.3333333333333333,0.3333333333333333,0.0,0.0,0.1666666666666666,0.0,0.6666666666666666,0.1666666666666666,-0.6666666666666666,DIST,High NDC
Suj_047,Respuestas de formulario 4,ALM,Bloque_9,Dist,4,Opción 1,1,2.5,4.833333333333333,-1,0,0,Mujer,5,6,1000,-1,0,0,0,0.5,0.3333333333333333,0.3333333333333333,0.0,0.0,0.1666666666666666,0.0,0.6666666666666666,0.1666666666666666,-0.6666666666666666,DIST,High NDC
Suj_047,Respuestas de formulario 4,AEF,Bloque_5,Dist,5,Opción 2,0,2.5,4.833333333333333,-1,0,0,Mujer,5,6,2000,-1,0,0,0,0.5,0.3333333333333333,0.3333333333333333,0.0,0.0,0.1666666666666666,0.0,0.6666666666666666,0.1666666666666666,-0.6666666666666666,DIST,High NDC
Suj_047,Respuestas de formulario 4,AGH,Bloque_11,Dist,6,Opción 1,1,2.5,4.833333333333333,-1,0,0,Mujer,5,6,1200,-1,0,0,0,0.5,0.3333333333333333,0.3333333333333333,0.0,0.0,0.1666666666666666,0.0,0.6666666666666666,0.1666666666666666,-0.6666666666666666,DIST,High NDC
Suj_048,Respuestas de formulario 4,AQS,Bloque_7,Bloque_CON,1,Opción 2,0,1.6,5.0,-1,-1,-1,Mujer,4,5,2400,-1,-1,-1,-1,0.0,0.0,0.0,0.0,0.0,0.0,0.0,0.0,0.0,0.0,CON,High NDC
Suj_048,Respuestas de formulario 4,AJK,Bloque_3,Bloque_CON,2,Opción 2,0,1.6,5.0,-1,-1,-1,Mujer,4,5,0,-1,-1,-1,-1,0.0,0.0,0.0,0.0,0.0,0.0,0.0,0.0,0.0,0.0,CON,High NDC
Suj_048,Respuestas de formulario 4,ABC,Bloque_1,Bloque_CON,3,Opción 2,0,1.6,5.0,-1,-1,-1,Mujer,4,5,0,-1,-1,-1,-1,0.0,0.0,0.0,0.0,0.0,0.0,0.0,0.0,0.0,0.0,CON,High NDC
Suj_048,Respuestas de formulario 4,ALM,Bloque_9,Bloque_CON,4,Opción 2,0,1.6,5.0,-1,-1,-1,Mujer,4,5,1000,-1,-1,-1,-1,0.0,0.0,0.0,0.0,0.0,0.0,0.0,0.0,0.0,0.0,CON,High NDC
Suj_048,Respuestas de formulario 4,AEF,Bloque_5,Bloque_CON,5,Opción 2,0,1.6,5.0,-1,-1,-1,Mujer,4,5,2000,-1,-1,-1,-1,0.0,0.0,0.0,0.0,0.0,0.0,0.0,0.0,0.0,0.0,CON,High NDC
Suj_048,Respuestas de formulario 4,AGH,Bloque_11,Bloque_CON,6,Opción 2,0,1.6,5.0,-1,-1,-1,Mujer,4,5,1200,-1,-1,-1,-1,0.0,0.0,0.0,0.0,0.0,0.0,0.0,0.0,0.0,0.0,CON,High NDC
Suj_048,Respuestas de formulario 4,AQS,Bloque_7,Bloque_SIN,1,Opción 2,0,1.6,5.0,-1,-1,-1,Mujer,4,5,2400,-1,-1,-1,-1,0.0,0.0,0.0,0.0,0.0,0.0,0.0,0.0,0.0,0.0,SIN,High NDC
Suj_048,Respuestas de formulario 4,AJK,Bloque_3,Bloque_SIN,2,Opción 2,0,1.6,5.0,-1,-1,-1,Mujer,4,5,0,-1,-1,-1,-1,0.0,0.0,0.0,0.0,0.0,0.0,0.0,0.0,0.0,0.0,SIN,High NDC
Suj_048,Respuestas de formulario 4,ABC,Bloque_1,Bloque_SIN,3,Opción 2,0,1.6,5.0,-1,-1,-1,Mujer,4,5,0,-1,-1,-1,-1,0.0,0.0,0.0,0.0,0.0,0.0,0.0,0.0,0.0,0.0,SIN,High NDC
Suj_048,Respuestas de formulario 4,ALM,Bloque_9,Bloque_SIN,4,Opción 2,0,1.6,5.0,-1,-1,-1,Mujer,4,5,1000,-1,-1,-1,-1,0.0,0.0,0.0,0.0,0.0,0.0,0.0,0.0,0.0,0.0,SIN,High NDC
Suj_048,Respuestas de formulario 4,AEF,Bloque_5,Bloque_SIN,5,Opción 2,0,1.6,5.0,-1,-1,-1,Mujer,4,5,2000,-1,-1,-1,-1,0.0,0.0,0.0,0.0,0.0,0.0,0.0,0.0,0.0,0.0,SIN,High NDC
Suj_048,Respuestas de formulario 4,AGH,Bloque_11,Bloque_SIN,6,Opción 2,0,1.6,5.0,-1,-1,-1,Mujer,4,5,1200,-1,-1,-1,-1,0.0,0.0,0.0,0.0,0.0,0.0,0.0,0.0,0.0,0.0,SIN,High NDC
Suj_048,Respuestas de formulario 4,AQS,Bloque_7,Dist,1,Opción 2,0,1.6,5.0,-1,-1,-1,Mujer,4,5,2400,-1,-1,-1,-1,0.0,0.0,0.0,0.0,0.0,0.0,0.0,0.0,0.0,0.0,DIST,High NDC
Suj_048,Respuestas de formulario 4,AJK,Bloque_3,Dist,2,Opción 2,0,1.6,5.0,-1,-1,-1,Mujer,4,5,0,-1,-1,-1,-1,0.0,0.0,0.0,0.0,0.0,0.0,0.0,0.0,0.0,0.0,DIST,High NDC
Suj_048,Respuestas de formulario 4,ABC,Bloque_1,Dist,3,Opción 2,0,1.6,5.0,-1,-1,-1,Mujer,4,5,0,-1,-1,-1,-1,0.0,0.0,0.0,0.0,0.0,0.0,0.0,0.0,0.0,0.0,DIST,High NDC
Suj_048,Respuestas de formulario 4,ALM,Bloque_9,Dist,4,Opción 2,0,1.6,5.0,-1,-1,-1,Mujer,4,5,1000,-1,-1,-1,-1,0.0,0.0,0.0,0.0,0.0,0.0,0.0,0.0,0.0,0.0,DIST,High NDC
Suj_048,Respuestas de formulario 4,AEF,Bloque_5,Dist,5,Opción 2,0,1.6,5.0,-1,-1,-1,Mujer,4,5,2000,-1,-1,-1,-1,0.0,0.0,0.0,0.0,0.0,0.0,0.0,0.0,0.0,0.0,DIST,High NDC
Suj_048,Respuestas de formulario 4,AGH,Bloque_11,Dist,6,Opción 2,0,1.6,5.0,-1,-1,-1,Mujer,4,5,1200,-1,-1,-1,-1,0.0,0.0,0.0,0.0,0.0,0.0,0.0,0.0,0.0,0.0,DIST,High NDC
Suj_051,Respuestas de formulario 5,ABC,Bloque_7,Bloque_SIN,1,Opción 1,1,3.2,5.333333333333333,0,-1,1,Hombre,4,7,2400,0,-1,1,-1,0.1666666666666666,1.0,0.6666666666666666,1.0,0.6666666666666666,0.5,0.8333333333333334,0.5,-0.3333333333333333,0.3333333333333333,SIN,High NDC
Suj_051,Respuestas de formulario 5,AEF,Bloque_3,Bloque_SIN,2,Opción 2,0,3.2,5.333333333333333,0,-1,1,Hombre,4,7,0,0,-1,1,0,0.1666666666666666,1.0,0.6666666666666666,1.0,0.6666666666666666,0.5,0.8333333333333334,0.5,-0.3333333333333333,0.3333333333333333,SIN,High NDC
Suj_051,Respuestas de formulario 5,AJK,Bloque_1,Bloque_SIN,3,Opción 1,1,3.2,5.333333333333333,0,-1,1,Hombre,4,7,0,0,-1,1,0,0.1666666666666666,1.0,0.6666666666666666,1.0,0.6666666666666666,0.5,0.8333333333333334,0.5,-0.3333333333333333,0.3333333333333333,SIN,High NDC
Suj_051,Respuestas de formulario 5,AGH,Bloque_9,Bloque_SIN,4,Opción 1,1,3.2,5.333333333333333,0,-1,1,Hombre,4,7,1000,0,-1,1,1,0.1666666666666666,1.0,0.6666666666666666,1.0,0.6666666666666666,0.5,0.8333333333333334,0.5,-0.3333333333333333,0.3333333333333333,SIN,High NDC
Suj_051,Respuestas de formulario 5,ALM,Bloque_5,Bloque_SIN,5,Opción 1,1,3.2,5.333333333333333,0,-1,1,Hombre,4,7,2000,0,-1,1,-1,0.1666666666666666,1.0,0.6666666666666666,1.0,0.6666666666666666,0.5,0.8333333333333334,0.5,-0.3333333333333333,0.3333333333333333,SIN,High NDC
Suj_051,Respuestas de formulario 5,AQS,Bloque_11,Bloque_SIN,6,Opción 1,1,3.2,5.333333333333333,0,-1,1,Hombre,4,7,1200,0,-1,1,1,0.1666666666666666,1.0,0.6666666666666666,1.0,0.6666666666666666,0.5,0.8333333333333334,0.5,-0.3333333333333333,0.3333333333333333,SIN,High NDC
Suj_051,Respuestas de formulario 5,ABC,Bloque_7,Bloque_CON,1,Opción 1,1,3.2,5.333333333333333,0,-1,1,Hombre,4,7,2400,0,-1,1,-1,0.1666666666666666,1.0,0.6666666666666666,1.0,0.6666666666666666,0.5,0.8333333333333334,0.5,-0.3333333333333333,0.3333333333333333,CON,High NDC
Suj_051,Respuestas de formulario 5,AEF,Bloque_3,Bloque_CON,2,Opción 2,0,3.2,5.333333333333333,0,-1,1,Hombre,4,7,0,0,-1,1,0,0.1666666666666666,1.0,0.6666666666666666,1.0,0.6666666666666666,0.5,0.8333333333333334,0.5,-0.3333333333333333,0.3333333333333333,CON,High NDC
Suj_051,Respuestas de formulario 5,AJK,Bloque_1,Bloque_CON,3,Opción 2,0,3.2,5.333333333333333,0,-1,1,Hombre,4,7,0,0,-1,1,0,0.1666666666666666,1.0,0.6666666666666666,1.0,0.6666666666666666,0.5,0.8333333333333334,0.5,-0.3333333333333333,0.3333333333333333,CON,High NDC
Suj_051,Respuestas de formulario 5,AGH,Bloque_9,Bloque_CON,4,Opción 1,1,3.2,5.333333333333333,0,-1,1,Hombre,4,7,1000,0,-1,1,1,0.1666666666666666,1.0,0.6666666666666666,1.0,0.6666666666666666,0.5,0.8333333333333334,0.5,-0.3333333333333333,0.3333333333333333,CON,High NDC
Suj_051,Respuestas de formulario 5,ALM,Bloque_5,Bloque_CON,5,Opción 1,1,3.2,5.333333333333333,0,-1,1,Hombre,4,7,2000,0,-1,1,-1,0.1666666666666666,1.0,0.6666666666666666,1.0,0.6666666666666666,0.5,0.8333333333333334,0.5,-0.3333333333333333,0.3333333333333333,CON,High NDC
Suj_051,Respuestas de formulario 5,AQS,Bloque_11,Bloque_CON,6,Opción 2,0,3.2,5.333333333333333,0,-1,1,Hombre,4,7,1200,0,-1,1,1,0.1666666666666666,1.0,0.6666666666666666,1.0,0.6666666666666666,0.5,0.8333333333333334,0.5,-0.3333333333333333,0.3333333333333333,CON,High NDC
Suj_051,Respuestas de formulario 5,ABC,Bloque_7,Dist,1,Opción 2,0,3.2,5.333333333333333,0,-1,1,Hombre,4,7,2400,0,-1,1,-1,0.1666666666666666,1.0,0.6666666666666666,1.0,0.6666666666666666,0.5,0.8333333333333334,0.5,-0.3333333333333333,0.3333333333333333,DIST,High NDC
Suj_051,Respuestas de formulario 5,AEF,Bloque_3,Dist,2,Opción 2,0,3.2,5.333333333333333,0,-1,1,Hombre,4,7,0,0,-1,1,0,0.1666666666666666,1.0,0.6666666666666666,1.0,0.6666666666666666,0.5,0.8333333333333334,0.5,-0.3333333333333333,0.3333333333333333,DIST,High NDC
Suj_051,Respuestas de formulario 5,AJK,Bloque_1,Dist,3,Opción 2,0,3.2,5.333333333333333,0,-1,1,Hombre,4,7,0,0,-1,1,0,0.1666666666666666,1.0,0.6666666666666666,1.0,0.6666666666666666,0.5,0.8333333333333334,0.5,-0.3333333333333333,0.3333333333333333,DIST,High NDC
Suj_051,Respuestas de formulario 5,AGH,Bloque_9,Dist,4,Opción 1,1,3.2,5.333333333333333,0,-1,1,Hombre,4,7,1000,0,-1,1,1,0.1666666666666666,1.0,0.6666666666666666,1.0,0.6666666666666666,0.5,0.8333333333333334,0.5,-0.3333333333333333,0.3333333333333333,DIST,High NDC
Suj_051,Respuestas de formulario 5,ALM,Bloque_5,Dist,5,Opción 1,1,3.2,5.333333333333333,0,-1,1,Hombre,4,7,2000,0,-1,1,-1,0.1666666666666666,1.0,0.6666666666666666,1.0,0.6666666666666666,0.5,0.8333333333333334,0.5,-0.3333333333333333,0.3333333333333333,DIST,High NDC
Suj_051,Respuestas de formulario 5,AQS,Bloque_11,Dist,6,Opción 1,1,3.2,5.333333333333333,0,-1,1,Hombre,4,7,1200,0,-1,1,1,0.1666666666666666,1.0,0.6666666666666666,1.0,0.6666666666666666,0.5,0.8333333333333334,0.5,-0.3333333333333333,0.3333333333333333,DIST,High NDC
Suj_054,Respuestas de formulario 5,ABC,Bloque_7,Bloque_SIN,1,Opción 2,0,2.5,5.5,1,-1,1,Mujer,5,7,2400,1,-1,1,-1,1.0,1.0,1.0,0.3333333333333333,0.0,0.6666666666666666,0.8333333333333334,0.6666666666666666,-0.1666666666666667,0.1666666666666667,SIN,High NDC
Suj_054,Respuestas de formulario 5,AEF,Bloque_3,Bloque_SIN,2,Opción 1,1,2.5,5.5,1,-1,1,Mujer,5,7,0,1,-1,1,1,1.0,1.0,1.0,0.3333333333333333,0.0,0.6666666666666666,0.8333333333333334,0.6666666666666666,-0.1666666666666667,0.1666666666666667,SIN,High NDC
Suj_054,Respuestas de formulario 5,AJK,Bloque_1,Bloque_SIN,3,Opción 1,1,2.5,5.5,1,-1,1,Mujer,5,7,0,1,-1,1,1,1.0,1.0,1.0,0.3333333333333333,0.0,0.6666666666666666,0.8333333333333334,0.6666666666666666,-0.1666666666666667,0.1666666666666667,SIN,High NDC
Suj_054,Respuestas de formulario 5,AGH,Bloque_9,Bloque_SIN,4,Opción 1,1,2.5,5.5,1,-1,1,Mujer,5,7,1000,1,-1,1,1,1.0,1.0,1.0,0.3333333333333333,0.0,0.6666666666666666,0.8333333333333334,0.6666666666666666,-0.1666666666666667,0.1666666666666667,SIN,High NDC
Suj_054,Respuestas de formulario 5,ALM,Bloque_5,Bloque_SIN,5,Opción 1,1,2.5,5.5,1,-1,1,Mujer,5,7,2000,1,-1,1,-1,1.0,1.0,1.0,0.3333333333333333,0.0,0.6666666666666666,0.8333333333333334,0.6666666666666666,-0.1666666666666667,0.1666666666666667,SIN,High NDC
Suj_054,Respuestas de formulario 5,AQS,Bloque_11,Bloque_SIN,6,Opción 1,1,2.5,5.5,1,-1,1,Mujer,5,7,1200,1,-1,1,1,1.0,1.0,1.0,0.3333333333333333,0.0,0.6666666666666666,0.8333333333333334,0.6666666666666666,-0.1666666666666667,0.1666666666666667,SIN,High NDC
Suj_054,Respuestas de formulario 5,ABC,Bloque_7,Bloque_CON,1,Opción 2,0,2.5,5.5,1,-1,1,Mujer,5,7,2400,1,-1,1,-1,1.0,1.0,1.0,0.3333333333333333,0.0,0.6666666666666666,0.8333333333333334,0.6666666666666666,-0.1666666666666667,0.1666666666666667,CON,High NDC
Suj_054,Respuestas de formulario 5,AEF,Bloque_3,Bloque_CON,2,Opción 1,1,2.5,5.5,1,-1,1,Mujer,5,7,0,1,-1,1,1,1.0,1.0,1.0,0.3333333333333333,0.0,0.6666666666666666,0.8333333333333334,0.6666666666666666,-0.1666666666666667,0.1666666666666667,CON,High NDC
Suj_054,Respuestas de formulario 5,AJK,Bloque_1,Bloque_CON,3,Opción 1,1,2.5,5.5,1,-1,1,Mujer,5,7,0,1,-1,1,1,1.0,1.0,1.0,0.3333333333333333,0.0,0.6666666666666666,0.8333333333333334,0.6666666666666666,-0.1666666666666667,0.1666666666666667,CON,High NDC
Suj_054,Respuestas de formulario 5,AGH,Bloque_9,Bloque_CON,4,Opción 1,1,2.5,5.5,1,-1,1,Mujer,5,7,1000,1,-1,1,1,1.0,1.0,1.0,0.3333333333333333,0.0,0.6666666666666666,0.8333333333333334,0.6666666666666666,-0.1666666666666667,0.1666666666666667,CON,High NDC
Suj_054,Respuestas de formulario 5,ALM,Bloque_5,Bloque_CON,5,Opción 2,0,2.5,5.5,1,-1,1,Mujer,5,7,2000,1,-1,1,-1,1.0,1.0,1.0,0.3333333333333333,0.0,0.6666666666666666,0.8333333333333334,0.6666666666666666,-0.1666666666666667,0.1666666666666667,CON,High NDC
Suj_054,Respuestas de formulario 5,AQS,Bloque_11,Bloque_CON,6,Opción 1,1,2.5,5.5,1,-1,1,Mujer,5,7,1200,1,-1,1,1,1.0,1.0,1.0,0.3333333333333333,0.0,0.6666666666666666,0.8333333333333334,0.6666666666666666,-0.1666666666666667,0.1666666666666667,CON,High NDC
Suj_054,Respuestas de formulario 5,ABC,Bloque_7,Dist,1,Opción 2,0,2.5,5.5,1,-1,1,Mujer,5,7,2400,1,-1,1,-1,1.0,1.0,1.0,0.3333333333333333,0.0,0.6666666666666666,0.8333333333333334,0.6666666666666666,-0.1666666666666667,0.1666666666666667,DIST,High NDC
Suj_054,Respuestas de formulario 5,AEF,Bloque_3,Dist,2,Opción 1,1,2.5,5.5,1,-1,1,Mujer,5,7,0,1,-1,1,1,1.0,1.0,1.0,0.3333333333333333,0.0,0.6666666666666666,0.8333333333333334,0.6666666666666666,-0.1666666666666667,0.1666666666666667,DIST,High NDC
Suj_054,Respuestas de formulario 5,AJK,Bloque_1,Dist,3,Opción 1,1,2.5,5.5,1,-1,1,Mujer,5,7,0,1,-1,1,1,1.0,1.0,1.0,0.3333333333333333,0.0,0.6666666666666666,0.8333333333333334,0.6666666666666666,-0.1666666666666667,0.1666666666666667,DIST,High NDC
Suj_054,Respuestas de formulario 5,AGH,Bloque_9,Dist,4,Opción 1,1,2.5,5.5,1,-1,1,Mujer,5,7,1000,1,-1,1,1,1.0,1.0,1.0,0.3333333333333333,0.0,0.6666666666666666,0.8333333333333334,0.6666666666666666,-0.1666666666666667,0.1666666666666667,DIST,High NDC
Suj_054,Respuestas de formulario 5,ALM,Bloque_5,Dist,5,Opción 2,0,2.5,5.5,1,-1,1,Mujer,5,7,2000,1,-1,1,-1,1.0,1.0,1.0,0.3333333333333333,0.0,0.6666666666666666,0.8333333333333334,0.6666666666666666,-0.1666666666666667,0.1666666666666667,DIST,High NDC
Suj_054,Respuestas de formulario 5,AQS,Bloque_11,Dist,6,Opción 1,1,2.5,5.5,1,-1,1,Mujer,5,7,1200,1,-1,1,1,1.0,1.0,1.0,0.3333333333333333,0.0,0.6666666666666666,0.8333333333333334,0.6666666666666666,-0.1666666666666667,0.1666666666666667,DIST,High NDC
Suj_057,Respuestas de formulario 5,ABC,Bloque_7,Bloque_SIN,1,Opción 1,1,2.6,5.0,0,-1,0,Hombre,6,8,2400,0,-1,0,-1,0.0,0.6666666666666666,0.6666666666666666,0.3333333333333333,0.3333333333333333,0.3333333333333333,0.1666666666666666,0.5,0.1666666666666666,-0.3333333333333333,SIN,High NDC
Suj_057,Respuestas de formulario 5,AEF,Bloque_3,Bloque_SIN,2,Opción 2,0,2.6,5.0,0,-1,0,Hombre,6,8,0,0,-1,0,0,0.0,0.6666666666666666,0.6666666666666666,0.3333333333333333,0.3333333333333333,0.3333333333333333,0.1666666666666666,0.5,0.1666666666666666,-0.3333333333333333,SIN,High NDC
Suj_057,Respuestas de formulario 5,AJK,Bloque_1,Bloque_SIN,3,Opción 2,0,2.6,5.0,0,-1,0,Hombre,6,8,0,0,-1,0,0,0.0,0.6666666666666666,0.6666666666666666,0.3333333333333333,0.3333333333333333,0.3333333333333333,0.1666666666666666,0.5,0.1666666666666666,-0.3333333333333333,SIN,High NDC
Suj_057,Respuestas de formulario 5,AGH,Bloque_9,Bloque_SIN,4,Opción 2,0,2.6,5.0,0,-1,0,Hombre,6,8,1000,0,-1,0,0,0.0,0.6666666666666666,0.6666666666666666,0.3333333333333333,0.3333333333333333,0.3333333333333333,0.1666666666666666,0.5,0.1666666666666666,-0.3333333333333333,SIN,High NDC
Suj_057,Respuestas de formulario 5,ALM,Bloque_5,Bloque_SIN,5,Opción 2,0,2.6,5.0,0,-1,0,Hombre,6,8,2000,0,-1,0,-1,0.0,0.6666666666666666,0.6666666666666666,0.3333333333333333,0.3333333333333333,0.3333333333333333,0.1666666666666666,0.5,0.1666666666666666,-0.3333333333333333,SIN,High NDC
Suj_057,Respuestas de formulario 5,AQS,Bloque_11,Bloque_SIN,6,Opción 2,0,2.6,5.0,0,-1,0,Hombre,6,8,1200,0,-1,0,0,0.0,0.6666666666666666,0.6666666666666666,0.3333333333333333,0.3333333333333333,0.3333333333333333,0.1666666666666666,0.5,0.1666666666666666,-0.3333333333333333,SIN,High NDC
Suj_057,Respuestas de formulario 5,ABC,Bloque_7,Bloque_CON,1,Opción 2,0,2.6,5.0,0,-1,0,Hombre,6,8,2400,0,-1,0,-1,0.0,0.6666666666666666,0.6666666666666666,0.3333333333333333,0.3333333333333333,0.3333333333333333,0.1666666666666666,0.5,0.1666666666666666,-0.3333333333333333,CON,High NDC
Suj_057,Respuestas de formulario 5,AEF,Bloque_3,Bloque_CON,2,Opción 2,0,2.6,5.0,0,-1,0,Hombre,6,8,0,0,-1,0,0,0.0,0.6666666666666666,0.6666666666666666,0.3333333333333333,0.3333333333333333,0.3333333333333333,0.1666666666666666,0.5,0.1666666666666666,-0.3333333333333333,CON,High NDC
Suj_057,Respuestas de formulario 5,AJK,Bloque_1,Bloque_CON,3,Opción 2,0,2.6,5.0,0,-1,0,Hombre,6,8,0,0,-1,0,0,0.0,0.6666666666666666,0.6666666666666666,0.3333333333333333,0.3333333333333333,0.3333333333333333,0.1666666666666666,0.5,0.1666666666666666,-0.3333333333333333,CON,High NDC
Suj_057,Respuestas de formulario 5,AGH,Bloque_9,Bloque_CON,4,Opción 1,1,2.6,5.0,0,-1,0,Hombre,6,8,1000,0,-1,0,0,0.0,0.6666666666666666,0.6666666666666666,0.3333333333333333,0.3333333333333333,0.3333333333333333,0.1666666666666666,0.5,0.1666666666666666,-0.3333333333333333,CON,High NDC
Suj_057,Respuestas de formulario 5,ALM,Bloque_5,Bloque_CON,5,Opción 2,0,2.6,5.0,0,-1,0,Hombre,6,8,2000,0,-1,0,-1,0.0,0.6666666666666666,0.6666666666666666,0.3333333333333333,0.3333333333333333,0.3333333333333333,0.1666666666666666,0.5,0.1666666666666666,-0.3333333333333333,CON,High NDC
Suj_057,Respuestas de formulario 5,AQS,Bloque_11,Bloque_CON,6,Opción 1,1,2.6,5.0,0,-1,0,Hombre,6,8,1200,0,-1,0,0,0.0,0.6666666666666666,0.6666666666666666,0.3333333333333333,0.3333333333333333,0.3333333333333333,0.1666666666666666,0.5,0.1666666666666666,-0.3333333333333333,CON,High NDC
Suj_057,Respuestas de formulario 5,ABC,Bloque_7,Dist,1,Opción 2,0,2.6,5.0,0,-1,0,Hombre,6,8,2400,0,-1,0,-1,0.0,0.6666666666666666,0.6666666666666666,0.3333333333333333,0.3333333333333333,0.3333333333333333,0.1666666666666666,0.5,0.1666666666666666,-0.3333333333333333,DIST,High NDC
Suj_057,Respuestas de formulario 5,AEF,Bloque_3,Dist,2,Opción 2,0,2.6,5.0,0,-1,0,Hombre,6,8,0,0,-1,0,0,0.0,0.6666666666666666,0.6666666666666666,0.3333333333333333,0.3333333333333333,0.3333333333333333,0.1666666666666666,0.5,0.1666666666666666,-0.3333333333333333,DIST,High NDC
Suj_057,Respuestas de formulario 5,AJK,Bloque_1,Dist,3,Opción 2,0,2.6,5.0,0,-1,0,Hombre,6,8,0,0,-1,0,0,0.0,0.6666666666666666,0.6666666666666666,0.3333333333333333,0.3333333333333333,0.3333333333333333,0.1666666666666666,0.5,0.1666666666666666,-0.3333333333333333,DIST,High NDC
Suj_057,Respuestas de formulario 5,AGH,Bloque_9,Dist,4,Opción 1,1,2.6,5.0,0,-1,0,Hombre,6,8,1000,0,-1,0,0,0.0,0.6666666666666666,0.6666666666666666,0.3333333333333333,0.3333333333333333,0.3333333333333333,0.1666666666666666,0.5,0.1666666666666666,-0.3333333333333333,DIST,High NDC
Suj_057,Respuestas de formulario 5,ALM,Bloque_5,Dist,5,Opción 1,1,2.6,5.0,0,-1,0,Hombre,6,8,2000,0,-1,0,-1,0.0,0.6666666666666666,0.6666666666666666,0.3333333333333333,0.3333333333333333,0.3333333333333333,0.1666666666666666,0.5,0.1666666666666666,-0.3333333333333333,DIST,High NDC
Suj_057,Respuestas de formulario 5,AQS,Bloque_11,Dist,6,Opción 1,1,2.6,5.0,0,-1,0,Hombre,6,8,1200,0,-1,0,0,0.0,0.6666666666666666,0.6666666666666666,0.3333333333333333,0.3333333333333333,0.3333333333333333,0.1666666666666666,0.5,0.1666666666666666,-0.3333333333333333,DIST,High NDC
Suj_058,Respuestas de formulario 5,ABC,Bloque_7,Bloque_SIN,1,Opción 2,0,2.6,4.833333333333333,0,-1,-1,Mujer,5,6,2400,0,-1,-1,-1,0.6666666666666666,0.0,0.3333333333333333,0.0,0.0,0.3333333333333333,0.1666666666666666,0.3333333333333333,0.1666666666666666,-0.1666666666666666,SIN,High NDC
Suj_058,Respuestas de formulario 5,AEF,Bloque_3,Bloque_SIN,2,Opción 1,1,2.6,4.833333333333333,0,-1,-1,Mujer,5,6,0,0,-1,-1,0,0.6666666666666666,0.0,0.3333333333333333,0.0,0.0,0.3333333333333333,0.1666666666666666,0.3333333333333333,0.1666666666666666,-0.1666666666666666,SIN,High NDC
Suj_058,Respuestas de formulario 5,AJK,Bloque_1,Bloque_SIN,3,Opción 2,0,2.6,4.833333333333333,0,-1,-1,Mujer,5,6,0,0,-1,-1,0,0.6666666666666666,0.0,0.3333333333333333,0.0,0.0,0.3333333333333333,0.1666666666666666,0.3333333333333333,0.1666666666666666,-0.1666666666666666,SIN,High NDC
Suj_058,Respuestas de formulario 5,AGH,Bloque_9,Bloque_SIN,4,Opción 2,0,2.6,4.833333333333333,0,-1,-1,Mujer,5,6,1000,0,-1,-1,-1,0.6666666666666666,0.0,0.3333333333333333,0.0,0.0,0.3333333333333333,0.1666666666666666,0.3333333333333333,0.1666666666666666,-0.1666666666666666,SIN,High NDC
Suj_058,Respuestas de formulario 5,ALM,Bloque_5,Bloque_SIN,5,Opción 2,0,2.6,4.833333333333333,0,-1,-1,Mujer,5,6,2000,0,-1,-1,-1,0.6666666666666666,0.0,0.3333333333333333,0.0,0.0,0.3333333333333333,0.1666666666666666,0.3333333333333333,0.1666666666666666,-0.1666666666666666,SIN,High NDC
Suj_058,Respuestas de formulario 5,AQS,Bloque_11,Bloque_SIN,6,Opción 2,0,2.6,4.833333333333333,0,-1,-1,Mujer,5,6,1200,0,-1,-1,-1,0.6666666666666666,0.0,0.3333333333333333,0.0,0.0,0.3333333333333333,0.1666666666666666,0.3333333333333333,0.1666666666666666,-0.1666666666666666,SIN,High NDC
Suj_058,Respuestas de formulario 5,ABC,Bloque_7,Bloque_CON,1,Opción 2,0,2.6,4.833333333333333,0,-1,-1,Mujer,5,6,2400,0,-1,-1,-1,0.6666666666666666,0.0,0.3333333333333333,0.0,0.0,0.3333333333333333,0.1666666666666666,0.3333333333333333,0.1666666666666666,-0.1666666666666666,CON,High NDC
Suj_058,Respuestas de formulario 5,AEF,Bloque_3,Bloque_CON,2,Opción 1,1,2.6,4.833333333333333,0,-1,-1,Mujer,5,6,0,0,-1,-1,0,0.6666666666666666,0.0,0.3333333333333333,0.0,0.0,0.3333333333333333,0.1666666666666666,0.3333333333333333,0.1666666666666666,-0.1666666666666666,CON,High NDC
Suj_058,Respuestas de formulario 5,AJK,Bloque_1,Bloque_CON,3,Opción 2,0,2.6,4.833333333333333,0,-1,-1,Mujer,5,6,0,0,-1,-1,0,0.6666666666666666,0.0,0.3333333333333333,0.0,0.0,0.3333333333333333,0.1666666666666666,0.3333333333333333,0.1666666666666666,-0.1666666666666666,CON,High NDC
Suj_058,Respuestas de formulario 5,AGH,Bloque_9,Bloque_CON,4,Opción 2,0,2.6,4.833333333333333,0,-1,-1,Mujer,5,6,1000,0,-1,-1,-1,0.6666666666666666,0.0,0.3333333333333333,0.0,0.0,0.3333333333333333,0.1666666666666666,0.3333333333333333,0.1666666666666666,-0.1666666666666666,CON,High NDC
Suj_058,Respuestas de formulario 5,ALM,Bloque_5,Bloque_CON,5,Opción 2,0,2.6,4.833333333333333,0,-1,-1,Mujer,5,6,2000,0,-1,-1,-1,0.6666666666666666,0.0,0.3333333333333333,0.0,0.0,0.3333333333333333,0.1666666666666666,0.3333333333333333,0.1666666666666666,-0.1666666666666666,CON,High NDC
Suj_058,Respuestas de formulario 5,AQS,Bloque_11,Bloque_CON,6,Opción 1,1,2.6,4.833333333333333,0,-1,-1,Mujer,5,6,1200,0,-1,-1,-1,0.6666666666666666,0.0,0.3333333333333333,0.0,0.0,0.3333333333333333,0.1666666666666666,0.3333333333333333,0.1666666666666666,-0.1666666666666666,CON,High NDC
Suj_058,Respuestas de formulario 5,ABC,Bloque_7,Dist,1,Opción 2,0,2.6,4.833333333333333,0,-1,-1,Mujer,5,6,2400,0,-1,-1,-1,0.6666666666666666,0.0,0.3333333333333333,0.0,0.0,0.3333333333333333,0.1666666666666666,0.3333333333333333,0.1666666666666666,-0.1666666666666666,DIST,High NDC
Suj_058,Respuestas de formulario 5,AEF,Bloque_3,Dist,2,Opción 1,1,2.6,4.833333333333333,0,-1,-1,Mujer,5,6,0,0,-1,-1,0,0.6666666666666666,0.0,0.3333333333333333,0.0,0.0,0.3333333333333333,0.1666666666666666,0.3333333333333333,0.1666666666666666,-0.1666666666666666,DIST,High NDC
Suj_058,Respuestas de formulario 5,AJK,Bloque_1,Dist,3,Opción 1,1,2.6,4.833333333333333,0,-1,-1,Mujer,5,6,0,0,-1,-1,0,0.6666666666666666,0.0,0.3333333333333333,0.0,0.0,0.3333333333333333,0.1666666666666666,0.3333333333333333,0.1666666666666666,-0.1666666666666666,DIST,High NDC
Suj_058,Respuestas de formulario 5,AGH,Bloque_9,Dist,4,Opción 2,0,2.6,4.833333333333333,0,-1,-1,Mujer,5,6,1000,0,-1,-1,-1,0.6666666666666666,0.0,0.3333333333333333,0.0,0.0,0.3333333333333333,0.1666666666666666,0.3333333333333333,0.1666666666666666,-0.1666666666666666,DIST,High NDC
Suj_058,Respuestas de formulario 5,ALM,Bloque_5,Dist,5,Opción 2,0,2.6,4.833333333333333,0,-1,-1,Mujer,5,6,2000,0,-1,-1,-1,0.6666666666666666,0.0,0.3333333333333333,0.0,0.0,0.3333333333333333,0.1666666666666666,0.3333333333333333,0.1666666666666666,-0.1666666666666666,DIST,High NDC
Suj_058,Respuestas de formulario 5,AQS,Bloque_11,Dist,6,Opción 2,0,2.6,4.833333333333333,0,-1,-1,Mujer,5,6,1200,0,-1,-1,-1,0.6666666666666666,0.0,0.3333333333333333,0.0,0.0,0.3333333333333333,0.1666666666666666,0.3333333333333333,0.1666666666666666,-0.1666666666666666,DIST,High NDC
Suj_059,Respuestas de formulario 5,ABC,Bloque_7,Bloque_SIN,1,Opción 2,0,1.7,5.333333333333333,-1,-1,-1,Hombre,2,6,2400,-1,-1,-1,-1,0.6666666666666666,0.3333333333333333,0.0,0.0,0.0,0.1666666666666666,0.3333333333333333,0.3333333333333333,-0.1666666666666666,0.0,SIN,High NDC
Suj_059,Respuestas de formulario 5,AEF,Bloque_3,Bloque_SIN,2,Opción 1,1,1.7,5.333333333333333,-1,-1,-1,Hombre,2,6,0,-1,-1,-1,-1,0.6666666666666666,0.3333333333333333,0.0,0.0,0.0,0.1666666666666666,0.3333333333333333,0.3333333333333333,-0.1666666666666666,0.0,SIN,High NDC
Suj_059,Respuestas de formulario 5,AJK,Bloque_1,Bloque_SIN,3,Opción 2,0,1.7,5.333333333333333,-1,-1,-1,Hombre,2,6,0,-1,-1,-1,-1,0.6666666666666666,0.3333333333333333,0.0,0.0,0.0,0.1666666666666666,0.3333333333333333,0.3333333333333333,-0.1666666666666666,0.0,SIN,High NDC
Suj_059,Respuestas de formulario 5,AGH,Bloque_9,Bloque_SIN,4,Opción 1,1,1.7,5.333333333333333,-1,-1,-1,Hombre,2,6,1000,-1,-1,-1,-1,0.6666666666666666,0.3333333333333333,0.0,0.0,0.0,0.1666666666666666,0.3333333333333333,0.3333333333333333,-0.1666666666666666,0.0,SIN,High NDC
Suj_059,Respuestas de formulario 5,ALM,Bloque_5,Bloque_SIN,5,Opción 2,0,1.7,5.333333333333333,-1,-1,-1,Hombre,2,6,2000,-1,-1,-1,-1,0.6666666666666666,0.3333333333333333,0.0,0.0,0.0,0.1666666666666666,0.3333333333333333,0.3333333333333333,-0.1666666666666666,0.0,SIN,High NDC
Suj_059,Respuestas de formulario 5,AQS,Bloque_11,Bloque_SIN,6,Opción 2,0,1.7,5.333333333333333,-1,-1,-1,Hombre,2,6,1200,-1,-1,-1,-1,0.6666666666666666,0.3333333333333333,0.0,0.0,0.0,0.1666666666666666,0.3333333333333333,0.3333333333333333,-0.1666666666666666,0.0,SIN,High NDC
Suj_059,Respuestas de formulario 5,ABC,Bloque_7,Bloque_CON,1,Opción 2,0,1.7,5.333333333333333,-1,-1,-1,Hombre,2,6,2400,-1,-1,-1,-1,0.6666666666666666,0.3333333333333333,0.0,0.0,0.0,0.1666666666666666,0.3333333333333333,0.3333333333333333,-0.1666666666666666,0.0,CON,High NDC
Suj_059,Respuestas de formulario 5,AEF,Bloque_3,Bloque_CON,2,Opción 1,1,1.7,5.333333333333333,-1,-1,-1,Hombre,2,6,0,-1,-1,-1,-1,0.6666666666666666,0.3333333333333333,0.0,0.0,0.0,0.1666666666666666,0.3333333333333333,0.3333333333333333,-0.1666666666666666,0.0,CON,High NDC
Suj_059,Respuestas de formulario 5,AJK,Bloque_1,Bloque_CON,3,Opción 2,0,1.7,5.333333333333333,-1,-1,-1,Hombre,2,6,0,-1,-1,-1,-1,0.6666666666666666,0.3333333333333333,0.0,0.0,0.0,0.1666666666666666,0.3333333333333333,0.3333333333333333,-0.1666666666666666,0.0,CON,High NDC
Suj_059,Respuestas de formulario 5,AGH,Bloque_9,Bloque_CON,4,Opción 2,0,1.7,5.333333333333333,-1,-1,-1,Hombre,2,6,1000,-1,-1,-1,-1,0.6666666666666666,0.3333333333333333,0.0,0.0,0.0,0.1666666666666666,0.3333333333333333,0.3333333333333333,-0.1666666666666666,0.0,CON,High NDC
Suj_059,Respuestas de formulario 5,ALM,Bloque_5,Bloque_CON,5,Opción 2,0,1.7,5.333333333333333,-1,-1,-1,Hombre,2,6,2000,-1,-1,-1,-1,0.6666666666666666,0.3333333333333333,0.0,0.0,0.0,0.1666666666666666,0.3333333333333333,0.3333333333333333,-0.1666666666666666,0.0,CON,High NDC
Suj_059,Respuestas de formulario 5,AQS,Bloque_11,Bloque_CON,6,Opción 2,0,1.7,5.333333333333333,-1,-1,-1,Hombre,2,6,1200,-1,-1,-1,-1,0.6666666666666666,0.3333333333333333,0.0,0.0,0.0,0.1666666666666666,0.3333333333333333,0.3333333333333333,-0.1666666666666666,0.0,CON,High NDC
Suj_059,Respuestas de formulario 5,ABC,Bloque_7,Dist,1,Opción 2,0,1.7,5.333333333333333,-1,-1,-1,Hombre,2,6,2400,-1,-1,-1,-1,0.6666666666666666,0.3333333333333333,0.0,0.0,0.0,0.1666666666666666,0.3333333333333333,0.3333333333333333,-0.1666666666666666,0.0,DIST,High NDC
Suj_059,Respuestas de formulario 5,AEF,Bloque_3,Dist,2,Opción 1,1,1.7,5.333333333333333,-1,-1,-1,Hombre,2,6,0,-1,-1,-1,-1,0.6666666666666666,0.3333333333333333,0.0,0.0,0.0,0.1666666666666666,0.3333333333333333,0.3333333333333333,-0.1666666666666666,0.0,DIST,High NDC
Suj_059,Respuestas de formulario 5,AJK,Bloque_1,Dist,3,Opción 1,1,1.7,5.333333333333333,-1,-1,-1,Hombre,2,6,0,-1,-1,-1,-1,0.6666666666666666,0.3333333333333333,0.0,0.0,0.0,0.1666666666666666,0.3333333333333333,0.3333333333333333,-0.1666666666666666,0.0,DIST,High NDC
Suj_059,Respuestas de formulario 5,AGH,Bloque_9,Dist,4,Opción 2,0,1.7,5.333333333333333,-1,-1,-1,Hombre,2,6,1000,-1,-1,-1,-1,0.6666666666666666,0.3333333333333333,0.0,0.0,0.0,0.1666666666666666,0.3333333333333333,0.3333333333333333,-0.1666666666666666,0.0,DIST,High NDC
Suj_059,Respuestas de formulario 5,ALM,Bloque_5,Dist,5,Opción 2,0,1.7,5.333333333333333,-1,-1,-1,Hombre,2,6,2000,-1,-1,-1,-1,0.6666666666666666,0.3333333333333333,0.0,0.0,0.0,0.1666666666666666,0.3333333333333333,0.3333333333333333,-0.1666666666666666,0.0,DIST,High NDC
Suj_059,Respuestas de formulario 5,AQS,Bloque_11,Dist,6,Opción 2,0,1.7,5.333333333333333,-1,-1,-1,Hombre,2,6,1200,-1,-1,-1,-1,0.6666666666666666,0.3333333333333333,0.0,0.0,0.0,0.1666666666666666,0.3333333333333333,0.3333333333333333,-0.1666666666666666,0.0,DIST,High NDC
Suj_066,Respuestas de formulario 6,AEF,Bloque_7,Bloque_SIN,1,Opción 2,0,2.2,5.166666666666667,1,1,1,Mujer,4,4,2400,1,1,1,1,0.5,0.6666666666666666,0.6666666666666666,0.3333333333333333,0.6666666666666666,0.6666666666666666,0.5,0.5,0.1666666666666666,0.0,SIN,High NDC
Suj_066,Respuestas de formulario 6,AGH,Bloque_3,Bloque_SIN,2,Opción 1,1,2.2,5.166666666666667,1,1,1,Mujer,4,4,0,1,1,1,1,0.5,0.6666666666666666,0.6666666666666666,0.3333333333333333,0.6666666666666666,0.6666666666666666,0.5,0.5,0.1666666666666666,0.0,SIN,High NDC
Suj_066,Respuestas de formulario 6,ALM,Bloque_1,Bloque_SIN,3,Opción 2,0,2.2,5.166666666666667,1,1,1,Mujer,4,4,0,1,1,1,1,0.5,0.6666666666666666,0.6666666666666666,0.3333333333333333,0.6666666666666666,0.6666666666666666,0.5,0.5,0.1666666666666666,0.0,SIN,High NDC
Suj_066,Respuestas de formulario 6,ABC,Bloque_9,Bloque_SIN,4,Opción 1,1,2.2,5.166666666666667,1,1,1,Mujer,4,4,1000,1,1,1,1,0.5,0.6666666666666666,0.6666666666666666,0.3333333333333333,0.6666666666666666,0.6666666666666666,0.5,0.5,0.1666666666666666,0.0,SIN,High NDC
Suj_066,Respuestas de formulario 6,AQS,Bloque_5,Bloque_SIN,5,Opción 2,0,2.2,5.166666666666667,1,1,1,Mujer,4,4,2000,1,1,1,1,0.5,0.6666666666666666,0.6666666666666666,0.3333333333333333,0.6666666666666666,0.6666666666666666,0.5,0.5,0.1666666666666666,0.0,SIN,High NDC
Suj_066,Respuestas de formulario 6,AJK,Bloque_11,Bloque_SIN,6,Opción 1,1,2.2,5.166666666666667,1,1,1,Mujer,4,4,1200,1,1,1,1,0.5,0.6666666666666666,0.6666666666666666,0.3333333333333333,0.6666666666666666,0.6666666666666666,0.5,0.5,0.1666666666666666,0.0,SIN,High NDC
Suj_066,Respuestas de formulario 6,AEF,Bloque_7,Bloque_CON,1,Opción 1,1,2.2,5.166666666666667,1,1,1,Mujer,4,4,2400,1,1,1,1,0.5,0.6666666666666666,0.6666666666666666,0.3333333333333333,0.6666666666666666,0.6666666666666666,0.5,0.5,0.1666666666666666,0.0,CON,High NDC
Suj_066,Respuestas de formulario 6,AGH,Bloque_3,Bloque_CON,2,Opción 2,0,2.2,5.166666666666667,1,1,1,Mujer,4,4,0,1,1,1,1,0.5,0.6666666666666666,0.6666666666666666,0.3333333333333333,0.6666666666666666,0.6666666666666666,0.5,0.5,0.1666666666666666,0.0,CON,High NDC
Suj_066,Respuestas de formulario 6,ALM,Bloque_1,Bloque_CON,3,Opción 1,1,2.2,5.166666666666667,1,1,1,Mujer,4,4,0,1,1,1,1,0.5,0.6666666666666666,0.6666666666666666,0.3333333333333333,0.6666666666666666,0.6666666666666666,0.5,0.5,0.1666666666666666,0.0,CON,High NDC
Suj_066,Respuestas de formulario 6,ABC,Bloque_9,Bloque_CON,4,Opción 1,1,2.2,5.166666666666667,1,1,1,Mujer,4,4,1000,1,1,1,1,0.5,0.6666666666666666,0.6666666666666666,0.3333333333333333,0.6666666666666666,0.6666666666666666,0.5,0.5,0.1666666666666666,0.0,CON,High NDC
Suj_066,Respuestas de formulario 6,AQS,Bloque_5,Bloque_CON,5,Opción 2,0,2.2,5.166666666666667,1,1,1,Mujer,4,4,2000,1,1,1,1,0.5,0.6666666666666666,0.6666666666666666,0.3333333333333333,0.6666666666666666,0.6666666666666666,0.5,0.5,0.1666666666666666,0.0,CON,High NDC
Suj_066,Respuestas de formulario 6,AJK,Bloque_11,Bloque_CON,6,Opción 1,1,2.2,5.166666666666667,1,1,1,Mujer,4,4,1200,1,1,1,1,0.5,0.6666666666666666,0.6666666666666666,0.3333333333333333,0.6666666666666666,0.6666666666666666,0.5,0.5,0.1666666666666666,0.0,CON,High NDC
Suj_066,Respuestas de formulario 6,AEF,Bloque_7,Dist,1,Opción 1,1,2.2,5.166666666666667,1,1,1,Mujer,4,4,2400,1,1,1,1,0.5,0.6666666666666666,0.6666666666666666,0.3333333333333333,0.6666666666666666,0.6666666666666666,0.5,0.5,0.1666666666666666,0.0,DIST,High NDC
Suj_066,Respuestas de formulario 6,AGH,Bloque_3,Dist,2,Opción 2,0,2.2,5.166666666666667,1,1,1,Mujer,4,4,0,1,1,1,1,0.5,0.6666666666666666,0.6666666666666666,0.3333333333333333,0.6666666666666666,0.6666666666666666,0.5,0.5,0.1666666666666666,0.0,DIST,High NDC
Suj_066,Respuestas de formulario 6,ALM,Bloque_1,Dist,3,Opción 1,1,2.2,5.166666666666667,1,1,1,Mujer,4,4,0,1,1,1,1,0.5,0.6666666666666666,0.6666666666666666,0.3333333333333333,0.6666666666666666,0.6666666666666666,0.5,0.5,0.1666666666666666,0.0,DIST,High NDC
Suj_066,Respuestas de formulario 6,ABC,Bloque_9,Dist,4,Opción 2,0,2.2,5.166666666666667,1,1,1,Mujer,4,4,1000,1,1,1,1,0.5,0.6666666666666666,0.6666666666666666,0.3333333333333333,0.6666666666666666,0.6666666666666666,0.5,0.5,0.1666666666666666,0.0,DIST,High NDC
Suj_066,Respuestas de formulario 6,AQS,Bloque_5,Dist,5,Opción 1,1,2.2,5.166666666666667,1,1,1,Mujer,4,4,2000,1,1,1,1,0.5,0.6666666666666666,0.6666666666666666,0.3333333333333333,0.6666666666666666,0.6666666666666666,0.5,0.5,0.1666666666666666,0.0,DIST,High NDC
Suj_066,Respuestas de formulario 6,AJK,Bloque_11,Dist,6,Opción 2,0,2.2,5.166666666666667,1,1,1,Mujer,4,4,1200,1,1,1,1,0.5,0.6666666666666666,0.6666666666666666,0.3333333333333333,0.6666666666666666,0.6666666666666666,0.5,0.5,0.1666666666666666,0.0,DIST,High NDC
Suj_067,Respuestas de formulario 6,AEF,Bloque_7,Bloque_SIN,1,Opción 2,0,1.8,5.333333333333333,0,-1,-1,Hombre,3,6,2400,0,-1,-1,-1,1.0,0.0,0.0,0.0,0.0,0.3333333333333333,0.3333333333333333,0.3333333333333333,0.0,0.0,SIN,High NDC
Suj_067,Respuestas de formulario 6,AGH,Bloque_3,Bloque_SIN,2,Opción 1,1,1.8,5.333333333333333,0,-1,-1,Hombre,3,6,0,0,-1,-1,0,1.0,0.0,0.0,0.0,0.0,0.3333333333333333,0.3333333333333333,0.3333333333333333,0.0,0.0,SIN,High NDC
Suj_067,Respuestas de formulario 6,ALM,Bloque_1,Bloque_SIN,3,Opción 1,1,1.8,5.333333333333333,0,-1,-1,Hombre,3,6,0,0,-1,-1,0,1.0,0.0,0.0,0.0,0.0,0.3333333333333333,0.3333333333333333,0.3333333333333333,0.0,0.0,SIN,High NDC
Suj_067,Respuestas de formulario 6,ABC,Bloque_9,Bloque_SIN,4,Opción 2,0,1.8,5.333333333333333,0,-1,-1,Hombre,3,6,1000,0,-1,-1,-1,1.0,0.0,0.0,0.0,0.0,0.3333333333333333,0.3333333333333333,0.3333333333333333,0.0,0.0,SIN,High NDC
Suj_067,Respuestas de formulario 6,AQS,Bloque_5,Bloque_SIN,5,Opción 2,0,1.8,5.333333333333333,0,-1,-1,Hombre,3,6,2000,0,-1,-1,-1,1.0,0.0,0.0,0.0,0.0,0.3333333333333333,0.3333333333333333,0.3333333333333333,0.0,0.0,SIN,High NDC
Suj_067,Respuestas de formulario 6,AJK,Bloque_11,Bloque_SIN,6,Opción 2,0,1.8,5.333333333333333,0,-1,-1,Hombre,3,6,1200,0,-1,-1,-1,1.0,0.0,0.0,0.0,0.0,0.3333333333333333,0.3333333333333333,0.3333333333333333,0.0,0.0,SIN,High NDC
Suj_067,Respuestas de formulario 6,AEF,Bloque_7,Bloque_CON,1,Opción 2,0,1.8,5.333333333333333,0,-1,-1,Hombre,3,6,2400,0,-1,-1,-1,1.0,0.0,0.0,0.0,0.0,0.3333333333333333,0.3333333333333333,0.3333333333333333,0.0,0.0,CON,High NDC
Suj_067,Respuestas de formulario 6,AGH,Bloque_3,Bloque_CON,2,Opción 1,1,1.8,5.333333333333333,0,-1,-1,Hombre,3,6,0,0,-1,-1,0,1.0,0.0,0.0,0.0,0.0,0.3333333333333333,0.3333333333333333,0.3333333333333333,0.0,0.0,CON,High NDC
Suj_067,Respuestas de formulario 6,ALM,Bloque_1,Bloque_CON,3,Opción 1,1,1.8,5.333333333333333,0,-1,-1,Hombre,3,6,0,0,-1,-1,0,1.0,0.0,0.0,0.0,0.0,0.3333333333333333,0.3333333333333333,0.3333333333333333,0.0,0.0,CON,High NDC
Suj_067,Respuestas de formulario 6,ABC,Bloque_9,Bloque_CON,4,Opción 2,0,1.8,5.333333333333333,0,-1,-1,Hombre,3,6,1000,0,-1,-1,-1,1.0,0.0,0.0,0.0,0.0,0.3333333333333333,0.3333333333333333,0.3333333333333333,0.0,0.0,CON,High NDC
Suj_067,Respuestas de formulario 6,AQS,Bloque_5,Bloque_CON,5,Opción 2,0,1.8,5.333333333333333,0,-1,-1,Hombre,3,6,2000,0,-1,-1,-1,1.0,0.0,0.0,0.0,0.0,0.3333333333333333,0.3333333333333333,0.3333333333333333,0.0,0.0,CON,High NDC
Suj_067,Respuestas de formulario 6,AJK,Bloque_11,Bloque_CON,6,Opción 2,0,1.8,5.333333333333333,0,-1,-1,Hombre,3,6,1200,0,-1,-1,-1,1.0,0.0,0.0,0.0,0.0,0.3333333333333333,0.3333333333333333,0.3333333333333333,0.0,0.0,CON,High NDC
Suj_067,Respuestas de formulario 6,AEF,Bloque_7,Dist,1,Opción 2,0,1.8,5.333333333333333,0,-1,-1,Hombre,3,6,2400,0,-1,-1,-1,1.0,0.0,0.0,0.0,0.0,0.3333333333333333,0.3333333333333333,0.3333333333333333,0.0,0.0,DIST,High NDC
Suj_067,Respuestas de formulario 6,AGH,Bloque_3,Dist,2,Opción 1,1,1.8,5.333333333333333,0,-1,-1,Hombre,3,6,0,0,-1,-1,0,1.0,0.0,0.0,0.0,0.0,0.3333333333333333,0.3333333333333333,0.3333333333333333,0.0,0.0,DIST,High NDC
Suj_067,Respuestas de formulario 6,ALM,Bloque_1,Dist,3,Opción 1,1,1.8,5.333333333333333,0,-1,-1,Hombre,3,6,0,0,-1,-1,0,1.0,0.0,0.0,0.0,0.0,0.3333333333333333,0.3333333333333333,0.3333333333333333,0.0,0.0,DIST,High NDC
Suj_067,Respuestas de formulario 6,ABC,Bloque_9,Dist,4,Opción 2,0,1.8,5.333333333333333,0,-1,-1,Hombre,3,6,1000,0,-1,-1,-1,1.0,0.0,0.0,0.0,0.0,0.3333333333333333,0.3333333333333333,0.3333333333333333,0.0,0.0,DIST,High NDC
Suj_067,Respuestas de formulario 6,AQS,Bloque_5,Dist,5,Opción 2,0,1.8,5.333333333333333,0,-1,-1,Hombre,3,6,2000,0,-1,-1,-1,1.0,0.0,0.0,0.0,0.0,0.3333333333333333,0.3333333333333333,0.3333333333333333,0.0,0.0,DIST,High NDC
Suj_067,Respuestas de formulario 6,AJK,Bloque_11,Dist,6,Opción 2,0,1.8,5.333333333333333,0,-1,-1,Hombre,3,6,1200,0,-1,-1,-1,1.0,0.0,0.0,0.0,0.0,0.3333333333333333,0.3333333333333333,0.3333333333333333,0.0,0.0,DIST,High NDC
Suj_069,Respuestas de formulario 6,AEF,Bloque_7,Bloque_SIN,1,Opción 2,0,1.8,5.166666666666667,1,-1,0,Mujer,4,4,2400,1,-1,0,-1,0.5,0.3333333333333333,0.6666666666666666,0.6666666666666666,0.3333333333333333,0.6666666666666666,0.5,0.3333333333333333,0.1666666666666666,0.1666666666666666,SIN,High NDC
Suj_069,Respuestas de formulario 6,AGH,Bloque_3,Bloque_SIN,2,Opción 2,0,1.8,5.166666666666667,1,-1,0,Mujer,4,4,0,1,-1,0,1,0.5,0.3333333333333333,0.6666666666666666,0.6666666666666666,0.3333333333333333,0.6666666666666666,0.5,0.3333333333333333,0.1666666666666666,0.1666666666666666,SIN,High NDC
Suj_069,Respuestas de formulario 6,ALM,Bloque_1,Bloque_SIN,3,Opción 1,1,1.8,5.166666666666667,1,-1,0,Mujer,4,4,0,1,-1,0,1,0.5,0.3333333333333333,0.6666666666666666,0.6666666666666666,0.3333333333333333,0.6666666666666666,0.5,0.3333333333333333,0.1666666666666666,0.1666666666666666,SIN,High NDC
Suj_069,Respuestas de formulario 6,ABC,Bloque_9,Bloque_SIN,4,Opción 1,1,1.8,5.166666666666667,1,-1,0,Mujer,4,4,1000,1,-1,0,0,0.5,0.3333333333333333,0.6666666666666666,0.6666666666666666,0.3333333333333333,0.6666666666666666,0.5,0.3333333333333333,0.1666666666666666,0.1666666666666666,SIN,High NDC
Suj_069,Respuestas de formulario 6,AQS,Bloque_5,Bloque_SIN,5,Opción 1,1,1.8,5.166666666666667,1,-1,0,Mujer,4,4,2000,1,-1,0,-1,0.5,0.3333333333333333,0.6666666666666666,0.6666666666666666,0.3333333333333333,0.6666666666666666,0.5,0.3333333333333333,0.1666666666666666,0.1666666666666666,SIN,High NDC
Suj_069,Respuestas de formulario 6,AJK,Bloque_11,Bloque_SIN,6,Opción 2,0,1.8,5.166666666666667,1,-1,0,Mujer,4,4,1200,1,-1,0,0,0.5,0.3333333333333333,0.6666666666666666,0.6666666666666666,0.3333333333333333,0.6666666666666666,0.5,0.3333333333333333,0.1666666666666666,0.1666666666666666,SIN,High NDC
Suj_069,Respuestas de formulario 6,AEF,Bloque_7,Bloque_CON,1,Opción 1,1,1.8,5.166666666666667,1,-1,0,Mujer,4,4,2400,1,-1,0,-1,0.5,0.3333333333333333,0.6666666666666666,0.6666666666666666,0.3333333333333333,0.6666666666666666,0.5,0.3333333333333333,0.1666666666666666,0.1666666666666666,CON,High NDC
Suj_069,Respuestas de formulario 6,AGH,Bloque_3,Bloque_CON,2,Opción 1,1,1.8,5.166666666666667,1,-1,0,Mujer,4,4,0,1,-1,0,1,0.5,0.3333333333333333,0.6666666666666666,0.6666666666666666,0.3333333333333333,0.6666666666666666,0.5,0.3333333333333333,0.1666666666666666,0.1666666666666666,CON,High NDC
Suj_069,Respuestas de formulario 6,ALM,Bloque_1,Bloque_CON,3,Opción 2,0,1.8,5.166666666666667,1,-1,0,Mujer,4,4,0,1,-1,0,1,0.5,0.3333333333333333,0.6666666666666666,0.6666666666666666,0.3333333333333333,0.6666666666666666,0.5,0.3333333333333333,0.1666666666666666,0.1666666666666666,CON,High NDC
Suj_069,Respuestas de formulario 6,ABC,Bloque_9,Bloque_CON,4,Opción 2,0,1.8,5.166666666666667,1,-1,0,Mujer,4,4,1000,1,-1,0,0,0.5,0.3333333333333333,0.6666666666666666,0.6666666666666666,0.3333333333333333,0.6666666666666666,0.5,0.3333333333333333,0.1666666666666666,0.1666666666666666,CON,High NDC
Suj_069,Respuestas de formulario 6,AQS,Bloque_5,Bloque_CON,5,Opción 1,1,1.8,5.166666666666667,1,-1,0,Mujer,4,4,2000,1,-1,0,-1,0.5,0.3333333333333333,0.6666666666666666,0.6666666666666666,0.3333333333333333,0.6666666666666666,0.5,0.3333333333333333,0.1666666666666666,0.1666666666666666,CON,High NDC
Suj_069,Respuestas de formulario 6,AJK,Bloque_11,Bloque_CON,6,Opción 1,1,1.8,5.166666666666667,1,-1,0,Mujer,4,4,1200,1,-1,0,0,0.5,0.3333333333333333,0.6666666666666666,0.6666666666666666,0.3333333333333333,0.6666666666666666,0.5,0.3333333333333333,0.1666666666666666,0.1666666666666666,CON,High NDC
Suj_069,Respuestas de formulario 6,AEF,Bloque_7,Dist,1,Opción 2,0,1.8,5.166666666666667,1,-1,0,Mujer,4,4,2400,1,-1,0,-1,0.5,0.3333333333333333,0.6666666666666666,0.6666666666666666,0.3333333333333333,0.6666666666666666,0.5,0.3333333333333333,0.1666666666666666,0.1666666666666666,DIST,High NDC
Suj_069,Respuestas de formulario 6,AGH,Bloque_3,Dist,2,Opción 1,1,1.8,5.166666666666667,1,-1,0,Mujer,4,4,0,1,-1,0,1,0.5,0.3333333333333333,0.6666666666666666,0.6666666666666666,0.3333333333333333,0.6666666666666666,0.5,0.3333333333333333,0.1666666666666666,0.1666666666666666,DIST,High NDC
Suj_069,Respuestas de formulario 6,ALM,Bloque_1,Dist,3,Opción 2,0,1.8,5.166666666666667,1,-1,0,Mujer,4,4,0,1,-1,0,1,0.5,0.3333333333333333,0.6666666666666666,0.6666666666666666,0.3333333333333333,0.6666666666666666,0.5,0.3333333333333333,0.1666666666666666,0.1666666666666666,DIST,High NDC
Suj_069,Respuestas de formulario 6,ABC,Bloque_9,Dist,4,Opción 2,0,1.8,5.166666666666667,1,-1,0,Mujer,4,4,1000,1,-1,0,0,0.5,0.3333333333333333,0.6666666666666666,0.6666666666666666,0.3333333333333333,0.6666666666666666,0.5,0.3333333333333333,0.1666666666666666,0.1666666666666666,DIST,High NDC
Suj_069,Respuestas de formulario 6,AQS,Bloque_5,Dist,5,Opción 2,0,1.8,5.166666666666667,1,-1,0,Mujer,4,4,2000,1,-1,0,-1,0.5,0.3333333333333333,0.6666666666666666,0.6666666666666666,0.3333333333333333,0.6666666666666666,0.5,0.3333333333333333,0.1666666666666666,0.1666666666666666,DIST,High NDC
Suj_069,Respuestas de formulario 6,AJK,Bloque_11,Dist,6,Opción 1,1,1.8,5.166666666666667,1,-1,0,Mujer,4,4,1200,1,-1,0,0,0.5,0.3333333333333333,0.6666666666666666,0.6666666666666666,0.3333333333333333,0.6666666666666666,0.5,0.3333333333333333,0.1666666666666666,0.1666666666666666,DIST,High NDC
Suj_072,Respuestas de formulario 6,AEF,Bloque_7,Bloque_SIN,1,Opción 2,0,2.1,5.166666666666667,0,-1,-1,Hombre,2,4,2400,0,-1,-1,-1,1.0,0.0,0.0,0.0,0.0,0.3333333333333333,0.3333333333333333,0.3333333333333333,0.0,0.0,SIN,High NDC
Suj_072,Respuestas de formulario 6,AGH,Bloque_3,Bloque_SIN,2,Opción 1,1,2.1,5.166666666666667,0,-1,-1,Hombre,2,4,0,0,-1,-1,0,1.0,0.0,0.0,0.0,0.0,0.3333333333333333,0.3333333333333333,0.3333333333333333,0.0,0.0,SIN,High NDC
Suj_072,Respuestas de formulario 6,ALM,Bloque_1,Bloque_SIN,3,Opción 1,1,2.1,5.166666666666667,0,-1,-1,Hombre,2,4,0,0,-1,-1,0,1.0,0.0,0.0,0.0,0.0,0.3333333333333333,0.3333333333333333,0.3333333333333333,0.0,0.0,SIN,High NDC
Suj_072,Respuestas de formulario 6,ABC,Bloque_9,Bloque_SIN,4,Opción 2,0,2.1,5.166666666666667,0,-1,-1,Hombre,2,4,1000,0,-1,-1,-1,1.0,0.0,0.0,0.0,0.0,0.3333333333333333,0.3333333333333333,0.3333333333333333,0.0,0.0,SIN,High NDC
Suj_072,Respuestas de formulario 6,AQS,Bloque_5,Bloque_SIN,5,Opción 2,0,2.1,5.166666666666667,0,-1,-1,Hombre,2,4,2000,0,-1,-1,-1,1.0,0.0,0.0,0.0,0.0,0.3333333333333333,0.3333333333333333,0.3333333333333333,0.0,0.0,SIN,High NDC
Suj_072,Respuestas de formulario 6,AJK,Bloque_11,Bloque_SIN,6,Opción 2,0,2.1,5.166666666666667,0,-1,-1,Hombre,2,4,1200,0,-1,-1,-1,1.0,0.0,0.0,0.0,0.0,0.3333333333333333,0.3333333333333333,0.3333333333333333,0.0,0.0,SIN,High NDC
Suj_072,Respuestas de formulario 6,AEF,Bloque_7,Bloque_CON,1,Opción 2,0,2.1,5.166666666666667,0,-1,-1,Hombre,2,4,2400,0,-1,-1,-1,1.0,0.0,0.0,0.0,0.0,0.3333333333333333,0.3333333333333333,0.3333333333333333,0.0,0.0,CON,High NDC
Suj_072,Respuestas de formulario 6,AGH,Bloque_3,Bloque_CON,2,Opción 1,1,2.1,5.166666666666667,0,-1,-1,Hombre,2,4,0,0,-1,-1,0,1.0,0.0,0.0,0.0,0.0,0.3333333333333333,0.3333333333333333,0.3333333333333333,0.0,0.0,CON,High NDC
Suj_072,Respuestas de formulario 6,ALM,Bloque_1,Bloque_CON,3,Opción 1,1,2.1,5.166666666666667,0,-1,-1,Hombre,2,4,0,0,-1,-1,0,1.0,0.0,0.0,0.0,0.0,0.3333333333333333,0.3333333333333333,0.3333333333333333,0.0,0.0,CON,High NDC
Suj_072,Respuestas de formulario 6,ABC,Bloque_9,Bloque_CON,4,Opción 2,0,2.1,5.166666666666667,0,-1,-1,Hombre,2,4,1000,0,-1,-1,-1,1.0,0.0,0.0,0.0,0.0,0.3333333333333333,0.3333333333333333,0.3333333333333333,0.0,0.0,CON,High NDC
Suj_072,Respuestas de formulario 6,AQS,Bloque_5,Bloque_CON,5,Opción 2,0,2.1,5.166666666666667,0,-1,-1,Hombre,2,4,2000,0,-1,-1,-1,1.0,0.0,0.0,0.0,0.0,0.3333333333333333,0.3333333333333333,0.3333333333333333,0.0,0.0,CON,High NDC
Suj_072,Respuestas de formulario 6,AJK,Bloque_11,Bloque_CON,6,Opción 2,0,2.1,5.166666666666667,0,-1,-1,Hombre,2,4,1200,0,-1,-1,-1,1.0,0.0,0.0,0.0,0.0,0.3333333333333333,0.3333333333333333,0.3333333333333333,0.0,0.0,CON,High NDC
Suj_072,Respuestas de formulario 6,AEF,Bloque_7,Dist,1,Opción 2,0,2.1,5.166666666666667,0,-1,-1,Hombre,2,4,2400,0,-1,-1,-1,1.0,0.0,0.0,0.0,0.0,0.3333333333333333,0.3333333333333333,0.3333333333333333,0.0,0.0,DIST,High NDC
Suj_072,Respuestas de formulario 6,AGH,Bloque_3,Dist,2,Opción 1,1,2.1,5.166666666666667,0,-1,-1,Hombre,2,4,0,0,-1,-1,0,1.0,0.0,0.0,0.0,0.0,0.3333333333333333,0.3333333333333333,0.3333333333333333,0.0,0.0,DIST,High NDC
Suj_072,Respuestas de formulario 6,ALM,Bloque_1,Dist,3,Opción 1,1,2.1,5.166666666666667,0,-1,-1,Hombre,2,4,0,0,-1,-1,0,1.0,0.0,0.0,0.0,0.0,0.3333333333333333,0.3333333333333333,0.3333333333333333,0.0,0.0,DIST,High NDC
Suj_072,Respuestas de formulario 6,ABC,Bloque_9,Dist,4,Opción 2,0,2.1,5.166666666666667,0,-1,-1,Hombre,2,4,1000,0,-1,-1,-1,1.0,0.0,0.0,0.0,0.0,0.3333333333333333,0.3333333333333333,0.3333333333333333,0.0,0.0,DIST,High NDC
Suj_072,Respuestas de formulario 6,AQS,Bloque_5,Dist,5,Opción 2,0,2.1,5.166666666666667,0,-1,-1,Hombre,2,4,2000,0,-1,-1,-1,1.0,0.0,0.0,0.0,0.0,0.3333333333333333,0.3333333333333333,0.3333333333333333,0.0,0.0,DIST,High NDC
Suj_072,Respuestas de formulario 6,AJK,Bloque_11,Dist,6,Opción 2,0,2.1,5.166666666666667,0,-1,-1,Hombre,2,4,1200,0,-1,-1,-1,1.0,0.0,0.0,0.0,0.0,0.3333333333333333,0.3333333333333333,0.3333333333333333,0.0,0.0,DIST,High NDC
Suj_075,Respuestas de formulario 6,AEF,Bloque_7,Bloque_SIN,1,Opción 2,0,3.2,4.833333333333333,-1,-1,-1,Mujer,7,5,2400,-1,-1,-1,-1,1.0,0.0,0.0,0.0,0.0,0.3333333333333333,0.3333333333333333,0.3333333333333333,0.0,0.0,SIN,High NDC
Suj_075,Respuestas de formulario 6,AGH,Bloque_3,Bloque_SIN,2,Opción 1,1,3.2,4.833333333333333,-1,-1,-1,Mujer,7,5,0,-1,-1,-1,-1,1.0,0.0,0.0,0.0,0.0,0.3333333333333333,0.3333333333333333,0.3333333333333333,0.0,0.0,SIN,High NDC
Suj_075,Respuestas de formulario 6,ALM,Bloque_1,Bloque_SIN,3,Opción 1,1,3.2,4.833333333333333,-1,-1,-1,Mujer,7,5,0,-1,-1,-1,-1,1.0,0.0,0.0,0.0,0.0,0.3333333333333333,0.3333333333333333,0.3333333333333333,0.0,0.0,SIN,High NDC
Suj_075,Respuestas de formulario 6,ABC,Bloque_9,Bloque_SIN,4,Opción 2,0,3.2,4.833333333333333,-1,-1,-1,Mujer,7,5,1000,-1,-1,-1,-1,1.0,0.0,0.0,0.0,0.0,0.3333333333333333,0.3333333333333333,0.3333333333333333,0.0,0.0,SIN,High NDC
Suj_075,Respuestas de formulario 6,AQS,Bloque_5,Bloque_SIN,5,Opción 2,0,3.2,4.833333333333333,-1,-1,-1,Mujer,7,5,2000,-1,-1,-1,-1,1.0,0.0,0.0,0.0,0.0,0.3333333333333333,0.3333333333333333,0.3333333333333333,0.0,0.0,SIN,High NDC
Suj_075,Respuestas de formulario 6,AJK,Bloque_11,Bloque_SIN,6,Opción 2,0,3.2,4.833333333333333,-1,-1,-1,Mujer,7,5,1200,-1,-1,-1,-1,1.0,0.0,0.0,0.0,0.0,0.3333333333333333,0.3333333333333333,0.3333333333333333,0.0,0.0,SIN,High NDC
Suj_075,Respuestas de formulario 6,AEF,Bloque_7,Bloque_CON,1,Opción 2,0,3.2,4.833333333333333,-1,-1,-1,Mujer,7,5,2400,-1,-1,-1,-1,1.0,0.0,0.0,0.0,0.0,0.3333333333333333,0.3333333333333333,0.3333333333333333,0.0,0.0,CON,High NDC
Suj_075,Respuestas de formulario 6,AGH,Bloque_3,Bloque_CON,2,Opción 1,1,3.2,4.833333333333333,-1,-1,-1,Mujer,7,5,0,-1,-1,-1,-1,1.0,0.0,0.0,0.0,0.0,0.3333333333333333,0.3333333333333333,0.3333333333333333,0.0,0.0,CON,High NDC
Suj_075,Respuestas de formulario 6,ALM,Bloque_1,Bloque_CON,3,Opción 1,1,3.2,4.833333333333333,-1,-1,-1,Mujer,7,5,0,-1,-1,-1,-1,1.0,0.0,0.0,0.0,0.0,0.3333333333333333,0.3333333333333333,0.3333333333333333,0.0,0.0,CON,High NDC
Suj_075,Respuestas de formulario 6,ABC,Bloque_9,Bloque_CON,4,Opción 2,0,3.2,4.833333333333333,-1,-1,-1,Mujer,7,5,1000,-1,-1,-1,-1,1.0,0.0,0.0,0.0,0.0,0.3333333333333333,0.3333333333333333,0.3333333333333333,0.0,0.0,CON,High NDC
Suj_075,Respuestas de formulario 6,AQS,Bloque_5,Bloque_CON,5,Opción 2,0,3.2,4.833333333333333,-1,-1,-1,Mujer,7,5,2000,-1,-1,-1,-1,1.0,0.0,0.0,0.0,0.0,0.3333333333333333,0.3333333333333333,0.3333333333333333,0.0,0.0,CON,High NDC
Suj_075,Respuestas de formulario 6,AJK,Bloque_11,Bloque_CON,6,Opción 2,0,3.2,4.833333333333333,-1,-1,-1,Mujer,7,5,1200,-1,-1,-1,-1,1.0,0.0,0.0,0.0,0.0,0.3333333333333333,0.3333333333333333,0.3333333333333333,0.0,0.0,CON,High NDC
Suj_075,Respuestas de formulario 6,AEF,Bloque_7,Dist,1,Opción 2,0,3.2,4.833333333333333,-1,-1,-1,Mujer,7,5,2400,-1,-1,-1,-1,1.0,0.0,0.0,0.0,0.0,0.3333333333333333,0.3333333333333333,0.3333333333333333,0.0,0.0,DIST,High NDC
Suj_075,Respuestas de formulario 6,AGH,Bloque_3,Dist,2,Opción 1,1,3.2,4.833333333333333,-1,-1,-1,Mujer,7,5,0,-1,-1,-1,-1,1.0,0.0,0.0,0.0,0.0,0.3333333333333333,0.3333333333333333,0.3333333333333333,0.0,0.0,DIST,High NDC
Suj_075,Respuestas de formulario 6,ALM,Bloque_1,Dist,3,Opción 1,1,3.2,4.833333333333333,-1,-1,-1,Mujer,7,5,0,-1,-1,-1,-1,1.0,0.0,0.0,0.0,0.0,0.3333333333333333,0.3333333333333333,0.3333333333333333,0.0,0.0,DIST,High NDC
Suj_075,Respuestas de formulario 6,ABC,Bloque_9,Dist,4,Opción 2,0,3.2,4.833333333333333,-1,-1,-1,Mujer,7,5,1000,-1,-1,-1,-1,1.0,0.0,0.0,0.0,0.0,0.3333333333333333,0.3333333333333333,0.3333333333333333,0.0,0.0,DIST,High NDC
Suj_075,Respuestas de formulario 6,AQS,Bloque_5,Dist,5,Opción 2,0,3.2,4.833333333333333,-1,-1,-1,Mujer,7,5,2000,-1,-1,-1,-1,1.0,0.0,0.0,0.0,0.0,0.3333333333333333,0.3333333333333333,0.3333333333333333,0.0,0.0,DIST,High NDC
Suj_075,Respuestas de formulario 6,AJK,Bloque_11,Dist,6,Opción 2,0,3.2,4.833333333333333,-1,-1,-1,Mujer,7,5,1200,-1,-1,-1,-1,1.0,0.0,0.0,0.0,0.0,0.3333333333333333,0.3333333333333333,0.3333333333333333,0.0,0.0,DIST,High NDC
Suj_078,Respuestas de formulario 7,ALM,Bloque_9,Bloque_SIN,1,Opción 2,0,2.2,5.166666666666667,-1,-1,-1,Mujer,3,7,1000,-1,-1,-1,-1,0.8333333333333334,0.0,0.0,0.0,0.0,0.3333333333333333,0.1666666666666666,0.3333333333333333,0.1666666666666666,-0.1666666666666666,SIN,High NDC
Suj_078,Respuestas de formulario 7,ABC,Bloque_1,Bloque_SIN,2,Opción 1,1,2.2,5.166666666666667,-1,-1,-1,Mujer,3,7,0,-1,-1,-1,-1,0.8333333333333334,0.0,0.0,0.0,0.0,0.3333333333333333,0.1666666666666666,0.3333333333333333,0.1666666666666666,-0.1666666666666666,SIN,High NDC
Suj_078,Respuestas de formulario 7,AQS,Bloque_5,Bloque_SIN,3,Opción 2,0,2.2,5.166666666666667,-1,-1,-1,Mujer,3,7,2000,-1,-1,-1,-1,0.8333333333333334,0.0,0.0,0.0,0.0,0.3333333333333333,0.1666666666666666,0.3333333333333333,0.1666666666666666,-0.1666666666666666,SIN,High NDC
Suj_078,Respuestas de formulario 7,AEF,Bloque_11,Bloque_SIN,4,Opción 2,0,2.2,5.166666666666667,-1,-1,-1,Mujer,3,7,1200,-1,-1,-1,-1,0.8333333333333334,0.0,0.0,0.0,0.0,0.3333333333333333,0.1666666666666666,0.3333333333333333,0.1666666666666666,-0.1666666666666666,SIN,High NDC
Suj_078,Respuestas de formulario 7,AGH,Bloque_3,Bloque_SIN,5,Opción 2,0,2.2,5.166666666666667,-1,-1,-1,Mujer,3,7,0,-1,-1,-1,-1,0.8333333333333334,0.0,0.0,0.0,0.0,0.3333333333333333,0.1666666666666666,0.3333333333333333,0.1666666666666666,-0.1666666666666666,SIN,High NDC
Suj_078,Respuestas de formulario 7,AJK,Bloque_7,Bloque_SIN,6,Opción 2,0,2.2,5.166666666666667,-1,-1,-1,Mujer,3,7,2400,-1,-1,-1,-1,0.8333333333333334,0.0,0.0,0.0,0.0,0.3333333333333333,0.1666666666666666,0.3333333333333333,0.1666666666666666,-0.1666666666666666,SIN,High NDC
Suj_078,Respuestas de formulario 7,ALM,Bloque_9,Dist,1,Opción 2,0,2.2,5.166666666666667,-1,-1,-1,Mujer,3,7,1000,-1,-1,-1,-1,0.8333333333333334,0.0,0.0,0.0,0.0,0.3333333333333333,0.1666666666666666,0.3333333333333333,0.1666666666666666,-0.1666666666666666,DIST,High NDC
Suj_078,Respuestas de formulario 7,ABC,Bloque_1,Dist,2,Opción 1,1,2.2,5.166666666666667,-1,-1,-1,Mujer,3,7,0,-1,-1,-1,-1,0.8333333333333334,0.0,0.0,0.0,0.0,0.3333333333333333,0.1666666666666666,0.3333333333333333,0.1666666666666666,-0.1666666666666666,DIST,High NDC
Suj_078,Respuestas de formulario 7,AQS,Bloque_5,Dist,3,Opción 2,0,2.2,5.166666666666667,-1,-1,-1,Mujer,3,7,2000,-1,-1,-1,-1,0.8333333333333334,0.0,0.0,0.0,0.0,0.3333333333333333,0.1666666666666666,0.3333333333333333,0.1666666666666666,-0.1666666666666666,DIST,High NDC
Suj_078,Respuestas de formulario 7,AEF,Bloque_11,Dist,4,Opción 2,0,2.2,5.166666666666667,-1,-1,-1,Mujer,3,7,1200,-1,-1,-1,-1,0.8333333333333334,0.0,0.0,0.0,0.0,0.3333333333333333,0.1666666666666666,0.3333333333333333,0.1666666666666666,-0.1666666666666666,DIST,High NDC
Suj_078,Respuestas de formulario 7,AGH,Bloque_3,Dist,5,Opción 1,1,2.2,5.166666666666667,-1,-1,-1,Mujer,3,7,0,-1,-1,-1,-1,0.8333333333333334,0.0,0.0,0.0,0.0,0.3333333333333333,0.1666666666666666,0.3333333333333333,0.1666666666666666,-0.1666666666666666,DIST,High NDC
Suj_078,Respuestas de formulario 7,AJK,Bloque_7,Dist,6,Opción 2,0,2.2,5.166666666666667,-1,-1,-1,Mujer,3,7,2400,-1,-1,-1,-1,0.8333333333333334,0.0,0.0,0.0,0.0,0.3333333333333333,0.1666666666666666,0.3333333333333333,0.1666666666666666,-0.1666666666666666,DIST,High NDC
Suj_078,Respuestas de formulario 7,ALM,Bloque_9,Bloque_CON,1,Opción 2,0,2.2,5.166666666666667,-1,-1,-1,Mujer,3,7,1000,-1,-1,-1,-1,0.8333333333333334,0.0,0.0,0.0,0.0,0.3333333333333333,0.1666666666666666,0.3333333333333333,0.1666666666666666,-0.1666666666666666,CON,High NDC
Suj_078,Respuestas de formulario 7,ABC,Bloque_1,Bloque_CON,2,Opción 1,1,2.2,5.166666666666667,-1,-1,-1,Mujer,3,7,0,-1,-1,-1,-1,0.8333333333333334,0.0,0.0,0.0,0.0,0.3333333333333333,0.1666666666666666,0.3333333333333333,0.1666666666666666,-0.1666666666666666,CON,High NDC
Suj_078,Respuestas de formulario 7,AQS,Bloque_5,Bloque_CON,3,Opción 2,0,2.2,5.166666666666667,-1,-1,-1,Mujer,3,7,2000,-1,-1,-1,-1,0.8333333333333334,0.0,0.0,0.0,0.0,0.3333333333333333,0.1666666666666666,0.3333333333333333,0.1666666666666666,-0.1666666666666666,CON,High NDC
Suj_078,Respuestas de formulario 7,AEF,Bloque_11,Bloque_CON,4,Opción 2,0,2.2,5.166666666666667,-1,-1,-1,Mujer,3,7,1200,-1,-1,-1,-1,0.8333333333333334,0.0,0.0,0.0,0.0,0.3333333333333333,0.1666666666666666,0.3333333333333333,0.1666666666666666,-0.1666666666666666,CON,High NDC
Suj_078,Respuestas de formulario 7,AGH,Bloque_3,Bloque_CON,5,Opción 1,1,2.2,5.166666666666667,-1,-1,-1,Mujer,3,7,0,-1,-1,-1,-1,0.8333333333333334,0.0,0.0,0.0,0.0,0.3333333333333333,0.1666666666666666,0.3333333333333333,0.1666666666666666,-0.1666666666666666,CON,High NDC
Suj_078,Respuestas de formulario 7,AJK,Bloque_7,Bloque_CON,6,Opción 2,0,2.2,5.166666666666667,-1,-1,-1,Mujer,3,7,2400,-1,-1,-1,-1,0.8333333333333334,0.0,0.0,0.0,0.0,0.3333333333333333,0.1666666666666666,0.3333333333333333,0.1666666666666666,-0.1666666666666666,CON,High NDC
Suj_079,Respuestas de formulario 7,ALM,Bloque_9,Bloque_SIN,1,Opción 1,1,2.6,5.166666666666667,0,0,0,Mujer,4,7,1000,0,0,0,0,1.0,1.0,1.0,1.0,1.0,1.0,1.0,1.0,0.0,0.0,SIN,High NDC
Suj_079,Respuestas de formulario 7,ABC,Bloque_1,Bloque_SIN,2,Opción 1,1,2.6,5.166666666666667,0,0,0,Mujer,4,7,0,0,0,0,0,1.0,1.0,1.0,1.0,1.0,1.0,1.0,1.0,0.0,0.0,SIN,High NDC
Suj_079,Respuestas de formulario 7,AQS,Bloque_5,Bloque_SIN,3,Opción 1,1,2.6,5.166666666666667,0,0,0,Mujer,4,7,2000,0,0,0,0,1.0,1.0,1.0,1.0,1.0,1.0,1.0,1.0,0.0,0.0,SIN,High NDC
Suj_079,Respuestas de formulario 7,AEF,Bloque_11,Bloque_SIN,4,Opción 1,1,2.6,5.166666666666667,0,0,0,Mujer,4,7,1200,0,0,0,0,1.0,1.0,1.0,1.0,1.0,1.0,1.0,1.0,0.0,0.0,SIN,High NDC
Suj_079,Respuestas de formulario 7,AGH,Bloque_3,Bloque_SIN,5,Opción 1,1,2.6,5.166666666666667,0,0,0,Mujer,4,7,0,0,0,0,0,1.0,1.0,1.0,1.0,1.0,1.0,1.0,1.0,0.0,0.0,SIN,High NDC
Suj_079,Respuestas de formulario 7,AJK,Bloque_7,Bloque_SIN,6,Opción 1,1,2.6,5.166666666666667,0,0,0,Mujer,4,7,2400,0,0,0,0,1.0,1.0,1.0,1.0,1.0,1.0,1.0,1.0,0.0,0.0,SIN,High NDC
Suj_079,Respuestas de formulario 7,ALM,Bloque_9,Dist,1,Opción 1,1,2.6,5.166666666666667,0,0,0,Mujer,4,7,1000,0,0,0,0,1.0,1.0,1.0,1.0,1.0,1.0,1.0,1.0,0.0,0.0,DIST,High NDC
Suj_079,Respuestas de formulario 7,ABC,Bloque_1,Dist,2,Opción 1,1,2.6,5.166666666666667,0,0,0,Mujer,4,7,0,0,0,0,0,1.0,1.0,1.0,1.0,1.0,1.0,1.0,1.0,0.0,0.0,DIST,High NDC
Suj_079,Respuestas de formulario 7,AQS,Bloque_5,Dist,3,Opción 1,1,2.6,5.166666666666667,0,0,0,Mujer,4,7,2000,0,0,0,0,1.0,1.0,1.0,1.0,1.0,1.0,1.0,1.0,0.0,0.0,DIST,High NDC
Suj_079,Respuestas de formulario 7,AEF,Bloque_11,Dist,4,Opción 1,1,2.6,5.166666666666667,0,0,0,Mujer,4,7,1200,0,0,0,0,1.0,1.0,1.0,1.0,1.0,1.0,1.0,1.0,0.0,0.0,DIST,High NDC
Suj_079,Respuestas de formulario 7,AGH,Bloque_3,Dist,5,Opción 1,1,2.6,5.166666666666667,0,0,0,Mujer,4,7,0,0,0,0,0,1.0,1.0,1.0,1.0,1.0,1.0,1.0,1.0,0.0,0.0,DIST,High NDC
Suj_079,Respuestas de formulario 7,AJK,Bloque_7,Dist,6,Opción 1,1,2.6,5.166666666666667,0,0,0,Mujer,4,7,2400,0,0,0,0,1.0,1.0,1.0,1.0,1.0,1.0,1.0,1.0,0.0,0.0,DIST,High NDC
Suj_079,Respuestas de formulario 7,ALM,Bloque_9,Bloque_CON,1,Opción 1,1,2.6,5.166666666666667,0,0,0,Mujer,4,7,1000,0,0,0,0,1.0,1.0,1.0,1.0,1.0,1.0,1.0,1.0,0.0,0.0,CON,High NDC
Suj_079,Respuestas de formulario 7,ABC,Bloque_1,Bloque_CON,2,Opción 1,1,2.6,5.166666666666667,0,0,0,Mujer,4,7,0,0,0,0,0,1.0,1.0,1.0,1.0,1.0,1.0,1.0,1.0,0.0,0.0,CON,High NDC
Suj_079,Respuestas de formulario 7,AQS,Bloque_5,Bloque_CON,3,Opción 1,1,2.6,5.166666666666667,0,0,0,Mujer,4,7,2000,0,0,0,0,1.0,1.0,1.0,1.0,1.0,1.0,1.0,1.0,0.0,0.0,CON,High NDC
Suj_079,Respuestas de formulario 7,AEF,Bloque_11,Bloque_CON,4,Opción 1,1,2.6,5.166666666666667,0,0,0,Mujer,4,7,1200,0,0,0,0,1.0,1.0,1.0,1.0,1.0,1.0,1.0,1.0,0.0,0.0,CON,High NDC
Suj_079,Respuestas de formulario 7,AGH,Bloque_3,Bloque_CON,5,Opción 1,1,2.6,5.166666666666667,0,0,0,Mujer,4,7,0,0,0,0,0,1.0,1.0,1.0,1.0,1.0,1.0,1.0,1.0,0.0,0.0,CON,High NDC
Suj_079,Respuestas de formulario 7,AJK,Bloque_7,Bloque_CON,6,Opción 1,1,2.6,5.166666666666667,0,0,0,Mujer,4,7,2400,0,0,0,0,1.0,1.0,1.0,1.0,1.0,1.0,1.0,1.0,0.0,0.0,CON,High NDC
Suj_082,Respuestas de formulario 7,ALM,Bloque_9,Bloque_SIN,1,Opción 2,0,2.3,5.0,1,-1,-1,Mujer,4,4,1000,1,-1,-1,-1,0.1666666666666666,0.0,0.3333333333333333,0.0,0.0,0.1666666666666666,0.1666666666666666,0.0,0.0,0.1666666666666666,SIN,High NDC
Suj_082,Respuestas de formulario 7,ABC,Bloque_1,Bloque_SIN,2,Opción 1,1,2.3,5.0,1,-1,-1,Mujer,4,4,0,1,-1,-1,1,0.1666666666666666,0.0,0.3333333333333333,0.0,0.0,0.1666666666666666,0.1666666666666666,0.0,0.0,0.1666666666666666,SIN,High NDC
Suj_082,Respuestas de formulario 7,AQS,Bloque_5,Bloque_SIN,3,Opción 2,0,2.3,5.0,1,-1,-1,Mujer,4,4,2000,1,-1,-1,-1,0.1666666666666666,0.0,0.3333333333333333,0.0,0.0,0.1666666666666666,0.1666666666666666,0.0,0.0,0.1666666666666666,SIN,High NDC
Suj_082,Respuestas de formulario 7,AEF,Bloque_11,Bloque_SIN,4,Opción 2,0,2.3,5.0,1,-1,-1,Mujer,4,4,1200,1,-1,-1,-1,0.1666666666666666,0.0,0.3333333333333333,0.0,0.0,0.1666666666666666,0.1666666666666666,0.0,0.0,0.1666666666666666,SIN,High NDC
Suj_082,Respuestas de formulario 7,AGH,Bloque_3,Bloque_SIN,5,Opción 2,0,2.3,5.0,1,-1,-1,Mujer,4,4,0,1,-1,-1,1,0.1666666666666666,0.0,0.3333333333333333,0.0,0.0,0.1666666666666666,0.1666666666666666,0.0,0.0,0.1666666666666666,SIN,High NDC
Suj_082,Respuestas de formulario 7,AJK,Bloque_7,Bloque_SIN,6,Opción 2,0,2.3,5.0,1,-1,-1,Mujer,4,4,2400,1,-1,-1,-1,0.1666666666666666,0.0,0.3333333333333333,0.0,0.0,0.1666666666666666,0.1666666666666666,0.0,0.0,0.1666666666666666,SIN,High NDC
Suj_082,Respuestas de formulario 7,ALM,Bloque_9,Dist,1,Opción 2,0,2.3,5.0,1,-1,-1,Mujer,4,4,1000,1,-1,-1,-1,0.1666666666666666,0.0,0.3333333333333333,0.0,0.0,0.1666666666666666,0.1666666666666666,0.0,0.0,0.1666666666666666,DIST,High NDC
Suj_082,Respuestas de formulario 7,ABC,Bloque_1,Dist,2,Opción 2,0,2.3,5.0,1,-1,-1,Mujer,4,4,0,1,-1,-1,1,0.1666666666666666,0.0,0.3333333333333333,0.0,0.0,0.1666666666666666,0.1666666666666666,0.0,0.0,0.1666666666666666,DIST,High NDC
Suj_082,Respuestas de formulario 7,AQS,Bloque_5,Dist,3,Opción 2,0,2.3,5.0,1,-1,-1,Mujer,4,4,2000,1,-1,-1,-1,0.1666666666666666,0.0,0.3333333333333333,0.0,0.0,0.1666666666666666,0.1666666666666666,0.0,0.0,0.1666666666666666,DIST,High NDC
Suj_082,Respuestas de formulario 7,AEF,Bloque_11,Dist,4,Opción 2,0,2.3,5.0,1,-1,-1,Mujer,4,4,1200,1,-1,-1,-1,0.1666666666666666,0.0,0.3333333333333333,0.0,0.0,0.1666666666666666,0.1666666666666666,0.0,0.0,0.1666666666666666,DIST,High NDC
Suj_082,Respuestas de formulario 7,AGH,Bloque_3,Dist,5,Opción 2,0,2.3,5.0,1,-1,-1,Mujer,4,4,0,1,-1,-1,1,0.1666666666666666,0.0,0.3333333333333333,0.0,0.0,0.1666666666666666,0.1666666666666666,0.0,0.0,0.1666666666666666,DIST,High NDC
Suj_082,Respuestas de formulario 7,AJK,Bloque_7,Dist,6,Opción 2,0,2.3,5.0,1,-1,-1,Mujer,4,4,2400,1,-1,-1,-1,0.1666666666666666,0.0,0.3333333333333333,0.0,0.0,0.1666666666666666,0.1666666666666666,0.0,0.0,0.1666666666666666,DIST,High NDC
Suj_082,Respuestas de formulario 7,ALM,Bloque_9,Bloque_CON,1,Opción 2,0,2.3,5.0,1,-1,-1,Mujer,4,4,1000,1,-1,-1,-1,0.1666666666666666,0.0,0.3333333333333333,0.0,0.0,0.1666666666666666,0.1666666666666666,0.0,0.0,0.1666666666666666,CON,High NDC
Suj_082,Respuestas de formulario 7,ABC,Bloque_1,Bloque_CON,2,Opción 2,0,2.3,5.0,1,-1,-1,Mujer,4,4,0,1,-1,-1,1,0.1666666666666666,0.0,0.3333333333333333,0.0,0.0,0.1666666666666666,0.1666666666666666,0.0,0.0,0.1666666666666666,CON,High NDC
Suj_082,Respuestas de formulario 7,AQS,Bloque_5,Bloque_CON,3,Opción 2,0,2.3,5.0,1,-1,-1,Mujer,4,4,2000,1,-1,-1,-1,0.1666666666666666,0.0,0.3333333333333333,0.0,0.0,0.1666666666666666,0.1666666666666666,0.0,0.0,0.1666666666666666,CON,High NDC
Suj_082,Respuestas de formulario 7,AEF,Bloque_11,Bloque_CON,4,Opción 1,1,2.3,5.0,1,-1,-1,Mujer,4,4,1200,1,-1,-1,-1,0.1666666666666666,0.0,0.3333333333333333,0.0,0.0,0.1666666666666666,0.1666666666666666,0.0,0.0,0.1666666666666666,CON,High NDC
Suj_082,Respuestas de formulario 7,AGH,Bloque_3,Bloque_CON,5,Opción 2,0,2.3,5.0,1,-1,-1,Mujer,4,4,0,1,-1,-1,1,0.1666666666666666,0.0,0.3333333333333333,0.0,0.0,0.1666666666666666,0.1666666666666666,0.0,0.0,0.1666666666666666,CON,High NDC
Suj_082,Respuestas de formulario 7,AJK,Bloque_7,Bloque_CON,6,Opción 2,0,2.3,5.0,1,-1,-1,Mujer,4,4,2400,1,-1,-1,-1,0.1666666666666666,0.0,0.3333333333333333,0.0,0.0,0.1666666666666666,0.1666666666666666,0.0,0.0,0.1666666666666666,CON,High NDC
Suj_089,Respuestas de formulario 8,AQS,Bloque_9,Bloque_SIN,1,Opción 2,0,3.1,5.333333333333333,0,-1,-1,Mujer,5,6,1000,0,-1,-1,-1,0.8333333333333334,0.0,0.0,0.0,0.0,0.3333333333333333,0.1666666666666666,0.3333333333333333,0.1666666666666666,-0.1666666666666666,SIN,High NDC
Suj_089,Respuestas de formulario 8,AJK,Bloque_1,Bloque_SIN,2,Opción 1,1,3.1,5.333333333333333,0,-1,-1,Mujer,5,6,0,0,-1,-1,0,0.8333333333333334,0.0,0.0,0.0,0.0,0.3333333333333333,0.1666666666666666,0.3333333333333333,0.1666666666666666,-0.1666666666666666,SIN,High NDC
Suj_089,Respuestas de formulario 8,ABC,Bloque_5,Bloque_SIN,3,Opción 2,0,3.1,5.333333333333333,0,-1,-1,Mujer,5,6,2000,0,-1,-1,-1,0.8333333333333334,0.0,0.0,0.0,0.0,0.3333333333333333,0.1666666666666666,0.3333333333333333,0.1666666666666666,-0.1666666666666666,SIN,High NDC
Suj_089,Respuestas de formulario 8,ALM,Bloque_11,Bloque_SIN,4,Opción 2,0,3.1,5.333333333333333,0,-1,-1,Mujer,5,6,1200,0,-1,-1,-1,0.8333333333333334,0.0,0.0,0.0,0.0,0.3333333333333333,0.1666666666666666,0.3333333333333333,0.1666666666666666,-0.1666666666666666,SIN,High NDC
Suj_089,Respuestas de formulario 8,AEF,Bloque_3,Bloque_SIN,5,Opción 2,0,3.1,5.333333333333333,0,-1,-1,Mujer,5,6,0,0,-1,-1,0,0.8333333333333334,0.0,0.0,0.0,0.0,0.3333333333333333,0.1666666666666666,0.3333333333333333,0.1666666666666666,-0.1666666666666666,SIN,High NDC
Suj_089,Respuestas de formulario 8,AGH,Bloque_7,Bloque_SIN,6,Opción 2,0,3.1,5.333333333333333,0,-1,-1,Mujer,5,6,2400,0,-1,-1,-1,0.8333333333333334,0.0,0.0,0.0,0.0,0.3333333333333333,0.1666666666666666,0.3333333333333333,0.1666666666666666,-0.1666666666666666,SIN,High NDC
Suj_089,Respuestas de formulario 8,AQS,Bloque_9,Dist,1,Opción 2,0,3.1,5.333333333333333,0,-1,-1,Mujer,5,6,1000,0,-1,-1,-1,0.8333333333333334,0.0,0.0,0.0,0.0,0.3333333333333333,0.1666666666666666,0.3333333333333333,0.1666666666666666,-0.1666666666666666,DIST,High NDC
Suj_089,Respuestas de formulario 8,AJK,Bloque_1,Dist,2,Opción 1,1,3.1,5.333333333333333,0,-1,-1,Mujer,5,6,0,0,-1,-1,0,0.8333333333333334,0.0,0.0,0.0,0.0,0.3333333333333333,0.1666666666666666,0.3333333333333333,0.1666666666666666,-0.1666666666666666,DIST,High NDC
Suj_089,Respuestas de formulario 8,ABC,Bloque_5,Dist,3,Opción 2,0,3.1,5.333333333333333,0,-1,-1,Mujer,5,6,2000,0,-1,-1,-1,0.8333333333333334,0.0,0.0,0.0,0.0,0.3333333333333333,0.1666666666666666,0.3333333333333333,0.1666666666666666,-0.1666666666666666,DIST,High NDC
Suj_089,Respuestas de formulario 8,ALM,Bloque_11,Dist,4,Opción 2,0,3.1,5.333333333333333,0,-1,-1,Mujer,5,6,1200,0,-1,-1,-1,0.8333333333333334,0.0,0.0,0.0,0.0,0.3333333333333333,0.1666666666666666,0.3333333333333333,0.1666666666666666,-0.1666666666666666,DIST,High NDC
Suj_089,Respuestas de formulario 8,AEF,Bloque_3,Dist,5,Opción 1,1,3.1,5.333333333333333,0,-1,-1,Mujer,5,6,0,0,-1,-1,0,0.8333333333333334,0.0,0.0,0.0,0.0,0.3333333333333333,0.1666666666666666,0.3333333333333333,0.1666666666666666,-0.1666666666666666,DIST,High NDC
Suj_089,Respuestas de formulario 8,AGH,Bloque_7,Dist,6,Opción 2,0,3.1,5.333333333333333,0,-1,-1,Mujer,5,6,2400,0,-1,-1,-1,0.8333333333333334,0.0,0.0,0.0,0.0,0.3333333333333333,0.1666666666666666,0.3333333333333333,0.1666666666666666,-0.1666666666666666,DIST,High NDC
Suj_089,Respuestas de formulario 8,AQS,Bloque_9,Bloque_CON,1,Opción 2,0,3.1,5.333333333333333,0,-1,-1,Mujer,5,6,1000,0,-1,-1,-1,0.8333333333333334,0.0,0.0,0.0,0.0,0.3333333333333333,0.1666666666666666,0.3333333333333333,0.1666666666666666,-0.1666666666666666,CON,High NDC
Suj_089,Respuestas de formulario 8,AJK,Bloque_1,Bloque_CON,2,Opción 1,1,3.1,5.333333333333333,0,-1,-1,Mujer,5,6,0,0,-1,-1,0,0.8333333333333334,0.0,0.0,0.0,0.0,0.3333333333333333,0.1666666666666666,0.3333333333333333,0.1666666666666666,-0.1666666666666666,CON,High NDC
Suj_089,Respuestas de formulario 8,ABC,Bloque_5,Bloque_CON,3,Opción 2,0,3.1,5.333333333333333,0,-1,-1,Mujer,5,6,2000,0,-1,-1,-1,0.8333333333333334,0.0,0.0,0.0,0.0,0.3333333333333333,0.1666666666666666,0.3333333333333333,0.1666666666666666,-0.1666666666666666,CON,High NDC
Suj_089,Respuestas de formulario 8,ALM,Bloque_11,Bloque_CON,4,Opción 2,0,3.1,5.333333333333333,0,-1,-1,Mujer,5,6,1200,0,-1,-1,-1,0.8333333333333334,0.0,0.0,0.0,0.0,0.3333333333333333,0.1666666666666666,0.3333333333333333,0.1666666666666666,-0.1666666666666666,CON,High NDC
Suj_089,Respuestas de formulario 8,AEF,Bloque_3,Bloque_CON,5,Opción 1,1,3.1,5.333333333333333,0,-1,-1,Mujer,5,6,0,0,-1,-1,0,0.8333333333333334,0.0,0.0,0.0,0.0,0.3333333333333333,0.1666666666666666,0.3333333333333333,0.1666666666666666,-0.1666666666666666,CON,High NDC
Suj_089,Respuestas de formulario 8,AGH,Bloque_7,Bloque_CON,6,Opción 2,0,3.1,5.333333333333333,0,-1,-1,Mujer,5,6,2400,0,-1,-1,-1,0.8333333333333334,0.0,0.0,0.0,0.0,0.3333333333333333,0.1666666666666666,0.3333333333333333,0.1666666666666666,-0.1666666666666666,CON,High NDC
Suj_098,Respuestas de formulario 8,AQS,Bloque_9,Bloque_SIN,1,Opción 1,1,1.9,4.833333333333333,0,1,1,Mujer,5,6,1000,0,1,1,1,0.5,0.6666666666666666,0.6666666666666666,0.6666666666666666,0.0,0.5,0.5,0.5,0.0,0.0,SIN,High NDC
Suj_098,Respuestas de formulario 8,AJK,Bloque_1,Bloque_SIN,2,Opción 1,1,1.9,4.833333333333333,0,1,1,Mujer,5,6,0,0,1,1,0,0.5,0.6666666666666666,0.6666666666666666,0.6666666666666666,0.0,0.5,0.5,0.5,0.0,0.0,SIN,High NDC
Suj_098,Respuestas de formulario 8,ABC,Bloque_5,Bloque_SIN,3,Opción 2,0,1.9,4.833333333333333,0,1,1,Mujer,5,6,2000,0,1,1,1,0.5,0.6666666666666666,0.6666666666666666,0.6666666666666666,0.0,0.5,0.5,0.5,0.0,0.0,SIN,High NDC
Suj_098,Respuestas de formulario 8,ALM,Bloque_11,Bloque_SIN,4,Opción 1,1,1.9,4.833333333333333,0,1,1,Mujer,5,6,1200,0,1,1,1,0.5,0.6666666666666666,0.6666666666666666,0.6666666666666666,0.0,0.5,0.5,0.5,0.0,0.0,SIN,High NDC
Suj_098,Respuestas de formulario 8,AEF,Bloque_3,Bloque_SIN,5,Opción 2,0,1.9,4.833333333333333,0,1,1,Mujer,5,6,0,0,1,1,0,0.5,0.6666666666666666,0.6666666666666666,0.6666666666666666,0.0,0.5,0.5,0.5,0.0,0.0,SIN,High NDC
Suj_098,Respuestas de formulario 8,AGH,Bloque_7,Bloque_SIN,6,Opción 2,0,1.9,4.833333333333333,0,1,1,Mujer,5,6,2400,0,1,1,1,0.5,0.6666666666666666,0.6666666666666666,0.6666666666666666,0.0,0.5,0.5,0.5,0.0,0.0,SIN,High NDC
Suj_098,Respuestas de formulario 8,AQS,Bloque_9,Dist,1,Opción 1,1,1.9,4.833333333333333,0,1,1,Mujer,5,6,1000,0,1,1,1,0.5,0.6666666666666666,0.6666666666666666,0.6666666666666666,0.0,0.5,0.5,0.5,0.0,0.0,DIST,High NDC
Suj_098,Respuestas de formulario 8,AJK,Bloque_1,Dist,2,Opción 1,1,1.9,4.833333333333333,0,1,1,Mujer,5,6,0,0,1,1,0,0.5,0.6666666666666666,0.6666666666666666,0.6666666666666666,0.0,0.5,0.5,0.5,0.0,0.0,DIST,High NDC
Suj_098,Respuestas de formulario 8,ABC,Bloque_5,Dist,3,Opción 1,1,1.9,4.833333333333333,0,1,1,Mujer,5,6,2000,0,1,1,1,0.5,0.6666666666666666,0.6666666666666666,0.6666666666666666,0.0,0.5,0.5,0.5,0.0,0.0,DIST,High NDC
Suj_098,Respuestas de formulario 8,ALM,Bloque_11,Dist,4,Opción 2,0,1.9,4.833333333333333,0,1,1,Mujer,5,6,1200,0,1,1,1,0.5,0.6666666666666666,0.6666666666666666,0.6666666666666666,0.0,0.5,0.5,0.5,0.0,0.0,DIST,High NDC
Suj_098,Respuestas de formulario 8,AEF,Bloque_3,Dist,5,Opción 2,0,1.9,4.833333333333333,0,1,1,Mujer,5,6,0,0,1,1,0,0.5,0.6666666666666666,0.6666666666666666,0.6666666666666666,0.0,0.5,0.5,0.5,0.0,0.0,DIST,High NDC
Suj_098,Respuestas de formulario 8,AGH,Bloque_7,Dist,6,Opción 2,0,1.9,4.833333333333333,0,1,1,Mujer,5,6,2400,0,1,1,1,0.5,0.6666666666666666,0.6666666666666666,0.6666666666666666,0.0,0.5,0.5,0.5,0.0,0.0,DIST,High NDC
Suj_098,Respuestas de formulario 8,AQS,Bloque_9,Bloque_CON,1,Opción 2,0,1.9,4.833333333333333,0,1,1,Mujer,5,6,1000,0,1,1,1,0.5,0.6666666666666666,0.6666666666666666,0.6666666666666666,0.0,0.5,0.5,0.5,0.0,0.0,CON,High NDC
Suj_098,Respuestas de formulario 8,AJK,Bloque_1,Bloque_CON,2,Opción 1,1,1.9,4.833333333333333,0,1,1,Mujer,5,6,0,0,1,1,0,0.5,0.6666666666666666,0.6666666666666666,0.6666666666666666,0.0,0.5,0.5,0.5,0.0,0.0,CON,High NDC
Suj_098,Respuestas de formulario 8,ABC,Bloque_5,Bloque_CON,3,Opción 1,1,1.9,4.833333333333333,0,1,1,Mujer,5,6,2000,0,1,1,1,0.5,0.6666666666666666,0.6666666666666666,0.6666666666666666,0.0,0.5,0.5,0.5,0.0,0.0,CON,High NDC
Suj_098,Respuestas de formulario 8,ALM,Bloque_11,Bloque_CON,4,Opción 1,1,1.9,4.833333333333333,0,1,1,Mujer,5,6,1200,0,1,1,1,0.5,0.6666666666666666,0.6666666666666666,0.6666666666666666,0.0,0.5,0.5,0.5,0.0,0.0,CON,High NDC
Suj_098,Respuestas de formulario 8,AEF,Bloque_3,Bloque_CON,5,Opción 2,0,1.9,4.833333333333333,0,1,1,Mujer,5,6,0,0,1,1,0,0.5,0.6666666666666666,0.6666666666666666,0.6666666666666666,0.0,0.5,0.5,0.5,0.0,0.0,CON,High NDC
Suj_098,Respuestas de formulario 8,AGH,Bloque_7,Bloque_CON,6,Opción 2,0,1.9,4.833333333333333,0,1,1,Mujer,5,6,2400,0,1,1,1,0.5,0.6666666666666666,0.6666666666666666,0.6666666666666666,0.0,0.5,0.5,0.5,0.0,0.0,CON,High NDC
Suj_103,Respuestas de formulario 8,AQS,Bloque_9,Bloque_SIN,1,Opción 2,0,1.7,5.0,-1,-1,1,Mujer,4,5,1000,-1,-1,1,1,0.5,0.0,0.0,0.3333333333333333,0.0,0.3333333333333333,0.1666666666666666,0.1666666666666666,0.1666666666666666,0.0,SIN,High NDC
Suj_103,Respuestas de formulario 8,AJK,Bloque_1,Bloque_SIN,2,Opción 2,0,1.7,5.0,-1,-1,1,Mujer,4,5,0,-1,-1,1,-1,0.5,0.0,0.0,0.3333333333333333,0.0,0.3333333333333333,0.1666666666666666,0.1666666666666666,0.1666666666666666,0.0,SIN,High NDC
Suj_103,Respuestas de formulario 8,ABC,Bloque_5,Bloque_SIN,3,Opción 1,1,1.7,5.0,-1,-1,1,Mujer,4,5,2000,-1,-1,1,-1,0.5,0.0,0.0,0.3333333333333333,0.0,0.3333333333333333,0.1666666666666666,0.1666666666666666,0.1666666666666666,0.0,SIN,High NDC
Suj_103,Respuestas de formulario 8,ALM,Bloque_11,Bloque_SIN,4,Opción 2,0,1.7,5.0,-1,-1,1,Mujer,4,5,1200,-1,-1,1,1,0.5,0.0,0.0,0.3333333333333333,0.0,0.3333333333333333,0.1666666666666666,0.1666666666666666,0.1666666666666666,0.0,SIN,High NDC
Suj_103,Respuestas de formulario 8,AEF,Bloque_3,Bloque_SIN,5,Opción 2,0,1.7,5.0,-1,-1,1,Mujer,4,5,0,-1,-1,1,-1,0.5,0.0,0.0,0.3333333333333333,0.0,0.3333333333333333,0.1666666666666666,0.1666666666666666,0.1666666666666666,0.0,SIN,High NDC
Suj_103,Respuestas de formulario 8,AGH,Bloque_7,Bloque_SIN,6,Opción 2,0,1.7,5.0,-1,-1,1,Mujer,4,5,2400,-1,-1,1,-1,0.5,0.0,0.0,0.3333333333333333,0.0,0.3333333333333333,0.1666666666666666,0.1666666666666666,0.1666666666666666,0.0,SIN,High NDC
Suj_103,Respuestas de formulario 8,AQS,Bloque_9,Dist,1,Opción 2,0,1.7,5.0,-1,-1,1,Mujer,4,5,1000,-1,-1,1,1,0.5,0.0,0.0,0.3333333333333333,0.0,0.3333333333333333,0.1666666666666666,0.1666666666666666,0.1666666666666666,0.0,DIST,High NDC
Suj_103,Respuestas de formulario 8,AJK,Bloque_1,Dist,2,Opción 1,1,1.7,5.0,-1,-1,1,Mujer,4,5,0,-1,-1,1,-1,0.5,0.0,0.0,0.3333333333333333,0.0,0.3333333333333333,0.1666666666666666,0.1666666666666666,0.1666666666666666,0.0,DIST,High NDC
Suj_103,Respuestas de formulario 8,ABC,Bloque_5,Dist,3,Opción 2,0,1.7,5.0,-1,-1,1,Mujer,4,5,2000,-1,-1,1,-1,0.5,0.0,0.0,0.3333333333333333,0.0,0.3333333333333333,0.1666666666666666,0.1666666666666666,0.1666666666666666,0.0,DIST,High NDC
Suj_103,Respuestas de formulario 8,ALM,Bloque_11,Dist,4,Opción 2,0,1.7,5.0,-1,-1,1,Mujer,4,5,1200,-1,-1,1,1,0.5,0.0,0.0,0.3333333333333333,0.0,0.3333333333333333,0.1666666666666666,0.1666666666666666,0.1666666666666666,0.0,DIST,High NDC
Suj_103,Respuestas de formulario 8,AEF,Bloque_3,Dist,5,Opción 2,0,1.7,5.0,-1,-1,1,Mujer,4,5,0,-1,-1,1,-1,0.5,0.0,0.0,0.3333333333333333,0.0,0.3333333333333333,0.1666666666666666,0.1666666666666666,0.1666666666666666,0.0,DIST,High NDC
Suj_103,Respuestas de formulario 8,AGH,Bloque_7,Dist,6,Opción 2,0,1.7,5.0,-1,-1,1,Mujer,4,5,2400,-1,-1,1,-1,0.5,0.0,0.0,0.3333333333333333,0.0,0.3333333333333333,0.1666666666666666,0.1666666666666666,0.1666666666666666,0.0,DIST,High NDC
Suj_103,Respuestas de formulario 8,AQS,Bloque_9,Bloque_CON,1,Opción 2,0,1.7,5.0,-1,-1,1,Mujer,4,5,1000,-1,-1,1,1,0.5,0.0,0.0,0.3333333333333333,0.0,0.3333333333333333,0.1666666666666666,0.1666666666666666,0.1666666666666666,0.0,CON,High NDC
Suj_103,Respuestas de formulario 8,AJK,Bloque_1,Bloque_CON,2,Opción 1,1,1.7,5.0,-1,-1,1,Mujer,4,5,0,-1,-1,1,-1,0.5,0.0,0.0,0.3333333333333333,0.0,0.3333333333333333,0.1666666666666666,0.1666666666666666,0.1666666666666666,0.0,CON,High NDC
Suj_103,Respuestas de formulario 8,ABC,Bloque_5,Bloque_CON,3,Opción 2,0,1.7,5.0,-1,-1,1,Mujer,4,5,2000,-1,-1,1,-1,0.5,0.0,0.0,0.3333333333333333,0.0,0.3333333333333333,0.1666666666666666,0.1666666666666666,0.1666666666666666,0.0,CON,High NDC
Suj_103,Respuestas de formulario 8,ALM,Bloque_11,Bloque_CON,4,Opción 2,0,1.7,5.0,-1,-1,1,Mujer,4,5,1200,-1,-1,1,1,0.5,0.0,0.0,0.3333333333333333,0.0,0.3333333333333333,0.1666666666666666,0.1666666666666666,0.1666666666666666,0.0,CON,High NDC
Suj_103,Respuestas de formulario 8,AEF,Bloque_3,Bloque_CON,5,Opción 1,1,1.7,5.0,-1,-1,1,Mujer,4,5,0,-1,-1,1,-1,0.5,0.0,0.0,0.3333333333333333,0.0,0.3333333333333333,0.1666666666666666,0.1666666666666666,0.1666666666666666,0.0,CON,High NDC
Suj_103,Respuestas de formulario 8,AGH,Bloque_7,Bloque_CON,6,Opción 2,0,1.7,5.0,-1,-1,1,Mujer,4,5,2400,-1,-1,1,-1,0.5,0.0,0.0,0.3333333333333333,0.0,0.3333333333333333,0.1666666666666666,0.1666666666666666,0.1666666666666666,0.0,CON,High NDC
Suj_110,Respuestas de formulario 9,ABC,Bloque_11,Dist,1,Opción 2,0,2.2,5.0,0,1,1,Mujer,2,5,1200,0,1,1,1,0.1666666666666666,0.6666666666666666,0.0,0.6666666666666666,0.6666666666666666,0.1666666666666666,0.5,0.5,-0.3333333333333333,0.0,DIST,High NDC
Suj_110,Respuestas de formulario 9,AEF,Bloque_3,Dist,2,Opción 2,0,2.2,5.0,0,1,1,Mujer,2,5,0,0,1,1,0,0.1666666666666666,0.6666666666666666,0.0,0.6666666666666666,0.6666666666666666,0.1666666666666666,0.5,0.5,-0.3333333333333333,0.0,DIST,High NDC
Suj_110,Respuestas de formulario 9,AJK,Bloque_9,Dist,3,Opción 1,1,2.2,5.0,0,1,1,Mujer,2,5,1000,0,1,1,1,0.1666666666666666,0.6666666666666666,0.0,0.6666666666666666,0.6666666666666666,0.1666666666666666,0.5,0.5,-0.3333333333333333,0.0,DIST,High NDC
Suj_110,Respuestas de formulario 9,AGH,Bloque_7,Dist,4,Opción 1,1,2.2,5.0,0,1,1,Mujer,2,5,2400,0,1,1,1,0.1666666666666666,0.6666666666666666,0.0,0.6666666666666666,0.6666666666666666,0.1666666666666666,0.5,0.5,-0.3333333333333333,0.0,DIST,High NDC
Suj_110,Respuestas de formulario 9,ALM,Bloque_1,Dist,5,Opción 2,0,2.2,5.0,0,1,1,Mujer,2,5,0,0,1,1,0,0.1666666666666666,0.6666666666666666,0.0,0.6666666666666666,0.6666666666666666,0.1666666666666666,0.5,0.5,-0.3333333333333333,0.0,DIST,High NDC
Suj_110,Respuestas de formulario 9,AQS,Bloque_5,Dist,6,Opción 1,1,2.2,5.0,0,1,1,Mujer,2,5,2000,0,1,1,1,0.1666666666666666,0.6666666666666666,0.0,0.6666666666666666,0.6666666666666666,0.1666666666666666,0.5,0.5,-0.3333333333333333,0.0,DIST,High NDC
Suj_110,Respuestas de formulario 9,ABC,Bloque_11,Bloque_SIN,1,Opción 2,0,2.2,5.0,0,1,1,Mujer,2,5,1200,0,1,1,1,0.1666666666666666,0.6666666666666666,0.0,0.6666666666666666,0.6666666666666666,0.1666666666666666,0.5,0.5,-0.3333333333333333,0.0,SIN,High NDC
Suj_110,Respuestas de formulario 9,AEF,Bloque_3,Bloque_SIN,2,Opción 1,1,2.2,5.0,0,1,1,Mujer,2,5,0,0,1,1,0,0.1666666666666666,0.6666666666666666,0.0,0.6666666666666666,0.6666666666666666,0.1666666666666666,0.5,0.5,-0.3333333333333333,0.0,SIN,High NDC
Suj_110,Respuestas de formulario 9,AJK,Bloque_9,Bloque_SIN,3,Opción 2,0,2.2,5.0,0,1,1,Mujer,2,5,1000,0,1,1,1,0.1666666666666666,0.6666666666666666,0.0,0.6666666666666666,0.6666666666666666,0.1666666666666666,0.5,0.5,-0.3333333333333333,0.0,SIN,High NDC
Suj_110,Respuestas de formulario 9,AGH,Bloque_7,Bloque_SIN,4,Opción 1,1,2.2,5.0,0,1,1,Mujer,2,5,2400,0,1,1,1,0.1666666666666666,0.6666666666666666,0.0,0.6666666666666666,0.6666666666666666,0.1666666666666666,0.5,0.5,-0.3333333333333333,0.0,SIN,High NDC
Suj_110,Respuestas de formulario 9,ALM,Bloque_1,Bloque_SIN,5,Opción 2,0,2.2,5.0,0,1,1,Mujer,2,5,0,0,1,1,0,0.1666666666666666,0.6666666666666666,0.0,0.6666666666666666,0.6666666666666666,0.1666666666666666,0.5,0.5,-0.3333333333333333,0.0,SIN,High NDC
Suj_110,Respuestas de formulario 9,AQS,Bloque_5,Bloque_SIN,6,Opción 1,1,2.2,5.0,0,1,1,Mujer,2,5,2000,0,1,1,1,0.1666666666666666,0.6666666666666666,0.0,0.6666666666666666,0.6666666666666666,0.1666666666666666,0.5,0.5,-0.3333333333333333,0.0,SIN,High NDC
Suj_110,Respuestas de formulario 9,ABC,Bloque_11,Bloque_CON,1,Opción 2,0,2.2,5.0,0,1,1,Mujer,2,5,1200,0,1,1,1,0.1666666666666666,0.6666666666666666,0.0,0.6666666666666666,0.6666666666666666,0.1666666666666666,0.5,0.5,-0.3333333333333333,0.0,CON,High NDC
Suj_110,Respuestas de formulario 9,AEF,Bloque_3,Bloque_CON,2,Opción 2,0,2.2,5.0,0,1,1,Mujer,2,5,0,0,1,1,0,0.1666666666666666,0.6666666666666666,0.0,0.6666666666666666,0.6666666666666666,0.1666666666666666,0.5,0.5,-0.3333333333333333,0.0,CON,High NDC
Suj_110,Respuestas de formulario 9,AJK,Bloque_9,Bloque_CON,3,Opción 1,1,2.2,5.0,0,1,1,Mujer,2,5,1000,0,1,1,1,0.1666666666666666,0.6666666666666666,0.0,0.6666666666666666,0.6666666666666666,0.1666666666666666,0.5,0.5,-0.3333333333333333,0.0,CON,High NDC
Suj_110,Respuestas de formulario 9,AGH,Bloque_7,Bloque_CON,4,Opción 2,0,2.2,5.0,0,1,1,Mujer,2,5,2400,0,1,1,1,0.1666666666666666,0.6666666666666666,0.0,0.6666666666666666,0.6666666666666666,0.1666666666666666,0.5,0.5,-0.3333333333333333,0.0,CON,High NDC
Suj_110,Respuestas de formulario 9,ALM,Bloque_1,Bloque_CON,5,Opción 2,0,2.2,5.0,0,1,1,Mujer,2,5,0,0,1,1,0,0.1666666666666666,0.6666666666666666,0.0,0.6666666666666666,0.6666666666666666,0.1666666666666666,0.5,0.5,-0.3333333333333333,0.0,CON,High NDC
Suj_110,Respuestas de formulario 9,AQS,Bloque_5,Bloque_CON,6,Opción 2,0,2.2,5.0,0,1,1,Mujer,2,5,2000,0,1,1,1,0.1666666666666666,0.6666666666666666,0.0,0.6666666666666666,0.6666666666666666,0.1666666666666666,0.5,0.5,-0.3333333333333333,0.0,CON,High NDC
Suj_111,Respuestas de formulario 9,ABC,Bloque_11,Dist,1,Opción 1,1,2.1,5.5,0,0,0,Mujer,4,5,1200,0,0,0,0,0.6666666666666666,0.0,0.6666666666666666,0.3333333333333333,0.0,0.3333333333333333,0.3333333333333333,0.5,0.0,-0.1666666666666666,DIST,High NDC
Suj_111,Respuestas de formulario 9,AEF,Bloque_3,Dist,2,Opción 1,1,2.1,5.5,0,0,0,Mujer,4,5,0,0,0,0,0,0.6666666666666666,0.0,0.6666666666666666,0.3333333333333333,0.0,0.3333333333333333,0.3333333333333333,0.5,0.0,-0.1666666666666666,DIST,High NDC
Suj_111,Respuestas de formulario 9,AJK,Bloque_9,Dist,3,Opción 2,0,2.1,5.5,0,0,0,Mujer,4,5,1000,0,0,0,0,0.6666666666666666,0.0,0.6666666666666666,0.3333333333333333,0.0,0.3333333333333333,0.3333333333333333,0.5,0.0,-0.1666666666666666,DIST,High NDC
Suj_111,Respuestas de formulario 9,AGH,Bloque_7,Dist,4,Opción 2,0,2.1,5.5,0,0,0,Mujer,4,5,2400,0,0,0,0,0.6666666666666666,0.0,0.6666666666666666,0.3333333333333333,0.0,0.3333333333333333,0.3333333333333333,0.5,0.0,-0.1666666666666666,DIST,High NDC
Suj_111,Respuestas de formulario 9,ALM,Bloque_1,Dist,5,Opción 1,1,2.1,5.5,0,0,0,Mujer,4,5,0,0,0,0,0,0.6666666666666666,0.0,0.6666666666666666,0.3333333333333333,0.0,0.3333333333333333,0.3333333333333333,0.5,0.0,-0.1666666666666666,DIST,High NDC
Suj_111,Respuestas de formulario 9,AQS,Bloque_5,Dist,6,Opción 2,0,2.1,5.5,0,0,0,Mujer,4,5,2000,0,0,0,0,0.6666666666666666,0.0,0.6666666666666666,0.3333333333333333,0.0,0.3333333333333333,0.3333333333333333,0.5,0.0,-0.1666666666666666,DIST,High NDC
Suj_111,Respuestas de formulario 9,ABC,Bloque_11,Bloque_SIN,1,Opción 1,1,2.1,5.5,0,0,0,Mujer,4,5,1200,0,0,0,0,0.6666666666666666,0.0,0.6666666666666666,0.3333333333333333,0.0,0.3333333333333333,0.3333333333333333,0.5,0.0,-0.1666666666666666,SIN,High NDC
Suj_111,Respuestas de formulario 9,AEF,Bloque_3,Bloque_SIN,2,Opción 1,1,2.1,5.5,0,0,0,Mujer,4,5,0,0,0,0,0,0.6666666666666666,0.0,0.6666666666666666,0.3333333333333333,0.0,0.3333333333333333,0.3333333333333333,0.5,0.0,-0.1666666666666666,SIN,High NDC
Suj_111,Respuestas de formulario 9,AJK,Bloque_9,Bloque_SIN,3,Opción 2,0,2.1,5.5,0,0,0,Mujer,4,5,1000,0,0,0,0,0.6666666666666666,0.0,0.6666666666666666,0.3333333333333333,0.0,0.3333333333333333,0.3333333333333333,0.5,0.0,-0.1666666666666666,SIN,High NDC
Suj_111,Respuestas de formulario 9,AGH,Bloque_7,Bloque_SIN,4,Opción 2,0,2.1,5.5,0,0,0,Mujer,4,5,2400,0,0,0,0,0.6666666666666666,0.0,0.6666666666666666,0.3333333333333333,0.0,0.3333333333333333,0.3333333333333333,0.5,0.0,-0.1666666666666666,SIN,High NDC
Suj_111,Respuestas de formulario 9,ALM,Bloque_1,Bloque_SIN,5,Opción 2,0,2.1,5.5,0,0,0,Mujer,4,5,0,0,0,0,0,0.6666666666666666,0.0,0.6666666666666666,0.3333333333333333,0.0,0.3333333333333333,0.3333333333333333,0.5,0.0,-0.1666666666666666,SIN,High NDC
Suj_111,Respuestas de formulario 9,AQS,Bloque_5,Bloque_SIN,6,Opción 2,0,2.1,5.5,0,0,0,Mujer,4,5,2000,0,0,0,0,0.6666666666666666,0.0,0.6666666666666666,0.3333333333333333,0.0,0.3333333333333333,0.3333333333333333,0.5,0.0,-0.1666666666666666,SIN,High NDC
Suj_111,Respuestas de formulario 9,ABC,Bloque_11,Bloque_CON,1,Opción 2,0,2.1,5.5,0,0,0,Mujer,4,5,1200,0,0,0,0,0.6666666666666666,0.0,0.6666666666666666,0.3333333333333333,0.0,0.3333333333333333,0.3333333333333333,0.5,0.0,-0.1666666666666666,CON,High NDC
Suj_111,Respuestas de formulario 9,AEF,Bloque_3,Bloque_CON,2,Opción 2,0,2.1,5.5,0,0,0,Mujer,4,5,0,0,0,0,0,0.6666666666666666,0.0,0.6666666666666666,0.3333333333333333,0.0,0.3333333333333333,0.3333333333333333,0.5,0.0,-0.1666666666666666,CON,High NDC
Suj_111,Respuestas de formulario 9,AJK,Bloque_9,Bloque_CON,3,Opción 2,0,2.1,5.5,0,0,0,Mujer,4,5,1000,0,0,0,0,0.6666666666666666,0.0,0.6666666666666666,0.3333333333333333,0.0,0.3333333333333333,0.3333333333333333,0.5,0.0,-0.1666666666666666,CON,High NDC
Suj_111,Respuestas de formulario 9,AGH,Bloque_7,Bloque_CON,4,Opción 2,0,2.1,5.5,0,0,0,Mujer,4,5,2400,0,0,0,0,0.6666666666666666,0.0,0.6666666666666666,0.3333333333333333,0.0,0.3333333333333333,0.3333333333333333,0.5,0.0,-0.1666666666666666,CON,High NDC
Suj_111,Respuestas de formulario 9,ALM,Bloque_1,Bloque_CON,5,Opción 1,1,2.1,5.5,0,0,0,Mujer,4,5,0,0,0,0,0,0.6666666666666666,0.0,0.6666666666666666,0.3333333333333333,0.0,0.3333333333333333,0.3333333333333333,0.5,0.0,-0.1666666666666666,CON,High NDC
Suj_111,Respuestas de formulario 9,AQS,Bloque_5,Bloque_CON,6,Opción 1,1,2.1,5.5,0,0,0,Mujer,4,5,2000,0,0,0,0,0.6666666666666666,0.0,0.6666666666666666,0.3333333333333333,0.0,0.3333333333333333,0.3333333333333333,0.5,0.0,-0.1666666666666666,CON,High NDC
Suj_112,Respuestas de formulario 9,ABC,Bloque_11,Dist,1,Opción 2,0,3.3,5.666666666666667,-1,-1,-1,Hombre,5,6,1200,-1,-1,-1,-1,0.0,0.0,0.0,0.0,0.0,0.0,0.0,0.0,0.0,0.0,DIST,High NDC
Suj_112,Respuestas de formulario 9,AEF,Bloque_3,Dist,2,Opción 2,0,3.3,5.666666666666667,-1,-1,-1,Hombre,5,6,0,-1,-1,-1,-1,0.0,0.0,0.0,0.0,0.0,0.0,0.0,0.0,0.0,0.0,DIST,High NDC
Suj_112,Respuestas de formulario 9,AJK,Bloque_9,Dist,3,Opción 2,0,3.3,5.666666666666667,-1,-1,-1,Hombre,5,6,1000,-1,-1,-1,-1,0.0,0.0,0.0,0.0,0.0,0.0,0.0,0.0,0.0,0.0,DIST,High NDC
Suj_112,Respuestas de formulario 9,AGH,Bloque_7,Dist,4,Opción 2,0,3.3,5.666666666666667,-1,-1,-1,Hombre,5,6,2400,-1,-1,-1,-1,0.0,0.0,0.0,0.0,0.0,0.0,0.0,0.0,0.0,0.0,DIST,High NDC
Suj_112,Respuestas de formulario 9,ALM,Bloque_1,Dist,5,Opción 2,0,3.3,5.666666666666667,-1,-1,-1,Hombre,5,6,0,-1,-1,-1,-1,0.0,0.0,0.0,0.0,0.0,0.0,0.0,0.0,0.0,0.0,DIST,High NDC
Suj_112,Respuestas de formulario 9,AQS,Bloque_5,Dist,6,Opción 2,0,3.3,5.666666666666667,-1,-1,-1,Hombre,5,6,2000,-1,-1,-1,-1,0.0,0.0,0.0,0.0,0.0,0.0,0.0,0.0,0.0,0.0,DIST,High NDC
Suj_112,Respuestas de formulario 9,ABC,Bloque_11,Bloque_SIN,1,Opción 2,0,3.3,5.666666666666667,-1,-1,-1,Hombre,5,6,1200,-1,-1,-1,-1,0.0,0.0,0.0,0.0,0.0,0.0,0.0,0.0,0.0,0.0,SIN,High NDC
Suj_112,Respuestas de formulario 9,AEF,Bloque_3,Bloque_SIN,2,Opción 2,0,3.3,5.666666666666667,-1,-1,-1,Hombre,5,6,0,-1,-1,-1,-1,0.0,0.0,0.0,0.0,0.0,0.0,0.0,0.0,0.0,0.0,SIN,High NDC
Suj_112,Respuestas de formulario 9,AJK,Bloque_9,Bloque_SIN,3,Opción 2,0,3.3,5.666666666666667,-1,-1,-1,Hombre,5,6,1000,-1,-1,-1,-1,0.0,0.0,0.0,0.0,0.0,0.0,0.0,0.0,0.0,0.0,SIN,High NDC
Suj_112,Respuestas de formulario 9,AGH,Bloque_7,Bloque_SIN,4,Opción 2,0,3.3,5.666666666666667,-1,-1,-1,Hombre,5,6,2400,-1,-1,-1,-1,0.0,0.0,0.0,0.0,0.0,0.0,0.0,0.0,0.0,0.0,SIN,High NDC
Suj_112,Respuestas de formulario 9,ALM,Bloque_1,Bloque_SIN,5,Opción 2,0,3.3,5.666666666666667,-1,-1,-1,Hombre,5,6,0,-1,-1,-1,-1,0.0,0.0,0.0,0.0,0.0,0.0,0.0,0.0,0.0,0.0,SIN,High NDC
Suj_112,Respuestas de formulario 9,AQS,Bloque_5,Bloque_SIN,6,Opción 2,0,3.3,5.666666666666667,-1,-1,-1,Hombre,5,6,2000,-1,-1,-1,-1,0.0,0.0,0.0,0.0,0.0,0.0,0.0,0.0,0.0,0.0,SIN,High NDC
Suj_112,Respuestas de formulario 9,ABC,Bloque_11,Bloque_CON,1,Opción 2,0,3.3,5.666666666666667,-1,-1,-1,Hombre,5,6,1200,-1,-1,-1,-1,0.0,0.0,0.0,0.0,0.0,0.0,0.0,0.0,0.0,0.0,CON,High NDC
Suj_112,Respuestas de formulario 9,AEF,Bloque_3,Bloque_CON,2,Opción 2,0,3.3,5.666666666666667,-1,-1,-1,Hombre,5,6,0,-1,-1,-1,-1,0.0,0.0,0.0,0.0,0.0,0.0,0.0,0.0,0.0,0.0,CON,High NDC
Suj_112,Respuestas de formulario 9,AJK,Bloque_9,Bloque_CON,3,Opción 2,0,3.3,5.666666666666667,-1,-1,-1,Hombre,5,6,1000,-1,-1,-1,-1,0.0,0.0,0.0,0.0,0.0,0.0,0.0,0.0,0.0,0.0,CON,High NDC
Suj_112,Respuestas de formulario 9,AGH,Bloque_7,Bloque_CON,4,Opción 2,0,3.3,5.666666666666667,-1,-1,-1,Hombre,5,6,2400,-1,-1,-1,-1,0.0,0.0,0.0,0.0,0.0,0.0,0.0,0.0,0.0,0.0,CON,High NDC
Suj_112,Respuestas de formulario 9,ALM,Bloque_1,Bloque_CON,5,Opción 2,0,3.3,5.666666666666667,-1,-1,-1,Hombre,5,6,0,-1,-1,-1,-1,0.0,0.0,0.0,0.0,0.0,0.0,0.0,0.0,0.0,0.0,CON,High NDC
Suj_112,Respuestas de formulario 9,AQS,Bloque_5,Bloque_CON,6,Opción 2,0,3.3,5.666666666666667,-1,-1,-1,Hombre,5,6,2000,-1,-1,-1,-1,0.0,0.0,0.0,0.0,0.0,0.0,0.0,0.0,0.0,0.0,CON,High NDC
Suj_117,Respuestas de formulario 10,AEF,Bloque_11,Dist,1,Opción 2,0,1.8,5.333333333333333,-1,-1,-1,Hombre,1,7,1200,-1,-1,-1,-1,0.1666666666666666,0.0,0.0,0.0,0.0,0.0,0.1666666666666666,0.0,-0.1666666666666666,0.1666666666666666,DIST,High NDC
Suj_117,Respuestas de formulario 10,AGH,Bloque_3,Dist,2,Opción 2,0,1.8,5.333333333333333,-1,-1,-1,Hombre,1,7,0,-1,-1,-1,-1,0.1666666666666666,0.0,0.0,0.0,0.0,0.0,0.1666666666666666,0.0,-0.1666666666666666,0.1666666666666666,DIST,High NDC
Suj_117,Respuestas de formulario 10,ALM,Bloque_9,Dist,3,Opción 2,0,1.8,5.333333333333333,-1,-1,-1,Hombre,1,7,1000,-1,-1,-1,-1,0.1666666666666666,0.0,0.0,0.0,0.0,0.0,0.1666666666666666,0.0,-0.1666666666666666,0.1666666666666666,DIST,High NDC
Suj_117,Respuestas de formulario 10,ABC,Bloque_7,Dist,4,Opción 2,0,1.8,5.333333333333333,-1,-1,-1,Hombre,1,7,2400,-1,-1,-1,-1,0.1666666666666666,0.0,0.0,0.0,0.0,0.0,0.1666666666666666,0.0,-0.1666666666666666,0.1666666666666666,DIST,High NDC
Suj_117,Respuestas de formulario 10,AQS,Bloque_1,Dist,5,Opción 2,0,1.8,5.333333333333333,-1,-1,-1,Hombre,1,7,0,-1,-1,-1,-1,0.1666666666666666,0.0,0.0,0.0,0.0,0.0,0.1666666666666666,0.0,-0.1666666666666666,0.1666666666666666,DIST,High NDC
Suj_117,Respuestas de formulario 10,AJK,Bloque_5,Dist,6,Opción 2,0,1.8,5.333333333333333,-1,-1,-1,Hombre,1,7,2000,-1,-1,-1,-1,0.1666666666666666,0.0,0.0,0.0,0.0,0.0,0.1666666666666666,0.0,-0.1666666666666666,0.1666666666666666,DIST,High NDC
Suj_117,Respuestas de formulario 10,AEF,Bloque_11,Bloque_SIN,1,Opción 2,0,1.8,5.333333333333333,-1,-1,-1,Hombre,1,7,1200,-1,-1,-1,-1,0.1666666666666666,0.0,0.0,0.0,0.0,0.0,0.1666666666666666,0.0,-0.1666666666666666,0.1666666666666666,SIN,High NDC
Suj_117,Respuestas de formulario 10,AGH,Bloque_3,Bloque_SIN,2,Opción 1,1,1.8,5.333333333333333,-1,-1,-1,Hombre,1,7,0,-1,-1,-1,-1,0.1666666666666666,0.0,0.0,0.0,0.0,0.0,0.1666666666666666,0.0,-0.1666666666666666,0.1666666666666666,SIN,High NDC
Suj_117,Respuestas de formulario 10,ALM,Bloque_9,Bloque_SIN,3,Opción 2,0,1.8,5.333333333333333,-1,-1,-1,Hombre,1,7,1000,-1,-1,-1,-1,0.1666666666666666,0.0,0.0,0.0,0.0,0.0,0.1666666666666666,0.0,-0.1666666666666666,0.1666666666666666,SIN,High NDC
Suj_117,Respuestas de formulario 10,ABC,Bloque_7,Bloque_SIN,4,Opción 2,0,1.8,5.333333333333333,-1,-1,-1,Hombre,1,7,2400,-1,-1,-1,-1,0.1666666666666666,0.0,0.0,0.0,0.0,0.0,0.1666666666666666,0.0,-0.1666666666666666,0.1666666666666666,SIN,High NDC
Suj_117,Respuestas de formulario 10,AQS,Bloque_1,Bloque_SIN,5,Opción 2,0,1.8,5.333333333333333,-1,-1,-1,Hombre,1,7,0,-1,-1,-1,-1,0.1666666666666666,0.0,0.0,0.0,0.0,0.0,0.1666666666666666,0.0,-0.1666666666666666,0.1666666666666666,SIN,High NDC
Suj_117,Respuestas de formulario 10,AJK,Bloque_5,Bloque_SIN,6,Opción 2,0,1.8,5.333333333333333,-1,-1,-1,Hombre,1,7,2000,-1,-1,-1,-1,0.1666666666666666,0.0,0.0,0.0,0.0,0.0,0.1666666666666666,0.0,-0.1666666666666666,0.1666666666666666,SIN,High NDC
Suj_117,Respuestas de formulario 10,AEF,Bloque_11,Bloque_CON,1,Opción 2,0,1.8,5.333333333333333,-1,-1,-1,Hombre,1,7,1200,-1,-1,-1,-1,0.1666666666666666,0.0,0.0,0.0,0.0,0.0,0.1666666666666666,0.0,-0.1666666666666666,0.1666666666666666,CON,High NDC
Suj_117,Respuestas de formulario 10,AGH,Bloque_3,Bloque_CON,2,Opción 2,0,1.8,5.333333333333333,-1,-1,-1,Hombre,1,7,0,-1,-1,-1,-1,0.1666666666666666,0.0,0.0,0.0,0.0,0.0,0.1666666666666666,0.0,-0.1666666666666666,0.1666666666666666,CON,High NDC
Suj_117,Respuestas de formulario 10,ALM,Bloque_9,Bloque_CON,3,Opción 2,0,1.8,5.333333333333333,-1,-1,-1,Hombre,1,7,1000,-1,-1,-1,-1,0.1666666666666666,0.0,0.0,0.0,0.0,0.0,0.1666666666666666,0.0,-0.1666666666666666,0.1666666666666666,CON,High NDC
Suj_117,Respuestas de formulario 10,ABC,Bloque_7,Bloque_CON,4,Opción 2,0,1.8,5.333333333333333,-1,-1,-1,Hombre,1,7,2400,-1,-1,-1,-1,0.1666666666666666,0.0,0.0,0.0,0.0,0.0,0.1666666666666666,0.0,-0.1666666666666666,0.1666666666666666,CON,High NDC
Suj_117,Respuestas de formulario 10,AQS,Bloque_1,Bloque_CON,5,Opción 2,0,1.8,5.333333333333333,-1,-1,-1,Hombre,1,7,0,-1,-1,-1,-1,0.1666666666666666,0.0,0.0,0.0,0.0,0.0,0.1666666666666666,0.0,-0.1666666666666666,0.1666666666666666,CON,High NDC
Suj_117,Respuestas de formulario 10,AJK,Bloque_5,Bloque_CON,6,Opción 2,0,1.8,5.333333333333333,-1,-1,-1,Hombre,1,7,2000,-1,-1,-1,-1,0.1666666666666666,0.0,0.0,0.0,0.0,0.0,0.1666666666666666,0.0,-0.1666666666666666,0.1666666666666666,CON,High NDC
Suj_118,Respuestas de formulario 10,AEF,Bloque_11,Dist,1,Opción 1,1,2.4,5.166666666666667,1,1,1,Mujer,4,6,1200,1,1,1,1,1.0,1.0,1.0,1.0,0.6666666666666666,0.8333333333333334,1.0,1.0,-0.1666666666666666,0.0,DIST,High NDC
Suj_118,Respuestas de formulario 10,AGH,Bloque_3,Dist,2,Opción 1,1,2.4,5.166666666666667,1,1,1,Mujer,4,6,0,1,1,1,1,1.0,1.0,1.0,1.0,0.6666666666666666,0.8333333333333334,1.0,1.0,-0.1666666666666666,0.0,DIST,High NDC
Suj_118,Respuestas de formulario 10,ALM,Bloque_9,Dist,3,Opción 1,1,2.4,5.166666666666667,1,1,1,Mujer,4,6,1000,1,1,1,1,1.0,1.0,1.0,1.0,0.6666666666666666,0.8333333333333334,1.0,1.0,-0.1666666666666666,0.0,DIST,High NDC
Suj_118,Respuestas de formulario 10,ABC,Bloque_7,Dist,4,Opción 1,1,2.4,5.166666666666667,1,1,1,Mujer,4,6,2400,1,1,1,1,1.0,1.0,1.0,1.0,0.6666666666666666,0.8333333333333334,1.0,1.0,-0.1666666666666666,0.0,DIST,High NDC
Suj_118,Respuestas de formulario 10,AQS,Bloque_1,Dist,5,Opción 1,1,2.4,5.166666666666667,1,1,1,Mujer,4,6,0,1,1,1,1,1.0,1.0,1.0,1.0,0.6666666666666666,0.8333333333333334,1.0,1.0,-0.1666666666666666,0.0,DIST,High NDC
Suj_118,Respuestas de formulario 10,AJK,Bloque_5,Dist,6,Opción 1,1,2.4,5.166666666666667,1,1,1,Mujer,4,6,2000,1,1,1,1,1.0,1.0,1.0,1.0,0.6666666666666666,0.8333333333333334,1.0,1.0,-0.1666666666666666,0.0,DIST,High NDC
Suj_118,Respuestas de formulario 10,AEF,Bloque_11,Bloque_SIN,1,Opción 1,1,2.4,5.166666666666667,1,1,1,Mujer,4,6,1200,1,1,1,1,1.0,1.0,1.0,1.0,0.6666666666666666,0.8333333333333334,1.0,1.0,-0.1666666666666666,0.0,SIN,High NDC
Suj_118,Respuestas de formulario 10,AGH,Bloque_3,Bloque_SIN,2,Opción 1,1,2.4,5.166666666666667,1,1,1,Mujer,4,6,0,1,1,1,1,1.0,1.0,1.0,1.0,0.6666666666666666,0.8333333333333334,1.0,1.0,-0.1666666666666666,0.0,SIN,High NDC
Suj_118,Respuestas de formulario 10,ALM,Bloque_9,Bloque_SIN,3,Opción 1,1,2.4,5.166666666666667,1,1,1,Mujer,4,6,1000,1,1,1,1,1.0,1.0,1.0,1.0,0.6666666666666666,0.8333333333333334,1.0,1.0,-0.1666666666666666,0.0,SIN,High NDC
Suj_118,Respuestas de formulario 10,ABC,Bloque_7,Bloque_SIN,4,Opción 1,1,2.4,5.166666666666667,1,1,1,Mujer,4,6,2400,1,1,1,1,1.0,1.0,1.0,1.0,0.6666666666666666,0.8333333333333334,1.0,1.0,-0.1666666666666666,0.0,SIN,High NDC
Suj_118,Respuestas de formulario 10,AQS,Bloque_1,Bloque_SIN,5,Opción 1,1,2.4,5.166666666666667,1,1,1,Mujer,4,6,0,1,1,1,1,1.0,1.0,1.0,1.0,0.6666666666666666,0.8333333333333334,1.0,1.0,-0.1666666666666666,0.0,SIN,High NDC
Suj_118,Respuestas de formulario 10,AJK,Bloque_5,Bloque_SIN,6,Opción 1,1,2.4,5.166666666666667,1,1,1,Mujer,4,6,2000,1,1,1,1,1.0,1.0,1.0,1.0,0.6666666666666666,0.8333333333333334,1.0,1.0,-0.1666666666666666,0.0,SIN,High NDC
Suj_118,Respuestas de formulario 10,AEF,Bloque_11,Bloque_CON,1,Opción 1,1,2.4,5.166666666666667,1,1,1,Mujer,4,6,1200,1,1,1,1,1.0,1.0,1.0,1.0,0.6666666666666666,0.8333333333333334,1.0,1.0,-0.1666666666666666,0.0,CON,High NDC
Suj_118,Respuestas de formulario 10,AGH,Bloque_3,Bloque_CON,2,Opción 1,1,2.4,5.166666666666667,1,1,1,Mujer,4,6,0,1,1,1,1,1.0,1.0,1.0,1.0,0.6666666666666666,0.8333333333333334,1.0,1.0,-0.1666666666666666,0.0,CON,High NDC
Suj_118,Respuestas de formulario 10,ALM,Bloque_9,Bloque_CON,3,Opción 1,1,2.4,5.166666666666667,1,1,1,Mujer,4,6,1000,1,1,1,1,1.0,1.0,1.0,1.0,0.6666666666666666,0.8333333333333334,1.0,1.0,-0.1666666666666666,0.0,CON,High NDC
Suj_118,Respuestas de formulario 10,ABC,Bloque_7,Bloque_CON,4,Opción 2,0,2.4,5.166666666666667,1,1,1,Mujer,4,6,2400,1,1,1,1,1.0,1.0,1.0,1.0,0.6666666666666666,0.8333333333333334,1.0,1.0,-0.1666666666666666,0.0,CON,High NDC
Suj_118,Respuestas de formulario 10,AQS,Bloque_1,Bloque_CON,5,Opción 1,1,2.4,5.166666666666667,1,1,1,Mujer,4,6,0,1,1,1,1,1.0,1.0,1.0,1.0,0.6666666666666666,0.8333333333333334,1.0,1.0,-0.1666666666666666,0.0,CON,High NDC
Suj_118,Respuestas de formulario 10,AJK,Bloque_5,Bloque_CON,6,Opción 1,1,2.4,5.166666666666667,1,1,1,Mujer,4,6,2000,1,1,1,1,1.0,1.0,1.0,1.0,0.6666666666666666,0.8333333333333334,1.0,1.0,-0.1666666666666666,0.0,CON,High NDC
Suj_120,Respuestas de formulario 10,AEF,Bloque_11,Dist,1,Opción 1,1,1.6,5.166666666666667,1,1,1,Mujer,4,6,1200,1,1,1,1,0.8333333333333334,1.0,1.0,1.0,0.6666666666666666,1.0,0.8333333333333334,0.8333333333333334,0.1666666666666666,0.0,DIST,High NDC
Suj_120,Respuestas de formulario 10,AGH,Bloque_3,Dist,2,Opción 1,1,1.6,5.166666666666667,1,1,1,Mujer,4,6,0,1,1,1,1,0.8333333333333334,1.0,1.0,1.0,0.6666666666666666,1.0,0.8333333333333334,0.8333333333333334,0.1666666666666666,0.0,DIST,High NDC
Suj_120,Respuestas de formulario 10,ALM,Bloque_9,Dist,3,Opción 1,1,1.6,5.166666666666667,1,1,1,Mujer,4,6,1000,1,1,1,1,0.8333333333333334,1.0,1.0,1.0,0.6666666666666666,1.0,0.8333333333333334,0.8333333333333334,0.1666666666666666,0.0,DIST,High NDC
Suj_120,Respuestas de formulario 10,ABC,Bloque_7,Dist,4,Opción 2,0,1.6,5.166666666666667,1,1,1,Mujer,4,6,2400,1,1,1,1,0.8333333333333334,1.0,1.0,1.0,0.6666666666666666,1.0,0.8333333333333334,0.8333333333333334,0.1666666666666666,0.0,DIST,High NDC
Suj_120,Respuestas de formulario 10,AQS,Bloque_1,Dist,5,Opción 1,1,1.6,5.166666666666667,1,1,1,Mujer,4,6,0,1,1,1,1,0.8333333333333334,1.0,1.0,1.0,0.6666666666666666,1.0,0.8333333333333334,0.8333333333333334,0.1666666666666666,0.0,DIST,High NDC
Suj_120,Respuestas de formulario 10,AJK,Bloque_5,Dist,6,Opción 1,1,1.6,5.166666666666667,1,1,1,Mujer,4,6,2000,1,1,1,1,0.8333333333333334,1.0,1.0,1.0,0.6666666666666666,1.0,0.8333333333333334,0.8333333333333334,0.1666666666666666,0.0,DIST,High NDC
Suj_120,Respuestas de formulario 10,AEF,Bloque_11,Bloque_SIN,1,Opción 1,1,1.6,5.166666666666667,1,1,1,Mujer,4,6,1200,1,1,1,1,0.8333333333333334,1.0,1.0,1.0,0.6666666666666666,1.0,0.8333333333333334,0.8333333333333334,0.1666666666666666,0.0,SIN,High NDC
Suj_120,Respuestas de formulario 10,AGH,Bloque_3,Bloque_SIN,2,Opción 2,0,1.6,5.166666666666667,1,1,1,Mujer,4,6,0,1,1,1,1,0.8333333333333334,1.0,1.0,1.0,0.6666666666666666,1.0,0.8333333333333334,0.8333333333333334,0.1666666666666666,0.0,SIN,High NDC
Suj_120,Respuestas de formulario 10,ALM,Bloque_9,Bloque_SIN,3,Opción 1,1,1.6,5.166666666666667,1,1,1,Mujer,4,6,1000,1,1,1,1,0.8333333333333334,1.0,1.0,1.0,0.6666666666666666,1.0,0.8333333333333334,0.8333333333333334,0.1666666666666666,0.0,SIN,High NDC
Suj_120,Respuestas de formulario 10,ABC,Bloque_7,Bloque_SIN,4,Opción 1,1,1.6,5.166666666666667,1,1,1,Mujer,4,6,2400,1,1,1,1,0.8333333333333334,1.0,1.0,1.0,0.6666666666666666,1.0,0.8333333333333334,0.8333333333333334,0.1666666666666666,0.0,SIN,High NDC
Suj_120,Respuestas de formulario 10,AQS,Bloque_1,Bloque_SIN,5,Opción 1,1,1.6,5.166666666666667,1,1,1,Mujer,4,6,0,1,1,1,1,0.8333333333333334,1.0,1.0,1.0,0.6666666666666666,1.0,0.8333333333333334,0.8333333333333334,0.1666666666666666,0.0,SIN,High NDC
Suj_120,Respuestas de formulario 10,AJK,Bloque_5,Bloque_SIN,6,Opción 1,1,1.6,5.166666666666667,1,1,1,Mujer,4,6,2000,1,1,1,1,0.8333333333333334,1.0,1.0,1.0,0.6666666666666666,1.0,0.8333333333333334,0.8333333333333334,0.1666666666666666,0.0,SIN,High NDC
Suj_120,Respuestas de formulario 10,AEF,Bloque_11,Bloque_CON,1,Opción 1,1,1.6,5.166666666666667,1,1,1,Mujer,4,6,1200,1,1,1,1,0.8333333333333334,1.0,1.0,1.0,0.6666666666666666,1.0,0.8333333333333334,0.8333333333333334,0.1666666666666666,0.0,CON,High NDC
Suj_120,Respuestas de formulario 10,AGH,Bloque_3,Bloque_CON,2,Opción 1,1,1.6,5.166666666666667,1,1,1,Mujer,4,6,0,1,1,1,1,0.8333333333333334,1.0,1.0,1.0,0.6666666666666666,1.0,0.8333333333333334,0.8333333333333334,0.1666666666666666,0.0,CON,High NDC
Suj_120,Respuestas de formulario 10,ALM,Bloque_9,Bloque_CON,3,Opción 1,1,1.6,5.166666666666667,1,1,1,Mujer,4,6,1000,1,1,1,1,0.8333333333333334,1.0,1.0,1.0,0.6666666666666666,1.0,0.8333333333333334,0.8333333333333334,0.1666666666666666,0.0,CON,High NDC
Suj_120,Respuestas de formulario 10,ABC,Bloque_7,Bloque_CON,4,Opción 1,1,1.6,5.166666666666667,1,1,1,Mujer,4,6,2400,1,1,1,1,0.8333333333333334,1.0,1.0,1.0,0.6666666666666666,1.0,0.8333333333333334,0.8333333333333334,0.1666666666666666,0.0,CON,High NDC
Suj_120,Respuestas de formulario 10,AQS,Bloque_1,Bloque_CON,5,Opción 1,1,1.6,5.166666666666667,1,1,1,Mujer,4,6,0,1,1,1,1,0.8333333333333334,1.0,1.0,1.0,0.6666666666666666,1.0,0.8333333333333334,0.8333333333333334,0.1666666666666666,0.0,CON,High NDC
Suj_120,Respuestas de formulario 10,AJK,Bloque_5,Bloque_CON,6,Opción 1,1,1.6,5.166666666666667,1,1,1,Mujer,4,6,2000,1,1,1,1,0.8333333333333334,1.0,1.0,1.0,0.6666666666666666,1.0,0.8333333333333334,0.8333333333333334,0.1666666666666666,0.0,CON,High NDC
Suj_123,Respuestas de formulario 10,AEF,Bloque_11,Dist,1,Opción 2,0,3.0,4.833333333333333,0,-1,-1,Hombre,5,6,1200,0,-1,-1,-1,0.5,0.0,0.0,0.0,0.3333333333333333,0.3333333333333333,0.1666666666666666,0.1666666666666666,0.1666666666666666,0.0,DIST,High NDC
Suj_123,Respuestas de formulario 10,AGH,Bloque_3,Dist,2,Opción 2,0,3.0,4.833333333333333,0,-1,-1,Hombre,5,6,0,0,-1,-1,0,0.5,0.0,0.0,0.0,0.3333333333333333,0.3333333333333333,0.1666666666666666,0.1666666666666666,0.1666666666666666,0.0,DIST,High NDC
Suj_123,Respuestas de formulario 10,ALM,Bloque_9,Dist,3,Opción 2,0,3.0,4.833333333333333,0,-1,-1,Hombre,5,6,1000,0,-1,-1,-1,0.5,0.0,0.0,0.0,0.3333333333333333,0.3333333333333333,0.1666666666666666,0.1666666666666666,0.1666666666666666,0.0,DIST,High NDC
Suj_123,Respuestas de formulario 10,ABC,Bloque_7,Dist,4,Opción 2,0,3.0,4.833333333333333,0,-1,-1,Hombre,5,6,2400,0,-1,-1,-1,0.5,0.0,0.0,0.0,0.3333333333333333,0.3333333333333333,0.1666666666666666,0.1666666666666666,0.1666666666666666,0.0,DIST,High NDC
Suj_123,Respuestas de formulario 10,AQS,Bloque_1,Dist,5,Opción 1,1,3.0,4.833333333333333,0,-1,-1,Hombre,5,6,0,0,-1,-1,0,0.5,0.0,0.0,0.0,0.3333333333333333,0.3333333333333333,0.1666666666666666,0.1666666666666666,0.1666666666666666,0.0,DIST,High NDC
Suj_123,Respuestas de formulario 10,AJK,Bloque_5,Dist,6,Opción 2,0,3.0,4.833333333333333,0,-1,-1,Hombre,5,6,2000,0,-1,-1,-1,0.5,0.0,0.0,0.0,0.3333333333333333,0.3333333333333333,0.1666666666666666,0.1666666666666666,0.1666666666666666,0.0,DIST,High NDC
Suj_123,Respuestas de formulario 10,AEF,Bloque_11,Bloque_SIN,1,Opción 2,0,3.0,4.833333333333333,0,-1,-1,Hombre,5,6,1200,0,-1,-1,-1,0.5,0.0,0.0,0.0,0.3333333333333333,0.3333333333333333,0.1666666666666666,0.1666666666666666,0.1666666666666666,0.0,SIN,High NDC
Suj_123,Respuestas de formulario 10,AGH,Bloque_3,Bloque_SIN,2,Opción 2,0,3.0,4.833333333333333,0,-1,-1,Hombre,5,6,0,0,-1,-1,0,0.5,0.0,0.0,0.0,0.3333333333333333,0.3333333333333333,0.1666666666666666,0.1666666666666666,0.1666666666666666,0.0,SIN,High NDC
Suj_123,Respuestas de formulario 10,ALM,Bloque_9,Bloque_SIN,3,Opción 2,0,3.0,4.833333333333333,0,-1,-1,Hombre,5,6,1000,0,-1,-1,-1,0.5,0.0,0.0,0.0,0.3333333333333333,0.3333333333333333,0.1666666666666666,0.1666666666666666,0.1666666666666666,0.0,SIN,High NDC
Suj_123,Respuestas de formulario 10,ABC,Bloque_7,Bloque_SIN,4,Opción 2,0,3.0,4.833333333333333,0,-1,-1,Hombre,5,6,2400,0,-1,-1,-1,0.5,0.0,0.0,0.0,0.3333333333333333,0.3333333333333333,0.1666666666666666,0.1666666666666666,0.1666666666666666,0.0,SIN,High NDC
Suj_123,Respuestas de formulario 10,AQS,Bloque_1,Bloque_SIN,5,Opción 1,1,3.0,4.833333333333333,0,-1,-1,Hombre,5,6,0,0,-1,-1,0,0.5,0.0,0.0,0.0,0.3333333333333333,0.3333333333333333,0.1666666666666666,0.1666666666666666,0.1666666666666666,0.0,SIN,High NDC
Suj_123,Respuestas de formulario 10,AJK,Bloque_5,Bloque_SIN,6,Opción 2,0,3.0,4.833333333333333,0,-1,-1,Hombre,5,6,2000,0,-1,-1,-1,0.5,0.0,0.0,0.0,0.3333333333333333,0.3333333333333333,0.1666666666666666,0.1666666666666666,0.1666666666666666,0.0,SIN,High NDC
Suj_123,Respuestas de formulario 10,AEF,Bloque_11,Bloque_CON,1,Opción 2,0,3.0,4.833333333333333,0,-1,-1,Hombre,5,6,1200,0,-1,-1,-1,0.5,0.0,0.0,0.0,0.3333333333333333,0.3333333333333333,0.1666666666666666,0.1666666666666666,0.1666666666666666,0.0,CON,High NDC
Suj_123,Respuestas de formulario 10,AGH,Bloque_3,Bloque_CON,2,Opción 1,1,3.0,4.833333333333333,0,-1,-1,Hombre,5,6,0,0,-1,-1,0,0.5,0.0,0.0,0.0,0.3333333333333333,0.3333333333333333,0.1666666666666666,0.1666666666666666,0.1666666666666666,0.0,CON,High NDC
Suj_123,Respuestas de formulario 10,ALM,Bloque_9,Bloque_CON,3,Opción 2,0,3.0,4.833333333333333,0,-1,-1,Hombre,5,6,1000,0,-1,-1,-1,0.5,0.0,0.0,0.0,0.3333333333333333,0.3333333333333333,0.1666666666666666,0.1666666666666666,0.1666666666666666,0.0,CON,High NDC
Suj_123,Respuestas de formulario 10,ABC,Bloque_7,Bloque_CON,4,Opción 1,1,3.0,4.833333333333333,0,-1,-1,Hombre,5,6,2400,0,-1,-1,-1,0.5,0.0,0.0,0.0,0.3333333333333333,0.3333333333333333,0.1666666666666666,0.1666666666666666,0.1666666666666666,0.0,CON,High NDC
Suj_123,Respuestas de formulario 10,AQS,Bloque_1,Bloque_CON,5,Opción 2,0,3.0,4.833333333333333,0,-1,-1,Hombre,5,6,0,0,-1,-1,0,0.5,0.0,0.0,0.0,0.3333333333333333,0.3333333333333333,0.1666666666666666,0.1666666666666666,0.1666666666666666,0.0,CON,High NDC
Suj_123,Respuestas de formulario 10,AJK,Bloque_5,Bloque_CON,6,Opción 2,0,3.0,4.833333333333333,0,-1,-1,Hombre,5,6,2000,0,-1,-1,-1,0.5,0.0,0.0,0.0,0.3333333333333333,0.3333333333333333,0.1666666666666666,0.1666666666666666,0.1666666666666666,0.0,CON,High NDC
Suj_127,Respuestas de formulario 10,AEF,Bloque_11,Dist,1,Opción 2,0,2.1,5.333333333333333,-1,-1,1,Mujer,2,6,1200,-1,-1,1,1,0.0,0.0,0.0,0.0,0.0,0.0,0.0,0.0,0.0,0.0,DIST,High NDC
Suj_127,Respuestas de formulario 10,AGH,Bloque_3,Dist,2,Opción 2,0,2.1,5.333333333333333,-1,-1,1,Mujer,2,6,0,-1,-1,1,-1,0.0,0.0,0.0,0.0,0.0,0.0,0.0,0.0,0.0,0.0,DIST,High NDC
Suj_127,Respuestas de formulario 10,ALM,Bloque_9,Dist,3,Opción 2,0,2.1,5.333333333333333,-1,-1,1,Mujer,2,6,1000,-1,-1,1,1,0.0,0.0,0.0,0.0,0.0,0.0,0.0,0.0,0.0,0.0,DIST,High NDC
Suj_127,Respuestas de formulario 10,ABC,Bloque_7,Dist,4,Opción 2,0,2.1,5.333333333333333,-1,-1,1,Mujer,2,6,2400,-1,-1,1,-1,0.0,0.0,0.0,0.0,0.0,0.0,0.0,0.0,0.0,0.0,DIST,High NDC
Suj_127,Respuestas de formulario 10,AQS,Bloque_1,Dist,5,Opción 2,0,2.1,5.333333333333333,-1,-1,1,Mujer,2,6,0,-1,-1,1,-1,0.0,0.0,0.0,0.0,0.0,0.0,0.0,0.0,0.0,0.0,DIST,High NDC
Suj_127,Respuestas de formulario 10,AJK,Bloque_5,Dist,6,Opción 2,0,2.1,5.333333333333333,-1,-1,1,Mujer,2,6,2000,-1,-1,1,-1,0.0,0.0,0.0,0.0,0.0,0.0,0.0,0.0,0.0,0.0,DIST,High NDC
Suj_127,Respuestas de formulario 10,AEF,Bloque_11,Bloque_SIN,1,Opción 2,0,2.1,5.333333333333333,-1,-1,1,Mujer,2,6,1200,-1,-1,1,1,0.0,0.0,0.0,0.0,0.0,0.0,0.0,0.0,0.0,0.0,SIN,High NDC
Suj_127,Respuestas de formulario 10,AGH,Bloque_3,Bloque_SIN,2,Opción 2,0,2.1,5.333333333333333,-1,-1,1,Mujer,2,6,0,-1,-1,1,-1,0.0,0.0,0.0,0.0,0.0,0.0,0.0,0.0,0.0,0.0,SIN,High NDC
Suj_127,Respuestas de formulario 10,ALM,Bloque_9,Bloque_SIN,3,Opción 2,0,2.1,5.333333333333333,-1,-1,1,Mujer,2,6,1000,-1,-1,1,1,0.0,0.0,0.0,0.0,0.0,0.0,0.0,0.0,0.0,0.0,SIN,High NDC
Suj_127,Respuestas de formulario 10,ABC,Bloque_7,Bloque_SIN,4,Opción 2,0,2.1,5.333333333333333,-1,-1,1,Mujer,2,6,2400,-1,-1,1,-1,0.0,0.0,0.0,0.0,0.0,0.0,0.0,0.0,0.0,0.0,SIN,High NDC
Suj_127,Respuestas de formulario 10,AQS,Bloque_1,Bloque_SIN,5,Opción 2,0,2.1,5.333333333333333,-1,-1,1,Mujer,2,6,0,-1,-1,1,-1,0.0,0.0,0.0,0.0,0.0,0.0,0.0,0.0,0.0,0.0,SIN,High NDC
Suj_127,Respuestas de formulario 10,AJK,Bloque_5,Bloque_SIN,6,Opción 2,0,2.1,5.333333333333333,-1,-1,1,Mujer,2,6,2000,-1,-1,1,-1,0.0,0.0,0.0,0.0,0.0,0.0,0.0,0.0,0.0,0.0,SIN,High NDC
Suj_127,Respuestas de formulario 10,AEF,Bloque_11,Bloque_CON,1,Opción 2,0,2.1,5.333333333333333,-1,-1,1,Mujer,2,6,1200,-1,-1,1,1,0.0,0.0,0.0,0.0,0.0,0.0,0.0,0.0,0.0,0.0,CON,High NDC
Suj_127,Respuestas de formulario 10,AGH,Bloque_3,Bloque_CON,2,Opción 2,0,2.1,5.333333333333333,-1,-1,1,Mujer,2,6,0,-1,-1,1,-1,0.0,0.0,0.0,0.0,0.0,0.0,0.0,0.0,0.0,0.0,CON,High NDC
Suj_127,Respuestas de formulario 10,ALM,Bloque_9,Bloque_CON,3,Opción 2,0,2.1,5.333333333333333,-1,-1,1,Mujer,2,6,1000,-1,-1,1,1,0.0,0.0,0.0,0.0,0.0,0.0,0.0,0.0,0.0,0.0,CON,High NDC
Suj_127,Respuestas de formulario 10,ABC,Bloque_7,Bloque_CON,4,Opción 2,0,2.1,5.333333333333333,-1,-1,1,Mujer,2,6,2400,-1,-1,1,-1,0.0,0.0,0.0,0.0,0.0,0.0,0.0,0.0,0.0,0.0,CON,High NDC
Suj_127,Respuestas de formulario 10,AQS,Bloque_1,Bloque_CON,5,Opción 2,0,2.1,5.333333333333333,-1,-1,1,Mujer,2,6,0,-1,-1,1,-1,0.0,0.0,0.0,0.0,0.0,0.0,0.0,0.0,0.0,0.0,CON,High NDC
Suj_127,Respuestas de formulario 10,AJK,Bloque_5,Bloque_CON,6,Opción 2,0,2.1,5.333333333333333,-1,-1,1,Mujer,2,6,2000,-1,-1,1,-1,0.0,0.0,0.0,0.0,0.0,0.0,0.0,0.0,0.0,0.0,CON,High NDC
Suj_130,Respuestas de formulario 10,AEF,Bloque_11,Dist,1,Opción 2,0,2.9,5.0,0,0,-1,Hombre,4,7,1200,0,0,-1,-1,0.5,0.0,0.0,0.3333333333333333,0.3333333333333333,0.5,0.3333333333333333,0.0,0.1666666666666666,0.3333333333333333,DIST,High NDC
Suj_130,Respuestas de formulario 10,AGH,Bloque_3,Dist,2,Opción 2,0,2.9,5.0,0,0,-1,Hombre,4,7,0,0,0,-1,0,0.5,0.0,0.0,0.3333333333333333,0.3333333333333333,0.5,0.3333333333333333,0.0,0.1666666666666666,0.3333333333333333,DIST,High NDC
Suj_130,Respuestas de formulario 10,ALM,Bloque_9,Dist,3,Opción 2,0,2.9,5.0,0,0,-1,Hombre,4,7,1000,0,0,-1,-1,0.5,0.0,0.0,0.3333333333333333,0.3333333333333333,0.5,0.3333333333333333,0.0,0.1666666666666666,0.3333333333333333,DIST,High NDC
Suj_130,Respuestas de formulario 10,ABC,Bloque_7,Dist,4,Opción 2,0,2.9,5.0,0,0,-1,Hombre,4,7,2400,0,0,-1,0,0.5,0.0,0.0,0.3333333333333333,0.3333333333333333,0.5,0.3333333333333333,0.0,0.1666666666666666,0.3333333333333333,DIST,High NDC
Suj_130,Respuestas de formulario 10,AQS,Bloque_1,Dist,5,Opción 2,0,2.9,5.0,0,0,-1,Hombre,4,7,0,0,0,-1,0,0.5,0.0,0.0,0.3333333333333333,0.3333333333333333,0.5,0.3333333333333333,0.0,0.1666666666666666,0.3333333333333333,DIST,High NDC
Suj_130,Respuestas de formulario 10,AJK,Bloque_5,Dist,6,Opción 2,0,2.9,5.0,0,0,-1,Hombre,4,7,2000,0,0,-1,0,0.5,0.0,0.0,0.3333333333333333,0.3333333333333333,0.5,0.3333333333333333,0.0,0.1666666666666666,0.3333333333333333,DIST,High NDC
Suj_130,Respuestas de formulario 10,AEF,Bloque_11,Bloque_SIN,1,Opción 2,0,2.9,5.0,0,0,-1,Hombre,4,7,1200,0,0,-1,-1,0.5,0.0,0.0,0.3333333333333333,0.3333333333333333,0.5,0.3333333333333333,0.0,0.1666666666666666,0.3333333333333333,SIN,High NDC
Suj_130,Respuestas de formulario 10,AGH,Bloque_3,Bloque_SIN,2,Opción 2,0,2.9,5.0,0,0,-1,Hombre,4,7,0,0,0,-1,0,0.5,0.0,0.0,0.3333333333333333,0.3333333333333333,0.5,0.3333333333333333,0.0,0.1666666666666666,0.3333333333333333,SIN,High NDC
Suj_130,Respuestas de formulario 10,ALM,Bloque_9,Bloque_SIN,3,Opción 2,0,2.9,5.0,0,0,-1,Hombre,4,7,1000,0,0,-1,-1,0.5,0.0,0.0,0.3333333333333333,0.3333333333333333,0.5,0.3333333333333333,0.0,0.1666666666666666,0.3333333333333333,SIN,High NDC
Suj_130,Respuestas de formulario 10,ABC,Bloque_7,Bloque_SIN,4,Opción 2,0,2.9,5.0,0,0,-1,Hombre,4,7,2400,0,0,-1,0,0.5,0.0,0.0,0.3333333333333333,0.3333333333333333,0.5,0.3333333333333333,0.0,0.1666666666666666,0.3333333333333333,SIN,High NDC
Suj_130,Respuestas de formulario 10,AQS,Bloque_1,Bloque_SIN,5,Opción 1,1,2.9,5.0,0,0,-1,Hombre,4,7,0,0,0,-1,0,0.5,0.0,0.0,0.3333333333333333,0.3333333333333333,0.5,0.3333333333333333,0.0,0.1666666666666666,0.3333333333333333,SIN,High NDC
Suj_130,Respuestas de formulario 10,AJK,Bloque_5,Bloque_SIN,6,Opción 1,1,2.9,5.0,0,0,-1,Hombre,4,7,2000,0,0,-1,0,0.5,0.0,0.0,0.3333333333333333,0.3333333333333333,0.5,0.3333333333333333,0.0,0.1666666666666666,0.3333333333333333,SIN,High NDC
Suj_130,Respuestas de formulario 10,AEF,Bloque_11,Bloque_CON,1,Opción 2,0,2.9,5.0,0,0,-1,Hombre,4,7,1200,0,0,-1,-1,0.5,0.0,0.0,0.3333333333333333,0.3333333333333333,0.5,0.3333333333333333,0.0,0.1666666666666666,0.3333333333333333,CON,High NDC
Suj_130,Respuestas de formulario 10,AGH,Bloque_3,Bloque_CON,2,Opción 1,1,2.9,5.0,0,0,-1,Hombre,4,7,0,0,0,-1,0,0.5,0.0,0.0,0.3333333333333333,0.3333333333333333,0.5,0.3333333333333333,0.0,0.1666666666666666,0.3333333333333333,CON,High NDC
Suj_130,Respuestas de formulario 10,ALM,Bloque_9,Bloque_CON,3,Opción 2,0,2.9,5.0,0,0,-1,Hombre,4,7,1000,0,0,-1,-1,0.5,0.0,0.0,0.3333333333333333,0.3333333333333333,0.5,0.3333333333333333,0.0,0.1666666666666666,0.3333333333333333,CON,High NDC
Suj_130,Respuestas de formulario 10,ABC,Bloque_7,Bloque_CON,4,Opción 1,1,2.9,5.0,0,0,-1,Hombre,4,7,2400,0,0,-1,0,0.5,0.0,0.0,0.3333333333333333,0.3333333333333333,0.5,0.3333333333333333,0.0,0.1666666666666666,0.3333333333333333,CON,High NDC
Suj_130,Respuestas de formulario 10,AQS,Bloque_1,Bloque_CON,5,Opción 1,1,2.9,5.0,0,0,-1,Hombre,4,7,0,0,0,-1,0,0.5,0.0,0.0,0.3333333333333333,0.3333333333333333,0.5,0.3333333333333333,0.0,0.1666666666666666,0.3333333333333333,CON,High NDC
Suj_130,Respuestas de formulario 10,AJK,Bloque_5,Bloque_CON,6,Opción 2,0,2.9,5.0,0,0,-1,Hombre,4,7,2000,0,0,-1,0,0.5,0.0,0.0,0.3333333333333333,0.3333333333333333,0.5,0.3333333333333333,0.0,0.1666666666666666,0.3333333333333333,CON,High NDC
Suj_137,Respuestas de formulario 11,ALM,Bloque_9,Dist,1,Opción 2,0,1.4,5.333333333333333,1,1,1,Mujer,1,8,1000,1,1,1,1,1.0,0.6666666666666666,1.0,1.0,1.0,1.0,1.0,0.8333333333333334,0.0,0.1666666666666666,DIST,High NDC
Suj_137,Respuestas de formulario 11,ABC,Bloque_1,Dist,2,Opción 1,1,1.4,5.333333333333333,1,1,1,Mujer,1,8,0,1,1,1,1,1.0,0.6666666666666666,1.0,1.0,1.0,1.0,1.0,0.8333333333333334,0.0,0.1666666666666666,DIST,High NDC
Suj_137,Respuestas de formulario 11,AQS,Bloque_5,Dist,3,Opción 1,1,1.4,5.333333333333333,1,1,1,Mujer,1,8,2000,1,1,1,1,1.0,0.6666666666666666,1.0,1.0,1.0,1.0,1.0,0.8333333333333334,0.0,0.1666666666666666,DIST,High NDC
Suj_137,Respuestas de formulario 11,AEF,Bloque_11,Dist,4,Opción 1,1,1.4,5.333333333333333,1,1,1,Mujer,1,8,1200,1,1,1,1,1.0,0.6666666666666666,1.0,1.0,1.0,1.0,1.0,0.8333333333333334,0.0,0.1666666666666666,DIST,High NDC
Suj_137,Respuestas de formulario 11,AGH,Bloque_3,Dist,5,Opción 1,1,1.4,5.333333333333333,1,1,1,Mujer,1,8,0,1,1,1,1,1.0,0.6666666666666666,1.0,1.0,1.0,1.0,1.0,0.8333333333333334,0.0,0.1666666666666666,DIST,High NDC
Suj_137,Respuestas de formulario 11,AJK,Bloque_7,Dist,6,Opción 1,1,1.4,5.333333333333333,1,1,1,Mujer,1,8,2400,1,1,1,1,1.0,0.6666666666666666,1.0,1.0,1.0,1.0,1.0,0.8333333333333334,0.0,0.1666666666666666,DIST,High NDC
Suj_137,Respuestas de formulario 11,ALM,Bloque_9,Bloque_CON,1,Opción 1,1,1.4,5.333333333333333,1,1,1,Mujer,1,8,1000,1,1,1,1,1.0,0.6666666666666666,1.0,1.0,1.0,1.0,1.0,0.8333333333333334,0.0,0.1666666666666666,CON,High NDC
Suj_137,Respuestas de formulario 11,ABC,Bloque_1,Bloque_CON,2,Opción 1,1,1.4,5.333333333333333,1,1,1,Mujer,1,8,0,1,1,1,1,1.0,0.6666666666666666,1.0,1.0,1.0,1.0,1.0,0.8333333333333334,0.0,0.1666666666666666,CON,High NDC
Suj_137,Respuestas de formulario 11,AQS,Bloque_5,Bloque_CON,3,Opción 1,1,1.4,5.333333333333333,1,1,1,Mujer,1,8,2000,1,1,1,1,1.0,0.6666666666666666,1.0,1.0,1.0,1.0,1.0,0.8333333333333334,0.0,0.1666666666666666,CON,High NDC
Suj_137,Respuestas de formulario 11,AEF,Bloque_11,Bloque_CON,4,Opción 1,1,1.4,5.333333333333333,1,1,1,Mujer,1,8,1200,1,1,1,1,1.0,0.6666666666666666,1.0,1.0,1.0,1.0,1.0,0.8333333333333334,0.0,0.1666666666666666,CON,High NDC
Suj_137,Respuestas de formulario 11,AGH,Bloque_3,Bloque_CON,5,Opción 1,1,1.4,5.333333333333333,1,1,1,Mujer,1,8,0,1,1,1,1,1.0,0.6666666666666666,1.0,1.0,1.0,1.0,1.0,0.8333333333333334,0.0,0.1666666666666666,CON,High NDC
Suj_137,Respuestas de formulario 11,AJK,Bloque_7,Bloque_CON,6,Opción 1,1,1.4,5.333333333333333,1,1,1,Mujer,1,8,2400,1,1,1,1,1.0,0.6666666666666666,1.0,1.0,1.0,1.0,1.0,0.8333333333333334,0.0,0.1666666666666666,CON,High NDC
Suj_137,Respuestas de formulario 11,ALM,Bloque_9,Bloque_SIN,1,Opción 1,1,1.4,5.333333333333333,1,1,1,Mujer,1,8,1000,1,1,1,1,1.0,0.6666666666666666,1.0,1.0,1.0,1.0,1.0,0.8333333333333334,0.0,0.1666666666666666,SIN,High NDC
Suj_137,Respuestas de formulario 11,ABC,Bloque_1,Bloque_SIN,2,Opción 1,1,1.4,5.333333333333333,1,1,1,Mujer,1,8,0,1,1,1,1,1.0,0.6666666666666666,1.0,1.0,1.0,1.0,1.0,0.8333333333333334,0.0,0.1666666666666666,SIN,High NDC
Suj_137,Respuestas de formulario 11,AQS,Bloque_5,Bloque_SIN,3,Opción 1,1,1.4,5.333333333333333,1,1,1,Mujer,1,8,2000,1,1,1,1,1.0,0.6666666666666666,1.0,1.0,1.0,1.0,1.0,0.8333333333333334,0.0,0.1666666666666666,SIN,High NDC
Suj_137,Respuestas de formulario 11,AEF,Bloque_11,Bloque_SIN,4,Opción 1,1,1.4,5.333333333333333,1,1,1,Mujer,1,8,1200,1,1,1,1,1.0,0.6666666666666666,1.0,1.0,1.0,1.0,1.0,0.8333333333333334,0.0,0.1666666666666666,SIN,High NDC
Suj_137,Respuestas de formulario 11,AGH,Bloque_3,Bloque_SIN,5,Opción 1,1,1.4,5.333333333333333,1,1,1,Mujer,1,8,0,1,1,1,1,1.0,0.6666666666666666,1.0,1.0,1.0,1.0,1.0,0.8333333333333334,0.0,0.1666666666666666,SIN,High NDC
Suj_137,Respuestas de formulario 11,AJK,Bloque_7,Bloque_SIN,6,Opción 1,1,1.4,5.333333333333333,1,1,1,Mujer,1,8,2400,1,1,1,1,1.0,0.6666666666666666,1.0,1.0,1.0,1.0,1.0,0.8333333333333334,0.0,0.1666666666666666,SIN,High NDC
Suj_140,Respuestas de formulario 11,ALM,Bloque_9,Dist,1,Opción 2,0,1.8,5.0,1,1,1,Hombre,3,4,1000,1,1,1,1,0.8333333333333334,0.3333333333333333,0.3333333333333333,0.0,0.3333333333333333,0.3333333333333333,0.6666666666666666,0.3333333333333333,-0.3333333333333333,0.3333333333333333,DIST,High NDC
Suj_140,Respuestas de formulario 11,ABC,Bloque_1,Dist,2,Opción 1,1,1.8,5.0,1,1,1,Hombre,3,4,0,1,1,1,1,0.8333333333333334,0.3333333333333333,0.3333333333333333,0.0,0.3333333333333333,0.3333333333333333,0.6666666666666666,0.3333333333333333,-0.3333333333333333,0.3333333333333333,DIST,High NDC
Suj_140,Respuestas de formulario 11,AQS,Bloque_5,Dist,3,Opción 2,0,1.8,5.0,1,1,1,Hombre,3,4,2000,1,1,1,1,0.8333333333333334,0.3333333333333333,0.3333333333333333,0.0,0.3333333333333333,0.3333333333333333,0.6666666666666666,0.3333333333333333,-0.3333333333333333,0.3333333333333333,DIST,High NDC
Suj_140,Respuestas de formulario 11,AEF,Bloque_11,Dist,4,Opción 2,0,1.8,5.0,1,1,1,Hombre,3,4,1200,1,1,1,1,0.8333333333333334,0.3333333333333333,0.3333333333333333,0.0,0.3333333333333333,0.3333333333333333,0.6666666666666666,0.3333333333333333,-0.3333333333333333,0.3333333333333333,DIST,High NDC
Suj_140,Respuestas de formulario 11,AGH,Bloque_3,Dist,5,Opción 1,1,1.8,5.0,1,1,1,Hombre,3,4,0,1,1,1,1,0.8333333333333334,0.3333333333333333,0.3333333333333333,0.0,0.3333333333333333,0.3333333333333333,0.6666666666666666,0.3333333333333333,-0.3333333333333333,0.3333333333333333,DIST,High NDC
Suj_140,Respuestas de formulario 11,AJK,Bloque_7,Dist,6,Opción 2,0,1.8,5.0,1,1,1,Hombre,3,4,2400,1,1,1,1,0.8333333333333334,0.3333333333333333,0.3333333333333333,0.0,0.3333333333333333,0.3333333333333333,0.6666666666666666,0.3333333333333333,-0.3333333333333333,0.3333333333333333,DIST,High NDC
Suj_140,Respuestas de formulario 11,ALM,Bloque_9,Bloque_CON,1,Opción 2,0,1.8,5.0,1,1,1,Hombre,3,4,1000,1,1,1,1,0.8333333333333334,0.3333333333333333,0.3333333333333333,0.0,0.3333333333333333,0.3333333333333333,0.6666666666666666,0.3333333333333333,-0.3333333333333333,0.3333333333333333,CON,High NDC
Suj_140,Respuestas de formulario 11,ABC,Bloque_1,Bloque_CON,2,Opción 1,1,1.8,5.0,1,1,1,Hombre,3,4,0,1,1,1,1,0.8333333333333334,0.3333333333333333,0.3333333333333333,0.0,0.3333333333333333,0.3333333333333333,0.6666666666666666,0.3333333333333333,-0.3333333333333333,0.3333333333333333,CON,High NDC
Suj_140,Respuestas de formulario 11,AQS,Bloque_5,Bloque_CON,3,Opción 2,0,1.8,5.0,1,1,1,Hombre,3,4,2000,1,1,1,1,0.8333333333333334,0.3333333333333333,0.3333333333333333,0.0,0.3333333333333333,0.3333333333333333,0.6666666666666666,0.3333333333333333,-0.3333333333333333,0.3333333333333333,CON,High NDC
Suj_140,Respuestas de formulario 11,AEF,Bloque_11,Bloque_CON,4,Opción 2,0,1.8,5.0,1,1,1,Hombre,3,4,1200,1,1,1,1,0.8333333333333334,0.3333333333333333,0.3333333333333333,0.0,0.3333333333333333,0.3333333333333333,0.6666666666666666,0.3333333333333333,-0.3333333333333333,0.3333333333333333,CON,High NDC
Suj_140,Respuestas de formulario 11,AGH,Bloque_3,Bloque_CON,5,Opción 1,1,1.8,5.0,1,1,1,Hombre,3,4,0,1,1,1,1,0.8333333333333334,0.3333333333333333,0.3333333333333333,0.0,0.3333333333333333,0.3333333333333333,0.6666666666666666,0.3333333333333333,-0.3333333333333333,0.3333333333333333,CON,High NDC
Suj_140,Respuestas de formulario 11,AJK,Bloque_7,Bloque_CON,6,Opción 2,0,1.8,5.0,1,1,1,Hombre,3,4,2400,1,1,1,1,0.8333333333333334,0.3333333333333333,0.3333333333333333,0.0,0.3333333333333333,0.3333333333333333,0.6666666666666666,0.3333333333333333,-0.3333333333333333,0.3333333333333333,CON,High NDC
Suj_140,Respuestas de formulario 11,ALM,Bloque_9,Bloque_SIN,1,Opción 1,1,1.8,5.0,1,1,1,Hombre,3,4,1000,1,1,1,1,0.8333333333333334,0.3333333333333333,0.3333333333333333,0.0,0.3333333333333333,0.3333333333333333,0.6666666666666666,0.3333333333333333,-0.3333333333333333,0.3333333333333333,SIN,High NDC
Suj_140,Respuestas de formulario 11,ABC,Bloque_1,Bloque_SIN,2,Opción 1,1,1.8,5.0,1,1,1,Hombre,3,4,0,1,1,1,1,0.8333333333333334,0.3333333333333333,0.3333333333333333,0.0,0.3333333333333333,0.3333333333333333,0.6666666666666666,0.3333333333333333,-0.3333333333333333,0.3333333333333333,SIN,High NDC
Suj_140,Respuestas de formulario 11,AQS,Bloque_5,Bloque_SIN,3,Opción 2,0,1.8,5.0,1,1,1,Hombre,3,4,2000,1,1,1,1,0.8333333333333334,0.3333333333333333,0.3333333333333333,0.0,0.3333333333333333,0.3333333333333333,0.6666666666666666,0.3333333333333333,-0.3333333333333333,0.3333333333333333,SIN,High NDC
Suj_140,Respuestas de formulario 11,AEF,Bloque_11,Bloque_SIN,4,Opción 1,1,1.8,5.0,1,1,1,Hombre,3,4,1200,1,1,1,1,0.8333333333333334,0.3333333333333333,0.3333333333333333,0.0,0.3333333333333333,0.3333333333333333,0.6666666666666666,0.3333333333333333,-0.3333333333333333,0.3333333333333333,SIN,High NDC
Suj_140,Respuestas de formulario 11,AGH,Bloque_3,Bloque_SIN,5,Opción 2,0,1.8,5.0,1,1,1,Hombre,3,4,0,1,1,1,1,0.8333333333333334,0.3333333333333333,0.3333333333333333,0.0,0.3333333333333333,0.3333333333333333,0.6666666666666666,0.3333333333333333,-0.3333333333333333,0.3333333333333333,SIN,High NDC
Suj_140,Respuestas de formulario 11,AJK,Bloque_7,Bloque_SIN,6,Opción 1,1,1.8,5.0,1,1,1,Hombre,3,4,2400,1,1,1,1,0.8333333333333334,0.3333333333333333,0.3333333333333333,0.0,0.3333333333333333,0.3333333333333333,0.6666666666666666,0.3333333333333333,-0.3333333333333333,0.3333333333333333,SIN,High NDC
Suj_144,Respuestas de formulario 11,ALM,Bloque_9,Dist,1,Opción 1,1,3.0,5.666666666666667,1,1,1,Mujer,5,7,1000,1,1,1,1,1.0,1.0,1.0,1.0,1.0,1.0,1.0,1.0,0.0,0.0,DIST,High NDC
Suj_144,Respuestas de formulario 11,ABC,Bloque_1,Dist,2,Opción 1,1,3.0,5.666666666666667,1,1,1,Mujer,5,7,0,1,1,1,1,1.0,1.0,1.0,1.0,1.0,1.0,1.0,1.0,0.0,0.0,DIST,High NDC
Suj_144,Respuestas de formulario 11,AQS,Bloque_5,Dist,3,Opción 1,1,3.0,5.666666666666667,1,1,1,Mujer,5,7,2000,1,1,1,1,1.0,1.0,1.0,1.0,1.0,1.0,1.0,1.0,0.0,0.0,DIST,High NDC
Suj_144,Respuestas de formulario 11,AEF,Bloque_11,Dist,4,Opción 1,1,3.0,5.666666666666667,1,1,1,Mujer,5,7,1200,1,1,1,1,1.0,1.0,1.0,1.0,1.0,1.0,1.0,1.0,0.0,0.0,DIST,High NDC
Suj_144,Respuestas de formulario 11,AGH,Bloque_3,Dist,5,Opción 1,1,3.0,5.666666666666667,1,1,1,Mujer,5,7,0,1,1,1,1,1.0,1.0,1.0,1.0,1.0,1.0,1.0,1.0,0.0,0.0,DIST,High NDC
Suj_144,Respuestas de formulario 11,AJK,Bloque_7,Dist,6,Opción 1,1,3.0,5.666666666666667,1,1,1,Mujer,5,7,2400,1,1,1,1,1.0,1.0,1.0,1.0,1.0,1.0,1.0,1.0,0.0,0.0,DIST,High NDC
Suj_144,Respuestas de formulario 11,ALM,Bloque_9,Bloque_CON,1,Opción 1,1,3.0,5.666666666666667,1,1,1,Mujer,5,7,1000,1,1,1,1,1.0,1.0,1.0,1.0,1.0,1.0,1.0,1.0,0.0,0.0,CON,High NDC
Suj_144,Respuestas de formulario 11,ABC,Bloque_1,Bloque_CON,2,Opción 1,1,3.0,5.666666666666667,1,1,1,Mujer,5,7,0,1,1,1,1,1.0,1.0,1.0,1.0,1.0,1.0,1.0,1.0,0.0,0.0,CON,High NDC
Suj_144,Respuestas de formulario 11,AQS,Bloque_5,Bloque_CON,3,Opción 1,1,3.0,5.666666666666667,1,1,1,Mujer,5,7,2000,1,1,1,1,1.0,1.0,1.0,1.0,1.0,1.0,1.0,1.0,0.0,0.0,CON,High NDC
Suj_144,Respuestas de formulario 11,AEF,Bloque_11,Bloque_CON,4,Opción 1,1,3.0,5.666666666666667,1,1,1,Mujer,5,7,1200,1,1,1,1,1.0,1.0,1.0,1.0,1.0,1.0,1.0,1.0,0.0,0.0,CON,High NDC
Suj_144,Respuestas de formulario 11,AGH,Bloque_3,Bloque_CON,5,Opción 1,1,3.0,5.666666666666667,1,1,1,Mujer,5,7,0,1,1,1,1,1.0,1.0,1.0,1.0,1.0,1.0,1.0,1.0,0.0,0.0,CON,High NDC
Suj_144,Respuestas de formulario 11,AJK,Bloque_7,Bloque_CON,6,Opción 1,1,3.0,5.666666666666667,1,1,1,Mujer,5,7,2400,1,1,1,1,1.0,1.0,1.0,1.0,1.0,1.0,1.0,1.0,0.0,0.0,CON,High NDC
Suj_144,Respuestas de formulario 11,ALM,Bloque_9,Bloque_SIN,1,Opción 1,1,3.0,5.666666666666667,1,1,1,Mujer,5,7,1000,1,1,1,1,1.0,1.0,1.0,1.0,1.0,1.0,1.0,1.0,0.0,0.0,SIN,High NDC
Suj_144,Respuestas de formulario 11,ABC,Bloque_1,Bloque_SIN,2,Opción 1,1,3.0,5.666666666666667,1,1,1,Mujer,5,7,0,1,1,1,1,1.0,1.0,1.0,1.0,1.0,1.0,1.0,1.0,0.0,0.0,SIN,High NDC
Suj_144,Respuestas de formulario 11,AQS,Bloque_5,Bloque_SIN,3,Opción 1,1,3.0,5.666666666666667,1,1,1,Mujer,5,7,2000,1,1,1,1,1.0,1.0,1.0,1.0,1.0,1.0,1.0,1.0,0.0,0.0,SIN,High NDC
Suj_144,Respuestas de formulario 11,AEF,Bloque_11,Bloque_SIN,4,Opción 1,1,3.0,5.666666666666667,1,1,1,Mujer,5,7,1200,1,1,1,1,1.0,1.0,1.0,1.0,1.0,1.0,1.0,1.0,0.0,0.0,SIN,High NDC
Suj_144,Respuestas de formulario 11,AGH,Bloque_3,Bloque_SIN,5,Opción 1,1,3.0,5.666666666666667,1,1,1,Mujer,5,7,0,1,1,1,1,1.0,1.0,1.0,1.0,1.0,1.0,1.0,1.0,0.0,0.0,SIN,High NDC
Suj_144,Respuestas de formulario 11,AJK,Bloque_7,Bloque_SIN,6,Opción 1,1,3.0,5.666666666666667,1,1,1,Mujer,5,7,2400,1,1,1,1,1.0,1.0,1.0,1.0,1.0,1.0,1.0,1.0,0.0,0.0,SIN,High NDC
Suj_145,Respuestas de formulario 11,ALM,Bloque_9,Dist,1,Opción 2,0,1.7,5.666666666666667,0,-1,-1,Mujer,2,5,1000,0,-1,-1,-1,0.3333333333333333,0.0,0.0,0.0,0.0,0.1666666666666666,0.0,0.1666666666666666,0.1666666666666666,-0.1666666666666666,DIST,High NDC
Suj_145,Respuestas de formulario 11,ABC,Bloque_1,Dist,2,Opción 1,1,1.7,5.666666666666667,0,-1,-1,Mujer,2,5,0,0,-1,-1,0,0.3333333333333333,0.0,0.0,0.0,0.0,0.1666666666666666,0.0,0.1666666666666666,0.1666666666666666,-0.1666666666666666,DIST,High NDC
Suj_145,Respuestas de formulario 11,AQS,Bloque_5,Dist,3,Opción 2,0,1.7,5.666666666666667,0,-1,-1,Mujer,2,5,2000,0,-1,-1,-1,0.3333333333333333,0.0,0.0,0.0,0.0,0.1666666666666666,0.0,0.1666666666666666,0.1666666666666666,-0.1666666666666666,DIST,High NDC
Suj_145,Respuestas de formulario 11,AEF,Bloque_11,Dist,4,Opción 2,0,1.7,5.666666666666667,0,-1,-1,Mujer,2,5,1200,0,-1,-1,-1,0.3333333333333333,0.0,0.0,0.0,0.0,0.1666666666666666,0.0,0.1666666666666666,0.1666666666666666,-0.1666666666666666,DIST,High NDC
Suj_145,Respuestas de formulario 11,AGH,Bloque_3,Dist,5,Opción 2,0,1.7,5.666666666666667,0,-1,-1,Mujer,2,5,0,0,-1,-1,0,0.3333333333333333,0.0,0.0,0.0,0.0,0.1666666666666666,0.0,0.1666666666666666,0.1666666666666666,-0.1666666666666666,DIST,High NDC
Suj_145,Respuestas de formulario 11,AJK,Bloque_7,Dist,6,Opción 2,0,1.7,5.666666666666667,0,-1,-1,Mujer,2,5,2400,0,-1,-1,-1,0.3333333333333333,0.0,0.0,0.0,0.0,0.1666666666666666,0.0,0.1666666666666666,0.1666666666666666,-0.1666666666666666,DIST,High NDC
Suj_145,Respuestas de formulario 11,ALM,Bloque_9,Bloque_CON,1,Opción 2,0,1.7,5.666666666666667,0,-1,-1,Mujer,2,5,1000,0,-1,-1,-1,0.3333333333333333,0.0,0.0,0.0,0.0,0.1666666666666666,0.0,0.1666666666666666,0.1666666666666666,-0.1666666666666666,CON,High NDC
Suj_145,Respuestas de formulario 11,ABC,Bloque_1,Bloque_CON,2,Opción 1,1,1.7,5.666666666666667,0,-1,-1,Mujer,2,5,0,0,-1,-1,0,0.3333333333333333,0.0,0.0,0.0,0.0,0.1666666666666666,0.0,0.1666666666666666,0.1666666666666666,-0.1666666666666666,CON,High NDC
Suj_145,Respuestas de formulario 11,AQS,Bloque_5,Bloque_CON,3,Opción 2,0,1.7,5.666666666666667,0,-1,-1,Mujer,2,5,2000,0,-1,-1,-1,0.3333333333333333,0.0,0.0,0.0,0.0,0.1666666666666666,0.0,0.1666666666666666,0.1666666666666666,-0.1666666666666666,CON,High NDC
Suj_145,Respuestas de formulario 11,AEF,Bloque_11,Bloque_CON,4,Opción 2,0,1.7,5.666666666666667,0,-1,-1,Mujer,2,5,1200,0,-1,-1,-1,0.3333333333333333,0.0,0.0,0.0,0.0,0.1666666666666666,0.0,0.1666666666666666,0.1666666666666666,-0.1666666666666666,CON,High NDC
Suj_145,Respuestas de formulario 11,AGH,Bloque_3,Bloque_CON,5,Opción 2,0,1.7,5.666666666666667,0,-1,-1,Mujer,2,5,0,0,-1,-1,0,0.3333333333333333,0.0,0.0,0.0,0.0,0.1666666666666666,0.0,0.1666666666666666,0.1666666666666666,-0.1666666666666666,CON,High NDC
Suj_145,Respuestas de formulario 11,AJK,Bloque_7,Bloque_CON,6,Opción 2,0,1.7,5.666666666666667,0,-1,-1,Mujer,2,5,2400,0,-1,-1,-1,0.3333333333333333,0.0,0.0,0.0,0.0,0.1666666666666666,0.0,0.1666666666666666,0.1666666666666666,-0.1666666666666666,CON,High NDC
Suj_145,Respuestas de formulario 11,ALM,Bloque_9,Bloque_SIN,1,Opción 2,0,1.7,5.666666666666667,0,-1,-1,Mujer,2,5,1000,0,-1,-1,-1,0.3333333333333333,0.0,0.0,0.0,0.0,0.1666666666666666,0.0,0.1666666666666666,0.1666666666666666,-0.1666666666666666,SIN,High NDC
Suj_145,Respuestas de formulario 11,ABC,Bloque_1,Bloque_SIN,2,Opción 2,0,1.7,5.666666666666667,0,-1,-1,Mujer,2,5,0,0,-1,-1,0,0.3333333333333333,0.0,0.0,0.0,0.0,0.1666666666666666,0.0,0.1666666666666666,0.1666666666666666,-0.1666666666666666,SIN,High NDC
Suj_145,Respuestas de formulario 11,AQS,Bloque_5,Bloque_SIN,3,Opción 2,0,1.7,5.666666666666667,0,-1,-1,Mujer,2,5,2000,0,-1,-1,-1,0.3333333333333333,0.0,0.0,0.0,0.0,0.1666666666666666,0.0,0.1666666666666666,0.1666666666666666,-0.1666666666666666,SIN,High NDC
Suj_145,Respuestas de formulario 11,AEF,Bloque_11,Bloque_SIN,4,Opción 2,0,1.7,5.666666666666667,0,-1,-1,Mujer,2,5,1200,0,-1,-1,-1,0.3333333333333333,0.0,0.0,0.0,0.0,0.1666666666666666,0.0,0.1666666666666666,0.1666666666666666,-0.1666666666666666,SIN,High NDC
Suj_145,Respuestas de formulario 11,AGH,Bloque_3,Bloque_SIN,5,Opción 2,0,1.7,5.666666666666667,0,-1,-1,Mujer,2,5,0,0,-1,-1,0,0.3333333333333333,0.0,0.0,0.0,0.0,0.1666666666666666,0.0,0.1666666666666666,0.1666666666666666,-0.1666666666666666,SIN,High NDC
Suj_145,Respuestas de formulario 11,AJK,Bloque_7,Bloque_SIN,6,Opción 2,0,1.7,5.666666666666667,0,-1,-1,Mujer,2,5,2400,0,-1,-1,-1,0.3333333333333333,0.0,0.0,0.0,0.0,0.1666666666666666,0.0,0.1666666666666666,0.1666666666666666,-0.1666666666666666,SIN,High NDC
Suj_147,Respuestas de formulario 11,ALM,Bloque_9,Dist,1,Opción 2,0,2.1,5.0,1,-1,-1,Hombre,6,8,1000,1,-1,-1,-1,1.0,0.3333333333333333,0.0,0.0,0.0,0.5,0.3333333333333333,0.3333333333333333,0.1666666666666666,0.0,DIST,High NDC
Suj_147,Respuestas de formulario 11,ABC,Bloque_1,Dist,2,Opción 1,1,2.1,5.0,1,-1,-1,Hombre,6,8,0,1,-1,-1,1,1.0,0.3333333333333333,0.0,0.0,0.0,0.5,0.3333333333333333,0.3333333333333333,0.1666666666666666,0.0,DIST,High NDC
Suj_147,Respuestas de formulario 11,AQS,Bloque_5,Dist,3,Opción 2,0,2.1,5.0,1,-1,-1,Hombre,6,8,2000,1,-1,-1,-1,1.0,0.3333333333333333,0.0,0.0,0.0,0.5,0.3333333333333333,0.3333333333333333,0.1666666666666666,0.0,DIST,High NDC
Suj_147,Respuestas de formulario 11,AEF,Bloque_11,Dist,4,Opción 2,0,2.1,5.0,1,-1,-1,Hombre,6,8,1200,1,-1,-1,-1,1.0,0.3333333333333333,0.0,0.0,0.0,0.5,0.3333333333333333,0.3333333333333333,0.1666666666666666,0.0,DIST,High NDC
Suj_147,Respuestas de formulario 11,AGH,Bloque_3,Dist,5,Opción 1,1,2.1,5.0,1,-1,-1,Hombre,6,8,0,1,-1,-1,1,1.0,0.3333333333333333,0.0,0.0,0.0,0.5,0.3333333333333333,0.3333333333333333,0.1666666666666666,0.0,DIST,High NDC
Suj_147,Respuestas de formulario 11,AJK,Bloque_7,Dist,6,Opción 2,0,2.1,5.0,1,-1,-1,Hombre,6,8,2400,1,-1,-1,-1,1.0,0.3333333333333333,0.0,0.0,0.0,0.5,0.3333333333333333,0.3333333333333333,0.1666666666666666,0.0,DIST,High NDC
Suj_147,Respuestas de formulario 11,ALM,Bloque_9,Bloque_CON,1,Opción 1,1,2.1,5.0,1,-1,-1,Hombre,6,8,1000,1,-1,-1,-1,1.0,0.3333333333333333,0.0,0.0,0.0,0.5,0.3333333333333333,0.3333333333333333,0.1666666666666666,0.0,CON,High NDC
Suj_147,Respuestas de formulario 11,ABC,Bloque_1,Bloque_CON,2,Opción 1,1,2.1,5.0,1,-1,-1,Hombre,6,8,0,1,-1,-1,1,1.0,0.3333333333333333,0.0,0.0,0.0,0.5,0.3333333333333333,0.3333333333333333,0.1666666666666666,0.0,CON,High NDC
Suj_147,Respuestas de formulario 11,AQS,Bloque_5,Bloque_CON,3,Opción 2,0,2.1,5.0,1,-1,-1,Hombre,6,8,2000,1,-1,-1,-1,1.0,0.3333333333333333,0.0,0.0,0.0,0.5,0.3333333333333333,0.3333333333333333,0.1666666666666666,0.0,CON,High NDC
Suj_147,Respuestas de formulario 11,AEF,Bloque_11,Bloque_CON,4,Opción 2,0,2.1,5.0,1,-1,-1,Hombre,6,8,1200,1,-1,-1,-1,1.0,0.3333333333333333,0.0,0.0,0.0,0.5,0.3333333333333333,0.3333333333333333,0.1666666666666666,0.0,CON,High NDC
Suj_147,Respuestas de formulario 11,AGH,Bloque_3,Bloque_CON,5,Opción 1,1,2.1,5.0,1,-1,-1,Hombre,6,8,0,1,-1,-1,1,1.0,0.3333333333333333,0.0,0.0,0.0,0.5,0.3333333333333333,0.3333333333333333,0.1666666666666666,0.0,CON,High NDC
Suj_147,Respuestas de formulario 11,AJK,Bloque_7,Bloque_CON,6,Opción 2,0,2.1,5.0,1,-1,-1,Hombre,6,8,2400,1,-1,-1,-1,1.0,0.3333333333333333,0.0,0.0,0.0,0.5,0.3333333333333333,0.3333333333333333,0.1666666666666666,0.0,CON,High NDC
Suj_147,Respuestas de formulario 11,ALM,Bloque_9,Bloque_SIN,1,Opción 2,0,2.1,5.0,1,-1,-1,Hombre,6,8,1000,1,-1,-1,-1,1.0,0.3333333333333333,0.0,0.0,0.0,0.5,0.3333333333333333,0.3333333333333333,0.1666666666666666,0.0,SIN,High NDC
Suj_147,Respuestas de formulario 11,ABC,Bloque_1,Bloque_SIN,2,Opción 1,1,2.1,5.0,1,-1,-1,Hombre,6,8,0,1,-1,-1,1,1.0,0.3333333333333333,0.0,0.0,0.0,0.5,0.3333333333333333,0.3333333333333333,0.1666666666666666,0.0,SIN,High NDC
Suj_147,Respuestas de formulario 11,AQS,Bloque_5,Bloque_SIN,3,Opción 2,0,2.1,5.0,1,-1,-1,Hombre,6,8,2000,1,-1,-1,-1,1.0,0.3333333333333333,0.0,0.0,0.0,0.5,0.3333333333333333,0.3333333333333333,0.1666666666666666,0.0,SIN,High NDC
Suj_147,Respuestas de formulario 11,AEF,Bloque_11,Bloque_SIN,4,Opción 2,0,2.1,5.0,1,-1,-1,Hombre,6,8,1200,1,-1,-1,-1,1.0,0.3333333333333333,0.0,0.0,0.0,0.5,0.3333333333333333,0.3333333333333333,0.1666666666666666,0.0,SIN,High NDC
Suj_147,Respuestas de formulario 11,AGH,Bloque_3,Bloque_SIN,5,Opción 1,1,2.1,5.0,1,-1,-1,Hombre,6,8,0,1,-1,-1,1,1.0,0.3333333333333333,0.0,0.0,0.0,0.5,0.3333333333333333,0.3333333333333333,0.1666666666666666,0.0,SIN,High NDC
Suj_147,Respuestas de formulario 11,AJK,Bloque_7,Bloque_SIN,6,Opción 2,0,2.1,5.0,1,-1,-1,Hombre,6,8,2400,1,-1,-1,-1,1.0,0.3333333333333333,0.0,0.0,0.0,0.5,0.3333333333333333,0.3333333333333333,0.1666666666666666,0.0,SIN,High NDC
Suj_149,Respuestas de formulario 11,ALM,Bloque_9,Dist,1,Opción 2,0,2.4,5.0,-1,-1,-1,Mujer,6,6,1000,-1,-1,-1,-1,0.0,0.0,0.0,0.0,0.0,0.0,0.0,0.0,0.0,0.0,DIST,High NDC
Suj_149,Respuestas de formulario 11,ABC,Bloque_1,Dist,2,Opción 2,0,2.4,5.0,-1,-1,-1,Mujer,6,6,0,-1,-1,-1,-1,0.0,0.0,0.0,0.0,0.0,0.0,0.0,0.0,0.0,0.0,DIST,High NDC
Suj_149,Respuestas de formulario 11,AQS,Bloque_5,Dist,3,Opción 2,0,2.4,5.0,-1,-1,-1,Mujer,6,6,2000,-1,-1,-1,-1,0.0,0.0,0.0,0.0,0.0,0.0,0.0,0.0,0.0,0.0,DIST,High NDC
Suj_149,Respuestas de formulario 11,AEF,Bloque_11,Dist,4,Opción 2,0,2.4,5.0,-1,-1,-1,Mujer,6,6,1200,-1,-1,-1,-1,0.0,0.0,0.0,0.0,0.0,0.0,0.0,0.0,0.0,0.0,DIST,High NDC
Suj_149,Respuestas de formulario 11,AGH,Bloque_3,Dist,5,Opción 2,0,2.4,5.0,-1,-1,-1,Mujer,6,6,0,-1,-1,-1,-1,0.0,0.0,0.0,0.0,0.0,0.0,0.0,0.0,0.0,0.0,DIST,High NDC
Suj_149,Respuestas de formulario 11,AJK,Bloque_7,Dist,6,Opción 2,0,2.4,5.0,-1,-1,-1,Mujer,6,6,2400,-1,-1,-1,-1,0.0,0.0,0.0,0.0,0.0,0.0,0.0,0.0,0.0,0.0,DIST,High NDC
Suj_149,Respuestas de formulario 11,ALM,Bloque_9,Bloque_CON,1,Opción 2,0,2.4,5.0,-1,-1,-1,Mujer,6,6,1000,-1,-1,-1,-1,0.0,0.0,0.0,0.0,0.0,0.0,0.0,0.0,0.0,0.0,CON,High NDC
Suj_149,Respuestas de formulario 11,ABC,Bloque_1,Bloque_CON,2,Opción 2,0,2.4,5.0,-1,-1,-1,Mujer,6,6,0,-1,-1,-1,-1,0.0,0.0,0.0,0.0,0.0,0.0,0.0,0.0,0.0,0.0,CON,High NDC
Suj_149,Respuestas de formulario 11,AQS,Bloque_5,Bloque_CON,3,Opción 2,0,2.4,5.0,-1,-1,-1,Mujer,6,6,2000,-1,-1,-1,-1,0.0,0.0,0.0,0.0,0.0,0.0,0.0,0.0,0.0,0.0,CON,High NDC
Suj_149,Respuestas de formulario 11,AEF,Bloque_11,Bloque_CON,4,Opción 2,0,2.4,5.0,-1,-1,-1,Mujer,6,6,1200,-1,-1,-1,-1,0.0,0.0,0.0,0.0,0.0,0.0,0.0,0.0,0.0,0.0,CON,High NDC
Suj_149,Respuestas de formulario 11,AGH,Bloque_3,Bloque_CON,5,Opción 2,0,2.4,5.0,-1,-1,-1,Mujer,6,6,0,-1,-1,-1,-1,0.0,0.0,0.0,0.0,0.0,0.0,0.0,0.0,0.0,0.0,CON,High NDC
Suj_149,Respuestas de formulario 11,AJK,Bloque_7,Bloque_CON,6,Opción 2,0,2.4,5.0,-1,-1,-1,Mujer,6,6,2400,-1,-1,-1,-1,0.0,0.0,0.0,0.0,0.0,0.0,0.0,0.0,0.0,0.0,CON,High NDC
Suj_149,Respuestas de formulario 11,ALM,Bloque_9,Bloque_SIN,1,Opción 2,0,2.4,5.0,-1,-1,-1,Mujer,6,6,1000,-1,-1,-1,-1,0.0,0.0,0.0,0.0,0.0,0.0,0.0,0.0,0.0,0.0,SIN,High NDC
Suj_149,Respuestas de formulario 11,ABC,Bloque_1,Bloque_SIN,2,Opción 2,0,2.4,5.0,-1,-1,-1,Mujer,6,6,0,-1,-1,-1,-1,0.0,0.0,0.0,0.0,0.0,0.0,0.0,0.0,0.0,0.0,SIN,High NDC
Suj_149,Respuestas de formulario 11,AQS,Bloque_5,Bloque_SIN,3,Opción 2,0,2.4,5.0,-1,-1,-1,Mujer,6,6,2000,-1,-1,-1,-1,0.0,0.0,0.0,0.0,0.0,0.0,0.0,0.0,0.0,0.0,SIN,High NDC
Suj_149,Respuestas de formulario 11,AEF,Bloque_11,Bloque_SIN,4,Opción 2,0,2.4,5.0,-1,-1,-1,Mujer,6,6,1200,-1,-1,-1,-1,0.0,0.0,0.0,0.0,0.0,0.0,0.0,0.0,0.0,0.0,SIN,High NDC
Suj_149,Respuestas de formulario 11,AGH,Bloque_3,Bloque_SIN,5,Opción 2,0,2.4,5.0,-1,-1,-1,Mujer,6,6,0,-1,-1,-1,-1,0.0,0.0,0.0,0.0,0.0,0.0,0.0,0.0,0.0,0.0,SIN,High NDC
Suj_149,Respuestas de formulario 11,AJK,Bloque_7,Bloque_SIN,6,Opción 2,0,2.4,5.0,-1,-1,-1,Mujer,6,6,2400,-1,-1,-1,-1,0.0,0.0,0.0,0.0,0.0,0.0,0.0,0.0,0.0,0.0,SIN,High NDC
Suj_156,Respuestas de formulario 12,AQS,Bloque_11,Dist,1,Opción 2,0,2.0,5.0,1,-1,-1,Hombre,4,7,1200,1,-1,-1,-1,0.8333333333333334,0.0,0.0,0.0,0.0,0.3333333333333333,0.3333333333333333,0.1666666666666666,0.0,0.1666666666666666,DIST,High NDC
Suj_156,Respuestas de formulario 12,AJK,Bloque_3,Dist,2,Opción 1,1,2.0,5.0,1,-1,-1,Hombre,4,7,0,1,-1,-1,1,0.8333333333333334,0.0,0.0,0.0,0.0,0.3333333333333333,0.3333333333333333,0.1666666666666666,0.0,0.1666666666666666,DIST,High NDC
Suj_156,Respuestas de formulario 12,ABC,Bloque_9,Dist,3,Opción 2,0,2.0,5.0,1,-1,-1,Hombre,4,7,1000,1,-1,-1,-1,0.8333333333333334,0.0,0.0,0.0,0.0,0.3333333333333333,0.3333333333333333,0.1666666666666666,0.0,0.1666666666666666,DIST,High NDC
Suj_156,Respuestas de formulario 12,ALM,Bloque_7,Dist,4,Opción 2,0,2.0,5.0,1,-1,-1,Hombre,4,7,2400,1,-1,-1,-1,0.8333333333333334,0.0,0.0,0.0,0.0,0.3333333333333333,0.3333333333333333,0.1666666666666666,0.0,0.1666666666666666,DIST,High NDC
Suj_156,Respuestas de formulario 12,AEF,Bloque_1,Dist,5,Opción 2,0,2.0,5.0,1,-1,-1,Hombre,4,7,0,1,-1,-1,1,0.8333333333333334,0.0,0.0,0.0,0.0,0.3333333333333333,0.3333333333333333,0.1666666666666666,0.0,0.1666666666666666,DIST,High NDC
Suj_156,Respuestas de formulario 12,AGH,Bloque_5,Dist,6,Opción 2,0,2.0,5.0,1,-1,-1,Hombre,4,7,2000,1,-1,-1,-1,0.8333333333333334,0.0,0.0,0.0,0.0,0.3333333333333333,0.3333333333333333,0.1666666666666666,0.0,0.1666666666666666,DIST,High NDC
Suj_156,Respuestas de formulario 12,AQS,Bloque_11,Bloque_CON,1,Opción 2,0,2.0,5.0,1,-1,-1,Hombre,4,7,1200,1,-1,-1,-1,0.8333333333333334,0.0,0.0,0.0,0.0,0.3333333333333333,0.3333333333333333,0.1666666666666666,0.0,0.1666666666666666,CON,High NDC
Suj_156,Respuestas de formulario 12,AJK,Bloque_3,Bloque_CON,2,Opción 1,1,2.0,5.0,1,-1,-1,Hombre,4,7,0,1,-1,-1,1,0.8333333333333334,0.0,0.0,0.0,0.0,0.3333333333333333,0.3333333333333333,0.1666666666666666,0.0,0.1666666666666666,CON,High NDC
Suj_156,Respuestas de formulario 12,ABC,Bloque_9,Bloque_CON,3,Opción 2,0,2.0,5.0,1,-1,-1,Hombre,4,7,1000,1,-1,-1,-1,0.8333333333333334,0.0,0.0,0.0,0.0,0.3333333333333333,0.3333333333333333,0.1666666666666666,0.0,0.1666666666666666,CON,High NDC
Suj_156,Respuestas de formulario 12,ALM,Bloque_7,Bloque_CON,4,Opción 2,0,2.0,5.0,1,-1,-1,Hombre,4,7,2400,1,-1,-1,-1,0.8333333333333334,0.0,0.0,0.0,0.0,0.3333333333333333,0.3333333333333333,0.1666666666666666,0.0,0.1666666666666666,CON,High NDC
Suj_156,Respuestas de formulario 12,AEF,Bloque_1,Bloque_CON,5,Opción 1,1,2.0,5.0,1,-1,-1,Hombre,4,7,0,1,-1,-1,1,0.8333333333333334,0.0,0.0,0.0,0.0,0.3333333333333333,0.3333333333333333,0.1666666666666666,0.0,0.1666666666666666,CON,High NDC
Suj_156,Respuestas de formulario 12,AGH,Bloque_5,Bloque_CON,6,Opción 2,0,2.0,5.0,1,-1,-1,Hombre,4,7,2000,1,-1,-1,-1,0.8333333333333334,0.0,0.0,0.0,0.0,0.3333333333333333,0.3333333333333333,0.1666666666666666,0.0,0.1666666666666666,CON,High NDC
Suj_156,Respuestas de formulario 12,AQS,Bloque_11,Bloque_SIN,1,Opción 2,0,2.0,5.0,1,-1,-1,Hombre,4,7,1200,1,-1,-1,-1,0.8333333333333334,0.0,0.0,0.0,0.0,0.3333333333333333,0.3333333333333333,0.1666666666666666,0.0,0.1666666666666666,SIN,High NDC
Suj_156,Respuestas de formulario 12,AJK,Bloque_3,Bloque_SIN,2,Opción 1,1,2.0,5.0,1,-1,-1,Hombre,4,7,0,1,-1,-1,1,0.8333333333333334,0.0,0.0,0.0,0.0,0.3333333333333333,0.3333333333333333,0.1666666666666666,0.0,0.1666666666666666,SIN,High NDC
Suj_156,Respuestas de formulario 12,ABC,Bloque_9,Bloque_SIN,3,Opción 2,0,2.0,5.0,1,-1,-1,Hombre,4,7,1000,1,-1,-1,-1,0.8333333333333334,0.0,0.0,0.0,0.0,0.3333333333333333,0.3333333333333333,0.1666666666666666,0.0,0.1666666666666666,SIN,High NDC
Suj_156,Respuestas de formulario 12,ALM,Bloque_7,Bloque_SIN,4,Opción 2,0,2.0,5.0,1,-1,-1,Hombre,4,7,2400,1,-1,-1,-1,0.8333333333333334,0.0,0.0,0.0,0.0,0.3333333333333333,0.3333333333333333,0.1666666666666666,0.0,0.1666666666666666,SIN,High NDC
Suj_156,Respuestas de formulario 12,AEF,Bloque_1,Bloque_SIN,5,Opción 1,1,2.0,5.0,1,-1,-1,Hombre,4,7,0,1,-1,-1,1,0.8333333333333334,0.0,0.0,0.0,0.0,0.3333333333333333,0.3333333333333333,0.1666666666666666,0.0,0.1666666666666666,SIN,High NDC
Suj_156,Respuestas de formulario 12,AGH,Bloque_5,Bloque_SIN,6,Opción 2,0,2.0,5.0,1,-1,-1,Hombre,4,7,2000,1,-1,-1,-1,0.8333333333333334,0.0,0.0,0.0,0.0,0.3333333333333333,0.3333333333333333,0.1666666666666666,0.0,0.1666666666666666,SIN,High NDC
Suj_158,Respuestas de formulario 12,AQS,Bloque_11,Dist,1,Opción 1,1,1.6,5.5,1,0,1,Mujer,3,6,1200,1,0,1,1,1.0,1.0,1.0,1.0,0.6666666666666666,1.0,1.0,0.8333333333333334,0.0,0.1666666666666666,DIST,High NDC
Suj_158,Respuestas de formulario 12,AJK,Bloque_3,Dist,2,Opción 1,1,1.6,5.5,1,0,1,Mujer,3,6,0,1,0,1,1,1.0,1.0,1.0,1.0,0.6666666666666666,1.0,1.0,0.8333333333333334,0.0,0.1666666666666666,DIST,High NDC
Suj_158,Respuestas de formulario 12,ABC,Bloque_9,Dist,3,Opción 1,1,1.6,5.5,1,0,1,Mujer,3,6,1000,1,0,1,1,1.0,1.0,1.0,1.0,0.6666666666666666,1.0,1.0,0.8333333333333334,0.0,0.1666666666666666,DIST,High NDC
Suj_158,Respuestas de formulario 12,ALM,Bloque_7,Dist,4,Opción 2,0,1.6,5.5,1,0,1,Mujer,3,6,2400,1,0,1,0,1.0,1.0,1.0,1.0,0.6666666666666666,1.0,1.0,0.8333333333333334,0.0,0.1666666666666666,DIST,High NDC
Suj_158,Respuestas de formulario 12,AEF,Bloque_1,Dist,5,Opción 1,1,1.6,5.5,1,0,1,Mujer,3,6,0,1,0,1,1,1.0,1.0,1.0,1.0,0.6666666666666666,1.0,1.0,0.8333333333333334,0.0,0.1666666666666666,DIST,High NDC
Suj_158,Respuestas de formulario 12,AGH,Bloque_5,Dist,6,Opción 1,1,1.6,5.5,1,0,1,Mujer,3,6,2000,1,0,1,0,1.0,1.0,1.0,1.0,0.6666666666666666,1.0,1.0,0.8333333333333334,0.0,0.1666666666666666,DIST,High NDC
Suj_158,Respuestas de formulario 12,AQS,Bloque_11,Bloque_CON,1,Opción 1,1,1.6,5.5,1,0,1,Mujer,3,6,1200,1,0,1,1,1.0,1.0,1.0,1.0,0.6666666666666666,1.0,1.0,0.8333333333333334,0.0,0.1666666666666666,CON,High NDC
Suj_158,Respuestas de formulario 12,AJK,Bloque_3,Bloque_CON,2,Opción 1,1,1.6,5.5,1,0,1,Mujer,3,6,0,1,0,1,1,1.0,1.0,1.0,1.0,0.6666666666666666,1.0,1.0,0.8333333333333334,0.0,0.1666666666666666,CON,High NDC
Suj_158,Respuestas de formulario 12,ABC,Bloque_9,Bloque_CON,3,Opción 1,1,1.6,5.5,1,0,1,Mujer,3,6,1000,1,0,1,1,1.0,1.0,1.0,1.0,0.6666666666666666,1.0,1.0,0.8333333333333334,0.0,0.1666666666666666,CON,High NDC
Suj_158,Respuestas de formulario 12,ALM,Bloque_7,Bloque_CON,4,Opción 1,1,1.6,5.5,1,0,1,Mujer,3,6,2400,1,0,1,0,1.0,1.0,1.0,1.0,0.6666666666666666,1.0,1.0,0.8333333333333334,0.0,0.1666666666666666,CON,High NDC
Suj_158,Respuestas de formulario 12,AEF,Bloque_1,Bloque_CON,5,Opción 1,1,1.6,5.5,1,0,1,Mujer,3,6,0,1,0,1,1,1.0,1.0,1.0,1.0,0.6666666666666666,1.0,1.0,0.8333333333333334,0.0,0.1666666666666666,CON,High NDC
Suj_158,Respuestas de formulario 12,AGH,Bloque_5,Bloque_CON,6,Opción 1,1,1.6,5.5,1,0,1,Mujer,3,6,2000,1,0,1,0,1.0,1.0,1.0,1.0,0.6666666666666666,1.0,1.0,0.8333333333333334,0.0,0.1666666666666666,CON,High NDC
Suj_158,Respuestas de formulario 12,AQS,Bloque_11,Bloque_SIN,1,Opción 1,1,1.6,5.5,1,0,1,Mujer,3,6,1200,1,0,1,1,1.0,1.0,1.0,1.0,0.6666666666666666,1.0,1.0,0.8333333333333334,0.0,0.1666666666666666,SIN,High NDC
Suj_158,Respuestas de formulario 12,AJK,Bloque_3,Bloque_SIN,2,Opción 1,1,1.6,5.5,1,0,1,Mujer,3,6,0,1,0,1,1,1.0,1.0,1.0,1.0,0.6666666666666666,1.0,1.0,0.8333333333333334,0.0,0.1666666666666666,SIN,High NDC
Suj_158,Respuestas de formulario 12,ABC,Bloque_9,Bloque_SIN,3,Opción 1,1,1.6,5.5,1,0,1,Mujer,3,6,1000,1,0,1,1,1.0,1.0,1.0,1.0,0.6666666666666666,1.0,1.0,0.8333333333333334,0.0,0.1666666666666666,SIN,High NDC
Suj_158,Respuestas de formulario 12,ALM,Bloque_7,Bloque_SIN,4,Opción 1,1,1.6,5.5,1,0,1,Mujer,3,6,2400,1,0,1,0,1.0,1.0,1.0,1.0,0.6666666666666666,1.0,1.0,0.8333333333333334,0.0,0.1666666666666666,SIN,High NDC
Suj_158,Respuestas de formulario 12,AEF,Bloque_1,Bloque_SIN,5,Opción 1,1,1.6,5.5,1,0,1,Mujer,3,6,0,1,0,1,1,1.0,1.0,1.0,1.0,0.6666666666666666,1.0,1.0,0.8333333333333334,0.0,0.1666666666666666,SIN,High NDC
Suj_158,Respuestas de formulario 12,AGH,Bloque_5,Bloque_SIN,6,Opción 1,1,1.6,5.5,1,0,1,Mujer,3,6,2000,1,0,1,0,1.0,1.0,1.0,1.0,0.6666666666666666,1.0,1.0,0.8333333333333334,0.0,0.1666666666666666,SIN,High NDC
Suj_160,Respuestas de formulario 12,AQS,Bloque_11,Dist,1,Opción 2,0,1.5,4.833333333333333,-1,-1,-1,Hombre,3,6,1200,-1,-1,-1,-1,0.1666666666666666,0.0,0.0,0.0,0.0,0.0,0.0,0.1666666666666666,0.0,-0.1666666666666666,DIST,High NDC
Suj_160,Respuestas de formulario 12,AJK,Bloque_3,Dist,2,Opción 2,0,1.5,4.833333333333333,-1,-1,-1,Hombre,3,6,0,-1,-1,-1,-1,0.1666666666666666,0.0,0.0,0.0,0.0,0.0,0.0,0.1666666666666666,0.0,-0.1666666666666666,DIST,High NDC
Suj_160,Respuestas de formulario 12,ABC,Bloque_9,Dist,3,Opción 2,0,1.5,4.833333333333333,-1,-1,-1,Hombre,3,6,1000,-1,-1,-1,-1,0.1666666666666666,0.0,0.0,0.0,0.0,0.0,0.0,0.1666666666666666,0.0,-0.1666666666666666,DIST,High NDC
Suj_160,Respuestas de formulario 12,ALM,Bloque_7,Dist,4,Opción 2,0,1.5,4.833333333333333,-1,-1,-1,Hombre,3,6,2400,-1,-1,-1,-1,0.1666666666666666,0.0,0.0,0.0,0.0,0.0,0.0,0.1666666666666666,0.0,-0.1666666666666666,DIST,High NDC
Suj_160,Respuestas de formulario 12,AEF,Bloque_1,Dist,5,Opción 1,1,1.5,4.833333333333333,-1,-1,-1,Hombre,3,6,0,-1,-1,-1,-1,0.1666666666666666,0.0,0.0,0.0,0.0,0.0,0.0,0.1666666666666666,0.0,-0.1666666666666666,DIST,High NDC
Suj_160,Respuestas de formulario 12,AGH,Bloque_5,Dist,6,Opción 2,0,1.5,4.833333333333333,-1,-1,-1,Hombre,3,6,2000,-1,-1,-1,-1,0.1666666666666666,0.0,0.0,0.0,0.0,0.0,0.0,0.1666666666666666,0.0,-0.1666666666666666,DIST,High NDC
Suj_160,Respuestas de formulario 12,AQS,Bloque_11,Bloque_CON,1,Opción 2,0,1.5,4.833333333333333,-1,-1,-1,Hombre,3,6,1200,-1,-1,-1,-1,0.1666666666666666,0.0,0.0,0.0,0.0,0.0,0.0,0.1666666666666666,0.0,-0.1666666666666666,CON,High NDC
Suj_160,Respuestas de formulario 12,AJK,Bloque_3,Bloque_CON,2,Opción 2,0,1.5,4.833333333333333,-1,-1,-1,Hombre,3,6,0,-1,-1,-1,-1,0.1666666666666666,0.0,0.0,0.0,0.0,0.0,0.0,0.1666666666666666,0.0,-0.1666666666666666,CON,High NDC
Suj_160,Respuestas de formulario 12,ABC,Bloque_9,Bloque_CON,3,Opción 2,0,1.5,4.833333333333333,-1,-1,-1,Hombre,3,6,1000,-1,-1,-1,-1,0.1666666666666666,0.0,0.0,0.0,0.0,0.0,0.0,0.1666666666666666,0.0,-0.1666666666666666,CON,High NDC
Suj_160,Respuestas de formulario 12,ALM,Bloque_7,Bloque_CON,4,Opción 2,0,1.5,4.833333333333333,-1,-1,-1,Hombre,3,6,2400,-1,-1,-1,-1,0.1666666666666666,0.0,0.0,0.0,0.0,0.0,0.0,0.1666666666666666,0.0,-0.1666666666666666,CON,High NDC
Suj_160,Respuestas de formulario 12,AEF,Bloque_1,Bloque_CON,5,Opción 2,0,1.5,4.833333333333333,-1,-1,-1,Hombre,3,6,0,-1,-1,-1,-1,0.1666666666666666,0.0,0.0,0.0,0.0,0.0,0.0,0.1666666666666666,0.0,-0.1666666666666666,CON,High NDC
Suj_160,Respuestas de formulario 12,AGH,Bloque_5,Bloque_CON,6,Opción 2,0,1.5,4.833333333333333,-1,-1,-1,Hombre,3,6,2000,-1,-1,-1,-1,0.1666666666666666,0.0,0.0,0.0,0.0,0.0,0.0,0.1666666666666666,0.0,-0.1666666666666666,CON,High NDC
Suj_160,Respuestas de formulario 12,AQS,Bloque_11,Bloque_SIN,1,Opción 2,0,1.5,4.833333333333333,-1,-1,-1,Hombre,3,6,1200,-1,-1,-1,-1,0.1666666666666666,0.0,0.0,0.0,0.0,0.0,0.0,0.1666666666666666,0.0,-0.1666666666666666,SIN,High NDC
Suj_160,Respuestas de formulario 12,AJK,Bloque_3,Bloque_SIN,2,Opción 2,0,1.5,4.833333333333333,-1,-1,-1,Hombre,3,6,0,-1,-1,-1,-1,0.1666666666666666,0.0,0.0,0.0,0.0,0.0,0.0,0.1666666666666666,0.0,-0.1666666666666666,SIN,High NDC
Suj_160,Respuestas de formulario 12,ABC,Bloque_9,Bloque_SIN,3,Opción 2,0,1.5,4.833333333333333,-1,-1,-1,Hombre,3,6,1000,-1,-1,-1,-1,0.1666666666666666,0.0,0.0,0.0,0.0,0.0,0.0,0.1666666666666666,0.0,-0.1666666666666666,SIN,High NDC
Suj_160,Respuestas de formulario 12,ALM,Bloque_7,Bloque_SIN,4,Opción 2,0,1.5,4.833333333333333,-1,-1,-1,Hombre,3,6,2400,-1,-1,-1,-1,0.1666666666666666,0.0,0.0,0.0,0.0,0.0,0.0,0.1666666666666666,0.0,-0.1666666666666666,SIN,High NDC
Suj_160,Respuestas de formulario 12,AEF,Bloque_1,Bloque_SIN,5,Opción 2,0,1.5,4.833333333333333,-1,-1,-1,Hombre,3,6,0,-1,-1,-1,-1,0.1666666666666666,0.0,0.0,0.0,0.0,0.0,0.0,0.1666666666666666,0.0,-0.1666666666666666,SIN,High NDC
Suj_160,Respuestas de formulario 12,AGH,Bloque_5,Bloque_SIN,6,Opción 2,0,1.5,4.833333333333333,-1,-1,-1,Hombre,3,6,2000,-1,-1,-1,-1,0.1666666666666666,0.0,0.0,0.0,0.0,0.0,0.0,0.1666666666666666,0.0,-0.1666666666666666,SIN,High NDC
Suj_161,Respuestas de formulario 12,AQS,Bloque_11,Dist,1,Opción 2,0,1.6,5.0,0,-1,-1,Mujer,2,3,1200,0,-1,-1,-1,0.5,0.0,0.0,0.0,0.0,0.1666666666666666,0.1666666666666666,0.1666666666666666,0.0,0.0,DIST,High NDC
Suj_161,Respuestas de formulario 12,AJK,Bloque_3,Dist,2,Opción 2,0,1.6,5.0,0,-1,-1,Mujer,2,3,0,0,-1,-1,0,0.5,0.0,0.0,0.0,0.0,0.1666666666666666,0.1666666666666666,0.1666666666666666,0.0,0.0,DIST,High NDC
Suj_161,Respuestas de formulario 12,ABC,Bloque_9,Dist,3,Opción 2,0,1.6,5.0,0,-1,-1,Mujer,2,3,1000,0,-1,-1,-1,0.5,0.0,0.0,0.0,0.0,0.1666666666666666,0.1666666666666666,0.1666666666666666,0.0,0.0,DIST,High NDC
Suj_161,Respuestas de formulario 12,ALM,Bloque_7,Dist,4,Opción 2,0,1.6,5.0,0,-1,-1,Mujer,2,3,2400,0,-1,-1,-1,0.5,0.0,0.0,0.0,0.0,0.1666666666666666,0.1666666666666666,0.1666666666666666,0.0,0.0,DIST,High NDC
Suj_161,Respuestas de formulario 12,AEF,Bloque_1,Dist,5,Opción 1,1,1.6,5.0,0,-1,-1,Mujer,2,3,0,0,-1,-1,0,0.5,0.0,0.0,0.0,0.0,0.1666666666666666,0.1666666666666666,0.1666666666666666,0.0,0.0,DIST,High NDC
Suj_161,Respuestas de formulario 12,AGH,Bloque_5,Dist,6,Opción 2,0,1.6,5.0,0,-1,-1,Mujer,2,3,2000,0,-1,-1,-1,0.5,0.0,0.0,0.0,0.0,0.1666666666666666,0.1666666666666666,0.1666666666666666,0.0,0.0,DIST,High NDC
Suj_161,Respuestas de formulario 12,AQS,Bloque_11,Bloque_CON,1,Opción 2,0,1.6,5.0,0,-1,-1,Mujer,2,3,1200,0,-1,-1,-1,0.5,0.0,0.0,0.0,0.0,0.1666666666666666,0.1666666666666666,0.1666666666666666,0.0,0.0,CON,High NDC
Suj_161,Respuestas de formulario 12,AJK,Bloque_3,Bloque_CON,2,Opción 2,0,1.6,5.0,0,-1,-1,Mujer,2,3,0,0,-1,-1,0,0.5,0.0,0.0,0.0,0.0,0.1666666666666666,0.1666666666666666,0.1666666666666666,0.0,0.0,CON,High NDC
Suj_161,Respuestas de formulario 12,ABC,Bloque_9,Bloque_CON,3,Opción 2,0,1.6,5.0,0,-1,-1,Mujer,2,3,1000,0,-1,-1,-1,0.5,0.0,0.0,0.0,0.0,0.1666666666666666,0.1666666666666666,0.1666666666666666,0.0,0.0,CON,High NDC
Suj_161,Respuestas de formulario 12,ALM,Bloque_7,Bloque_CON,4,Opción 2,0,1.6,5.0,0,-1,-1,Mujer,2,3,2400,0,-1,-1,-1,0.5,0.0,0.0,0.0,0.0,0.1666666666666666,0.1666666666666666,0.1666666666666666,0.0,0.0,CON,High NDC
Suj_161,Respuestas de formulario 12,AEF,Bloque_1,Bloque_CON,5,Opción 1,1,1.6,5.0,0,-1,-1,Mujer,2,3,0,0,-1,-1,0,0.5,0.0,0.0,0.0,0.0,0.1666666666666666,0.1666666666666666,0.1666666666666666,0.0,0.0,CON,High NDC
Suj_161,Respuestas de formulario 12,AGH,Bloque_5,Bloque_CON,6,Opción 2,0,1.6,5.0,0,-1,-1,Mujer,2,3,2000,0,-1,-1,-1,0.5,0.0,0.0,0.0,0.0,0.1666666666666666,0.1666666666666666,0.1666666666666666,0.0,0.0,CON,High NDC
Suj_161,Respuestas de formulario 12,AQS,Bloque_11,Bloque_SIN,1,Opción 2,0,1.6,5.0,0,-1,-1,Mujer,2,3,1200,0,-1,-1,-1,0.5,0.0,0.0,0.0,0.0,0.1666666666666666,0.1666666666666666,0.1666666666666666,0.0,0.0,SIN,High NDC
Suj_161,Respuestas de formulario 12,AJK,Bloque_3,Bloque_SIN,2,Opción 1,1,1.6,5.0,0,-1,-1,Mujer,2,3,0,0,-1,-1,0,0.5,0.0,0.0,0.0,0.0,0.1666666666666666,0.1666666666666666,0.1666666666666666,0.0,0.0,SIN,High NDC
Suj_161,Respuestas de formulario 12,ABC,Bloque_9,Bloque_SIN,3,Opción 2,0,1.6,5.0,0,-1,-1,Mujer,2,3,1000,0,-1,-1,-1,0.5,0.0,0.0,0.0,0.0,0.1666666666666666,0.1666666666666666,0.1666666666666666,0.0,0.0,SIN,High NDC
Suj_161,Respuestas de formulario 12,ALM,Bloque_7,Bloque_SIN,4,Opción 2,0,1.6,5.0,0,-1,-1,Mujer,2,3,2400,0,-1,-1,-1,0.5,0.0,0.0,0.0,0.0,0.1666666666666666,0.1666666666666666,0.1666666666666666,0.0,0.0,SIN,High NDC
Suj_161,Respuestas de formulario 12,AEF,Bloque_1,Bloque_SIN,5,Opción 2,0,1.6,5.0,0,-1,-1,Mujer,2,3,0,0,-1,-1,0,0.5,0.0,0.0,0.0,0.0,0.1666666666666666,0.1666666666666666,0.1666666666666666,0.0,0.0,SIN,High NDC
Suj_161,Respuestas de formulario 12,AGH,Bloque_5,Bloque_SIN,6,Opción 2,0,1.6,5.0,0,-1,-1,Mujer,2,3,2000,0,-1,-1,-1,0.5,0.0,0.0,0.0,0.0,0.1666666666666666,0.1666666666666666,0.1666666666666666,0.0,0.0,SIN,High NDC
Suj_162,Respuestas de formulario 12,AQS,Bloque_11,Dist,1,Opción 2,0,1.4,5.666666666666667,0,-1,-1,Mujer,4,10,1200,0,-1,-1,-1,0.5,1.0,0.6666666666666666,0.6666666666666666,0.3333333333333333,0.8333333333333334,0.6666666666666666,0.3333333333333333,0.1666666666666667,0.3333333333333333,DIST,High NDC
Suj_162,Respuestas de formulario 12,AJK,Bloque_3,Dist,2,Opción 2,0,1.4,5.666666666666667,0,-1,-1,Mujer,4,10,0,0,-1,-1,0,0.5,1.0,0.6666666666666666,0.6666666666666666,0.3333333333333333,0.8333333333333334,0.6666666666666666,0.3333333333333333,0.1666666666666667,0.3333333333333333,DIST,High NDC
Suj_162,Respuestas de formulario 12,ABC,Bloque_9,Dist,3,Opción 1,1,1.4,5.666666666666667,0,-1,-1,Mujer,4,10,1000,0,-1,-1,-1,0.5,1.0,0.6666666666666666,0.6666666666666666,0.3333333333333333,0.8333333333333334,0.6666666666666666,0.3333333333333333,0.1666666666666667,0.3333333333333333,DIST,High NDC
Suj_162,Respuestas de formulario 12,ALM,Bloque_7,Dist,4,Opción 2,0,1.4,5.666666666666667,0,-1,-1,Mujer,4,10,2400,0,-1,-1,-1,0.5,1.0,0.6666666666666666,0.6666666666666666,0.3333333333333333,0.8333333333333334,0.6666666666666666,0.3333333333333333,0.1666666666666667,0.3333333333333333,DIST,High NDC
Suj_162,Respuestas de formulario 12,AEF,Bloque_1,Dist,5,Opción 2,0,1.4,5.666666666666667,0,-1,-1,Mujer,4,10,0,0,-1,-1,0,0.5,1.0,0.6666666666666666,0.6666666666666666,0.3333333333333333,0.8333333333333334,0.6666666666666666,0.3333333333333333,0.1666666666666667,0.3333333333333333,DIST,High NDC
Suj_162,Respuestas de formulario 12,AGH,Bloque_5,Dist,6,Opción 1,1,1.4,5.666666666666667,0,-1,-1,Mujer,4,10,2000,0,-1,-1,-1,0.5,1.0,0.6666666666666666,0.6666666666666666,0.3333333333333333,0.8333333333333334,0.6666666666666666,0.3333333333333333,0.1666666666666667,0.3333333333333333,DIST,High NDC
Suj_162,Respuestas de formulario 12,AQS,Bloque_11,Bloque_CON,1,Opción 1,1,1.4,5.666666666666667,0,-1,-1,Mujer,4,10,1200,0,-1,-1,-1,0.5,1.0,0.6666666666666666,0.6666666666666666,0.3333333333333333,0.8333333333333334,0.6666666666666666,0.3333333333333333,0.1666666666666667,0.3333333333333333,CON,High NDC
Suj_162,Respuestas de formulario 12,AJK,Bloque_3,Bloque_CON,2,Opción 1,1,1.4,5.666666666666667,0,-1,-1,Mujer,4,10,0,0,-1,-1,0,0.5,1.0,0.6666666666666666,0.6666666666666666,0.3333333333333333,0.8333333333333334,0.6666666666666666,0.3333333333333333,0.1666666666666667,0.3333333333333333,CON,High NDC
Suj_162,Respuestas de formulario 12,ABC,Bloque_9,Bloque_CON,3,Opción 1,1,1.4,5.666666666666667,0,-1,-1,Mujer,4,10,1000,0,-1,-1,-1,0.5,1.0,0.6666666666666666,0.6666666666666666,0.3333333333333333,0.8333333333333334,0.6666666666666666,0.3333333333333333,0.1666666666666667,0.3333333333333333,CON,High NDC
Suj_162,Respuestas de formulario 12,ALM,Bloque_7,Bloque_CON,4,Opción 2,0,1.4,5.666666666666667,0,-1,-1,Mujer,4,10,2400,0,-1,-1,-1,0.5,1.0,0.6666666666666666,0.6666666666666666,0.3333333333333333,0.8333333333333334,0.6666666666666666,0.3333333333333333,0.1666666666666667,0.3333333333333333,CON,High NDC
Suj_162,Respuestas de formulario 12,AEF,Bloque_1,Bloque_CON,5,Opción 1,1,1.4,5.666666666666667,0,-1,-1,Mujer,4,10,0,0,-1,-1,0,0.5,1.0,0.6666666666666666,0.6666666666666666,0.3333333333333333,0.8333333333333334,0.6666666666666666,0.3333333333333333,0.1666666666666667,0.3333333333333333,CON,High NDC
Suj_162,Respuestas de formulario 12,AGH,Bloque_5,Bloque_CON,6,Opción 1,1,1.4,5.666666666666667,0,-1,-1,Mujer,4,10,2000,0,-1,-1,-1,0.5,1.0,0.6666666666666666,0.6666666666666666,0.3333333333333333,0.8333333333333334,0.6666666666666666,0.3333333333333333,0.1666666666666667,0.3333333333333333,CON,High NDC
Suj_162,Respuestas de formulario 12,AQS,Bloque_11,Bloque_SIN,1,Opción 1,1,1.4,5.666666666666667,0,-1,-1,Mujer,4,10,1200,0,-1,-1,-1,0.5,1.0,0.6666666666666666,0.6666666666666666,0.3333333333333333,0.8333333333333334,0.6666666666666666,0.3333333333333333,0.1666666666666667,0.3333333333333333,SIN,High NDC
Suj_162,Respuestas de formulario 12,AJK,Bloque_3,Bloque_SIN,2,Opción 2,0,1.4,5.666666666666667,0,-1,-1,Mujer,4,10,0,0,-1,-1,0,0.5,1.0,0.6666666666666666,0.6666666666666666,0.3333333333333333,0.8333333333333334,0.6666666666666666,0.3333333333333333,0.1666666666666667,0.3333333333333333,SIN,High NDC
Suj_162,Respuestas de formulario 12,ABC,Bloque_9,Bloque_SIN,3,Opción 1,1,1.4,5.666666666666667,0,-1,-1,Mujer,4,10,1000,0,-1,-1,-1,0.5,1.0,0.6666666666666666,0.6666666666666666,0.3333333333333333,0.8333333333333334,0.6666666666666666,0.3333333333333333,0.1666666666666667,0.3333333333333333,SIN,High NDC
Suj_162,Respuestas de formulario 12,ALM,Bloque_7,Bloque_SIN,4,Opción 1,1,1.4,5.666666666666667,0,-1,-1,Mujer,4,10,2400,0,-1,-1,-1,0.5,1.0,0.6666666666666666,0.6666666666666666,0.3333333333333333,0.8333333333333334,0.6666666666666666,0.3333333333333333,0.1666666666666667,0.3333333333333333,SIN,High NDC
Suj_162,Respuestas de formulario 12,AEF,Bloque_1,Bloque_SIN,5,Opción 1,1,1.4,5.666666666666667,0,-1,-1,Mujer,4,10,0,0,-1,-1,0,0.5,1.0,0.6666666666666666,0.6666666666666666,0.3333333333333333,0.8333333333333334,0.6666666666666666,0.3333333333333333,0.1666666666666667,0.3333333333333333,SIN,High NDC
Suj_162,Respuestas de formulario 12,AGH,Bloque_5,Bloque_SIN,6,Opción 2,0,1.4,5.666666666666667,0,-1,-1,Mujer,4,10,2000,0,-1,-1,-1,0.5,1.0,0.6666666666666666,0.6666666666666666,0.3333333333333333,0.8333333333333334,0.6666666666666666,0.3333333333333333,0.1666666666666667,0.3333333333333333,SIN,High NDC
