ID_Sujeto,Origen_Form,Identidad,Dilema,Orden_1,Bloque,Orden_2,Respuesta,Mantiene,SDO_Score,NDC_Score,expectativa_sin,expectativa_grande,expectativa_pequeña,Genero,politica,nivel_se,Gap_Size,expectativa_sin_num,expectativa_grande_num,expectativa_pequeña_num,Expectativa_Activa,Promedio_Gap_0.0,Promedio_Gap_1000.0,Promedio_Gap_1200.0,Promedio_Gap_2000.0,Promedio_Gap_2400.0,Promedio_CON,Promedio_SIN,Promedio_DIST,Delta_Mantiene,Delta_base
Suj_001,Respuestas de formulario 1,ABC,Bloque_CON,1,Bloque_1,1,Opción 2,0,2.1,3.5,0,-1,-1,Hombre,3,4,0.0,0,-1,-1,0.0,0.6666666666666666,0.6666666666666666,0.6666666666666666,0.3333333333333333,0.0,0.16666666666666666,0.6666666666666666,0.6666666666666666,-0.5,0.0
Suj_001,Respuestas de formulario 1,AEF,Bloque_CON,1,Bloque_5,2,Opción 2,0,2.1,3.5,0,-1,-1,Hombre,3,4,2000.0,0,-1,-1,-1.0,0.6666666666666666,0.6666666666666666,0.6666666666666666,0.3333333333333333,0.0,0.16666666666666666,0.6666666666666666,0.6666666666666666,-0.5,0.0
Suj_001,Respuestas de formulario 1,AJK,Bloque_CON,1,Bloque_7,3,Opción 2,0,2.1,3.5,0,-1,-1,Hombre,3,4,2400.0,0,-1,-1,-1.0,0.6666666666666666,0.6666666666666666,0.6666666666666666,0.3333333333333333,0.0,0.16666666666666666,0.6666666666666666,0.6666666666666666,-0.5,0.0
Suj_001,Respuestas de formulario 1,AGH,Bloque_CON,1,Bloque_3,4,Opción 2,0,2.1,3.5,0,-1,-1,Hombre,3,4,0.0,0,-1,-1,0.0,0.6666666666666666,0.6666666666666666,0.6666666666666666,0.3333333333333333,0.0,0.16666666666666666,0.6666666666666666,0.6666666666666666,-0.5,0.0
Suj_001,Respuestas de formulario 1,ALM,Bloque_CON,1,Bloque_9,5,Opción 1,1,2.1,3.5,0,-1,-1,Hombre,3,4,1000.0,0,-1,-1,-1.0,0.6666666666666666,0.6666666666666666,0.6666666666666666,0.3333333333333333,0.0,0.16666666666666666,0.6666666666666666,0.6666666666666666,-0.5,0.0
Suj_001,Respuestas de formulario 1,AQS,Bloque_CON,1,Bloque_11,6,Opción 2,0,2.1,3.5,0,-1,-1,Hombre,3,4,1200.0,0,-1,-1,-1.0,0.6666666666666666,0.6666666666666666,0.6666666666666666,0.3333333333333333,0.0,0.16666666666666666,0.6666666666666666,0.6666666666666666,-0.5,0.0
Suj_001,Respuestas de formulario 1,ABC,Dist,2,Bloque_1,1,Opción 1,1,2.1,3.5,0,-1,-1,Hombre,3,4,0.0,0,-1,-1,0.0,0.6666666666666666,0.6666666666666666,0.6666666666666666,0.3333333333333333,0.0,0.16666666666666666,0.6666666666666666,0.6666666666666666,-0.5,0.0
Suj_001,Respuestas de formulario 1,AEF,Dist,2,Bloque_5,2,Opción 2,0,2.1,3.5,0,-1,-1,Hombre,3,4,2000.0,0,-1,-1,-1.0,0.6666666666666666,0.6666666666666666,0.6666666666666666,0.3333333333333333,0.0,0.16666666666666666,0.6666666666666666,0.6666666666666666,-0.5,0.0
Suj_001,Respuestas de formulario 1,AJK,Dist,2,Bloque_7,3,Opción 2,0,2.1,3.5,0,-1,-1,Hombre,3,4,2400.0,0,-1,-1,-1.0,0.6666666666666666,0.6666666666666666,0.6666666666666666,0.3333333333333333,0.0,0.16666666666666666,0.6666666666666666,0.6666666666666666,-0.5,0.0
Suj_001,Respuestas de formulario 1,AGH,Dist,2,Bloque_3,4,Opción 1,1,2.1,3.5,0,-1,-1,Hombre,3,4,0.0,0,-1,-1,0.0,0.6666666666666666,0.6666666666666666,0.6666666666666666,0.3333333333333333,0.0,0.16666666666666666,0.6666666666666666,0.6666666666666666,-0.5,0.0
Suj_001,Respuestas de formulario 1,ALM,Dist,2,Bloque_9,5,Opción 1,1,2.1,3.5,0,-1,-1,Hombre,3,4,1000.0,0,-1,-1,-1.0,0.6666666666666666,0.6666666666666666,0.6666666666666666,0.3333333333333333,0.0,0.16666666666666666,0.6666666666666666,0.6666666666666666,-0.5,0.0
Suj_001,Respuestas de formulario 1,AQS,Dist,2,Bloque_11,6,Opción 1,1,2.1,3.5,0,-1,-1,Hombre,3,4,1200.0,0,-1,-1,-1.0,0.6666666666666666,0.6666666666666666,0.6666666666666666,0.3333333333333333,0.0,0.16666666666666666,0.6666666666666666,0.6666666666666666,-0.5,0.0
Suj_001,Respuestas de formulario 1,ABC,Bloque_SIN,3,Bloque_1,1,Opción 1,1,2.1,3.5,0,-1,-1,Hombre,3,4,0.0,0,-1,-1,0.0,0.6666666666666666,0.6666666666666666,0.6666666666666666,0.3333333333333333,0.0,0.16666666666666666,0.6666666666666666,0.6666666666666666,-0.5,0.0
Suj_001,Respuestas de formulario 1,AEF,Bloque_SIN,3,Bloque_5,2,Opción 1,1,2.1,3.5,0,-1,-1,Hombre,3,4,2000.0,0,-1,-1,-1.0,0.6666666666666666,0.6666666666666666,0.6666666666666666,0.3333333333333333,0.0,0.16666666666666666,0.6666666666666666,0.6666666666666666,-0.5,0.0
Suj_001,Respuestas de formulario 1,AJK,Bloque_SIN,3,Bloque_7,3,Opción 2,0,2.1,3.5,0,-1,-1,Hombre,3,4,2400.0,0,-1,-1,-1.0,0.6666666666666666,0.6666666666666666,0.6666666666666666,0.3333333333333333,0.0,0.16666666666666666,0.6666666666666666,0.6666666666666666,-0.5,0.0
Suj_001,Respuestas de formulario 1,AGH,Bloque_SIN,3,Bloque_3,4,Opción 1,1,2.1,3.5,0,-1,-1,Hombre,3,4,0.0,0,-1,-1,0.0,0.6666666666666666,0.6666666666666666,0.6666666666666666,0.3333333333333333,0.0,0.16666666666666666,0.6666666666666666,0.6666666666666666,-0.5,0.0
Suj_001,Respuestas de formulario 1,ALM,Bloque_SIN,3,Bloque_9,5,Opción 2,0,2.1,3.5,0,-1,-1,Hombre,3,4,1000.0,0,-1,-1,-1.0,0.6666666666666666,0.6666666666666666,0.6666666666666666,0.3333333333333333,0.0,0.16666666666666666,0.6666666666666666,0.6666666666666666,-0.5,0.0
Suj_001,Respuestas de formulario 1,AQS,Bloque_SIN,3,Bloque_11,6,Opción 1,1,2.1,3.5,0,-1,-1,Hombre,3,4,1200.0,0,-1,-1,-1.0,0.6666666666666666,0.6666666666666666,0.6666666666666666,0.3333333333333333,0.0,0.16666666666666666,0.6666666666666666,0.6666666666666666,-0.5,0.0
Suj_002,Respuestas de formulario 1,ABC,Dist,2,Bloque_1,1,Opción 1,1,3.1,3.8333333333333335,1,-1,1,Mujer,3,7,0.0,1,-1,1,1.0,0.6666666666666666,0.0,0.6666666666666666,0.6666666666666666,0.3333333333333333,0.3333333333333333,0.6666666666666666,0.5,-0.3333333333333333,0.16666666666666663
Suj_002,Respuestas de formulario 1,AEF,Dist,2,Bloque_5,2,Opción 2,0,3.1,3.8333333333333335,1,-1,1,Mujer,3,7,2000.0,1,-1,1,-1.0,0.6666666666666666,0.0,0.6666666666666666,0.6666666666666666,0.3333333333333333,0.3333333333333333,0.6666666666666666,0.5,-0.3333333333333333,0.16666666666666663
Suj_002,Respuestas de formulario 1,AJK,Dist,2,Bloque_7,3,Opción 1,1,3.1,3.8333333333333335,1,-1,1,Mujer,3,7,2400.0,1,-1,1,-1.0,0.6666666666666666,0.0,0.6666666666666666,0.6666666666666666,0.3333333333333333,0.3333333333333333,0.6666666666666666,0.5,-0.3333333333333333,0.16666666666666663
Suj_002,Respuestas de formulario 1,AGH,Dist,2,Bloque_3,4,Opción 2,0,3.1,3.8333333333333335,1,-1,1,Mujer,3,7,0.0,1,-1,1,1.0,0.6666666666666666,0.0,0.6666666666666666,0.6666666666666666,0.3333333333333333,0.3333333333333333,0.6666666666666666,0.5,-0.3333333333333333,0.16666666666666663
Suj_002,Respuestas de formulario 1,ALM,Dist,2,Bloque_9,5,Opción 2,0,3.1,3.8333333333333335,1,-1,1,Mujer,3,7,1000.0,1,-1,1,1.0,0.6666666666666666,0.0,0.6666666666666666,0.6666666666666666,0.3333333333333333,0.3333333333333333,0.6666666666666666,0.5,-0.3333333333333333,0.16666666666666663
Suj_002,Respuestas de formulario 1,AQS,Dist,2,Bloque_11,6,Opción 1,1,3.1,3.8333333333333335,1,-1,1,Mujer,3,7,1200.0,1,-1,1,1.0,0.6666666666666666,0.0,0.6666666666666666,0.6666666666666666,0.3333333333333333,0.3333333333333333,0.6666666666666666,0.5,-0.3333333333333333,0.16666666666666663
Suj_003,Respuestas de formulario 1,ABC,Bloque_CON,1,Bloque_1,1,Opción 1,1,1.5,3.8333333333333335,-1,-1,-1,Mujer,1,5,0.0,-1,-1,-1,-1.0,0.6666666666666666,0.0,0.0,0.0,0.0,0.3333333333333333,0.16666666666666666,0.16666666666666666,0.16666666666666666,0.0
Suj_003,Respuestas de formulario 1,AEF,Bloque_CON,1,Bloque_5,2,Opción 2,0,1.5,3.8333333333333335,-1,-1,-1,Mujer,1,5,2000.0,-1,-1,-1,-1.0,0.6666666666666666,0.0,0.0,0.0,0.0,0.3333333333333333,0.16666666666666666,0.16666666666666666,0.16666666666666666,0.0
Suj_003,Respuestas de formulario 1,AJK,Bloque_CON,1,Bloque_7,3,Opción 2,0,1.5,3.8333333333333335,-1,-1,-1,Mujer,1,5,2400.0,-1,-1,-1,-1.0,0.6666666666666666,0.0,0.0,0.0,0.0,0.3333333333333333,0.16666666666666666,0.16666666666666666,0.16666666666666666,0.0
Suj_003,Respuestas de formulario 1,AGH,Bloque_CON,1,Bloque_3,4,Opción 1,1,1.5,3.8333333333333335,-1,-1,-1,Mujer,1,5,0.0,-1,-1,-1,-1.0,0.6666666666666666,0.0,0.0,0.0,0.0,0.3333333333333333,0.16666666666666666,0.16666666666666666,0.16666666666666666,0.0
Suj_003,Respuestas de formulario 1,ALM,Bloque_CON,1,Bloque_9,5,Opción 2,0,1.5,3.8333333333333335,-1,-1,-1,Mujer,1,5,1000.0,-1,-1,-1,-1.0,0.6666666666666666,0.0,0.0,0.0,0.0,0.3333333333333333,0.16666666666666666,0.16666666666666666,0.16666666666666666,0.0
Suj_003,Respuestas de formulario 1,AQS,Bloque_CON,1,Bloque_11,6,Opción 2,0,1.5,3.8333333333333335,-1,-1,-1,Mujer,1,5,1200.0,-1,-1,-1,-1.0,0.6666666666666666,0.0,0.0,0.0,0.0,0.3333333333333333,0.16666666666666666,0.16666666666666666,0.16666666666666666,0.0
Suj_003,Respuestas de formulario 1,ABC,Dist,2,Bloque_1,1,Opción 1,1,1.5,3.8333333333333335,-1,-1,-1,Mujer,1,5,0.0,-1,-1,-1,-1.0,0.6666666666666666,0.0,0.0,0.0,0.0,0.3333333333333333,0.16666666666666666,0.16666666666666666,0.16666666666666666,0.0
Suj_003,Respuestas de formulario 1,AEF,Dist,2,Bloque_5,2,Opción 2,0,1.5,3.8333333333333335,-1,-1,-1,Mujer,1,5,2000.0,-1,-1,-1,-1.0,0.6666666666666666,0.0,0.0,0.0,0.0,0.3333333333333333,0.16666666666666666,0.16666666666666666,0.16666666666666666,0.0
Suj_003,Respuestas de formulario 1,AJK,Dist,2,Bloque_7,3,Opción 2,0,1.5,3.8333333333333335,-1,-1,-1,Mujer,1,5,2400.0,-1,-1,-1,-1.0,0.6666666666666666,0.0,0.0,0.0,0.0,0.3333333333333333,0.16666666666666666,0.16666666666666666,0.16666666666666666,0.0
Suj_003,Respuestas de formulario 1,AGH,Dist,2,Bloque_3,4,Opción 2,0,1.5,3.8333333333333335,-1,-1,-1,Mujer,1,5,0.0,-1,-1,-1,-1.0,0.6666666666666666,0.0,0.0,0.0,0.0,0.3333333333333333,0.16666666666666666,0.16666666666666666,0.16666666666666666,0.0
Suj_003,Respuestas de formulario 1,ALM,Dist,2,Bloque_9,5,Opción 2,0,1.5,3.8333333333333335,-1,-1,-1,Mujer,1,5,1000.0,-1,-1,-1,-1.0,0.6666666666666666,0.0,0.0,0.0,0.0,0.3333333333333333,0.16666666666666666,0.16666666666666666,0.16666666666666666,0.0
Suj_003,Respuestas de formulario 1,AQS,Dist,2,Bloque_11,6,Opción 2,0,1.5,3.8333333333333335,-1,-1,-1,Mujer,1,5,1200.0,-1,-1,-1,-1.0,0.6666666666666666,0.0,0.0,0.0,0.0,0.3333333333333333,0.16666666666666666,0.16666666666666666,0.16666666666666666,0.0
Suj_003,Respuestas de formulario 1,ABC,Bloque_SIN,3,Bloque_1,1,Opción 2,0,1.5,3.8333333333333335,-1,-1,-1,Mujer,1,5,0.0,-1,-1,-1,-1.0,0.6666666666666666,0.0,0.0,0.0,0.0,0.3333333333333333,0.16666666666666666,0.16666666666666666,0.16666666666666666,0.0
Suj_003,Respuestas de formulario 1,AEF,Bloque_SIN,3,Bloque_5,2,Opción 2,0,1.5,3.8333333333333335,-1,-1,-1,Mujer,1,5,2000.0,-1,-1,-1,-1.0,0.6666666666666666,0.0,0.0,0.0,0.0,0.3333333333333333,0.16666666666666666,0.16666666666666666,0.16666666666666666,0.0
Suj_003,Respuestas de formulario 1,AJK,Bloque_SIN,3,Bloque_7,3,Opción 2,0,1.5,3.8333333333333335,-1,-1,-1,Mujer,1,5,2400.0,-1,-1,-1,-1.0,0.6666666666666666,0.0,0.0,0.0,0.0,0.3333333333333333,0.16666666666666666,0.16666666666666666,0.16666666666666666,0.0
Suj_003,Respuestas de formulario 1,AGH,Bloque_SIN,3,Bloque_3,4,Opción 1,1,1.5,3.8333333333333335,-1,-1,-1,Mujer,1,5,0.0,-1,-1,-1,-1.0,0.6666666666666666,0.0,0.0,0.0,0.0,0.3333333333333333,0.16666666666666666,0.16666666666666666,0.16666666666666666,0.0
Suj_003,Respuestas de formulario 1,ALM,Bloque_SIN,3,Bloque_9,5,Opción 2,0,1.5,3.8333333333333335,-1,-1,-1,Mujer,1,5,1000.0,-1,-1,-1,-1.0,0.6666666666666666,0.0,0.0,0.0,0.0,0.3333333333333333,0.16666666666666666,0.16666666666666666,0.16666666666666666,0.0
Suj_003,Respuestas de formulario 1,AQS,Bloque_SIN,3,Bloque_11,6,Opción 2,0,1.5,3.8333333333333335,-1,-1,-1,Mujer,1,5,1200.0,-1,-1,-1,-1.0,0.6666666666666666,0.0,0.0,0.0,0.0,0.3333333333333333,0.16666666666666666,0.16666666666666666,0.16666666666666666,0.0
Suj_004,Respuestas de formulario 1,ABC,Bloque_CON,1,Bloque_1,1,Opción 2,0,3.3,4.333333333333333,0,1,1,Mujer,6,6,0.0,0,1,1,0.0,0.5,0.0,0.0,0.0,0.3333333333333333,0.3333333333333333,0.16666666666666666,0.16666666666666666,0.16666666666666666,0.0
Suj_004,Respuestas de formulario 1,AEF,Bloque_CON,1,Bloque_5,2,Opción 2,0,3.3,4.333333333333333,0,1,1,Mujer,6,6,2000.0,0,1,1,1.0,0.5,0.0,0.0,0.0,0.3333333333333333,0.3333333333333333,0.16666666666666666,0.16666666666666666,0.16666666666666666,0.0
Suj_004,Respuestas de formulario 1,AJK,Bloque_CON,1,Bloque_7,3,Opción 1,1,3.3,4.333333333333333,0,1,1,Mujer,6,6,2400.0,0,1,1,1.0,0.5,0.0,0.0,0.0,0.3333333333333333,0.3333333333333333,0.16666666666666666,0.16666666666666666,0.16666666666666666,0.0
Suj_004,Respuestas de formulario 1,AGH,Bloque_CON,1,Bloque_3,4,Opción 1,1,3.3,4.333333333333333,0,1,1,Mujer,6,6,0.0,0,1,1,0.0,0.5,0.0,0.0,0.0,0.3333333333333333,0.3333333333333333,0.16666666666666666,0.16666666666666666,0.16666666666666666,0.0
Suj_004,Respuestas de formulario 1,ALM,Bloque_CON,1,Bloque_9,5,Opción 2,0,3.3,4.333333333333333,0,1,1,Mujer,6,6,1000.0,0,1,1,1.0,0.5,0.0,0.0,0.0,0.3333333333333333,0.3333333333333333,0.16666666666666666,0.16666666666666666,0.16666666666666666,0.0
Suj_004,Respuestas de formulario 1,AQS,Bloque_CON,1,Bloque_11,6,Opción 2,0,3.3,4.333333333333333,0,1,1,Mujer,6,6,1200.0,0,1,1,1.0,0.5,0.0,0.0,0.0,0.3333333333333333,0.3333333333333333,0.16666666666666666,0.16666666666666666,0.16666666666666666,0.0
Suj_004,Respuestas de formulario 1,ABC,Dist,2,Bloque_1,1,Opción 1,1,3.3,4.333333333333333,0,1,1,Mujer,6,6,0.0,0,1,1,0.0,0.5,0.0,0.0,0.0,0.3333333333333333,0.3333333333333333,0.16666666666666666,0.16666666666666666,0.16666666666666666,0.0
Suj_004,Respuestas de formulario 1,AEF,Dist,2,Bloque_5,2,Opción 2,0,3.3,4.333333333333333,0,1,1,Mujer,6,6,2000.0,0,1,1,1.0,0.5,0.0,0.0,0.0,0.3333333333333333,0.3333333333333333,0.16666666666666666,0.16666666666666666,0.16666666666666666,0.0
Suj_004,Respuestas de formulario 1,AJK,Dist,2,Bloque_7,3,Opción 2,0,3.3,4.333333333333333,0,1,1,Mujer,6,6,2400.0,0,1,1,1.0,0.5,0.0,0.0,0.0,0.3333333333333333,0.3333333333333333,0.16666666666666666,0.16666666666666666,0.16666666666666666,0.0
Suj_004,Respuestas de formulario 1,AGH,Dist,2,Bloque_3,4,Opción 2,0,3.3,4.333333333333333,0,1,1,Mujer,6,6,0.0,0,1,1,0.0,0.5,0.0,0.0,0.0,0.3333333333333333,0.3333333333333333,0.16666666666666666,0.16666666666666666,0.16666666666666666,0.0
Suj_004,Respuestas de formulario 1,ALM,Dist,2,Bloque_9,5,Opción 2,0,3.3,4.333333333333333,0,1,1,Mujer,6,6,1000.0,0,1,1,1.0,0.5,0.0,0.0,0.0,0.3333333333333333,0.3333333333333333,0.16666666666666666,0.16666666666666666,0.16666666666666666,0.0
Suj_004,Respuestas de formulario 1,AQS,Dist,2,Bloque_11,6,Opción 2,0,3.3,4.333333333333333,0,1,1,Mujer,6,6,1200.0,0,1,1,1.0,0.5,0.0,0.0,0.0,0.3333333333333333,0.3333333333333333,0.16666666666666666,0.16666666666666666,0.16666666666666666,0.0
Suj_004,Respuestas de formulario 1,ABC,Bloque_SIN,3,Bloque_1,1,Opción 1,1,3.3,4.333333333333333,0,1,1,Mujer,6,6,0.0,0,1,1,0.0,0.5,0.0,0.0,0.0,0.3333333333333333,0.3333333333333333,0.16666666666666666,0.16666666666666666,0.16666666666666666,0.0
Suj_004,Respuestas de formulario 1,AEF,Bloque_SIN,3,Bloque_5,2,Opción 2,0,3.3,4.333333333333333,0,1,1,Mujer,6,6,2000.0,0,1,1,1.0,0.5,0.0,0.0,0.0,0.3333333333333333,0.3333333333333333,0.16666666666666666,0.16666666666666666,0.16666666666666666,0.0
Suj_004,Respuestas de formulario 1,AJK,Bloque_SIN,3,Bloque_7,3,Opción 2,0,3.3,4.333333333333333,0,1,1,Mujer,6,6,2400.0,0,1,1,1.0,0.5,0.0,0.0,0.0,0.3333333333333333,0.3333333333333333,0.16666666666666666,0.16666666666666666,0.16666666666666666,0.0
Suj_004,Respuestas de formulario 1,AGH,Bloque_SIN,3,Bloque_3,4,Opción 2,0,3.3,4.333333333333333,0,1,1,Mujer,6,6,0.0,0,1,1,0.0,0.5,0.0,0.0,0.0,0.3333333333333333,0.3333333333333333,0.16666666666666666,0.16666666666666666,0.16666666666666666,0.0
Suj_004,Respuestas de formulario 1,ALM,Bloque_SIN,3,Bloque_9,5,Opción 2,0,3.3,4.333333333333333,0,1,1,Mujer,6,6,1000.0,0,1,1,1.0,0.5,0.0,0.0,0.0,0.3333333333333333,0.3333333333333333,0.16666666666666666,0.16666666666666666,0.16666666666666666,0.0
Suj_004,Respuestas de formulario 1,AQS,Bloque_SIN,3,Bloque_11,6,Opción 2,0,3.3,4.333333333333333,0,1,1,Mujer,6,6,1200.0,0,1,1,1.0,0.5,0.0,0.0,0.0,0.3333333333333333,0.3333333333333333,0.16666666666666666,0.16666666666666666,0.16666666666666666,0.0
Suj_005,Respuestas de formulario 1,ABC,Dist,2,Bloque_1,1,Opción 1,1,1.4,2.3333333333333335,0,0,0,Mujer,3,6,0.0,0,0,0,0.0,0.6666666666666666,0.0,0.3333333333333333,0.0,0.0,0.3333333333333333,0.16666666666666666,0.3333333333333333,0.16666666666666666,-0.16666666666666666
Suj_005,Respuestas de formulario 1,AEF,Dist,2,Bloque_5,2,Opción 2,0,1.4,2.3333333333333335,0,0,0,Mujer,3,6,2000.0,0,0,0,0.0,0.6666666666666666,0.0,0.3333333333333333,0.0,0.0,0.3333333333333333,0.16666666666666666,0.3333333333333333,0.16666666666666666,-0.16666666666666666
Suj_005,Respuestas de formulario 1,AJK,Dist,2,Bloque_7,3,Opción 2,0,1.4,2.3333333333333335,0,0,0,Mujer,3,6,2400.0,0,0,0,0.0,0.6666666666666666,0.0,0.3333333333333333,0.0,0.0,0.3333333333333333,0.16666666666666666,0.3333333333333333,0.16666666666666666,-0.16666666666666666
Suj_005,Respuestas de formulario 1,AGH,Dist,2,Bloque_3,4,Opción 1,1,1.4,2.3333333333333335,0,0,0,Mujer,3,6,0.0,0,0,0,0.0,0.6666666666666666,0.0,0.3333333333333333,0.0,0.0,0.3333333333333333,0.16666666666666666,0.3333333333333333,0.16666666666666666,-0.16666666666666666
Suj_005,Respuestas de formulario 1,ALM,Dist,2,Bloque_9,5,Opción 2,0,1.4,2.3333333333333335,0,0,0,Mujer,3,6,1000.0,0,0,0,0.0,0.6666666666666666,0.0,0.3333333333333333,0.0,0.0,0.3333333333333333,0.16666666666666666,0.3333333333333333,0.16666666666666666,-0.16666666666666666
Suj_005,Respuestas de formulario 1,AQS,Dist,2,Bloque_11,6,Opción 2,0,1.4,2.3333333333333335,0,0,0,Mujer,3,6,1200.0,0,0,0,0.0,0.6666666666666666,0.0,0.3333333333333333,0.0,0.0,0.3333333333333333,0.16666666666666666,0.3333333333333333,0.16666666666666666,-0.16666666666666666
Suj_005,Respuestas de formulario 1,ABC,Bloque_SIN,3,Bloque_1,1,Opción 1,1,1.4,2.3333333333333335,0,0,0,Mujer,3,6,0.0,0,0,0,0.0,0.6666666666666666,0.0,0.3333333333333333,0.0,0.0,0.3333333333333333,0.16666666666666666,0.3333333333333333,0.16666666666666666,-0.16666666666666666
Suj_005,Respuestas de formulario 1,AEF,Bloque_SIN,3,Bloque_5,2,Opción 2,0,1.4,2.3333333333333335,0,0,0,Mujer,3,6,2000.0,0,0,0,0.0,0.6666666666666666,0.0,0.3333333333333333,0.0,0.0,0.3333333333333333,0.16666666666666666,0.3333333333333333,0.16666666666666666,-0.16666666666666666
Suj_005,Respuestas de formulario 1,AJK,Bloque_SIN,3,Bloque_7,3,Opción 2,0,1.4,2.3333333333333335,0,0,0,Mujer,3,6,2400.0,0,0,0,0.0,0.6666666666666666,0.0,0.3333333333333333,0.0,0.0,0.3333333333333333,0.16666666666666666,0.3333333333333333,0.16666666666666666,-0.16666666666666666
Suj_005,Respuestas de formulario 1,AGH,Bloque_SIN,3,Bloque_3,4,Opción 2,0,1.4,2.3333333333333335,0,0,0,Mujer,3,6,0.0,0,0,0,0.0,0.6666666666666666,0.0,0.3333333333333333,0.0,0.0,0.3333333333333333,0.16666666666666666,0.3333333333333333,0.16666666666666666,-0.16666666666666666
Suj_005,Respuestas de formulario 1,ALM,Bloque_SIN,3,Bloque_9,5,Opción 2,0,1.4,2.3333333333333335,0,0,0,Mujer,3,6,1000.0,0,0,0,0.0,0.6666666666666666,0.0,0.3333333333333333,0.0,0.0,0.3333333333333333,0.16666666666666666,0.3333333333333333,0.16666666666666666,-0.16666666666666666
Suj_005,Respuestas de formulario 1,AQS,Bloque_SIN,3,Bloque_11,6,Opción 2,0,1.4,2.3333333333333335,0,0,0,Mujer,3,6,1200.0,0,0,0,0.0,0.6666666666666666,0.0,0.3333333333333333,0.0,0.0,0.3333333333333333,0.16666666666666666,0.3333333333333333,0.16666666666666666,-0.16666666666666666
Suj_006,Respuestas de formulario 1,ABC,Bloque_CON,1,Bloque_1,1,Opción 1,1,2.3,3.1666666666666665,-1,-1,-1,Mujer,2,5,0.0,-1,-1,-1,-1.0,0.8333333333333334,0.3333333333333333,0.3333333333333333,0.0,0.6666666666666666,0.6666666666666666,0.5,0.3333333333333333,0.16666666666666663,0.16666666666666669
Suj_006,Respuestas de formulario 1,AEF,Bloque_CON,1,Bloque_5,2,Opción 2,0,2.3,3.1666666666666665,-1,-1,-1,Mujer,2,5,2000.0,-1,-1,-1,-1.0,0.8333333333333334,0.3333333333333333,0.3333333333333333,0.0,0.6666666666666666,0.6666666666666666,0.5,0.3333333333333333,0.16666666666666663,0.16666666666666669
Suj_006,Respuestas de formulario 1,AJK,Bloque_CON,1,Bloque_7,3,Opción 1,1,2.3,3.1666666666666665,-1,-1,-1,Mujer,2,5,2400.0,-1,-1,-1,-1.0,0.8333333333333334,0.3333333333333333,0.3333333333333333,0.0,0.6666666666666666,0.6666666666666666,0.5,0.3333333333333333,0.16666666666666663,0.16666666666666669
Suj_006,Respuestas de formulario 1,AGH,Bloque_CON,1,Bloque_3,4,Opción 2,0,2.3,3.1666666666666665,-1,-1,-1,Mujer,2,5,0.0,-1,-1,-1,-1.0,0.8333333333333334,0.3333333333333333,0.3333333333333333,0.0,0.6666666666666666,0.6666666666666666,0.5,0.3333333333333333,0.16666666666666663,0.16666666666666669
Suj_006,Respuestas de formulario 1,ALM,Bloque_CON,1,Bloque_9,5,Opción 1,1,2.3,3.1666666666666665,-1,-1,-1,Mujer,2,5,1000.0,-1,-1,-1,-1.0,0.8333333333333334,0.3333333333333333,0.3333333333333333,0.0,0.6666666666666666,0.6666666666666666,0.5,0.3333333333333333,0.16666666666666663,0.16666666666666669
Suj_006,Respuestas de formulario 1,AQS,Bloque_CON,1,Bloque_11,6,Opción 1,1,2.3,3.1666666666666665,-1,-1,-1,Mujer,2,5,1200.0,-1,-1,-1,-1.0,0.8333333333333334,0.3333333333333333,0.3333333333333333,0.0,0.6666666666666666,0.6666666666666666,0.5,0.3333333333333333,0.16666666666666663,0.16666666666666669
Suj_006,Respuestas de formulario 1,ABC,Dist,2,Bloque_1,1,Opción 1,1,2.3,3.1666666666666665,-1,-1,-1,Mujer,2,5,0.0,-1,-1,-1,-1.0,0.8333333333333334,0.3333333333333333,0.3333333333333333,0.0,0.6666666666666666,0.6666666666666666,0.5,0.3333333333333333,0.16666666666666663,0.16666666666666669
Suj_006,Respuestas de formulario 1,AEF,Dist,2,Bloque_5,2,Opción 2,0,2.3,3.1666666666666665,-1,-1,-1,Mujer,2,5,2000.0,-1,-1,-1,-1.0,0.8333333333333334,0.3333333333333333,0.3333333333333333,0.0,0.6666666666666666,0.6666666666666666,0.5,0.3333333333333333,0.16666666666666663,0.16666666666666669
Suj_006,Respuestas de formulario 1,AJK,Dist,2,Bloque_7,3,Opción 2,0,2.3,3.1666666666666665,-1,-1,-1,Mujer,2,5,2400.0,-1,-1,-1,-1.0,0.8333333333333334,0.3333333333333333,0.3333333333333333,0.0,0.6666666666666666,0.6666666666666666,0.5,0.3333333333333333,0.16666666666666663,0.16666666666666669
Suj_006,Respuestas de formulario 1,AGH,Dist,2,Bloque_3,4,Opción 1,1,2.3,3.1666666666666665,-1,-1,-1,Mujer,2,5,0.0,-1,-1,-1,-1.0,0.8333333333333334,0.3333333333333333,0.3333333333333333,0.0,0.6666666666666666,0.6666666666666666,0.5,0.3333333333333333,0.16666666666666663,0.16666666666666669
Suj_006,Respuestas de formulario 1,ALM,Dist,2,Bloque_9,5,Opción 2,0,2.3,3.1666666666666665,-1,-1,-1,Mujer,2,5,1000.0,-1,-1,-1,-1.0,0.8333333333333334,0.3333333333333333,0.3333333333333333,0.0,0.6666666666666666,0.6666666666666666,0.5,0.3333333333333333,0.16666666666666663,0.16666666666666669
Suj_006,Respuestas de formulario 1,AQS,Dist,2,Bloque_11,6,Opción 2,0,2.3,3.1666666666666665,-1,-1,-1,Mujer,2,5,1200.0,-1,-1,-1,-1.0,0.8333333333333334,0.3333333333333333,0.3333333333333333,0.0,0.6666666666666666,0.6666666666666666,0.5,0.3333333333333333,0.16666666666666663,0.16666666666666669
Suj_006,Respuestas de formulario 1,ABC,Bloque_SIN,3,Bloque_1,1,Opción 1,1,2.3,3.1666666666666665,-1,-1,-1,Mujer,2,5,0.0,-1,-1,-1,-1.0,0.8333333333333334,0.3333333333333333,0.3333333333333333,0.0,0.6666666666666666,0.6666666666666666,0.5,0.3333333333333333,0.16666666666666663,0.16666666666666669
Suj_006,Respuestas de formulario 1,AEF,Bloque_SIN,3,Bloque_5,2,Opción 2,0,2.3,3.1666666666666665,-1,-1,-1,Mujer,2,5,2000.0,-1,-1,-1,-1.0,0.8333333333333334,0.3333333333333333,0.3333333333333333,0.0,0.6666666666666666,0.6666666666666666,0.5,0.3333333333333333,0.16666666666666663,0.16666666666666669
Suj_006,Respuestas de formulario 1,AJK,Bloque_SIN,3,Bloque_7,3,Opción 1,1,2.3,3.1666666666666665,-1,-1,-1,Mujer,2,5,2400.0,-1,-1,-1,-1.0,0.8333333333333334,0.3333333333333333,0.3333333333333333,0.0,0.6666666666666666,0.6666666666666666,0.5,0.3333333333333333,0.16666666666666663,0.16666666666666669
Suj_006,Respuestas de formulario 1,AGH,Bloque_SIN,3,Bloque_3,4,Opción 1,1,2.3,3.1666666666666665,-1,-1,-1,Mujer,2,5,0.0,-1,-1,-1,-1.0,0.8333333333333334,0.3333333333333333,0.3333333333333333,0.0,0.6666666666666666,0.6666666666666666,0.5,0.3333333333333333,0.16666666666666663,0.16666666666666669
Suj_006,Respuestas de formulario 1,ALM,Bloque_SIN,3,Bloque_9,5,Opción 2,0,2.3,3.1666666666666665,-1,-1,-1,Mujer,2,5,1000.0,-1,-1,-1,-1.0,0.8333333333333334,0.3333333333333333,0.3333333333333333,0.0,0.6666666666666666,0.6666666666666666,0.5,0.3333333333333333,0.16666666666666663,0.16666666666666669
Suj_006,Respuestas de formulario 1,AQS,Bloque_SIN,3,Bloque_11,6,Opción 2,0,2.3,3.1666666666666665,-1,-1,-1,Mujer,2,5,1200.0,-1,-1,-1,-1.0,0.8333333333333334,0.3333333333333333,0.3333333333333333,0.0,0.6666666666666666,0.6666666666666666,0.5,0.3333333333333333,0.16666666666666663,0.16666666666666669
Suj_007,Respuestas de formulario 1,ABC,Bloque_CON,1,Bloque_1,1,Opción 1,1,3.4,2.3333333333333335,1,-1,1,Mujer,4,3,0.0,1,-1,1,1.0,1.0,0.0,1.0,0.0,0.0,0.5,0.5,0.5,0.0,0.0
Suj_007,Respuestas de formulario 1,AEF,Bloque_CON,1,Bloque_5,2,Opción 2,0,3.4,2.3333333333333335,1,-1,1,Mujer,4,3,2000.0,1,-1,1,-1.0,1.0,0.0,1.0,0.0,0.0,0.5,0.5,0.5,0.0,0.0
Suj_007,Respuestas de formulario 1,AJK,Bloque_CON,1,Bloque_7,3,Opción 2,0,3.4,2.3333333333333335,1,-1,1,Mujer,4,3,2400.0,1,-1,1,-1.0,1.0,0.0,1.0,0.0,0.0,0.5,0.5,0.5,0.0,0.0
Suj_007,Respuestas de formulario 1,AGH,Bloque_CON,1,Bloque_3,4,Opción 1,1,3.4,2.3333333333333335,1,-1,1,Mujer,4,3,0.0,1,-1,1,1.0,1.0,0.0,1.0,0.0,0.0,0.5,0.5,0.5,0.0,0.0
Suj_007,Respuestas de formulario 1,ALM,Bloque_CON,1,Bloque_9,5,Opción 2,0,3.4,2.3333333333333335,1,-1,1,Mujer,4,3,1000.0,1,-1,1,1.0,1.0,0.0,1.0,0.0,0.0,0.5,0.5,0.5,0.0,0.0
Suj_007,Respuestas de formulario 1,AQS,Bloque_CON,1,Bloque_11,6,Opción 1,1,3.4,2.3333333333333335,1,-1,1,Mujer,4,3,1200.0,1,-1,1,1.0,1.0,0.0,1.0,0.0,0.0,0.5,0.5,0.5,0.0,0.0
Suj_007,Respuestas de formulario 1,ABC,Dist,2,Bloque_1,1,Opción 1,1,3.4,2.3333333333333335,1,-1,1,Mujer,4,3,0.0,1,-1,1,1.0,1.0,0.0,1.0,0.0,0.0,0.5,0.5,0.5,0.0,0.0
Suj_007,Respuestas de formulario 1,AEF,Dist,2,Bloque_5,2,Opción 2,0,3.4,2.3333333333333335,1,-1,1,Mujer,4,3,2000.0,1,-1,1,-1.0,1.0,0.0,1.0,0.0,0.0,0.5,0.5,0.5,0.0,0.0
Suj_007,Respuestas de formulario 1,AJK,Dist,2,Bloque_7,3,Opción 2,0,3.4,2.3333333333333335,1,-1,1,Mujer,4,3,2400.0,1,-1,1,-1.0,1.0,0.0,1.0,0.0,0.0,0.5,0.5,0.5,0.0,0.0
Suj_007,Respuestas de formulario 1,AGH,Dist,2,Bloque_3,4,Opción 1,1,3.4,2.3333333333333335,1,-1,1,Mujer,4,3,0.0,1,-1,1,1.0,1.0,0.0,1.0,0.0,0.0,0.5,0.5,0.5,0.0,0.0
Suj_007,Respuestas de formulario 1,ALM,Dist,2,Bloque_9,5,Opción 2,0,3.4,2.3333333333333335,1,-1,1,Mujer,4,3,1000.0,1,-1,1,1.0,1.0,0.0,1.0,0.0,0.0,0.5,0.5,0.5,0.0,0.0
Suj_007,Respuestas de formulario 1,AQS,Dist,2,Bloque_11,6,Opción 1,1,3.4,2.3333333333333335,1,-1,1,Mujer,4,3,1200.0,1,-1,1,1.0,1.0,0.0,1.0,0.0,0.0,0.5,0.5,0.5,0.0,0.0
Suj_007,Respuestas de formulario 1,ABC,Bloque_SIN,3,Bloque_1,1,Opción 1,1,3.4,2.3333333333333335,1,-1,1,Mujer,4,3,0.0,1,-1,1,1.0,1.0,0.0,1.0,0.0,0.0,0.5,0.5,0.5,0.0,0.0
Suj_007,Respuestas de formulario 1,AEF,Bloque_SIN,3,Bloque_5,2,Opción 2,0,3.4,2.3333333333333335,1,-1,1,Mujer,4,3,2000.0,1,-1,1,-1.0,1.0,0.0,1.0,0.0,0.0,0.5,0.5,0.5,0.0,0.0
Suj_007,Respuestas de formulario 1,AJK,Bloque_SIN,3,Bloque_7,3,Opción 2,0,3.4,2.3333333333333335,1,-1,1,Mujer,4,3,2400.0,1,-1,1,-1.0,1.0,0.0,1.0,0.0,0.0,0.5,0.5,0.5,0.0,0.0
Suj_007,Respuestas de formulario 1,AGH,Bloque_SIN,3,Bloque_3,4,Opción 1,1,3.4,2.3333333333333335,1,-1,1,Mujer,4,3,0.0,1,-1,1,1.0,1.0,0.0,1.0,0.0,0.0,0.5,0.5,0.5,0.0,0.0
Suj_007,Respuestas de formulario 1,ALM,Bloque_SIN,3,Bloque_9,5,Opción 2,0,3.4,2.3333333333333335,1,-1,1,Mujer,4,3,1000.0,1,-1,1,1.0,1.0,0.0,1.0,0.0,0.0,0.5,0.5,0.5,0.0,0.0
Suj_007,Respuestas de formulario 1,AQS,Bloque_SIN,3,Bloque_11,6,Opción 1,1,3.4,2.3333333333333335,1,-1,1,Mujer,4,3,1200.0,1,-1,1,1.0,1.0,0.0,1.0,0.0,0.0,0.5,0.5,0.5,0.0,0.0
Suj_008,Respuestas de formulario 1,ABC,Bloque_CON,1,Bloque_1,1,Opción 2,0,2.3,3.3333333333333335,-1,-1,-1,Mujer,3,7,0.0,-1,-1,-1,-1.0,0.5,0.0,0.6666666666666666,0.3333333333333333,0.0,0.16666666666666666,0.3333333333333333,0.5,-0.16666666666666666,-0.16666666666666669
Suj_008,Respuestas de formulario 1,AEF,Bloque_CON,1,Bloque_5,2,Opción 2,0,2.3,3.3333333333333335,-1,-1,-1,Mujer,3,7,2000.0,-1,-1,-1,-1.0,0.5,0.0,0.6666666666666666,0.3333333333333333,0.0,0.16666666666666666,0.3333333333333333,0.5,-0.16666666666666666,-0.16666666666666669
Suj_008,Respuestas de formulario 1,AJK,Bloque_CON,1,Bloque_7,3,Opción 2,0,2.3,3.3333333333333335,-1,-1,-1,Mujer,3,7,2400.0,-1,-1,-1,-1.0,0.5,0.0,0.6666666666666666,0.3333333333333333,0.0,0.16666666666666666,0.3333333333333333,0.5,-0.16666666666666666,-0.16666666666666669
Suj_008,Respuestas de formulario 1,AGH,Bloque_CON,1,Bloque_3,4,Opción 1,1,2.3,3.3333333333333335,-1,-1,-1,Mujer,3,7,0.0,-1,-1,-1,-1.0,0.5,0.0,0.6666666666666666,0.3333333333333333,0.0,0.16666666666666666,0.3333333333333333,0.5,-0.16666666666666666,-0.16666666666666669
Suj_008,Respuestas de formulario 1,ALM,Bloque_CON,1,Bloque_9,5,Opción 2,0,2.3,3.3333333333333335,-1,-1,-1,Mujer,3,7,1000.0,-1,-1,-1,-1.0,0.5,0.0,0.6666666666666666,0.3333333333333333,0.0,0.16666666666666666,0.3333333333333333,0.5,-0.16666666666666666,-0.16666666666666669
Suj_008,Respuestas de formulario 1,AQS,Bloque_CON,1,Bloque_11,6,Opción 2,0,2.3,3.3333333333333335,-1,-1,-1,Mujer,3,7,1200.0,-1,-1,-1,-1.0,0.5,0.0,0.6666666666666666,0.3333333333333333,0.0,0.16666666666666666,0.3333333333333333,0.5,-0.16666666666666666,-0.16666666666666669
Suj_008,Respuestas de formulario 1,ABC,Dist,2,Bloque_1,1,Opción 1,1,2.3,3.3333333333333335,-1,-1,-1,Mujer,3,7,0.0,-1,-1,-1,-1.0,0.5,0.0,0.6666666666666666,0.3333333333333333,0.0,0.16666666666666666,0.3333333333333333,0.5,-0.16666666666666666,-0.16666666666666669
Suj_008,Respuestas de formulario 1,AEF,Dist,2,Bloque_5,2,Opción 1,1,2.3,3.3333333333333335,-1,-1,-1,Mujer,3,7,2000.0,-1,-1,-1,-1.0,0.5,0.0,0.6666666666666666,0.3333333333333333,0.0,0.16666666666666666,0.3333333333333333,0.5,-0.16666666666666666,-0.16666666666666669
Suj_008,Respuestas de formulario 1,AJK,Dist,2,Bloque_7,3,Opción 2,0,2.3,3.3333333333333335,-1,-1,-1,Mujer,3,7,2400.0,-1,-1,-1,-1.0,0.5,0.0,0.6666666666666666,0.3333333333333333,0.0,0.16666666666666666,0.3333333333333333,0.5,-0.16666666666666666,-0.16666666666666669
Suj_008,Respuestas de formulario 1,AGH,Dist,2,Bloque_3,4,Opción 2,0,2.3,3.3333333333333335,-1,-1,-1,Mujer,3,7,0.0,-1,-1,-1,-1.0,0.5,0.0,0.6666666666666666,0.3333333333333333,0.0,0.16666666666666666,0.3333333333333333,0.5,-0.16666666666666666,-0.16666666666666669
Suj_008,Respuestas de formulario 1,ALM,Dist,2,Bloque_9,5,Opción 2,0,2.3,3.3333333333333335,-1,-1,-1,Mujer,3,7,1000.0,-1,-1,-1,-1.0,0.5,0.0,0.6666666666666666,0.3333333333333333,0.0,0.16666666666666666,0.3333333333333333,0.5,-0.16666666666666666,-0.16666666666666669
Suj_008,Respuestas de formulario 1,AQS,Dist,2,Bloque_11,6,Opción 1,1,2.3,3.3333333333333335,-1,-1,-1,Mujer,3,7,1200.0,-1,-1,-1,-1.0,0.5,0.0,0.6666666666666666,0.3333333333333333,0.0,0.16666666666666666,0.3333333333333333,0.5,-0.16666666666666666,-0.16666666666666669
Suj_008,Respuestas de formulario 1,ABC,Bloque_SIN,3,Bloque_1,1,Opción 2,0,2.3,3.3333333333333335,-1,-1,-1,Mujer,3,7,0.0,-1,-1,-1,-1.0,0.5,0.0,0.6666666666666666,0.3333333333333333,0.0,0.16666666666666666,0.3333333333333333,0.5,-0.16666666666666666,-0.16666666666666669
Suj_008,Respuestas de formulario 1,AEF,Bloque_SIN,3,Bloque_5,2,Opción 2,0,2.3,3.3333333333333335,-1,-1,-1,Mujer,3,7,2000.0,-1,-1,-1,-1.0,0.5,0.0,0.6666666666666666,0.3333333333333333,0.0,0.16666666666666666,0.3333333333333333,0.5,-0.16666666666666666,-0.16666666666666669
Suj_008,Respuestas de formulario 1,AJK,Bloque_SIN,3,Bloque_7,3,Opción 2,0,2.3,3.3333333333333335,-1,-1,-1,Mujer,3,7,2400.0,-1,-1,-1,-1.0,0.5,0.0,0.6666666666666666,0.3333333333333333,0.0,0.16666666666666666,0.3333333333333333,0.5,-0.16666666666666666,-0.16666666666666669
Suj_008,Respuestas de formulario 1,AGH,Bloque_SIN,3,Bloque_3,4,Opción 1,1,2.3,3.3333333333333335,-1,-1,-1,Mujer,3,7,0.0,-1,-1,-1,-1.0,0.5,0.0,0.6666666666666666,0.3333333333333333,0.0,0.16666666666666666,0.3333333333333333,0.5,-0.16666666666666666,-0.16666666666666669
Suj_008,Respuestas de formulario 1,ALM,Bloque_SIN,3,Bloque_9,5,Opción 2,0,2.3,3.3333333333333335,-1,-1,-1,Mujer,3,7,1000.0,-1,-1,-1,-1.0,0.5,0.0,0.6666666666666666,0.3333333333333333,0.0,0.16666666666666666,0.3333333333333333,0.5,-0.16666666666666666,-0.16666666666666669
Suj_008,Respuestas de formulario 1,AQS,Bloque_SIN,3,Bloque_11,6,Opción 1,1,2.3,3.3333333333333335,-1,-1,-1,Mujer,3,7,1200.0,-1,-1,-1,-1.0,0.5,0.0,0.6666666666666666,0.3333333333333333,0.0,0.16666666666666666,0.3333333333333333,0.5,-0.16666666666666666,-0.16666666666666669
Suj_009,Respuestas de formulario 1,ABC,Bloque_CON,1,Bloque_1,1,Opción 1,1,2.6,3.5,1,-1,-1,Mujer,4,8,0.0,1,-1,-1,1.0,1.0,0.6666666666666666,1.0,0.0,0.6666666666666666,0.5,0.8333333333333334,0.8333333333333334,-0.33333333333333337,0.0
Suj_009,Respuestas de formulario 1,AEF,Bloque_CON,1,Bloque_5,2,Opción 2,0,2.6,3.5,1,-1,-1,Mujer,4,8,2000.0,1,-1,-1,-1.0,1.0,0.6666666666666666,1.0,0.0,0.6666666666666666,0.5,0.8333333333333334,0.8333333333333334,-0.33333333333333337,0.0
Suj_009,Respuestas de formulario 1,AJK,Bloque_CON,1,Bloque_7,3,Opción 2,0,2.6,3.5,1,-1,-1,Mujer,4,8,2400.0,1,-1,-1,-1.0,1.0,0.6666666666666666,1.0,0.0,0.6666666666666666,0.5,0.8333333333333334,0.8333333333333334,-0.33333333333333337,0.0
Suj_009,Respuestas de formulario 1,AGH,Bloque_CON,1,Bloque_3,4,Opción 1,1,2.6,3.5,1,-1,-1,Mujer,4,8,0.0,1,-1,-1,1.0,1.0,0.6666666666666666,1.0,0.0,0.6666666666666666,0.5,0.8333333333333334,0.8333333333333334,-0.33333333333333337,0.0
Suj_009,Respuestas de formulario 1,ALM,Bloque_CON,1,Bloque_9,5,Opción 2,0,2.6,3.5,1,-1,-1,Mujer,4,8,1000.0,1,-1,-1,-1.0,1.0,0.6666666666666666,1.0,0.0,0.6666666666666666,0.5,0.8333333333333334,0.8333333333333334,-0.33333333333333337,0.0
Suj_009,Respuestas de formulario 1,AQS,Bloque_CON,1,Bloque_11,6,Opción 1,1,2.6,3.5,1,-1,-1,Mujer,4,8,1200.0,1,-1,-1,-1.0,1.0,0.6666666666666666,1.0,0.0,0.6666666666666666,0.5,0.8333333333333334,0.8333333333333334,-0.33333333333333337,0.0
Suj_009,Respuestas de formulario 1,ABC,Dist,2,Bloque_1,1,Opción 1,1,2.6,3.5,1,-1,-1,Mujer,4,8,0.0,1,-1,-1,1.0,1.0,0.6666666666666666,1.0,0.0,0.6666666666666666,0.5,0.8333333333333334,0.8333333333333334,-0.33333333333333337,0.0
Suj_009,Respuestas de formulario 1,AEF,Dist,2,Bloque_5,2,Opción 2,0,2.6,3.5,1,-1,-1,Mujer,4,8,2000.0,1,-1,-1,-1.0,1.0,0.6666666666666666,1.0,0.0,0.6666666666666666,0.5,0.8333333333333334,0.8333333333333334,-0.33333333333333337,0.0
Suj_009,Respuestas de formulario 1,AJK,Dist,2,Bloque_7,3,Opción 1,1,2.6,3.5,1,-1,-1,Mujer,4,8,2400.0,1,-1,-1,-1.0,1.0,0.6666666666666666,1.0,0.0,0.6666666666666666,0.5,0.8333333333333334,0.8333333333333334,-0.33333333333333337,0.0
Suj_009,Respuestas de formulario 1,AGH,Dist,2,Bloque_3,4,Opción 1,1,2.6,3.5,1,-1,-1,Mujer,4,8,0.0,1,-1,-1,1.0,1.0,0.6666666666666666,1.0,0.0,0.6666666666666666,0.5,0.8333333333333334,0.8333333333333334,-0.33333333333333337,0.0
Suj_009,Respuestas de formulario 1,ALM,Dist,2,Bloque_9,5,Opción 1,1,2.6,3.5,1,-1,-1,Mujer,4,8,1000.0,1,-1,-1,-1.0,1.0,0.6666666666666666,1.0,0.0,0.6666666666666666,0.5,0.8333333333333334,0.8333333333333334,-0.33333333333333337,0.0
Suj_009,Respuestas de formulario 1,AQS,Dist,2,Bloque_11,6,Opción 1,1,2.6,3.5,1,-1,-1,Mujer,4,8,1200.0,1,-1,-1,-1.0,1.0,0.6666666666666666,1.0,0.0,0.6666666666666666,0.5,0.8333333333333334,0.8333333333333334,-0.33333333333333337,0.0
Suj_009,Respuestas de formulario 1,ABC,Bloque_SIN,3,Bloque_1,1,Opción 1,1,2.6,3.5,1,-1,-1,Mujer,4,8,0.0,1,-1,-1,1.0,1.0,0.6666666666666666,1.0,0.0,0.6666666666666666,0.5,0.8333333333333334,0.8333333333333334,-0.33333333333333337,0.0
Suj_009,Respuestas de formulario 1,AEF,Bloque_SIN,3,Bloque_5,2,Opción 2,0,2.6,3.5,1,-1,-1,Mujer,4,8,2000.0,1,-1,-1,-1.0,1.0,0.6666666666666666,1.0,0.0,0.6666666666666666,0.5,0.8333333333333334,0.8333333333333334,-0.33333333333333337,0.0
Suj_009,Respuestas de formulario 1,AJK,Bloque_SIN,3,Bloque_7,3,Opción 1,1,2.6,3.5,1,-1,-1,Mujer,4,8,2400.0,1,-1,-1,-1.0,1.0,0.6666666666666666,1.0,0.0,0.6666666666666666,0.5,0.8333333333333334,0.8333333333333334,-0.33333333333333337,0.0
Suj_009,Respuestas de formulario 1,AGH,Bloque_SIN,3,Bloque_3,4,Opción 1,1,2.6,3.5,1,-1,-1,Mujer,4,8,0.0,1,-1,-1,1.0,1.0,0.6666666666666666,1.0,0.0,0.6666666666666666,0.5,0.8333333333333334,0.8333333333333334,-0.33333333333333337,0.0
Suj_009,Respuestas de formulario 1,ALM,Bloque_SIN,3,Bloque_9,5,Opción 1,1,2.6,3.5,1,-1,-1,Mujer,4,8,1000.0,1,-1,-1,-1.0,1.0,0.6666666666666666,1.0,0.0,0.6666666666666666,0.5,0.8333333333333334,0.8333333333333334,-0.33333333333333337,0.0
Suj_009,Respuestas de formulario 1,AQS,Bloque_SIN,3,Bloque_11,6,Opción 1,1,2.6,3.5,1,-1,-1,Mujer,4,8,1200.0,1,-1,-1,-1.0,1.0,0.6666666666666666,1.0,0.0,0.6666666666666666,0.5,0.8333333333333334,0.8333333333333334,-0.33333333333333337,0.0
Suj_010,Respuestas de formulario 2,AEF,Dist,2,Bloque_1,1,Opción 2,0,2.4,3.3333333333333335,-1,-1,1,Mujer,4,4,0.0,-1,-1,1,-1.0,0.3333333333333333,0.0,0.6666666666666666,0.3333333333333333,0.3333333333333333,0.3333333333333333,0.5,0.16666666666666666,-0.16666666666666669,0.33333333333333337
Suj_010,Respuestas de formulario 2,AGH,Dist,2,Bloque_5,2,Opción 2,0,2.4,3.3333333333333335,-1,-1,1,Mujer,4,4,2000.0,-1,-1,1,-1.0,0.3333333333333333,0.0,0.6666666666666666,0.3333333333333333,0.3333333333333333,0.3333333333333333,0.5,0.16666666666666666,-0.16666666666666669,0.33333333333333337
Suj_010,Respuestas de formulario 2,ALM,Dist,2,Bloque_7,3,Opción 2,0,2.4,3.3333333333333335,-1,-1,1,Mujer,4,4,2400.0,-1,-1,1,-1.0,0.3333333333333333,0.0,0.6666666666666666,0.3333333333333333,0.3333333333333333,0.3333333333333333,0.5,0.16666666666666666,-0.16666666666666669,0.33333333333333337
Suj_010,Respuestas de formulario 2,ABC,Dist,2,Bloque_3,4,Opción 2,0,2.4,3.3333333333333335,-1,-1,1,Mujer,4,4,0.0,-1,-1,1,-1.0,0.3333333333333333,0.0,0.6666666666666666,0.3333333333333333,0.3333333333333333,0.3333333333333333,0.5,0.16666666666666666,-0.16666666666666669,0.33333333333333337
Suj_010,Respuestas de formulario 2,AQS,Dist,2,Bloque_9,5,Opción 2,0,2.4,3.3333333333333335,-1,-1,1,Mujer,4,4,1000.0,-1,-1,1,1.0,0.3333333333333333,0.0,0.6666666666666666,0.3333333333333333,0.3333333333333333,0.3333333333333333,0.5,0.16666666666666666,-0.16666666666666669,0.33333333333333337
Suj_010,Respuestas de formulario 2,AJK,Dist,2,Bloque_11,6,Opción 1,1,2.4,3.3333333333333335,-1,-1,1,Mujer,4,4,1200.0,-1,-1,1,1.0,0.3333333333333333,0.0,0.6666666666666666,0.3333333333333333,0.3333333333333333,0.3333333333333333,0.5,0.16666666666666666,-0.16666666666666669,0.33333333333333337
Suj_011,Respuestas de formulario 2,AEF,Bloque_CON,1,Bloque_1,1,Opción 1,1,1.0,3.6666666666666665,0,0,0,Mujer,2,5,0.0,0,0,0,0.0,1.0,0.3333333333333333,0.3333333333333333,0.0,0.0,0.6666666666666666,0.3333333333333333,0.3333333333333333,0.3333333333333333,0.0
Suj_011,Respuestas de formulario 2,AGH,Bloque_CON,1,Bloque_5,2,Opción 2,0,1.0,3.6666666666666665,0,0,0,Mujer,2,5,2000.0,0,0,0,0.0,1.0,0.3333333333333333,0.3333333333333333,0.0,0.0,0.6666666666666666,0.3333333333333333,0.3333333333333333,0.3333333333333333,0.0
Suj_011,Respuestas de formulario 2,ALM,Bloque_CON,1,Bloque_7,3,Opción 2,0,1.0,3.6666666666666665,0,0,0,Mujer,2,5,2400.0,0,0,0,0.0,1.0,0.3333333333333333,0.3333333333333333,0.0,0.0,0.6666666666666666,0.3333333333333333,0.3333333333333333,0.3333333333333333,0.0
Suj_011,Respuestas de formulario 2,ABC,Bloque_CON,1,Bloque_3,4,Opción 1,1,1.0,3.6666666666666665,0,0,0,Mujer,2,5,0.0,0,0,0,0.0,1.0,0.3333333333333333,0.3333333333333333,0.0,0.0,0.6666666666666666,0.3333333333333333,0.3333333333333333,0.3333333333333333,0.0
Suj_011,Respuestas de formulario 2,AQS,Bloque_CON,1,Bloque_9,5,Opción 1,1,1.0,3.6666666666666665,0,0,0,Mujer,2,5,1000.0,0,0,0,0.0,1.0,0.3333333333333333,0.3333333333333333,0.0,0.0,0.6666666666666666,0.3333333333333333,0.3333333333333333,0.3333333333333333,0.0
Suj_011,Respuestas de formulario 2,AJK,Bloque_CON,1,Bloque_11,6,Opción 1,1,1.0,3.6666666666666665,0,0,0,Mujer,2,5,1200.0,0,0,0,0.0,1.0,0.3333333333333333,0.3333333333333333,0.0,0.0,0.6666666666666666,0.3333333333333333,0.3333333333333333,0.3333333333333333,0.0
Suj_011,Respuestas de formulario 2,AEF,Dist,2,Bloque_1,1,Opción 1,1,1.0,3.6666666666666665,0,0,0,Mujer,2,5,0.0,0,0,0,0.0,1.0,0.3333333333333333,0.3333333333333333,0.0,0.0,0.6666666666666666,0.3333333333333333,0.3333333333333333,0.3333333333333333,0.0
Suj_011,Respuestas de formulario 2,AGH,Dist,2,Bloque_5,2,Opción 2,0,1.0,3.6666666666666665,0,0,0,Mujer,2,5,2000.0,0,0,0,0.0,1.0,0.3333333333333333,0.3333333333333333,0.0,0.0,0.6666666666666666,0.3333333333333333,0.3333333333333333,0.3333333333333333,0.0
Suj_011,Respuestas de formulario 2,ALM,Dist,2,Bloque_7,3,Opción 2,0,1.0,3.6666666666666665,0,0,0,Mujer,2,5,2400.0,0,0,0,0.0,1.0,0.3333333333333333,0.3333333333333333,0.0,0.0,0.6666666666666666,0.3333333333333333,0.3333333333333333,0.3333333333333333,0.0
Suj_011,Respuestas de formulario 2,ABC,Dist,2,Bloque_3,4,Opción 1,1,1.0,3.6666666666666665,0,0,0,Mujer,2,5,0.0,0,0,0,0.0,1.0,0.3333333333333333,0.3333333333333333,0.0,0.0,0.6666666666666666,0.3333333333333333,0.3333333333333333,0.3333333333333333,0.0
Suj_011,Respuestas de formulario 2,AQS,Dist,2,Bloque_9,5,Opción 2,0,1.0,3.6666666666666665,0,0,0,Mujer,2,5,1000.0,0,0,0,0.0,1.0,0.3333333333333333,0.3333333333333333,0.0,0.0,0.6666666666666666,0.3333333333333333,0.3333333333333333,0.3333333333333333,0.0
Suj_011,Respuestas de formulario 2,AJK,Dist,2,Bloque_11,6,Opción 2,0,1.0,3.6666666666666665,0,0,0,Mujer,2,5,1200.0,0,0,0,0.0,1.0,0.3333333333333333,0.3333333333333333,0.0,0.0,0.6666666666666666,0.3333333333333333,0.3333333333333333,0.3333333333333333,0.0
Suj_011,Respuestas de formulario 2,AEF,Bloque_SIN,3,Bloque_1,1,Opción 1,1,1.0,3.6666666666666665,0,0,0,Mujer,2,5,0.0,0,0,0,0.0,1.0,0.3333333333333333,0.3333333333333333,0.0,0.0,0.6666666666666666,0.3333333333333333,0.3333333333333333,0.3333333333333333,0.0
Suj_011,Respuestas de formulario 2,AGH,Bloque_SIN,3,Bloque_5,2,Opción 2,0,1.0,3.6666666666666665,0,0,0,Mujer,2,5,2000.0,0,0,0,0.0,1.0,0.3333333333333333,0.3333333333333333,0.0,0.0,0.6666666666666666,0.3333333333333333,0.3333333333333333,0.3333333333333333,0.0
Suj_011,Respuestas de formulario 2,ALM,Bloque_SIN,3,Bloque_7,3,Opción 2,0,1.0,3.6666666666666665,0,0,0,Mujer,2,5,2400.0,0,0,0,0.0,1.0,0.3333333333333333,0.3333333333333333,0.0,0.0,0.6666666666666666,0.3333333333333333,0.3333333333333333,0.3333333333333333,0.0
Suj_011,Respuestas de formulario 2,ABC,Bloque_SIN,3,Bloque_3,4,Opción 1,1,1.0,3.6666666666666665,0,0,0,Mujer,2,5,0.0,0,0,0,0.0,1.0,0.3333333333333333,0.3333333333333333,0.0,0.0,0.6666666666666666,0.3333333333333333,0.3333333333333333,0.3333333333333333,0.0
Suj_011,Respuestas de formulario 2,AQS,Bloque_SIN,3,Bloque_9,5,Opción 2,0,1.0,3.6666666666666665,0,0,0,Mujer,2,5,1000.0,0,0,0,0.0,1.0,0.3333333333333333,0.3333333333333333,0.0,0.0,0.6666666666666666,0.3333333333333333,0.3333333333333333,0.3333333333333333,0.0
Suj_011,Respuestas de formulario 2,AJK,Bloque_SIN,3,Bloque_11,6,Opción 2,0,1.0,3.6666666666666665,0,0,0,Mujer,2,5,1200.0,0,0,0,0.0,1.0,0.3333333333333333,0.3333333333333333,0.0,0.0,0.6666666666666666,0.3333333333333333,0.3333333333333333,0.3333333333333333,0.0
Suj_012,Respuestas de formulario 2,AEF,Bloque_CON,1,Bloque_1,1,Opción 2,0,1.4,3.8333333333333335,-1,-1,-1,Mujer,2,5,0.0,-1,-1,-1,-1.0,0.6666666666666666,0.0,0.0,0.0,0.0,0.16666666666666666,0.3333333333333333,0.16666666666666666,-0.16666666666666666,0.16666666666666666
Suj_012,Respuestas de formulario 2,AGH,Bloque_CON,1,Bloque_5,2,Opción 2,0,1.4,3.8333333333333335,-1,-1,-1,Mujer,2,5,2000.0,-1,-1,-1,-1.0,0.6666666666666666,0.0,0.0,0.0,0.0,0.16666666666666666,0.3333333333333333,0.16666666666666666,-0.16666666666666666,0.16666666666666666
Suj_012,Respuestas de formulario 2,ALM,Bloque_CON,1,Bloque_7,3,Opción 2,0,1.4,3.8333333333333335,-1,-1,-1,Mujer,2,5,2400.0,-1,-1,-1,-1.0,0.6666666666666666,0.0,0.0,0.0,0.0,0.16666666666666666,0.3333333333333333,0.16666666666666666,-0.16666666666666666,0.16666666666666666
Suj_012,Respuestas de formulario 2,ABC,Bloque_CON,1,Bloque_3,4,Opción 1,1,1.4,3.8333333333333335,-1,-1,-1,Mujer,2,5,0.0,-1,-1,-1,-1.0,0.6666666666666666,0.0,0.0,0.0,0.0,0.16666666666666666,0.3333333333333333,0.16666666666666666,-0.16666666666666666,0.16666666666666666
Suj_012,Respuestas de formulario 2,AQS,Bloque_CON,1,Bloque_9,5,Opción 2,0,1.4,3.8333333333333335,-1,-1,-1,Mujer,2,5,1000.0,-1,-1,-1,-1.0,0.6666666666666666,0.0,0.0,0.0,0.0,0.16666666666666666,0.3333333333333333,0.16666666666666666,-0.16666666666666666,0.16666666666666666
Suj_012,Respuestas de formulario 2,AJK,Bloque_CON,1,Bloque_11,6,Opción 2,0,1.4,3.8333333333333335,-1,-1,-1,Mujer,2,5,1200.0,-1,-1,-1,-1.0,0.6666666666666666,0.0,0.0,0.0,0.0,0.16666666666666666,0.3333333333333333,0.16666666666666666,-0.16666666666666666,0.16666666666666666
Suj_012,Respuestas de formulario 2,AEF,Dist,2,Bloque_1,1,Opción 2,0,1.4,3.8333333333333335,-1,-1,-1,Mujer,2,5,0.0,-1,-1,-1,-1.0,0.6666666666666666,0.0,0.0,0.0,0.0,0.16666666666666666,0.3333333333333333,0.16666666666666666,-0.16666666666666666,0.16666666666666666
Suj_012,Respuestas de formulario 2,AGH,Dist,2,Bloque_5,2,Opción 2,0,1.4,3.8333333333333335,-1,-1,-1,Mujer,2,5,2000.0,-1,-1,-1,-1.0,0.6666666666666666,0.0,0.0,0.0,0.0,0.16666666666666666,0.3333333333333333,0.16666666666666666,-0.16666666666666666,0.16666666666666666
Suj_012,Respuestas de formulario 2,ALM,Dist,2,Bloque_7,3,Opción 2,0,1.4,3.8333333333333335,-1,-1,-1,Mujer,2,5,2400.0,-1,-1,-1,-1.0,0.6666666666666666,0.0,0.0,0.0,0.0,0.16666666666666666,0.3333333333333333,0.16666666666666666,-0.16666666666666666,0.16666666666666666
Suj_012,Respuestas de formulario 2,ABC,Dist,2,Bloque_3,4,Opción 1,1,1.4,3.8333333333333335,-1,-1,-1,Mujer,2,5,0.0,-1,-1,-1,-1.0,0.6666666666666666,0.0,0.0,0.0,0.0,0.16666666666666666,0.3333333333333333,0.16666666666666666,-0.16666666666666666,0.16666666666666666
Suj_012,Respuestas de formulario 2,AQS,Dist,2,Bloque_9,5,Opción 2,0,1.4,3.8333333333333335,-1,-1,-1,Mujer,2,5,1000.0,-1,-1,-1,-1.0,0.6666666666666666,0.0,0.0,0.0,0.0,0.16666666666666666,0.3333333333333333,0.16666666666666666,-0.16666666666666666,0.16666666666666666
Suj_012,Respuestas de formulario 2,AJK,Dist,2,Bloque_11,6,Opción 2,0,1.4,3.8333333333333335,-1,-1,-1,Mujer,2,5,1200.0,-1,-1,-1,-1.0,0.6666666666666666,0.0,0.0,0.0,0.0,0.16666666666666666,0.3333333333333333,0.16666666666666666,-0.16666666666666666,0.16666666666666666
Suj_012,Respuestas de formulario 2,AEF,Bloque_SIN,3,Bloque_1,1,Opción 1,1,1.4,3.8333333333333335,-1,-1,-1,Mujer,2,5,0.0,-1,-1,-1,-1.0,0.6666666666666666,0.0,0.0,0.0,0.0,0.16666666666666666,0.3333333333333333,0.16666666666666666,-0.16666666666666666,0.16666666666666666
Suj_012,Respuestas de formulario 2,AGH,Bloque_SIN,3,Bloque_5,2,Opción 2,0,1.4,3.8333333333333335,-1,-1,-1,Mujer,2,5,2000.0,-1,-1,-1,-1.0,0.6666666666666666,0.0,0.0,0.0,0.0,0.16666666666666666,0.3333333333333333,0.16666666666666666,-0.16666666666666666,0.16666666666666666
Suj_012,Respuestas de formulario 2,ALM,Bloque_SIN,3,Bloque_7,3,Opción 2,0,1.4,3.8333333333333335,-1,-1,-1,Mujer,2,5,2400.0,-1,-1,-1,-1.0,0.6666666666666666,0.0,0.0,0.0,0.0,0.16666666666666666,0.3333333333333333,0.16666666666666666,-0.16666666666666666,0.16666666666666666
Suj_012,Respuestas de formulario 2,ABC,Bloque_SIN,3,Bloque_3,4,Opción 1,1,1.4,3.8333333333333335,-1,-1,-1,Mujer,2,5,0.0,-1,-1,-1,-1.0,0.6666666666666666,0.0,0.0,0.0,0.0,0.16666666666666666,0.3333333333333333,0.16666666666666666,-0.16666666666666666,0.16666666666666666
Suj_012,Respuestas de formulario 2,AQS,Bloque_SIN,3,Bloque_9,5,Opción 2,0,1.4,3.8333333333333335,-1,-1,-1,Mujer,2,5,1000.0,-1,-1,-1,-1.0,0.6666666666666666,0.0,0.0,0.0,0.0,0.16666666666666666,0.3333333333333333,0.16666666666666666,-0.16666666666666666,0.16666666666666666
Suj_012,Respuestas de formulario 2,AJK,Bloque_SIN,3,Bloque_11,6,Opción 2,0,1.4,3.8333333333333335,-1,-1,-1,Mujer,2,5,1200.0,-1,-1,-1,-1.0,0.6666666666666666,0.0,0.0,0.0,0.0,0.16666666666666666,0.3333333333333333,0.16666666666666666,-0.16666666666666666,0.16666666666666666
Suj_013,Respuestas de formulario 2,AEF,Dist,2,Bloque_1,1,Opción 1,1,1.4,4.166666666666667,0,-1,-1,Mujer,5,5,0.0,0,-1,-1,0.0,0.8333333333333334,0.0,0.0,0.0,0.0,0.3333333333333333,0.16666666666666666,0.3333333333333333,0.16666666666666666,-0.16666666666666666
Suj_013,Respuestas de formulario 2,AGH,Dist,2,Bloque_5,2,Opción 2,0,1.4,4.166666666666667,0,-1,-1,Mujer,5,5,2000.0,0,-1,-1,-1.0,0.8333333333333334,0.0,0.0,0.0,0.0,0.3333333333333333,0.16666666666666666,0.3333333333333333,0.16666666666666666,-0.16666666666666666
Suj_013,Respuestas de formulario 2,ALM,Dist,2,Bloque_7,3,Opción 2,0,1.4,4.166666666666667,0,-1,-1,Mujer,5,5,2400.0,0,-1,-1,-1.0,0.8333333333333334,0.0,0.0,0.0,0.0,0.3333333333333333,0.16666666666666666,0.3333333333333333,0.16666666666666666,-0.16666666666666666
Suj_013,Respuestas de formulario 2,ABC,Dist,2,Bloque_3,4,Opción 1,1,1.4,4.166666666666667,0,-1,-1,Mujer,5,5,0.0,0,-1,-1,0.0,0.8333333333333334,0.0,0.0,0.0,0.0,0.3333333333333333,0.16666666666666666,0.3333333333333333,0.16666666666666666,-0.16666666666666666
Suj_013,Respuestas de formulario 2,AQS,Dist,2,Bloque_9,5,Opción 2,0,1.4,4.166666666666667,0,-1,-1,Mujer,5,5,1000.0,0,-1,-1,-1.0,0.8333333333333334,0.0,0.0,0.0,0.0,0.3333333333333333,0.16666666666666666,0.3333333333333333,0.16666666666666666,-0.16666666666666666
Suj_013,Respuestas de formulario 2,AJK,Dist,2,Bloque_11,6,Opción 2,0,1.4,4.166666666666667,0,-1,-1,Mujer,5,5,1200.0,0,-1,-1,-1.0,0.8333333333333334,0.0,0.0,0.0,0.0,0.3333333333333333,0.16666666666666666,0.3333333333333333,0.16666666666666666,-0.16666666666666666
Suj_013,Respuestas de formulario 2,AEF,Bloque_SIN,3,Bloque_1,1,Opción 1,1,1.4,4.166666666666667,0,-1,-1,Mujer,5,5,0.0,0,-1,-1,0.0,0.8333333333333334,0.0,0.0,0.0,0.0,0.3333333333333333,0.16666666666666666,0.3333333333333333,0.16666666666666666,-0.16666666666666666
Suj_013,Respuestas de formulario 2,AGH,Bloque_SIN,3,Bloque_5,2,Opción 2,0,1.4,4.166666666666667,0,-1,-1,Mujer,5,5,2000.0,0,-1,-1,-1.0,0.8333333333333334,0.0,0.0,0.0,0.0,0.3333333333333333,0.16666666666666666,0.3333333333333333,0.16666666666666666,-0.16666666666666666
Suj_013,Respuestas de formulario 2,ALM,Bloque_SIN,3,Bloque_7,3,Opción 2,0,1.4,4.166666666666667,0,-1,-1,Mujer,5,5,2400.0,0,-1,-1,-1.0,0.8333333333333334,0.0,0.0,0.0,0.0,0.3333333333333333,0.16666666666666666,0.3333333333333333,0.16666666666666666,-0.16666666666666666
Suj_013,Respuestas de formulario 2,ABC,Bloque_SIN,3,Bloque_3,4,Opción 2,0,1.4,4.166666666666667,0,-1,-1,Mujer,5,5,0.0,0,-1,-1,0.0,0.8333333333333334,0.0,0.0,0.0,0.0,0.3333333333333333,0.16666666666666666,0.3333333333333333,0.16666666666666666,-0.16666666666666666
Suj_013,Respuestas de formulario 2,AQS,Bloque_SIN,3,Bloque_9,5,Opción 2,0,1.4,4.166666666666667,0,-1,-1,Mujer,5,5,1000.0,0,-1,-1,-1.0,0.8333333333333334,0.0,0.0,0.0,0.0,0.3333333333333333,0.16666666666666666,0.3333333333333333,0.16666666666666666,-0.16666666666666666
Suj_013,Respuestas de formulario 2,AJK,Bloque_SIN,3,Bloque_11,6,Opción 2,0,1.4,4.166666666666667,0,-1,-1,Mujer,5,5,1200.0,0,-1,-1,-1.0,0.8333333333333334,0.0,0.0,0.0,0.0,0.3333333333333333,0.16666666666666666,0.3333333333333333,0.16666666666666666,-0.16666666666666666
Suj_014,Respuestas de formulario 2,AEF,Bloque_CON,1,Bloque_1,1,Opción 2,0,3.5,4.333333333333333,0,-1,-1,Hombre,7,7,0.0,0,-1,-1,0.0,0.3333333333333333,0.3333333333333333,0.3333333333333333,0.3333333333333333,0.3333333333333333,0.0,1.0,0.0,-1.0,1.0
Suj_014,Respuestas de formulario 2,AGH,Bloque_CON,1,Bloque_5,2,Opción 2,0,3.5,4.333333333333333,0,-1,-1,Hombre,7,7,2000.0,0,-1,-1,-1.0,0.3333333333333333,0.3333333333333333,0.3333333333333333,0.3333333333333333,0.3333333333333333,0.0,1.0,0.0,-1.0,1.0
Suj_014,Respuestas de formulario 2,ALM,Bloque_CON,1,Bloque_7,3,Opción 2,0,3.5,4.333333333333333,0,-1,-1,Hombre,7,7,2400.0,0,-1,-1,-1.0,0.3333333333333333,0.3333333333333333,0.3333333333333333,0.3333333333333333,0.3333333333333333,0.0,1.0,0.0,-1.0,1.0
Suj_014,Respuestas de formulario 2,ABC,Bloque_CON,1,Bloque_3,4,Opción 2,0,3.5,4.333333333333333,0,-1,-1,Hombre,7,7,0.0,0,-1,-1,0.0,0.3333333333333333,0.3333333333333333,0.3333333333333333,0.3333333333333333,0.3333333333333333,0.0,1.0,0.0,-1.0,1.0
Suj_014,Respuestas de formulario 2,AQS,Bloque_CON,1,Bloque_9,5,Opción 2,0,3.5,4.333333333333333,0,-1,-1,Hombre,7,7,1000.0,0,-1,-1,-1.0,0.3333333333333333,0.3333333333333333,0.3333333333333333,0.3333333333333333,0.3333333333333333,0.0,1.0,0.0,-1.0,1.0
Suj_014,Respuestas de formulario 2,AJK,Bloque_CON,1,Bloque_11,6,Opción 2,0,3.5,4.333333333333333,0,-1,-1,Hombre,7,7,1200.0,0,-1,-1,-1.0,0.3333333333333333,0.3333333333333333,0.3333333333333333,0.3333333333333333,0.3333333333333333,0.0,1.0,0.0,-1.0,1.0
Suj_014,Respuestas de formulario 2,AEF,Dist,2,Bloque_1,1,Opción 2,0,3.5,4.333333333333333,0,-1,-1,Hombre,7,7,0.0,0,-1,-1,0.0,0.3333333333333333,0.3333333333333333,0.3333333333333333,0.3333333333333333,0.3333333333333333,0.0,1.0,0.0,-1.0,1.0
Suj_014,Respuestas de formulario 2,AGH,Dist,2,Bloque_5,2,Opción 2,0,3.5,4.333333333333333,0,-1,-1,Hombre,7,7,2000.0,0,-1,-1,-1.0,0.3333333333333333,0.3333333333333333,0.3333333333333333,0.3333333333333333,0.3333333333333333,0.0,1.0,0.0,-1.0,1.0
Suj_014,Respuestas de formulario 2,ALM,Dist,2,Bloque_7,3,Opción 2,0,3.5,4.333333333333333,0,-1,-1,Hombre,7,7,2400.0,0,-1,-1,-1.0,0.3333333333333333,0.3333333333333333,0.3333333333333333,0.3333333333333333,0.3333333333333333,0.0,1.0,0.0,-1.0,1.0
Suj_014,Respuestas de formulario 2,ABC,Dist,2,Bloque_3,4,Opción 2,0,3.5,4.333333333333333,0,-1,-1,Hombre,7,7,0.0,0,-1,-1,0.0,0.3333333333333333,0.3333333333333333,0.3333333333333333,0.3333333333333333,0.3333333333333333,0.0,1.0,0.0,-1.0,1.0
Suj_014,Respuestas de formulario 2,AQS,Dist,2,Bloque_9,5,Opción 2,0,3.5,4.333333333333333,0,-1,-1,Hombre,7,7,1000.0,0,-1,-1,-1.0,0.3333333333333333,0.3333333333333333,0.3333333333333333,0.3333333333333333,0.3333333333333333,0.0,1.0,0.0,-1.0,1.0
Suj_014,Respuestas de formulario 2,AJK,Dist,2,Bloque_11,6,Opción 2,0,3.5,4.333333333333333,0,-1,-1,Hombre,7,7,1200.0,0,-1,-1,-1.0,0.3333333333333333,0.3333333333333333,0.3333333333333333,0.3333333333333333,0.3333333333333333,0.0,1.0,0.0,-1.0,1.0
Suj_014,Respuestas de formulario 2,AEF,Bloque_SIN,3,Bloque_1,1,Opción 1,1,3.5,4.333333333333333,0,-1,-1,Hombre,7,7,0.0,0,-1,-1,0.0,0.3333333333333333,0.3333333333333333,0.3333333333333333,0.3333333333333333,0.3333333333333333,0.0,1.0,0.0,-1.0,1.0
Suj_014,Respuestas de formulario 2,AGH,Bloque_SIN,3,Bloque_5,2,Opción 1,1,3.5,4.333333333333333,0,-1,-1,Hombre,7,7,2000.0,0,-1,-1,-1.0,0.3333333333333333,0.3333333333333333,0.3333333333333333,0.3333333333333333,0.3333333333333333,0.0,1.0,0.0,-1.0,1.0
Suj_014,Respuestas de formulario 2,ALM,Bloque_SIN,3,Bloque_7,3,Opción 1,1,3.5,4.333333333333333,0,-1,-1,Hombre,7,7,2400.0,0,-1,-1,-1.0,0.3333333333333333,0.3333333333333333,0.3333333333333333,0.3333333333333333,0.3333333333333333,0.0,1.0,0.0,-1.0,1.0
Suj_014,Respuestas de formulario 2,ABC,Bloque_SIN,3,Bloque_3,4,Opción 1,1,3.5,4.333333333333333,0,-1,-1,Hombre,7,7,0.0,0,-1,-1,0.0,0.3333333333333333,0.3333333333333333,0.3333333333333333,0.3333333333333333,0.3333333333333333,0.0,1.0,0.0,-1.0,1.0
Suj_014,Respuestas de formulario 2,AQS,Bloque_SIN,3,Bloque_9,5,Opción 1,1,3.5,4.333333333333333,0,-1,-1,Hombre,7,7,1000.0,0,-1,-1,-1.0,0.3333333333333333,0.3333333333333333,0.3333333333333333,0.3333333333333333,0.3333333333333333,0.0,1.0,0.0,-1.0,1.0
Suj_014,Respuestas de formulario 2,AJK,Bloque_SIN,3,Bloque_11,6,Opción 1,1,3.5,4.333333333333333,0,-1,-1,Hombre,7,7,1200.0,0,-1,-1,-1.0,0.3333333333333333,0.3333333333333333,0.3333333333333333,0.3333333333333333,0.3333333333333333,0.0,1.0,0.0,-1.0,1.0
Suj_015,Respuestas de formulario 2,AEF,Bloque_CON,1,Bloque_1,1,Opción 1,1,1.7,2.5,0,-1,-1,Mujer,3,3,0.0,0,-1,-1,0.0,1.0,0.0,0.0,0.3333333333333333,0.0,0.5,0.3333333333333333,0.3333333333333333,0.16666666666666669,0.0
Suj_015,Respuestas de formulario 2,AGH,Bloque_CON,1,Bloque_5,2,Opción 1,1,1.7,2.5,0,-1,-1,Mujer,3,3,2000.0,0,-1,-1,-1.0,1.0,0.0,0.0,0.3333333333333333,0.0,0.5,0.3333333333333333,0.3333333333333333,0.16666666666666669,0.0
Suj_015,Respuestas de formulario 2,ALM,Bloque_CON,1,Bloque_7,3,Opción 2,0,1.7,2.5,0,-1,-1,Mujer,3,3,2400.0,0,-1,-1,-1.0,1.0,0.0,0.0,0.3333333333333333,0.0,0.5,0.3333333333333333,0.3333333333333333,0.16666666666666669,0.0
Suj_015,Respuestas de formulario 2,ABC,Bloque_CON,1,Bloque_3,4,Opción 1,1,1.7,2.5,0,-1,-1,Mujer,3,3,0.0,0,-1,-1,0.0,1.0,0.0,0.0,0.3333333333333333,0.0,0.5,0.3333333333333333,0.3333333333333333,0.16666666666666669,0.0
Suj_015,Respuestas de formulario 2,AQS,Bloque_CON,1,Bloque_9,5,Opción 2,0,1.7,2.5,0,-1,-1,Mujer,3,3,1000.0,0,-1,-1,-1.0,1.0,0.0,0.0,0.3333333333333333,0.0,0.5,0.3333333333333333,0.3333333333333333,0.16666666666666669,0.0
Suj_015,Respuestas de formulario 2,AJK,Bloque_CON,1,Bloque_11,6,Opción 2,0,1.7,2.5,0,-1,-1,Mujer,3,3,1200.0,0,-1,-1,-1.0,1.0,0.0,0.0,0.3333333333333333,0.0,0.5,0.3333333333333333,0.3333333333333333,0.16666666666666669,0.0
Suj_015,Respuestas de formulario 2,AEF,Dist,2,Bloque_1,1,Opción 1,1,1.7,2.5,0,-1,-1,Mujer,3,3,0.0,0,-1,-1,0.0,1.0,0.0,0.0,0.3333333333333333,0.0,0.5,0.3333333333333333,0.3333333333333333,0.16666666666666669,0.0
Suj_015,Respuestas de formulario 2,AGH,Dist,2,Bloque_5,2,Opción 2,0,1.7,2.5,0,-1,-1,Mujer,3,3,2000.0,0,-1,-1,-1.0,1.0,0.0,0.0,0.3333333333333333,0.0,0.5,0.3333333333333333,0.3333333333333333,0.16666666666666669,0.0
Suj_015,Respuestas de formulario 2,ALM,Dist,2,Bloque_7,3,Opción 2,0,1.7,2.5,0,-1,-1,Mujer,3,3,2400.0,0,-1,-1,-1.0,1.0,0.0,0.0,0.3333333333333333,0.0,0.5,0.3333333333333333,0.3333333333333333,0.16666666666666669,0.0
Suj_015,Respuestas de formulario 2,ABC,Dist,2,Bloque_3,4,Opción 1,1,1.7,2.5,0,-1,-1,Mujer,3,3,0.0,0,-1,-1,0.0,1.0,0.0,0.0,0.3333333333333333,0.0,0.5,0.3333333333333333,0.3333333333333333,0.16666666666666669,0.0
Suj_015,Respuestas de formulario 2,AQS,Dist,2,Bloque_9,5,Opción 2,0,1.7,2.5,0,-1,-1,Mujer,3,3,1000.0,0,-1,-1,-1.0,1.0,0.0,0.0,0.3333333333333333,0.0,0.5,0.3333333333333333,0.3333333333333333,0.16666666666666669,0.0
Suj_015,Respuestas de formulario 2,AJK,Dist,2,Bloque_11,6,Opción 2,0,1.7,2.5,0,-1,-1,Mujer,3,3,1200.0,0,-1,-1,-1.0,1.0,0.0,0.0,0.3333333333333333,0.0,0.5,0.3333333333333333,0.3333333333333333,0.16666666666666669,0.0
Suj_015,Respuestas de formulario 2,AEF,Bloque_SIN,3,Bloque_1,1,Opción 1,1,1.7,2.5,0,-1,-1,Mujer,3,3,0.0,0,-1,-1,0.0,1.0,0.0,0.0,0.3333333333333333,0.0,0.5,0.3333333333333333,0.3333333333333333,0.16666666666666669,0.0
Suj_015,Respuestas de formulario 2,AGH,Bloque_SIN,3,Bloque_5,2,Opción 2,0,1.7,2.5,0,-1,-1,Mujer,3,3,2000.0,0,-1,-1,-1.0,1.0,0.0,0.0,0.3333333333333333,0.0,0.5,0.3333333333333333,0.3333333333333333,0.16666666666666669,0.0
Suj_015,Respuestas de formulario 2,ALM,Bloque_SIN,3,Bloque_7,3,Opción 2,0,1.7,2.5,0,-1,-1,Mujer,3,3,2400.0,0,-1,-1,-1.0,1.0,0.0,0.0,0.3333333333333333,0.0,0.5,0.3333333333333333,0.3333333333333333,0.16666666666666669,0.0
Suj_015,Respuestas de formulario 2,ABC,Bloque_SIN,3,Bloque_3,4,Opción 1,1,1.7,2.5,0,-1,-1,Mujer,3,3,0.0,0,-1,-1,0.0,1.0,0.0,0.0,0.3333333333333333,0.0,0.5,0.3333333333333333,0.3333333333333333,0.16666666666666669,0.0
Suj_015,Respuestas de formulario 2,AQS,Bloque_SIN,3,Bloque_9,5,Opción 2,0,1.7,2.5,0,-1,-1,Mujer,3,3,1000.0,0,-1,-1,-1.0,1.0,0.0,0.0,0.3333333333333333,0.0,0.5,0.3333333333333333,0.3333333333333333,0.16666666666666669,0.0
Suj_015,Respuestas de formulario 2,AJK,Bloque_SIN,3,Bloque_11,6,Opción 2,0,1.7,2.5,0,-1,-1,Mujer,3,3,1200.0,0,-1,-1,-1.0,1.0,0.0,0.0,0.3333333333333333,0.0,0.5,0.3333333333333333,0.3333333333333333,0.16666666666666669,0.0
Suj_016,Respuestas de formulario 2,AEF,Bloque_CON,1,Bloque_1,1,Opción 1,1,2.8,2.3333333333333335,0,0,0,Hombre,6,5,0.0,0,0,0,0.0,1.0,1.0,1.0,0.6666666666666666,0.3333333333333333,1.0,0.8333333333333334,0.6666666666666666,0.16666666666666663,0.16666666666666674
Suj_016,Respuestas de formulario 2,AGH,Bloque_CON,1,Bloque_5,2,Opción 1,1,2.8,2.3333333333333335,0,0,0,Hombre,6,5,2000.0,0,0,0,0.0,1.0,1.0,1.0,0.6666666666666666,0.3333333333333333,1.0,0.8333333333333334,0.6666666666666666,0.16666666666666663,0.16666666666666674
Suj_016,Respuestas de formulario 2,ALM,Bloque_CON,1,Bloque_7,3,Opción 1,1,2.8,2.3333333333333335,0,0,0,Hombre,6,5,2400.0,0,0,0,0.0,1.0,1.0,1.0,0.6666666666666666,0.3333333333333333,1.0,0.8333333333333334,0.6666666666666666,0.16666666666666663,0.16666666666666674
Suj_016,Respuestas de formulario 2,ABC,Bloque_CON,1,Bloque_3,4,Opción 1,1,2.8,2.3333333333333335,0,0,0,Hombre,6,5,0.0,0,0,0,0.0,1.0,1.0,1.0,0.6666666666666666,0.3333333333333333,1.0,0.8333333333333334,0.6666666666666666,0.16666666666666663,0.16666666666666674
Suj_016,Respuestas de formulario 2,AQS,Bloque_CON,1,Bloque_9,5,Opción 1,1,2.8,2.3333333333333335,0,0,0,Hombre,6,5,1000.0,0,0,0,0.0,1.0,1.0,1.0,0.6666666666666666,0.3333333333333333,1.0,0.8333333333333334,0.6666666666666666,0.16666666666666663,0.16666666666666674
Suj_016,Respuestas de formulario 2,AJK,Bloque_CON,1,Bloque_11,6,Opción 1,1,2.8,2.3333333333333335,0,0,0,Hombre,6,5,1200.0,0,0,0,0.0,1.0,1.0,1.0,0.6666666666666666,0.3333333333333333,1.0,0.8333333333333334,0.6666666666666666,0.16666666666666663,0.16666666666666674
Suj_016,Respuestas de formulario 2,AEF,Dist,2,Bloque_1,1,Opción 1,1,2.8,2.3333333333333335,0,0,0,Hombre,6,5,0.0,0,0,0,0.0,1.0,1.0,1.0,0.6666666666666666,0.3333333333333333,1.0,0.8333333333333334,0.6666666666666666,0.16666666666666663,0.16666666666666674
Suj_016,Respuestas de formulario 2,AGH,Dist,2,Bloque_5,2,Opción 2,0,2.8,2.3333333333333335,0,0,0,Hombre,6,5,2000.0,0,0,0,0.0,1.0,1.0,1.0,0.6666666666666666,0.3333333333333333,1.0,0.8333333333333334,0.6666666666666666,0.16666666666666663,0.16666666666666674
Suj_016,Respuestas de formulario 2,ALM,Dist,2,Bloque_7,3,Opción 2,0,2.8,2.3333333333333335,0,0,0,Hombre,6,5,2400.0,0,0,0,0.0,1.0,1.0,1.0,0.6666666666666666,0.3333333333333333,1.0,0.8333333333333334,0.6666666666666666,0.16666666666666663,0.16666666666666674
Suj_016,Respuestas de formulario 2,ABC,Dist,2,Bloque_3,4,Opción 1,1,2.8,2.3333333333333335,0,0,0,Hombre,6,5,0.0,0,0,0,0.0,1.0,1.0,1.0,0.6666666666666666,0.3333333333333333,1.0,0.8333333333333334,0.6666666666666666,0.16666666666666663,0.16666666666666674
Suj_016,Respuestas de formulario 2,AQS,Dist,2,Bloque_9,5,Opción 1,1,2.8,2.3333333333333335,0,0,0,Hombre,6,5,1000.0,0,0,0,0.0,1.0,1.0,1.0,0.6666666666666666,0.3333333333333333,1.0,0.8333333333333334,0.6666666666666666,0.16666666666666663,0.16666666666666674
Suj_016,Respuestas de formulario 2,AJK,Dist,2,Bloque_11,6,Opción 1,1,2.8,2.3333333333333335,0,0,0,Hombre,6,5,1200.0,0,0,0,0.0,1.0,1.0,1.0,0.6666666666666666,0.3333333333333333,1.0,0.8333333333333334,0.6666666666666666,0.16666666666666663,0.16666666666666674
Suj_016,Respuestas de formulario 2,AEF,Bloque_SIN,3,Bloque_1,1,Opción 1,1,2.8,2.3333333333333335,0,0,0,Hombre,6,5,0.0,0,0,0,0.0,1.0,1.0,1.0,0.6666666666666666,0.3333333333333333,1.0,0.8333333333333334,0.6666666666666666,0.16666666666666663,0.16666666666666674
Suj_016,Respuestas de formulario 2,AGH,Bloque_SIN,3,Bloque_5,2,Opción 1,1,2.8,2.3333333333333335,0,0,0,Hombre,6,5,2000.0,0,0,0,0.0,1.0,1.0,1.0,0.6666666666666666,0.3333333333333333,1.0,0.8333333333333334,0.6666666666666666,0.16666666666666663,0.16666666666666674
Suj_016,Respuestas de formulario 2,ALM,Bloque_SIN,3,Bloque_7,3,Opción 2,0,2.8,2.3333333333333335,0,0,0,Hombre,6,5,2400.0,0,0,0,0.0,1.0,1.0,1.0,0.6666666666666666,0.3333333333333333,1.0,0.8333333333333334,0.6666666666666666,0.16666666666666663,0.16666666666666674
Suj_016,Respuestas de formulario 2,ABC,Bloque_SIN,3,Bloque_3,4,Opción 1,1,2.8,2.3333333333333335,0,0,0,Hombre,6,5,0.0,0,0,0,0.0,1.0,1.0,1.0,0.6666666666666666,0.3333333333333333,1.0,0.8333333333333334,0.6666666666666666,0.16666666666666663,0.16666666666666674
Suj_016,Respuestas de formulario 2,AQS,Bloque_SIN,3,Bloque_9,5,Opción 1,1,2.8,2.3333333333333335,0,0,0,Hombre,6,5,1000.0,0,0,0,0.0,1.0,1.0,1.0,0.6666666666666666,0.3333333333333333,1.0,0.8333333333333334,0.6666666666666666,0.16666666666666663,0.16666666666666674
Suj_016,Respuestas de formulario 2,AJK,Bloque_SIN,3,Bloque_11,6,Opción 1,1,2.8,2.3333333333333335,0,0,0,Hombre,6,5,1200.0,0,0,0,0.0,1.0,1.0,1.0,0.6666666666666666,0.3333333333333333,1.0,0.8333333333333334,0.6666666666666666,0.16666666666666663,0.16666666666666674
Suj_017,Respuestas de formulario 2,AEF,Bloque_CON,1,Bloque_1,1,Opción 1,1,2.6,3.8333333333333335,1,1,-1,Hombre,4,5,0.0,1,1,-1,1.0,1.0,0.0,0.0,0.0,0.0,0.3333333333333333,0.3333333333333333,0.3333333333333333,0.0,0.0
Suj_017,Respuestas de formulario 2,AGH,Bloque_CON,1,Bloque_5,2,Opción 2,0,2.6,3.8333333333333335,1,1,-1,Hombre,4,5,2000.0,1,1,-1,1.0,1.0,0.0,0.0,0.0,0.0,0.3333333333333333,0.3333333333333333,0.3333333333333333,0.0,0.0
Suj_017,Respuestas de formulario 2,ALM,Bloque_CON,1,Bloque_7,3,Opción 2,0,2.6,3.8333333333333335,1,1,-1,Hombre,4,5,2400.0,1,1,-1,1.0,1.0,0.0,0.0,0.0,0.0,0.3333333333333333,0.3333333333333333,0.3333333333333333,0.0,0.0
Suj_017,Respuestas de formulario 2,ABC,Bloque_CON,1,Bloque_3,4,Opción 1,1,2.6,3.8333333333333335,1,1,-1,Hombre,4,5,0.0,1,1,-1,1.0,1.0,0.0,0.0,0.0,0.0,0.3333333333333333,0.3333333333333333,0.3333333333333333,0.0,0.0
Suj_017,Respuestas de formulario 2,AQS,Bloque_CON,1,Bloque_9,5,Opción 2,0,2.6,3.8333333333333335,1,1,-1,Hombre,4,5,1000.0,1,1,-1,-1.0,1.0,0.0,0.0,0.0,0.0,0.3333333333333333,0.3333333333333333,0.3333333333333333,0.0,0.0
Suj_017,Respuestas de formulario 2,AJK,Bloque_CON,1,Bloque_11,6,Opción 2,0,2.6,3.8333333333333335,1,1,-1,Hombre,4,5,1200.0,1,1,-1,-1.0,1.0,0.0,0.0,0.0,0.0,0.3333333333333333,0.3333333333333333,0.3333333333333333,0.0,0.0
Suj_017,Respuestas de formulario 2,AEF,Dist,2,Bloque_1,1,Opción 1,1,2.6,3.8333333333333335,1,1,-1,Hombre,4,5,0.0,1,1,-1,1.0,1.0,0.0,0.0,0.0,0.0,0.3333333333333333,0.3333333333333333,0.3333333333333333,0.0,0.0
Suj_017,Respuestas de formulario 2,AGH,Dist,2,Bloque_5,2,Opción 2,0,2.6,3.8333333333333335,1,1,-1,Hombre,4,5,2000.0,1,1,-1,1.0,1.0,0.0,0.0,0.0,0.0,0.3333333333333333,0.3333333333333333,0.3333333333333333,0.0,0.0
Suj_017,Respuestas de formulario 2,ALM,Dist,2,Bloque_7,3,Opción 2,0,2.6,3.8333333333333335,1,1,-1,Hombre,4,5,2400.0,1,1,-1,1.0,1.0,0.0,0.0,0.0,0.0,0.3333333333333333,0.3333333333333333,0.3333333333333333,0.0,0.0
Suj_017,Respuestas de formulario 2,ABC,Dist,2,Bloque_3,4,Opción 1,1,2.6,3.8333333333333335,1,1,-1,Hombre,4,5,0.0,1,1,-1,1.0,1.0,0.0,0.0,0.0,0.0,0.3333333333333333,0.3333333333333333,0.3333333333333333,0.0,0.0
Suj_017,Respuestas de formulario 2,AQS,Dist,2,Bloque_9,5,Opción 2,0,2.6,3.8333333333333335,1,1,-1,Hombre,4,5,1000.0,1,1,-1,-1.0,1.0,0.0,0.0,0.0,0.0,0.3333333333333333,0.3333333333333333,0.3333333333333333,0.0,0.0
Suj_017,Respuestas de formulario 2,AJK,Dist,2,Bloque_11,6,Opción 2,0,2.6,3.8333333333333335,1,1,-1,Hombre,4,5,1200.0,1,1,-1,-1.0,1.0,0.0,0.0,0.0,0.0,0.3333333333333333,0.3333333333333333,0.3333333333333333,0.0,0.0
Suj_017,Respuestas de formulario 2,AEF,Bloque_SIN,3,Bloque_1,1,Opción 1,1,2.6,3.8333333333333335,1,1,-1,Hombre,4,5,0.0,1,1,-1,1.0,1.0,0.0,0.0,0.0,0.0,0.3333333333333333,0.3333333333333333,0.3333333333333333,0.0,0.0
Suj_017,Respuestas de formulario 2,AGH,Bloque_SIN,3,Bloque_5,2,Opción 2,0,2.6,3.8333333333333335,1,1,-1,Hombre,4,5,2000.0,1,1,-1,1.0,1.0,0.0,0.0,0.0,0.0,0.3333333333333333,0.3333333333333333,0.3333333333333333,0.0,0.0
Suj_017,Respuestas de formulario 2,ALM,Bloque_SIN,3,Bloque_7,3,Opción 2,0,2.6,3.8333333333333335,1,1,-1,Hombre,4,5,2400.0,1,1,-1,1.0,1.0,0.0,0.0,0.0,0.0,0.3333333333333333,0.3333333333333333,0.3333333333333333,0.0,0.0
Suj_017,Respuestas de formulario 2,ABC,Bloque_SIN,3,Bloque_3,4,Opción 1,1,2.6,3.8333333333333335,1,1,-1,Hombre,4,5,0.0,1,1,-1,1.0,1.0,0.0,0.0,0.0,0.0,0.3333333333333333,0.3333333333333333,0.3333333333333333,0.0,0.0
Suj_017,Respuestas de formulario 2,AQS,Bloque_SIN,3,Bloque_9,5,Opción 2,0,2.6,3.8333333333333335,1,1,-1,Hombre,4,5,1000.0,1,1,-1,-1.0,1.0,0.0,0.0,0.0,0.0,0.3333333333333333,0.3333333333333333,0.3333333333333333,0.0,0.0
Suj_017,Respuestas de formulario 2,AJK,Bloque_SIN,3,Bloque_11,6,Opción 2,0,2.6,3.8333333333333335,1,1,-1,Hombre,4,5,1200.0,1,1,-1,-1.0,1.0,0.0,0.0,0.0,0.0,0.3333333333333333,0.3333333333333333,0.3333333333333333,0.0,0.0
Suj_018,Respuestas de formulario 2,AEF,Bloque_CON,1,Bloque_1,1,Opción 1,1,2.9,2.8333333333333335,1,-1,-1,Hombre,4,5,0.0,1,-1,-1,1.0,1.0,0.0,0.0,0.0,0.0,0.3333333333333333,0.3333333333333333,0.3333333333333333,0.0,0.0
Suj_018,Respuestas de formulario 2,AGH,Bloque_CON,1,Bloque_5,2,Opción 2,0,2.9,2.8333333333333335,1,-1,-1,Hombre,4,5,2000.0,1,-1,-1,-1.0,1.0,0.0,0.0,0.0,0.0,0.3333333333333333,0.3333333333333333,0.3333333333333333,0.0,0.0
Suj_018,Respuestas de formulario 2,ALM,Bloque_CON,1,Bloque_7,3,Opción 2,0,2.9,2.8333333333333335,1,-1,-1,Hombre,4,5,2400.0,1,-1,-1,-1.0,1.0,0.0,0.0,0.0,0.0,0.3333333333333333,0.3333333333333333,0.3333333333333333,0.0,0.0
Suj_018,Respuestas de formulario 2,ABC,Bloque_CON,1,Bloque_3,4,Opción 1,1,2.9,2.8333333333333335,1,-1,-1,Hombre,4,5,0.0,1,-1,-1,1.0,1.0,0.0,0.0,0.0,0.0,0.3333333333333333,0.3333333333333333,0.3333333333333333,0.0,0.0
Suj_018,Respuestas de formulario 2,AQS,Bloque_CON,1,Bloque_9,5,Opción 2,0,2.9,2.8333333333333335,1,-1,-1,Hombre,4,5,1000.0,1,-1,-1,-1.0,1.0,0.0,0.0,0.0,0.0,0.3333333333333333,0.3333333333333333,0.3333333333333333,0.0,0.0
Suj_018,Respuestas de formulario 2,AJK,Bloque_CON,1,Bloque_11,6,Opción 2,0,2.9,2.8333333333333335,1,-1,-1,Hombre,4,5,1200.0,1,-1,-1,-1.0,1.0,0.0,0.0,0.0,0.0,0.3333333333333333,0.3333333333333333,0.3333333333333333,0.0,0.0
Suj_018,Respuestas de formulario 2,AEF,Dist,2,Bloque_1,1,Opción 1,1,2.9,2.8333333333333335,1,-1,-1,Hombre,4,5,0.0,1,-1,-1,1.0,1.0,0.0,0.0,0.0,0.0,0.3333333333333333,0.3333333333333333,0.3333333333333333,0.0,0.0
Suj_018,Respuestas de formulario 2,AGH,Dist,2,Bloque_5,2,Opción 2,0,2.9,2.8333333333333335,1,-1,-1,Hombre,4,5,2000.0,1,-1,-1,-1.0,1.0,0.0,0.0,0.0,0.0,0.3333333333333333,0.3333333333333333,0.3333333333333333,0.0,0.0
Suj_018,Respuestas de formulario 2,ALM,Dist,2,Bloque_7,3,Opción 2,0,2.9,2.8333333333333335,1,-1,-1,Hombre,4,5,2400.0,1,-1,-1,-1.0,1.0,0.0,0.0,0.0,0.0,0.3333333333333333,0.3333333333333333,0.3333333333333333,0.0,0.0
Suj_018,Respuestas de formulario 2,ABC,Dist,2,Bloque_3,4,Opción 1,1,2.9,2.8333333333333335,1,-1,-1,Hombre,4,5,0.0,1,-1,-1,1.0,1.0,0.0,0.0,0.0,0.0,0.3333333333333333,0.3333333333333333,0.3333333333333333,0.0,0.0
Suj_018,Respuestas de formulario 2,AQS,Dist,2,Bloque_9,5,Opción 2,0,2.9,2.8333333333333335,1,-1,-1,Hombre,4,5,1000.0,1,-1,-1,-1.0,1.0,0.0,0.0,0.0,0.0,0.3333333333333333,0.3333333333333333,0.3333333333333333,0.0,0.0
Suj_018,Respuestas de formulario 2,AJK,Dist,2,Bloque_11,6,Opción 2,0,2.9,2.8333333333333335,1,-1,-1,Hombre,4,5,1200.0,1,-1,-1,-1.0,1.0,0.0,0.0,0.0,0.0,0.3333333333333333,0.3333333333333333,0.3333333333333333,0.0,0.0
Suj_018,Respuestas de formulario 2,AEF,Bloque_SIN,3,Bloque_1,1,Opción 1,1,2.9,2.8333333333333335,1,-1,-1,Hombre,4,5,0.0,1,-1,-1,1.0,1.0,0.0,0.0,0.0,0.0,0.3333333333333333,0.3333333333333333,0.3333333333333333,0.0,0.0
Suj_018,Respuestas de formulario 2,AGH,Bloque_SIN,3,Bloque_5,2,Opción 2,0,2.9,2.8333333333333335,1,-1,-1,Hombre,4,5,2000.0,1,-1,-1,-1.0,1.0,0.0,0.0,0.0,0.0,0.3333333333333333,0.3333333333333333,0.3333333333333333,0.0,0.0
Suj_018,Respuestas de formulario 2,ALM,Bloque_SIN,3,Bloque_7,3,Opción 2,0,2.9,2.8333333333333335,1,-1,-1,Hombre,4,5,2400.0,1,-1,-1,-1.0,1.0,0.0,0.0,0.0,0.0,0.3333333333333333,0.3333333333333333,0.3333333333333333,0.0,0.0
Suj_018,Respuestas de formulario 2,ABC,Bloque_SIN,3,Bloque_3,4,Opción 1,1,2.9,2.8333333333333335,1,-1,-1,Hombre,4,5,0.0,1,-1,-1,1.0,1.0,0.0,0.0,0.0,0.0,0.3333333333333333,0.3333333333333333,0.3333333333333333,0.0,0.0
Suj_018,Respuestas de formulario 2,AQS,Bloque_SIN,3,Bloque_9,5,Opción 2,0,2.9,2.8333333333333335,1,-1,-1,Hombre,4,5,1000.0,1,-1,-1,-1.0,1.0,0.0,0.0,0.0,0.0,0.3333333333333333,0.3333333333333333,0.3333333333333333,0.0,0.0
Suj_018,Respuestas de formulario 2,AJK,Bloque_SIN,3,Bloque_11,6,Opción 2,0,2.9,2.8333333333333335,1,-1,-1,Hombre,4,5,1200.0,1,-1,-1,-1.0,1.0,0.0,0.0,0.0,0.0,0.3333333333333333,0.3333333333333333,0.3333333333333333,0.0,0.0
Suj_019,Respuestas de formulario 2,AEF,Bloque_CON,1,Bloque_1,1,Opción 2,0,1.9,4.666666666666667,-1,-1,-1,Mujer,4,6,0.0,-1,-1,-1,-1.0,0.5,0.0,0.0,0.0,0.0,0.16666666666666666,0.16666666666666666,0.16666666666666666,0.0,0.0
Suj_019,Respuestas de formulario 2,AGH,Bloque_CON,1,Bloque_5,2,Opción 2,0,1.9,4.666666666666667,-1,-1,-1,Mujer,4,6,2000.0,-1,-1,-1,-1.0,0.5,0.0,0.0,0.0,0.0,0.16666666666666666,0.16666666666666666,0.16666666666666666,0.0,0.0
Suj_019,Respuestas de formulario 2,ALM,Bloque_CON,1,Bloque_7,3,Opción 2,0,1.9,4.666666666666667,-1,-1,-1,Mujer,4,6,2400.0,-1,-1,-1,-1.0,0.5,0.0,0.0,0.0,0.0,0.16666666666666666,0.16666666666666666,0.16666666666666666,0.0,0.0
Suj_019,Respuestas de formulario 2,ABC,Bloque_CON,1,Bloque_3,4,Opción 1,1,1.9,4.666666666666667,-1,-1,-1,Mujer,4,6,0.0,-1,-1,-1,-1.0,0.5,0.0,0.0,0.0,0.0,0.16666666666666666,0.16666666666666666,0.16666666666666666,0.0,0.0
Suj_019,Respuestas de formulario 2,AQS,Bloque_CON,1,Bloque_9,5,Opción 2,0,1.9,4.666666666666667,-1,-1,-1,Mujer,4,6,1000.0,-1,-1,-1,-1.0,0.5,0.0,0.0,0.0,0.0,0.16666666666666666,0.16666666666666666,0.16666666666666666,0.0,0.0
Suj_019,Respuestas de formulario 2,AJK,Bloque_CON,1,Bloque_11,6,Opción 2,0,1.9,4.666666666666667,-1,-1,-1,Mujer,4,6,1200.0,-1,-1,-1,-1.0,0.5,0.0,0.0,0.0,0.0,0.16666666666666666,0.16666666666666666,0.16666666666666666,0.0,0.0
Suj_019,Respuestas de formulario 2,AEF,Dist,2,Bloque_1,1,Opción 2,0,1.9,4.666666666666667,-1,-1,-1,Mujer,4,6,0.0,-1,-1,-1,-1.0,0.5,0.0,0.0,0.0,0.0,0.16666666666666666,0.16666666666666666,0.16666666666666666,0.0,0.0
Suj_019,Respuestas de formulario 2,AGH,Dist,2,Bloque_5,2,Opción 2,0,1.9,4.666666666666667,-1,-1,-1,Mujer,4,6,2000.0,-1,-1,-1,-1.0,0.5,0.0,0.0,0.0,0.0,0.16666666666666666,0.16666666666666666,0.16666666666666666,0.0,0.0
Suj_019,Respuestas de formulario 2,ALM,Dist,2,Bloque_7,3,Opción 2,0,1.9,4.666666666666667,-1,-1,-1,Mujer,4,6,2400.0,-1,-1,-1,-1.0,0.5,0.0,0.0,0.0,0.0,0.16666666666666666,0.16666666666666666,0.16666666666666666,0.0,0.0
Suj_019,Respuestas de formulario 2,ABC,Dist,2,Bloque_3,4,Opción 1,1,1.9,4.666666666666667,-1,-1,-1,Mujer,4,6,0.0,-1,-1,-1,-1.0,0.5,0.0,0.0,0.0,0.0,0.16666666666666666,0.16666666666666666,0.16666666666666666,0.0,0.0
Suj_019,Respuestas de formulario 2,AQS,Dist,2,Bloque_9,5,Opción 2,0,1.9,4.666666666666667,-1,-1,-1,Mujer,4,6,1000.0,-1,-1,-1,-1.0,0.5,0.0,0.0,0.0,0.0,0.16666666666666666,0.16666666666666666,0.16666666666666666,0.0,0.0
Suj_019,Respuestas de formulario 2,AJK,Dist,2,Bloque_11,6,Opción 2,0,1.9,4.666666666666667,-1,-1,-1,Mujer,4,6,1200.0,-1,-1,-1,-1.0,0.5,0.0,0.0,0.0,0.0,0.16666666666666666,0.16666666666666666,0.16666666666666666,0.0,0.0
Suj_019,Respuestas de formulario 2,AEF,Bloque_SIN,3,Bloque_1,1,Opción 2,0,1.9,4.666666666666667,-1,-1,-1,Mujer,4,6,0.0,-1,-1,-1,-1.0,0.5,0.0,0.0,0.0,0.0,0.16666666666666666,0.16666666666666666,0.16666666666666666,0.0,0.0
Suj_019,Respuestas de formulario 2,AGH,Bloque_SIN,3,Bloque_5,2,Opción 2,0,1.9,4.666666666666667,-1,-1,-1,Mujer,4,6,2000.0,-1,-1,-1,-1.0,0.5,0.0,0.0,0.0,0.0,0.16666666666666666,0.16666666666666666,0.16666666666666666,0.0,0.0
Suj_019,Respuestas de formulario 2,ALM,Bloque_SIN,3,Bloque_7,3,Opción 2,0,1.9,4.666666666666667,-1,-1,-1,Mujer,4,6,2400.0,-1,-1,-1,-1.0,0.5,0.0,0.0,0.0,0.0,0.16666666666666666,0.16666666666666666,0.16666666666666666,0.0,0.0
Suj_019,Respuestas de formulario 2,ABC,Bloque_SIN,3,Bloque_3,4,Opción 1,1,1.9,4.666666666666667,-1,-1,-1,Mujer,4,6,0.0,-1,-1,-1,-1.0,0.5,0.0,0.0,0.0,0.0,0.16666666666666666,0.16666666666666666,0.16666666666666666,0.0,0.0
Suj_019,Respuestas de formulario 2,AQS,Bloque_SIN,3,Bloque_9,5,Opción 2,0,1.9,4.666666666666667,-1,-1,-1,Mujer,4,6,1000.0,-1,-1,-1,-1.0,0.5,0.0,0.0,0.0,0.0,0.16666666666666666,0.16666666666666666,0.16666666666666666,0.0,0.0
Suj_019,Respuestas de formulario 2,AJK,Bloque_SIN,3,Bloque_11,6,Opción 2,0,1.9,4.666666666666667,-1,-1,-1,Mujer,4,6,1200.0,-1,-1,-1,-1.0,0.5,0.0,0.0,0.0,0.0,0.16666666666666666,0.16666666666666666,0.16666666666666666,0.0,0.0
Suj_020,Respuestas de formulario 2,AEF,Bloque_SIN,3,Bloque_1,1,Opción 2,0,1.4,3.3333333333333335,1,-1,0,Hombre,3,5,0.0,1,-1,0,1.0,0.5,0.6666666666666666,0.3333333333333333,0.0,0.6666666666666666,0.5,0.5,0.3333333333333333,0.0,0.16666666666666669
Suj_020,Respuestas de formulario 2,AGH,Bloque_SIN,3,Bloque_5,2,Opción 2,0,1.4,3.3333333333333335,1,-1,0,Hombre,3,5,2000.0,1,-1,0,-1.0,0.5,0.6666666666666666,0.3333333333333333,0.0,0.6666666666666666,0.5,0.5,0.3333333333333333,0.0,0.16666666666666669
Suj_020,Respuestas de formulario 2,ALM,Bloque_SIN,3,Bloque_7,3,Opción 1,1,1.4,3.3333333333333335,1,-1,0,Hombre,3,5,2400.0,1,-1,0,-1.0,0.5,0.6666666666666666,0.3333333333333333,0.0,0.6666666666666666,0.5,0.5,0.3333333333333333,0.0,0.16666666666666669
Suj_020,Respuestas de formulario 2,ABC,Bloque_SIN,3,Bloque_3,4,Opción 1,1,1.4,3.3333333333333335,1,-1,0,Hombre,3,5,0.0,1,-1,0,1.0,0.5,0.6666666666666666,0.3333333333333333,0.0,0.6666666666666666,0.5,0.5,0.3333333333333333,0.0,0.16666666666666669
Suj_020,Respuestas de formulario 2,AQS,Bloque_SIN,3,Bloque_9,5,Opción 2,0,1.4,3.3333333333333335,1,-1,0,Hombre,3,5,1000.0,1,-1,0,0.0,0.5,0.6666666666666666,0.3333333333333333,0.0,0.6666666666666666,0.5,0.5,0.3333333333333333,0.0,0.16666666666666669
Suj_020,Respuestas de formulario 2,AJK,Bloque_SIN,3,Bloque_11,6,Opción 1,1,1.4,3.3333333333333335,1,-1,0,Hombre,3,5,1200.0,1,-1,0,0.0,0.5,0.6666666666666666,0.3333333333333333,0.0,0.6666666666666666,0.5,0.5,0.3333333333333333,0.0,0.16666666666666669
Suj_021,Respuestas de formulario 2,AEF,Bloque_CON,1,Bloque_1,1,Opción 1,1,1.9,3.6666666666666665,-1,-1,1,Mujer,2,6,0.0,-1,-1,1,-1.0,0.6666666666666666,1.0,0.0,1.0,0.3333333333333333,0.6666666666666666,0.6666666666666666,0.5,0.0,0.16666666666666663
Suj_021,Respuestas de formulario 2,AGH,Bloque_CON,1,Bloque_5,2,Opción 1,1,1.9,3.6666666666666665,-1,-1,1,Mujer,2,6,2000.0,-1,-1,1,-1.0,0.6666666666666666,1.0,0.0,1.0,0.3333333333333333,0.6666666666666666,0.6666666666666666,0.5,0.0,0.16666666666666663
Suj_021,Respuestas de formulario 2,ALM,Bloque_CON,1,Bloque_7,3,Opción 1,1,1.9,3.6666666666666665,-1,-1,1,Mujer,2,6,2400.0,-1,-1,1,-1.0,0.6666666666666666,1.0,0.0,1.0,0.3333333333333333,0.6666666666666666,0.6666666666666666,0.5,0.0,0.16666666666666663
Suj_021,Respuestas de formulario 2,ABC,Bloque_CON,1,Bloque_3,4,Opción 2,0,1.9,3.6666666666666665,-1,-1,1,Mujer,2,6,0.0,-1,-1,1,-1.0,0.6666666666666666,1.0,0.0,1.0,0.3333333333333333,0.6666666666666666,0.6666666666666666,0.5,0.0,0.16666666666666663
Suj_021,Respuestas de formulario 2,AQS,Bloque_CON,1,Bloque_9,5,Opción 1,1,1.9,3.6666666666666665,-1,-1,1,Mujer,2,6,1000.0,-1,-1,1,1.0,0.6666666666666666,1.0,0.0,1.0,0.3333333333333333,0.6666666666666666,0.6666666666666666,0.5,0.0,0.16666666666666663
Suj_021,Respuestas de formulario 2,AJK,Bloque_CON,1,Bloque_11,6,Opción 2,0,1.9,3.6666666666666665,-1,-1,1,Mujer,2,6,1200.0,-1,-1,1,1.0,0.6666666666666666,1.0,0.0,1.0,0.3333333333333333,0.6666666666666666,0.6666666666666666,0.5,0.0,0.16666666666666663
Suj_021,Respuestas de formulario 2,AEF,Dist,2,Bloque_1,1,Opción 1,1,1.9,3.6666666666666665,-1,-1,1,Mujer,2,6,0.0,-1,-1,1,-1.0,0.6666666666666666,1.0,0.0,1.0,0.3333333333333333,0.6666666666666666,0.6666666666666666,0.5,0.0,0.16666666666666663
Suj_021,Respuestas de formulario 2,AGH,Dist,2,Bloque_5,2,Opción 1,1,1.9,3.6666666666666665,-1,-1,1,Mujer,2,6,2000.0,-1,-1,1,-1.0,0.6666666666666666,1.0,0.0,1.0,0.3333333333333333,0.6666666666666666,0.6666666666666666,0.5,0.0,0.16666666666666663
Suj_021,Respuestas de formulario 2,ALM,Dist,2,Bloque_7,3,Opción 2,0,1.9,3.6666666666666665,-1,-1,1,Mujer,2,6,2400.0,-1,-1,1,-1.0,0.6666666666666666,1.0,0.0,1.0,0.3333333333333333,0.6666666666666666,0.6666666666666666,0.5,0.0,0.16666666666666663
Suj_021,Respuestas de formulario 2,ABC,Dist,2,Bloque_3,4,Opción 2,0,1.9,3.6666666666666665,-1,-1,1,Mujer,2,6,0.0,-1,-1,1,-1.0,0.6666666666666666,1.0,0.0,1.0,0.3333333333333333,0.6666666666666666,0.6666666666666666,0.5,0.0,0.16666666666666663
Suj_021,Respuestas de formulario 2,AQS,Dist,2,Bloque_9,5,Opción 1,1,1.9,3.6666666666666665,-1,-1,1,Mujer,2,6,1000.0,-1,-1,1,1.0,0.6666666666666666,1.0,0.0,1.0,0.3333333333333333,0.6666666666666666,0.6666666666666666,0.5,0.0,0.16666666666666663
Suj_021,Respuestas de formulario 2,AJK,Dist,2,Bloque_11,6,Opción 2,0,1.9,3.6666666666666665,-1,-1,1,Mujer,2,6,1200.0,-1,-1,1,1.0,0.6666666666666666,1.0,0.0,1.0,0.3333333333333333,0.6666666666666666,0.6666666666666666,0.5,0.0,0.16666666666666663
Suj_021,Respuestas de formulario 2,AEF,Bloque_SIN,3,Bloque_1,1,Opción 1,1,1.9,3.6666666666666665,-1,-1,1,Mujer,2,6,0.0,-1,-1,1,-1.0,0.6666666666666666,1.0,0.0,1.0,0.3333333333333333,0.6666666666666666,0.6666666666666666,0.5,0.0,0.16666666666666663
Suj_021,Respuestas de formulario 2,AGH,Bloque_SIN,3,Bloque_5,2,Opción 1,1,1.9,3.6666666666666665,-1,-1,1,Mujer,2,6,2000.0,-1,-1,1,-1.0,0.6666666666666666,1.0,0.0,1.0,0.3333333333333333,0.6666666666666666,0.6666666666666666,0.5,0.0,0.16666666666666663
Suj_021,Respuestas de formulario 2,ALM,Bloque_SIN,3,Bloque_7,3,Opción 2,0,1.9,3.6666666666666665,-1,-1,1,Mujer,2,6,2400.0,-1,-1,1,-1.0,0.6666666666666666,1.0,0.0,1.0,0.3333333333333333,0.6666666666666666,0.6666666666666666,0.5,0.0,0.16666666666666663
Suj_021,Respuestas de formulario 2,ABC,Bloque_SIN,3,Bloque_3,4,Opción 1,1,1.9,3.6666666666666665,-1,-1,1,Mujer,2,6,0.0,-1,-1,1,-1.0,0.6666666666666666,1.0,0.0,1.0,0.3333333333333333,0.6666666666666666,0.6666666666666666,0.5,0.0,0.16666666666666663
Suj_021,Respuestas de formulario 2,AQS,Bloque_SIN,3,Bloque_9,5,Opción 1,1,1.9,3.6666666666666665,-1,-1,1,Mujer,2,6,1000.0,-1,-1,1,1.0,0.6666666666666666,1.0,0.0,1.0,0.3333333333333333,0.6666666666666666,0.6666666666666666,0.5,0.0,0.16666666666666663
Suj_021,Respuestas de formulario 2,AJK,Bloque_SIN,3,Bloque_11,6,Opción 2,0,1.9,3.6666666666666665,-1,-1,1,Mujer,2,6,1200.0,-1,-1,1,1.0,0.6666666666666666,1.0,0.0,1.0,0.3333333333333333,0.6666666666666666,0.6666666666666666,0.5,0.0,0.16666666666666663
Suj_022,Respuestas de formulario 2,AEF,Bloque_CON,1,Bloque_1,1,Opción 2,0,2.0,3.8333333333333335,0,0,0,Mujer,2,5,0.0,0,0,0,0.0,0.3333333333333333,0.6666666666666666,0.6666666666666666,0.0,0.0,0.0,0.5,0.5,-0.5,0.0
Suj_022,Respuestas de formulario 2,AGH,Bloque_CON,1,Bloque_5,2,Opción 2,0,2.0,3.8333333333333335,0,0,0,Mujer,2,5,2000.0,0,0,0,0.0,0.3333333333333333,0.6666666666666666,0.6666666666666666,0.0,0.0,0.0,0.5,0.5,-0.5,0.0
Suj_022,Respuestas de formulario 2,ALM,Bloque_CON,1,Bloque_7,3,Opción 2,0,2.0,3.8333333333333335,0,0,0,Mujer,2,5,2400.0,0,0,0,0.0,0.3333333333333333,0.6666666666666666,0.6666666666666666,0.0,0.0,0.0,0.5,0.5,-0.5,0.0
Suj_022,Respuestas de formulario 2,ABC,Bloque_CON,1,Bloque_3,4,Opción 2,0,2.0,3.8333333333333335,0,0,0,Mujer,2,5,0.0,0,0,0,0.0,0.3333333333333333,0.6666666666666666,0.6666666666666666,0.0,0.0,0.0,0.5,0.5,-0.5,0.0
Suj_022,Respuestas de formulario 2,AQS,Bloque_CON,1,Bloque_9,5,Opción 2,0,2.0,3.8333333333333335,0,0,0,Mujer,2,5,1000.0,0,0,0,0.0,0.3333333333333333,0.6666666666666666,0.6666666666666666,0.0,0.0,0.0,0.5,0.5,-0.5,0.0
Suj_022,Respuestas de formulario 2,AJK,Bloque_CON,1,Bloque_11,6,Opción 2,0,2.0,3.8333333333333335,0,0,0,Mujer,2,5,1200.0,0,0,0,0.0,0.3333333333333333,0.6666666666666666,0.6666666666666666,0.0,0.0,0.0,0.5,0.5,-0.5,0.0
Suj_022,Respuestas de formulario 2,AEF,Dist,2,Bloque_1,1,Opción 2,0,2.0,3.8333333333333335,0,0,0,Mujer,2,5,0.0,0,0,0,0.0,0.3333333333333333,0.6666666666666666,0.6666666666666666,0.0,0.0,0.0,0.5,0.5,-0.5,0.0
Suj_022,Respuestas de formulario 2,AGH,Dist,2,Bloque_5,2,Opción 2,0,2.0,3.8333333333333335,0,0,0,Mujer,2,5,2000.0,0,0,0,0.0,0.3333333333333333,0.6666666666666666,0.6666666666666666,0.0,0.0,0.0,0.5,0.5,-0.5,0.0
Suj_022,Respuestas de formulario 2,ALM,Dist,2,Bloque_7,3,Opción 2,0,2.0,3.8333333333333335,0,0,0,Mujer,2,5,2400.0,0,0,0,0.0,0.3333333333333333,0.6666666666666666,0.6666666666666666,0.0,0.0,0.0,0.5,0.5,-0.5,0.0
Suj_022,Respuestas de formulario 2,ABC,Dist,2,Bloque_3,4,Opción 1,1,2.0,3.8333333333333335,0,0,0,Mujer,2,5,0.0,0,0,0,0.0,0.3333333333333333,0.6666666666666666,0.6666666666666666,0.0,0.0,0.0,0.5,0.5,-0.5,0.0
Suj_022,Respuestas de formulario 2,AQS,Dist,2,Bloque_9,5,Opción 1,1,2.0,3.8333333333333335,0,0,0,Mujer,2,5,1000.0,0,0,0,0.0,0.3333333333333333,0.6666666666666666,0.6666666666666666,0.0,0.0,0.0,0.5,0.5,-0.5,0.0
Suj_022,Respuestas de formulario 2,AJK,Dist,2,Bloque_11,6,Opción 1,1,2.0,3.8333333333333335,0,0,0,Mujer,2,5,1200.0,0,0,0,0.0,0.3333333333333333,0.6666666666666666,0.6666666666666666,0.0,0.0,0.0,0.5,0.5,-0.5,0.0
Suj_022,Respuestas de formulario 2,AEF,Bloque_SIN,3,Bloque_1,1,Opción 2,0,2.0,3.8333333333333335,0,0,0,Mujer,2,5,0.0,0,0,0,0.0,0.3333333333333333,0.6666666666666666,0.6666666666666666,0.0,0.0,0.0,0.5,0.5,-0.5,0.0
Suj_022,Respuestas de formulario 2,AGH,Bloque_SIN,3,Bloque_5,2,Opción 2,0,2.0,3.8333333333333335,0,0,0,Mujer,2,5,2000.0,0,0,0,0.0,0.3333333333333333,0.6666666666666666,0.6666666666666666,0.0,0.0,0.0,0.5,0.5,-0.5,0.0
Suj_022,Respuestas de formulario 2,ALM,Bloque_SIN,3,Bloque_7,3,Opción 2,0,2.0,3.8333333333333335,0,0,0,Mujer,2,5,2400.0,0,0,0,0.0,0.3333333333333333,0.6666666666666666,0.6666666666666666,0.0,0.0,0.0,0.5,0.5,-0.5,0.0
Suj_022,Respuestas de formulario 2,ABC,Bloque_SIN,3,Bloque_3,4,Opción 1,1,2.0,3.8333333333333335,0,0,0,Mujer,2,5,0.0,0,0,0,0.0,0.3333333333333333,0.6666666666666666,0.6666666666666666,0.0,0.0,0.0,0.5,0.5,-0.5,0.0
Suj_022,Respuestas de formulario 2,AQS,Bloque_SIN,3,Bloque_9,5,Opción 1,1,2.0,3.8333333333333335,0,0,0,Mujer,2,5,1000.0,0,0,0,0.0,0.3333333333333333,0.6666666666666666,0.6666666666666666,0.0,0.0,0.0,0.5,0.5,-0.5,0.0
Suj_022,Respuestas de formulario 2,AJK,Bloque_SIN,3,Bloque_11,6,Opción 1,1,2.0,3.8333333333333335,0,0,0,Mujer,2,5,1200.0,0,0,0,0.0,0.3333333333333333,0.6666666666666666,0.6666666666666666,0.0,0.0,0.0,0.5,0.5,-0.5,0.0
Suj_023,Respuestas de formulario 2,AEF,Bloque_CON,1,Bloque_1,1,Opción 1,1,2.5,4.166666666666667,0,-1,-1,Hombre,5,6,0.0,0,-1,-1,0.0,1.0,0.0,0.0,0.0,0.3333333333333333,0.3333333333333333,0.5,0.3333333333333333,-0.16666666666666669,0.16666666666666669
Suj_023,Respuestas de formulario 2,AGH,Bloque_CON,1,Bloque_5,2,Opción 2,0,2.5,4.166666666666667,0,-1,-1,Hombre,5,6,2000.0,0,-1,-1,-1.0,1.0,0.0,0.0,0.0,0.3333333333333333,0.3333333333333333,0.5,0.3333333333333333,-0.16666666666666669,0.16666666666666669
Suj_023,Respuestas de formulario 2,ALM,Bloque_CON,1,Bloque_7,3,Opción 2,0,2.5,4.166666666666667,0,-1,-1,Hombre,5,6,2400.0,0,-1,-1,-1.0,1.0,0.0,0.0,0.0,0.3333333333333333,0.3333333333333333,0.5,0.3333333333333333,-0.16666666666666669,0.16666666666666669
Suj_023,Respuestas de formulario 2,ABC,Bloque_CON,1,Bloque_3,4,Opción 1,1,2.5,4.166666666666667,0,-1,-1,Hombre,5,6,0.0,0,-1,-1,0.0,1.0,0.0,0.0,0.0,0.3333333333333333,0.3333333333333333,0.5,0.3333333333333333,-0.16666666666666669,0.16666666666666669
Suj_023,Respuestas de formulario 2,AQS,Bloque_CON,1,Bloque_9,5,Opción 2,0,2.5,4.166666666666667,0,-1,-1,Hombre,5,6,1000.0,0,-1,-1,-1.0,1.0,0.0,0.0,0.0,0.3333333333333333,0.3333333333333333,0.5,0.3333333333333333,-0.16666666666666669,0.16666666666666669
Suj_023,Respuestas de formulario 2,AJK,Bloque_CON,1,Bloque_11,6,Opción 2,0,2.5,4.166666666666667,0,-1,-1,Hombre,5,6,1200.0,0,-1,-1,-1.0,1.0,0.0,0.0,0.0,0.3333333333333333,0.3333333333333333,0.5,0.3333333333333333,-0.16666666666666669,0.16666666666666669
Suj_023,Respuestas de formulario 2,AEF,Dist,2,Bloque_1,1,Opción 1,1,2.5,4.166666666666667,0,-1,-1,Hombre,5,6,0.0,0,-1,-1,0.0,1.0,0.0,0.0,0.0,0.3333333333333333,0.3333333333333333,0.5,0.3333333333333333,-0.16666666666666669,0.16666666666666669
Suj_023,Respuestas de formulario 2,AGH,Dist,2,Bloque_5,2,Opción 2,0,2.5,4.166666666666667,0,-1,-1,Hombre,5,6,2000.0,0,-1,-1,-1.0,1.0,0.0,0.0,0.0,0.3333333333333333,0.3333333333333333,0.5,0.3333333333333333,-0.16666666666666669,0.16666666666666669
Suj_023,Respuestas de formulario 2,ALM,Dist,2,Bloque_7,3,Opción 2,0,2.5,4.166666666666667,0,-1,-1,Hombre,5,6,2400.0,0,-1,-1,-1.0,1.0,0.0,0.0,0.0,0.3333333333333333,0.3333333333333333,0.5,0.3333333333333333,-0.16666666666666669,0.16666666666666669
Suj_023,Respuestas de formulario 2,ABC,Dist,2,Bloque_3,4,Opción 1,1,2.5,4.166666666666667,0,-1,-1,Hombre,5,6,0.0,0,-1,-1,0.0,1.0,0.0,0.0,0.0,0.3333333333333333,0.3333333333333333,0.5,0.3333333333333333,-0.16666666666666669,0.16666666666666669
Suj_023,Respuestas de formulario 2,AQS,Dist,2,Bloque_9,5,Opción 2,0,2.5,4.166666666666667,0,-1,-1,Hombre,5,6,1000.0,0,-1,-1,-1.0,1.0,0.0,0.0,0.0,0.3333333333333333,0.3333333333333333,0.5,0.3333333333333333,-0.16666666666666669,0.16666666666666669
Suj_023,Respuestas de formulario 2,AJK,Dist,2,Bloque_11,6,Opción 2,0,2.5,4.166666666666667,0,-1,-1,Hombre,5,6,1200.0,0,-1,-1,-1.0,1.0,0.0,0.0,0.0,0.3333333333333333,0.3333333333333333,0.5,0.3333333333333333,-0.16666666666666669,0.16666666666666669
Suj_023,Respuestas de formulario 2,AEF,Bloque_SIN,3,Bloque_1,1,Opción 1,1,2.5,4.166666666666667,0,-1,-1,Hombre,5,6,0.0,0,-1,-1,0.0,1.0,0.0,0.0,0.0,0.3333333333333333,0.3333333333333333,0.5,0.3333333333333333,-0.16666666666666669,0.16666666666666669
Suj_023,Respuestas de formulario 2,AGH,Bloque_SIN,3,Bloque_5,2,Opción 2,0,2.5,4.166666666666667,0,-1,-1,Hombre,5,6,2000.0,0,-1,-1,-1.0,1.0,0.0,0.0,0.0,0.3333333333333333,0.3333333333333333,0.5,0.3333333333333333,-0.16666666666666669,0.16666666666666669
Suj_023,Respuestas de formulario 2,ALM,Bloque_SIN,3,Bloque_7,3,Opción 1,1,2.5,4.166666666666667,0,-1,-1,Hombre,5,6,2400.0,0,-1,-1,-1.0,1.0,0.0,0.0,0.0,0.3333333333333333,0.3333333333333333,0.5,0.3333333333333333,-0.16666666666666669,0.16666666666666669
Suj_023,Respuestas de formulario 2,ABC,Bloque_SIN,3,Bloque_3,4,Opción 1,1,2.5,4.166666666666667,0,-1,-1,Hombre,5,6,0.0,0,-1,-1,0.0,1.0,0.0,0.0,0.0,0.3333333333333333,0.3333333333333333,0.5,0.3333333333333333,-0.16666666666666669,0.16666666666666669
Suj_023,Respuestas de formulario 2,AQS,Bloque_SIN,3,Bloque_9,5,Opción 2,0,2.5,4.166666666666667,0,-1,-1,Hombre,5,6,1000.0,0,-1,-1,-1.0,1.0,0.0,0.0,0.0,0.3333333333333333,0.3333333333333333,0.5,0.3333333333333333,-0.16666666666666669,0.16666666666666669
Suj_023,Respuestas de formulario 2,AJK,Bloque_SIN,3,Bloque_11,6,Opción 2,0,2.5,4.166666666666667,0,-1,-1,Hombre,5,6,1200.0,0,-1,-1,-1.0,1.0,0.0,0.0,0.0,0.3333333333333333,0.3333333333333333,0.5,0.3333333333333333,-0.16666666666666669,0.16666666666666669
Suj_024,Respuestas de formulario 2,AEF,Dist,2,Bloque_1,1,Opción 1,1,3.1,3.1666666666666665,-1,-1,-1,Mujer,3,3,0.0,-1,-1,-1,-1.0,0.8333333333333334,1.0,0.6666666666666666,0.3333333333333333,0.0,0.6666666666666666,0.6666666666666666,0.5,0.0,0.16666666666666663
Suj_024,Respuestas de formulario 2,AGH,Dist,2,Bloque_5,2,Opción 2,0,3.1,3.1666666666666665,-1,-1,-1,Mujer,3,3,2000.0,-1,-1,-1,-1.0,0.8333333333333334,1.0,0.6666666666666666,0.3333333333333333,0.0,0.6666666666666666,0.6666666666666666,0.5,0.0,0.16666666666666663
Suj_024,Respuestas de formulario 2,ALM,Dist,2,Bloque_7,3,Opción 2,0,3.1,3.1666666666666665,-1,-1,-1,Mujer,3,3,2400.0,-1,-1,-1,-1.0,0.8333333333333334,1.0,0.6666666666666666,0.3333333333333333,0.0,0.6666666666666666,0.6666666666666666,0.5,0.0,0.16666666666666663
Suj_024,Respuestas de formulario 2,ABC,Dist,2,Bloque_3,4,Opción 1,1,3.1,3.1666666666666665,-1,-1,-1,Mujer,3,3,0.0,-1,-1,-1,-1.0,0.8333333333333334,1.0,0.6666666666666666,0.3333333333333333,0.0,0.6666666666666666,0.6666666666666666,0.5,0.0,0.16666666666666663
Suj_024,Respuestas de formulario 2,AQS,Dist,2,Bloque_9,5,Opción 1,1,3.1,3.1666666666666665,-1,-1,-1,Mujer,3,3,1000.0,-1,-1,-1,-1.0,0.8333333333333334,1.0,0.6666666666666666,0.3333333333333333,0.0,0.6666666666666666,0.6666666666666666,0.5,0.0,0.16666666666666663
Suj_024,Respuestas de formulario 2,AJK,Dist,2,Bloque_11,6,Opción 2,0,3.1,3.1666666666666665,-1,-1,-1,Mujer,3,3,1200.0,-1,-1,-1,-1.0,0.8333333333333334,1.0,0.6666666666666666,0.3333333333333333,0.0,0.6666666666666666,0.6666666666666666,0.5,0.0,0.16666666666666663
Suj_025,Respuestas de formulario 2,AEF,Bloque_CON,1,Bloque_1,1,Opción 1,1,1.9,3.6666666666666665,1,-1,-1,Mujer,5,6,0.0,1,-1,-1,1.0,1.0,0.0,0.0,0.0,0.0,0.3333333333333333,0.3333333333333333,0.3333333333333333,0.0,0.0
Suj_025,Respuestas de formulario 2,AGH,Bloque_CON,1,Bloque_5,2,Opción 2,0,1.9,3.6666666666666665,1,-1,-1,Mujer,5,6,2000.0,1,-1,-1,-1.0,1.0,0.0,0.0,0.0,0.0,0.3333333333333333,0.3333333333333333,0.3333333333333333,0.0,0.0
Suj_025,Respuestas de formulario 2,ALM,Bloque_CON,1,Bloque_7,3,Opción 2,0,1.9,3.6666666666666665,1,-1,-1,Mujer,5,6,2400.0,1,-1,-1,-1.0,1.0,0.0,0.0,0.0,0.0,0.3333333333333333,0.3333333333333333,0.3333333333333333,0.0,0.0
Suj_025,Respuestas de formulario 2,ABC,Bloque_CON,1,Bloque_3,4,Opción 1,1,1.9,3.6666666666666665,1,-1,-1,Mujer,5,6,0.0,1,-1,-1,1.0,1.0,0.0,0.0,0.0,0.0,0.3333333333333333,0.3333333333333333,0.3333333333333333,0.0,0.0
Suj_025,Respuestas de formulario 2,AQS,Bloque_CON,1,Bloque_9,5,Opción 2,0,1.9,3.6666666666666665,1,-1,-1,Mujer,5,6,1000.0,1,-1,-1,-1.0,1.0,0.0,0.0,0.0,0.0,0.3333333333333333,0.3333333333333333,0.3333333333333333,0.0,0.0
Suj_025,Respuestas de formulario 2,AJK,Bloque_CON,1,Bloque_11,6,Opción 2,0,1.9,3.6666666666666665,1,-1,-1,Mujer,5,6,1200.0,1,-1,-1,-1.0,1.0,0.0,0.0,0.0,0.0,0.3333333333333333,0.3333333333333333,0.3333333333333333,0.0,0.0
Suj_025,Respuestas de formulario 2,AEF,Dist,2,Bloque_1,1,Opción 1,1,1.9,3.6666666666666665,1,-1,-1,Mujer,5,6,0.0,1,-1,-1,1.0,1.0,0.0,0.0,0.0,0.0,0.3333333333333333,0.3333333333333333,0.3333333333333333,0.0,0.0
Suj_025,Respuestas de formulario 2,AGH,Dist,2,Bloque_5,2,Opción 2,0,1.9,3.6666666666666665,1,-1,-1,Mujer,5,6,2000.0,1,-1,-1,-1.0,1.0,0.0,0.0,0.0,0.0,0.3333333333333333,0.3333333333333333,0.3333333333333333,0.0,0.0
Suj_025,Respuestas de formulario 2,ALM,Dist,2,Bloque_7,3,Opción 2,0,1.9,3.6666666666666665,1,-1,-1,Mujer,5,6,2400.0,1,-1,-1,-1.0,1.0,0.0,0.0,0.0,0.0,0.3333333333333333,0.3333333333333333,0.3333333333333333,0.0,0.0
Suj_025,Respuestas de formulario 2,ABC,Dist,2,Bloque_3,4,Opción 1,1,1.9,3.6666666666666665,1,-1,-1,Mujer,5,6,0.0,1,-1,-1,1.0,1.0,0.0,0.0,0.0,0.0,0.3333333333333333,0.3333333333333333,0.3333333333333333,0.0,0.0
Suj_025,Respuestas de formulario 2,AQS,Dist,2,Bloque_9,5,Opción 2,0,1.9,3.6666666666666665,1,-1,-1,Mujer,5,6,1000.0,1,-1,-1,-1.0,1.0,0.0,0.0,0.0,0.0,0.3333333333333333,0.3333333333333333,0.3333333333333333,0.0,0.0
Suj_025,Respuestas de formulario 2,AJK,Dist,2,Bloque_11,6,Opción 2,0,1.9,3.6666666666666665,1,-1,-1,Mujer,5,6,1200.0,1,-1,-1,-1.0,1.0,0.0,0.0,0.0,0.0,0.3333333333333333,0.3333333333333333,0.3333333333333333,0.0,0.0
Suj_025,Respuestas de formulario 2,AEF,Bloque_SIN,3,Bloque_1,1,Opción 1,1,1.9,3.6666666666666665,1,-1,-1,Mujer,5,6,0.0,1,-1,-1,1.0,1.0,0.0,0.0,0.0,0.0,0.3333333333333333,0.3333333333333333,0.3333333333333333,0.0,0.0
Suj_025,Respuestas de formulario 2,AGH,Bloque_SIN,3,Bloque_5,2,Opción 2,0,1.9,3.6666666666666665,1,-1,-1,Mujer,5,6,2000.0,1,-1,-1,-1.0,1.0,0.0,0.0,0.0,0.0,0.3333333333333333,0.3333333333333333,0.3333333333333333,0.0,0.0
Suj_025,Respuestas de formulario 2,ALM,Bloque_SIN,3,Bloque_7,3,Opción 2,0,1.9,3.6666666666666665,1,-1,-1,Mujer,5,6,2400.0,1,-1,-1,-1.0,1.0,0.0,0.0,0.0,0.0,0.3333333333333333,0.3333333333333333,0.3333333333333333,0.0,0.0
Suj_025,Respuestas de formulario 2,ABC,Bloque_SIN,3,Bloque_3,4,Opción 1,1,1.9,3.6666666666666665,1,-1,-1,Mujer,5,6,0.0,1,-1,-1,1.0,1.0,0.0,0.0,0.0,0.0,0.3333333333333333,0.3333333333333333,0.3333333333333333,0.0,0.0
Suj_025,Respuestas de formulario 2,AQS,Bloque_SIN,3,Bloque_9,5,Opción 2,0,1.9,3.6666666666666665,1,-1,-1,Mujer,5,6,1000.0,1,-1,-1,-1.0,1.0,0.0,0.0,0.0,0.0,0.3333333333333333,0.3333333333333333,0.3333333333333333,0.0,0.0
Suj_025,Respuestas de formulario 2,AJK,Bloque_SIN,3,Bloque_11,6,Opción 2,0,1.9,3.6666666666666665,1,-1,-1,Mujer,5,6,1200.0,1,-1,-1,-1.0,1.0,0.0,0.0,0.0,0.0,0.3333333333333333,0.3333333333333333,0.3333333333333333,0.0,0.0
Suj_026,Respuestas de formulario 3,ALM,Bloque_CON,1,Bloque_1,1,Opción 1,1,2.4,4.5,1,1,1,Hombre,5,7,0.0,1,1,1,1.0,0.6666666666666666,1.0,1.0,0.6666666666666666,1.0,0.6666666666666666,1.0,0.8333333333333334,-0.33333333333333337,0.16666666666666663
Suj_026,Respuestas de formulario 3,ABC,Bloque_CON,1,Bloque_5,2,Opción 2,0,2.4,4.5,1,1,1,Hombre,5,7,2000.0,1,1,1,1.0,0.6666666666666666,1.0,1.0,0.6666666666666666,1.0,0.6666666666666666,1.0,0.8333333333333334,-0.33333333333333337,0.16666666666666663
Suj_026,Respuestas de formulario 3,AQS,Bloque_CON,1,Bloque_7,3,Opción 1,1,2.4,4.5,1,1,1,Hombre,5,7,2400.0,1,1,1,1.0,0.6666666666666666,1.0,1.0,0.6666666666666666,1.0,0.6666666666666666,1.0,0.8333333333333334,-0.33333333333333337,0.16666666666666663
Suj_026,Respuestas de formulario 3,AEF,Bloque_CON,1,Bloque_3,4,Opción 2,0,2.4,4.5,1,1,1,Hombre,5,7,0.0,1,1,1,1.0,0.6666666666666666,1.0,1.0,0.6666666666666666,1.0,0.6666666666666666,1.0,0.8333333333333334,-0.33333333333333337,0.16666666666666663
Suj_026,Respuestas de formulario 3,AGH,Bloque_CON,1,Bloque_9,5,Opción 1,1,2.4,4.5,1,1,1,Hombre,5,7,1000.0,1,1,1,1.0,0.6666666666666666,1.0,1.0,0.6666666666666666,1.0,0.6666666666666666,1.0,0.8333333333333334,-0.33333333333333337,0.16666666666666663
Suj_026,Respuestas de formulario 3,AJK,Bloque_CON,1,Bloque_11,6,Opción 1,1,2.4,4.5,1,1,1,Hombre,5,7,1200.0,1,1,1,1.0,0.6666666666666666,1.0,1.0,0.6666666666666666,1.0,0.6666666666666666,1.0,0.8333333333333334,-0.33333333333333337,0.16666666666666663
Suj_026,Respuestas de formulario 3,ALM,Bloque_SIN,2,Bloque_1,1,Opción 1,1,2.4,4.5,1,1,1,Hombre,5,7,0.0,1,1,1,1.0,0.6666666666666666,1.0,1.0,0.6666666666666666,1.0,0.6666666666666666,1.0,0.8333333333333334,-0.33333333333333337,0.16666666666666663
Suj_026,Respuestas de formulario 3,ABC,Bloque_SIN,2,Bloque_5,2,Opción 1,1,2.4,4.5,1,1,1,Hombre,5,7,2000.0,1,1,1,1.0,0.6666666666666666,1.0,1.0,0.6666666666666666,1.0,0.6666666666666666,1.0,0.8333333333333334,-0.33333333333333337,0.16666666666666663
Suj_026,Respuestas de formulario 3,AQS,Bloque_SIN,2,Bloque_7,3,Opción 1,1,2.4,4.5,1,1,1,Hombre,5,7,2400.0,1,1,1,1.0,0.6666666666666666,1.0,1.0,0.6666666666666666,1.0,0.6666666666666666,1.0,0.8333333333333334,-0.33333333333333337,0.16666666666666663
Suj_026,Respuestas de formulario 3,AEF,Bloque_SIN,2,Bloque_3,4,Opción 1,1,2.4,4.5,1,1,1,Hombre,5,7,0.0,1,1,1,1.0,0.6666666666666666,1.0,1.0,0.6666666666666666,1.0,0.6666666666666666,1.0,0.8333333333333334,-0.33333333333333337,0.16666666666666663
Suj_026,Respuestas de formulario 3,AGH,Bloque_SIN,2,Bloque_9,5,Opción 1,1,2.4,4.5,1,1,1,Hombre,5,7,1000.0,1,1,1,1.0,0.6666666666666666,1.0,1.0,0.6666666666666666,1.0,0.6666666666666666,1.0,0.8333333333333334,-0.33333333333333337,0.16666666666666663
Suj_026,Respuestas de formulario 3,AJK,Bloque_SIN,2,Bloque_11,6,Opción 1,1,2.4,4.5,1,1,1,Hombre,5,7,1200.0,1,1,1,1.0,0.6666666666666666,1.0,1.0,0.6666666666666666,1.0,0.6666666666666666,1.0,0.8333333333333334,-0.33333333333333337,0.16666666666666663
Suj_026,Respuestas de formulario 3,ALM,Dist,3,Bloque_1,1,Opción 1,1,2.4,4.5,1,1,1,Hombre,5,7,0.0,1,1,1,1.0,0.6666666666666666,1.0,1.0,0.6666666666666666,1.0,0.6666666666666666,1.0,0.8333333333333334,-0.33333333333333337,0.16666666666666663
Suj_026,Respuestas de formulario 3,ABC,Dist,3,Bloque_5,2,Opción 1,1,2.4,4.5,1,1,1,Hombre,5,7,2000.0,1,1,1,1.0,0.6666666666666666,1.0,1.0,0.6666666666666666,1.0,0.6666666666666666,1.0,0.8333333333333334,-0.33333333333333337,0.16666666666666663
Suj_026,Respuestas de formulario 3,AQS,Dist,3,Bloque_7,3,Opción 1,1,2.4,4.5,1,1,1,Hombre,5,7,2400.0,1,1,1,1.0,0.6666666666666666,1.0,1.0,0.6666666666666666,1.0,0.6666666666666666,1.0,0.8333333333333334,-0.33333333333333337,0.16666666666666663
Suj_026,Respuestas de formulario 3,AEF,Dist,3,Bloque_3,4,Opción 2,0,2.4,4.5,1,1,1,Hombre,5,7,0.0,1,1,1,1.0,0.6666666666666666,1.0,1.0,0.6666666666666666,1.0,0.6666666666666666,1.0,0.8333333333333334,-0.33333333333333337,0.16666666666666663
Suj_026,Respuestas de formulario 3,AGH,Dist,3,Bloque_9,5,Opción 1,1,2.4,4.5,1,1,1,Hombre,5,7,1000.0,1,1,1,1.0,0.6666666666666666,1.0,1.0,0.6666666666666666,1.0,0.6666666666666666,1.0,0.8333333333333334,-0.33333333333333337,0.16666666666666663
Suj_026,Respuestas de formulario 3,AJK,Dist,3,Bloque_11,6,Opción 1,1,2.4,4.5,1,1,1,Hombre,5,7,1200.0,1,1,1,1.0,0.6666666666666666,1.0,1.0,0.6666666666666666,1.0,0.6666666666666666,1.0,0.8333333333333334,-0.33333333333333337,0.16666666666666663
Suj_027,Respuestas de formulario 3,ALM,Bloque_CON,1,Bloque_1,1,Opción 1,1,2.2,4.333333333333333,1,1,1,Mujer,3,4,0.0,1,1,1,1.0,0.8333333333333334,1.0,0.6666666666666666,0.3333333333333333,0.6666666666666666,0.6666666666666666,0.8333333333333334,0.6666666666666666,-0.16666666666666674,0.16666666666666674
Suj_027,Respuestas de formulario 3,ABC,Bloque_CON,1,Bloque_5,2,Opción 2,0,2.2,4.333333333333333,1,1,1,Mujer,3,4,2000.0,1,1,1,1.0,0.8333333333333334,1.0,0.6666666666666666,0.3333333333333333,0.6666666666666666,0.6666666666666666,0.8333333333333334,0.6666666666666666,-0.16666666666666674,0.16666666666666674
Suj_027,Respuestas de formulario 3,AQS,Bloque_CON,1,Bloque_7,3,Opción 2,0,2.2,4.333333333333333,1,1,1,Mujer,3,4,2400.0,1,1,1,1.0,0.8333333333333334,1.0,0.6666666666666666,0.3333333333333333,0.6666666666666666,0.6666666666666666,0.8333333333333334,0.6666666666666666,-0.16666666666666674,0.16666666666666674
Suj_027,Respuestas de formulario 3,AEF,Bloque_CON,1,Bloque_3,4,Opción 1,1,2.2,4.333333333333333,1,1,1,Mujer,3,4,0.0,1,1,1,1.0,0.8333333333333334,1.0,0.6666666666666666,0.3333333333333333,0.6666666666666666,0.6666666666666666,0.8333333333333334,0.6666666666666666,-0.16666666666666674,0.16666666666666674
Suj_027,Respuestas de formulario 3,AGH,Bloque_CON,1,Bloque_9,5,Opción 1,1,2.2,4.333333333333333,1,1,1,Mujer,3,4,1000.0,1,1,1,1.0,0.8333333333333334,1.0,0.6666666666666666,0.3333333333333333,0.6666666666666666,0.6666666666666666,0.8333333333333334,0.6666666666666666,-0.16666666666666674,0.16666666666666674
Suj_027,Respuestas de formulario 3,AJK,Bloque_CON,1,Bloque_11,6,Opción 1,1,2.2,4.333333333333333,1,1,1,Mujer,3,4,1200.0,1,1,1,1.0,0.8333333333333334,1.0,0.6666666666666666,0.3333333333333333,0.6666666666666666,0.6666666666666666,0.8333333333333334,0.6666666666666666,-0.16666666666666674,0.16666666666666674
Suj_027,Respuestas de formulario 3,ALM,Bloque_SIN,2,Bloque_1,1,Opción 1,1,2.2,4.333333333333333,1,1,1,Mujer,3,4,0.0,1,1,1,1.0,0.8333333333333334,1.0,0.6666666666666666,0.3333333333333333,0.6666666666666666,0.6666666666666666,0.8333333333333334,0.6666666666666666,-0.16666666666666674,0.16666666666666674
Suj_027,Respuestas de formulario 3,ABC,Bloque_SIN,2,Bloque_5,2,Opción 2,0,2.2,4.333333333333333,1,1,1,Mujer,3,4,2000.0,1,1,1,1.0,0.8333333333333334,1.0,0.6666666666666666,0.3333333333333333,0.6666666666666666,0.6666666666666666,0.8333333333333334,0.6666666666666666,-0.16666666666666674,0.16666666666666674
Suj_027,Respuestas de formulario 3,AQS,Bloque_SIN,2,Bloque_7,3,Opción 1,1,2.2,4.333333333333333,1,1,1,Mujer,3,4,2400.0,1,1,1,1.0,0.8333333333333334,1.0,0.6666666666666666,0.3333333333333333,0.6666666666666666,0.6666666666666666,0.8333333333333334,0.6666666666666666,-0.16666666666666674,0.16666666666666674
Suj_027,Respuestas de formulario 3,AEF,Bloque_SIN,2,Bloque_3,4,Opción 1,1,2.2,4.333333333333333,1,1,1,Mujer,3,4,0.0,1,1,1,1.0,0.8333333333333334,1.0,0.6666666666666666,0.3333333333333333,0.6666666666666666,0.6666666666666666,0.8333333333333334,0.6666666666666666,-0.16666666666666674,0.16666666666666674
Suj_027,Respuestas de formulario 3,AGH,Bloque_SIN,2,Bloque_9,5,Opción 1,1,2.2,4.333333333333333,1,1,1,Mujer,3,4,1000.0,1,1,1,1.0,0.8333333333333334,1.0,0.6666666666666666,0.3333333333333333,0.6666666666666666,0.6666666666666666,0.8333333333333334,0.6666666666666666,-0.16666666666666674,0.16666666666666674
Suj_027,Respuestas de formulario 3,AJK,Bloque_SIN,2,Bloque_11,6,Opción 1,1,2.2,4.333333333333333,1,1,1,Mujer,3,4,1200.0,1,1,1,1.0,0.8333333333333334,1.0,0.6666666666666666,0.3333333333333333,0.6666666666666666,0.6666666666666666,0.8333333333333334,0.6666666666666666,-0.16666666666666674,0.16666666666666674
Suj_027,Respuestas de formulario 3,ALM,Dist,3,Bloque_1,1,Opción 1,1,2.2,4.333333333333333,1,1,1,Mujer,3,4,0.0,1,1,1,1.0,0.8333333333333334,1.0,0.6666666666666666,0.3333333333333333,0.6666666666666666,0.6666666666666666,0.8333333333333334,0.6666666666666666,-0.16666666666666674,0.16666666666666674
Suj_027,Respuestas de formulario 3,ABC,Dist,3,Bloque_5,2,Opción 1,1,2.2,4.333333333333333,1,1,1,Mujer,3,4,2000.0,1,1,1,1.0,0.8333333333333334,1.0,0.6666666666666666,0.3333333333333333,0.6666666666666666,0.6666666666666666,0.8333333333333334,0.6666666666666666,-0.16666666666666674,0.16666666666666674
Suj_027,Respuestas de formulario 3,AQS,Dist,3,Bloque_7,3,Opción 1,1,2.2,4.333333333333333,1,1,1,Mujer,3,4,2400.0,1,1,1,1.0,0.8333333333333334,1.0,0.6666666666666666,0.3333333333333333,0.6666666666666666,0.6666666666666666,0.8333333333333334,0.6666666666666666,-0.16666666666666674,0.16666666666666674
Suj_027,Respuestas de formulario 3,AEF,Dist,3,Bloque_3,4,Opción 2,0,2.2,4.333333333333333,1,1,1,Mujer,3,4,0.0,1,1,1,1.0,0.8333333333333334,1.0,0.6666666666666666,0.3333333333333333,0.6666666666666666,0.6666666666666666,0.8333333333333334,0.6666666666666666,-0.16666666666666674,0.16666666666666674
Suj_027,Respuestas de formulario 3,AGH,Dist,3,Bloque_9,5,Opción 1,1,2.2,4.333333333333333,1,1,1,Mujer,3,4,1000.0,1,1,1,1.0,0.8333333333333334,1.0,0.6666666666666666,0.3333333333333333,0.6666666666666666,0.6666666666666666,0.8333333333333334,0.6666666666666666,-0.16666666666666674,0.16666666666666674
Suj_027,Respuestas de formulario 3,AJK,Dist,3,Bloque_11,6,Opción 2,0,2.2,4.333333333333333,1,1,1,Mujer,3,4,1200.0,1,1,1,1.0,0.8333333333333334,1.0,0.6666666666666666,0.3333333333333333,0.6666666666666666,0.6666666666666666,0.8333333333333334,0.6666666666666666,-0.16666666666666674,0.16666666666666674
Suj_028,Respuestas de formulario 3,ALM,Bloque_CON,1,Bloque_1,1,Opción 1,1,1.6,4.0,0,1,1,Mujer,2,5,0.0,0,1,1,0.0,0.8333333333333334,0.6666666666666666,0.6666666666666666,0.0,0.0,0.6666666666666666,0.5,0.3333333333333333,0.16666666666666663,0.16666666666666669
Suj_028,Respuestas de formulario 3,ABC,Bloque_CON,1,Bloque_5,2,Opción 2,0,1.6,4.0,0,1,1,Mujer,2,5,2000.0,0,1,1,1.0,0.8333333333333334,0.6666666666666666,0.6666666666666666,0.0,0.0,0.6666666666666666,0.5,0.3333333333333333,0.16666666666666663,0.16666666666666669
Suj_028,Respuestas de formulario 3,AQS,Bloque_CON,1,Bloque_7,3,Opción 2,0,1.6,4.0,0,1,1,Mujer,2,5,2400.0,0,1,1,1.0,0.8333333333333334,0.6666666666666666,0.6666666666666666,0.0,0.0,0.6666666666666666,0.5,0.3333333333333333,0.16666666666666663,0.16666666666666669
Suj_028,Respuestas de formulario 3,AEF,Bloque_CON,1,Bloque_3,4,Opción 1,1,1.6,4.0,0,1,1,Mujer,2,5,0.0,0,1,1,0.0,0.8333333333333334,0.6666666666666666,0.6666666666666666,0.0,0.0,0.6666666666666666,0.5,0.3333333333333333,0.16666666666666663,0.16666666666666669
Suj_028,Respuestas de formulario 3,AGH,Bloque_CON,1,Bloque_9,5,Opción 1,1,1.6,4.0,0,1,1,Mujer,2,5,1000.0,0,1,1,1.0,0.8333333333333334,0.6666666666666666,0.6666666666666666,0.0,0.0,0.6666666666666666,0.5,0.3333333333333333,0.16666666666666663,0.16666666666666669
Suj_028,Respuestas de formulario 3,AJK,Bloque_CON,1,Bloque_11,6,Opción 1,1,1.6,4.0,0,1,1,Mujer,2,5,1200.0,0,1,1,1.0,0.8333333333333334,0.6666666666666666,0.6666666666666666,0.0,0.0,0.6666666666666666,0.5,0.3333333333333333,0.16666666666666663,0.16666666666666669
Suj_028,Respuestas de formulario 3,ALM,Bloque_SIN,2,Bloque_1,1,Opción 1,1,1.6,4.0,0,1,1,Mujer,2,5,0.0,0,1,1,0.0,0.8333333333333334,0.6666666666666666,0.6666666666666666,0.0,0.0,0.6666666666666666,0.5,0.3333333333333333,0.16666666666666663,0.16666666666666669
Suj_028,Respuestas de formulario 3,ABC,Bloque_SIN,2,Bloque_5,2,Opción 2,0,1.6,4.0,0,1,1,Mujer,2,5,2000.0,0,1,1,1.0,0.8333333333333334,0.6666666666666666,0.6666666666666666,0.0,0.0,0.6666666666666666,0.5,0.3333333333333333,0.16666666666666663,0.16666666666666669
Suj_028,Respuestas de formulario 3,AQS,Bloque_SIN,2,Bloque_7,3,Opción 2,0,1.6,4.0,0,1,1,Mujer,2,5,2400.0,0,1,1,1.0,0.8333333333333334,0.6666666666666666,0.6666666666666666,0.0,0.0,0.6666666666666666,0.5,0.3333333333333333,0.16666666666666663,0.16666666666666669
Suj_028,Respuestas de formulario 3,AEF,Bloque_SIN,2,Bloque_3,4,Opción 1,1,1.6,4.0,0,1,1,Mujer,2,5,0.0,0,1,1,0.0,0.8333333333333334,0.6666666666666666,0.6666666666666666,0.0,0.0,0.6666666666666666,0.5,0.3333333333333333,0.16666666666666663,0.16666666666666669
Suj_028,Respuestas de formulario 3,AGH,Bloque_SIN,2,Bloque_9,5,Opción 1,1,1.6,4.0,0,1,1,Mujer,2,5,1000.0,0,1,1,1.0,0.8333333333333334,0.6666666666666666,0.6666666666666666,0.0,0.0,0.6666666666666666,0.5,0.3333333333333333,0.16666666666666663,0.16666666666666669
Suj_028,Respuestas de formulario 3,AJK,Bloque_SIN,2,Bloque_11,6,Opción 2,0,1.6,4.0,0,1,1,Mujer,2,5,1200.0,0,1,1,1.0,0.8333333333333334,0.6666666666666666,0.6666666666666666,0.0,0.0,0.6666666666666666,0.5,0.3333333333333333,0.16666666666666663,0.16666666666666669
Suj_028,Respuestas de formulario 3,ALM,Dist,3,Bloque_1,1,Opción 1,1,1.6,4.0,0,1,1,Mujer,2,5,0.0,0,1,1,0.0,0.8333333333333334,0.6666666666666666,0.6666666666666666,0.0,0.0,0.6666666666666666,0.5,0.3333333333333333,0.16666666666666663,0.16666666666666669
Suj_028,Respuestas de formulario 3,ABC,Dist,3,Bloque_5,2,Opción 2,0,1.6,4.0,0,1,1,Mujer,2,5,2000.0,0,1,1,1.0,0.8333333333333334,0.6666666666666666,0.6666666666666666,0.0,0.0,0.6666666666666666,0.5,0.3333333333333333,0.16666666666666663,0.16666666666666669
Suj_028,Respuestas de formulario 3,AQS,Dist,3,Bloque_7,3,Opción 2,0,1.6,4.0,0,1,1,Mujer,2,5,2400.0,0,1,1,1.0,0.8333333333333334,0.6666666666666666,0.6666666666666666,0.0,0.0,0.6666666666666666,0.5,0.3333333333333333,0.16666666666666663,0.16666666666666669
Suj_028,Respuestas de formulario 3,AEF,Dist,3,Bloque_3,4,Opción 2,0,1.6,4.0,0,1,1,Mujer,2,5,0.0,0,1,1,0.0,0.8333333333333334,0.6666666666666666,0.6666666666666666,0.0,0.0,0.6666666666666666,0.5,0.3333333333333333,0.16666666666666663,0.16666666666666669
Suj_028,Respuestas de formulario 3,AGH,Dist,3,Bloque_9,5,Opción 2,0,1.6,4.0,0,1,1,Mujer,2,5,1000.0,0,1,1,1.0,0.8333333333333334,0.6666666666666666,0.6666666666666666,0.0,0.0,0.6666666666666666,0.5,0.3333333333333333,0.16666666666666663,0.16666666666666669
Suj_028,Respuestas de formulario 3,AJK,Dist,3,Bloque_11,6,Opción 1,1,1.6,4.0,0,1,1,Mujer,2,5,1200.0,0,1,1,1.0,0.8333333333333334,0.6666666666666666,0.6666666666666666,0.0,0.0,0.6666666666666666,0.5,0.3333333333333333,0.16666666666666663,0.16666666666666669
Suj_029,Respuestas de formulario 3,ALM,Dist,3,Bloque_1,1,Opción 2,0,3.8,5.0,0,-1,-1,Mujer,7,5,0.0,0,-1,-1,0.0,0.5,0.3333333333333333,0.3333333333333333,0.3333333333333333,1.0,0.5,0.5,0.5,0.0,0.0
Suj_029,Respuestas de formulario 3,ABC,Dist,3,Bloque_5,2,Opción 1,1,3.8,5.0,0,-1,-1,Mujer,7,5,2000.0,0,-1,-1,-1.0,0.5,0.3333333333333333,0.3333333333333333,0.3333333333333333,1.0,0.5,0.5,0.5,0.0,0.0
Suj_029,Respuestas de formulario 3,AQS,Dist,3,Bloque_7,3,Opción 1,1,3.8,5.0,0,-1,-1,Mujer,7,5,2400.0,0,-1,-1,-1.0,0.5,0.3333333333333333,0.3333333333333333,0.3333333333333333,1.0,0.5,0.5,0.5,0.0,0.0
Suj_029,Respuestas de formulario 3,AEF,Dist,3,Bloque_3,4,Opción 2,0,3.8,5.0,0,-1,-1,Mujer,7,5,0.0,0,-1,-1,0.0,0.5,0.3333333333333333,0.3333333333333333,0.3333333333333333,1.0,0.5,0.5,0.5,0.0,0.0
Suj_029,Respuestas de formulario 3,AGH,Dist,3,Bloque_9,5,Opción 1,1,3.8,5.0,0,-1,-1,Mujer,7,5,1000.0,0,-1,-1,-1.0,0.5,0.3333333333333333,0.3333333333333333,0.3333333333333333,1.0,0.5,0.5,0.5,0.0,0.0
Suj_029,Respuestas de formulario 3,AJK,Dist,3,Bloque_11,6,Opción 2,0,3.8,5.0,0,-1,-1,Mujer,7,5,1200.0,0,-1,-1,-1.0,0.5,0.3333333333333333,0.3333333333333333,0.3333333333333333,1.0,0.5,0.5,0.5,0.0,0.0
Suj_031,Respuestas de formulario 3,ALM,Bloque_CON,1,Bloque_1,1,Opción 2,0,2.6,4.0,-1,-1,-1,Mujer,2,3,0.0,-1,-1,-1,-1.0,0.0,0.0,0.0,0.0,0.0,0.0,0.0,0.0,0.0,0.0
Suj_031,Respuestas de formulario 3,ABC,Bloque_CON,1,Bloque_5,2,Opción 2,0,2.6,4.0,-1,-1,-1,Mujer,2,3,2000.0,-1,-1,-1,-1.0,0.0,0.0,0.0,0.0,0.0,0.0,0.0,0.0,0.0,0.0
Suj_031,Respuestas de formulario 3,AQS,Bloque_CON,1,Bloque_7,3,Opción 2,0,2.6,4.0,-1,-1,-1,Mujer,2,3,2400.0,-1,-1,-1,-1.0,0.0,0.0,0.0,0.0,0.0,0.0,0.0,0.0,0.0,0.0
Suj_031,Respuestas de formulario 3,AEF,Bloque_CON,1,Bloque_3,4,Opción 2,0,2.6,4.0,-1,-1,-1,Mujer,2,3,0.0,-1,-1,-1,-1.0,0.0,0.0,0.0,0.0,0.0,0.0,0.0,0.0,0.0,0.0
Suj_031,Respuestas de formulario 3,AGH,Bloque_CON,1,Bloque_9,5,Opción 2,0,2.6,4.0,-1,-1,-1,Mujer,2,3,1000.0,-1,-1,-1,-1.0,0.0,0.0,0.0,0.0,0.0,0.0,0.0,0.0,0.0,0.0
Suj_031,Respuestas de formulario 3,AJK,Bloque_CON,1,Bloque_11,6,Opción 2,0,2.6,4.0,-1,-1,-1,Mujer,2,3,1200.0,-1,-1,-1,-1.0,0.0,0.0,0.0,0.0,0.0,0.0,0.0,0.0,0.0,0.0
Suj_031,Respuestas de formulario 3,ALM,Bloque_SIN,2,Bloque_1,1,Opción 2,0,2.6,4.0,-1,-1,-1,Mujer,2,3,0.0,-1,-1,-1,-1.0,0.0,0.0,0.0,0.0,0.0,0.0,0.0,0.0,0.0,0.0
Suj_031,Respuestas de formulario 3,ABC,Bloque_SIN,2,Bloque_5,2,Opción 2,0,2.6,4.0,-1,-1,-1,Mujer,2,3,2000.0,-1,-1,-1,-1.0,0.0,0.0,0.0,0.0,0.0,0.0,0.0,0.0,0.0,0.0
Suj_031,Respuestas de formulario 3,AQS,Bloque_SIN,2,Bloque_7,3,Opción 2,0,2.6,4.0,-1,-1,-1,Mujer,2,3,2400.0,-1,-1,-1,-1.0,0.0,0.0,0.0,0.0,0.0,0.0,0.0,0.0,0.0,0.0
Suj_031,Respuestas de formulario 3,AEF,Bloque_SIN,2,Bloque_3,4,Opción 2,0,2.6,4.0,-1,-1,-1,Mujer,2,3,0.0,-1,-1,-1,-1.0,0.0,0.0,0.0,0.0,0.0,0.0,0.0,0.0,0.0,0.0
Suj_031,Respuestas de formulario 3,AGH,Bloque_SIN,2,Bloque_9,5,Opción 2,0,2.6,4.0,-1,-1,-1,Mujer,2,3,1000.0,-1,-1,-1,-1.0,0.0,0.0,0.0,0.0,0.0,0.0,0.0,0.0,0.0,0.0
Suj_031,Respuestas de formulario 3,AJK,Bloque_SIN,2,Bloque_11,6,Opción 2,0,2.6,4.0,-1,-1,-1,Mujer,2,3,1200.0,-1,-1,-1,-1.0,0.0,0.0,0.0,0.0,0.0,0.0,0.0,0.0,0.0,0.0
Suj_031,Respuestas de formulario 3,ALM,Dist,3,Bloque_1,1,Opción 2,0,2.6,4.0,-1,-1,-1,Mujer,2,3,0.0,-1,-1,-1,-1.0,0.0,0.0,0.0,0.0,0.0,0.0,0.0,0.0,0.0,0.0
Suj_031,Respuestas de formulario 3,ABC,Dist,3,Bloque_5,2,Opción 2,0,2.6,4.0,-1,-1,-1,Mujer,2,3,2000.0,-1,-1,-1,-1.0,0.0,0.0,0.0,0.0,0.0,0.0,0.0,0.0,0.0,0.0
Suj_031,Respuestas de formulario 3,AQS,Dist,3,Bloque_7,3,Opción 2,0,2.6,4.0,-1,-1,-1,Mujer,2,3,2400.0,-1,-1,-1,-1.0,0.0,0.0,0.0,0.0,0.0,0.0,0.0,0.0,0.0,0.0
Suj_031,Respuestas de formulario 3,AEF,Dist,3,Bloque_3,4,Opción 2,0,2.6,4.0,-1,-1,-1,Mujer,2,3,0.0,-1,-1,-1,-1.0,0.0,0.0,0.0,0.0,0.0,0.0,0.0,0.0,0.0,0.0
Suj_031,Respuestas de formulario 3,AGH,Dist,3,Bloque_9,5,Opción 2,0,2.6,4.0,-1,-1,-1,Mujer,2,3,1000.0,-1,-1,-1,-1.0,0.0,0.0,0.0,0.0,0.0,0.0,0.0,0.0,0.0,0.0
Suj_031,Respuestas de formulario 3,AJK,Dist,3,Bloque_11,6,Opción 2,0,2.6,4.0,-1,-1,-1,Mujer,2,3,1200.0,-1,-1,-1,-1.0,0.0,0.0,0.0,0.0,0.0,0.0,0.0,0.0,0.0,0.0
Suj_032,Respuestas de formulario 3,ALM,Bloque_SIN,2,Bloque_1,1,Opción 1,1,2.3,3.5,1,1,-1,Mujer,6,9,0.0,1,1,-1,1.0,0.5,0.0,0.3333333333333333,0.3333333333333333,0.0,0.3333333333333333,0.16666666666666666,0.3333333333333333,0.16666666666666666,-0.16666666666666666
Suj_032,Respuestas de formulario 3,ABC,Bloque_SIN,2,Bloque_5,2,Opción 2,0,2.3,3.5,1,1,-1,Mujer,6,9,2000.0,1,1,-1,1.0,0.5,0.0,0.3333333333333333,0.3333333333333333,0.0,0.3333333333333333,0.16666666666666666,0.3333333333333333,0.16666666666666666,-0.16666666666666666
Suj_032,Respuestas de formulario 3,AQS,Bloque_SIN,2,Bloque_7,3,Opción 2,0,2.3,3.5,1,1,-1,Mujer,6,9,2400.0,1,1,-1,1.0,0.5,0.0,0.3333333333333333,0.3333333333333333,0.0,0.3333333333333333,0.16666666666666666,0.3333333333333333,0.16666666666666666,-0.16666666666666666
Suj_032,Respuestas de formulario 3,AEF,Bloque_SIN,2,Bloque_3,4,Opción 2,0,2.3,3.5,1,1,-1,Mujer,6,9,0.0,1,1,-1,1.0,0.5,0.0,0.3333333333333333,0.3333333333333333,0.0,0.3333333333333333,0.16666666666666666,0.3333333333333333,0.16666666666666666,-0.16666666666666666
Suj_032,Respuestas de formulario 3,AGH,Bloque_SIN,2,Bloque_9,5,Opción 2,0,2.3,3.5,1,1,-1,Mujer,6,9,1000.0,1,1,-1,-1.0,0.5,0.0,0.3333333333333333,0.3333333333333333,0.0,0.3333333333333333,0.16666666666666666,0.3333333333333333,0.16666666666666666,-0.16666666666666666
Suj_032,Respuestas de formulario 3,AJK,Bloque_SIN,2,Bloque_11,6,Opción 2,0,2.3,3.5,1,1,-1,Mujer,6,9,1200.0,1,1,-1,-1.0,0.5,0.0,0.3333333333333333,0.3333333333333333,0.0,0.3333333333333333,0.16666666666666666,0.3333333333333333,0.16666666666666666,-0.16666666666666666
Suj_032,Respuestas de formulario 3,ALM,Dist,3,Bloque_1,1,Opción 1,1,2.3,3.5,1,1,-1,Mujer,6,9,0.0,1,1,-1,1.0,0.5,0.0,0.3333333333333333,0.3333333333333333,0.0,0.3333333333333333,0.16666666666666666,0.3333333333333333,0.16666666666666666,-0.16666666666666666
Suj_032,Respuestas de formulario 3,ABC,Dist,3,Bloque_5,2,Opción 1,1,2.3,3.5,1,1,-1,Mujer,6,9,2000.0,1,1,-1,1.0,0.5,0.0,0.3333333333333333,0.3333333333333333,0.0,0.3333333333333333,0.16666666666666666,0.3333333333333333,0.16666666666666666,-0.16666666666666666
Suj_032,Respuestas de formulario 3,AQS,Dist,3,Bloque_7,3,Opción 2,0,2.3,3.5,1,1,-1,Mujer,6,9,2400.0,1,1,-1,1.0,0.5,0.0,0.3333333333333333,0.3333333333333333,0.0,0.3333333333333333,0.16666666666666666,0.3333333333333333,0.16666666666666666,-0.16666666666666666
Suj_032,Respuestas de formulario 3,AEF,Dist,3,Bloque_3,4,Opción 2,0,2.3,3.5,1,1,-1,Mujer,6,9,0.0,1,1,-1,1.0,0.5,0.0,0.3333333333333333,0.3333333333333333,0.0,0.3333333333333333,0.16666666666666666,0.3333333333333333,0.16666666666666666,-0.16666666666666666
Suj_032,Respuestas de formulario 3,AGH,Dist,3,Bloque_9,5,Opción 2,0,2.3,3.5,1,1,-1,Mujer,6,9,1000.0,1,1,-1,-1.0,0.5,0.0,0.3333333333333333,0.3333333333333333,0.0,0.3333333333333333,0.16666666666666666,0.3333333333333333,0.16666666666666666,-0.16666666666666666
Suj_032,Respuestas de formulario 3,AJK,Dist,3,Bloque_11,6,Opción 2,0,2.3,3.5,1,1,-1,Mujer,6,9,1200.0,1,1,-1,-1.0,0.5,0.0,0.3333333333333333,0.3333333333333333,0.0,0.3333333333333333,0.16666666666666666,0.3333333333333333,0.16666666666666666,-0.16666666666666666
Suj_033,Respuestas de formulario 3,ALM,Bloque_CON,1,Bloque_1,1,Opción 1,1,1.0,4.0,1,-1,1,Mujer,2,4,0.0,1,-1,1,1.0,0.5,0.3333333333333333,0.3333333333333333,0.6666666666666666,0.3333333333333333,0.6666666666666666,0.0,0.6666666666666666,0.6666666666666666,-0.6666666666666666
Suj_033,Respuestas de formulario 3,ABC,Bloque_CON,1,Bloque_5,2,Opción 1,1,1.0,4.0,1,-1,1,Mujer,2,4,2000.0,1,-1,1,-1.0,0.5,0.3333333333333333,0.3333333333333333,0.6666666666666666,0.3333333333333333,0.6666666666666666,0.0,0.6666666666666666,0.6666666666666666,-0.6666666666666666
Suj_033,Respuestas de formulario 3,AQS,Bloque_CON,1,Bloque_7,3,Opción 2,0,1.0,4.0,1,-1,1,Mujer,2,4,2400.0,1,-1,1,-1.0,0.5,0.3333333333333333,0.3333333333333333,0.6666666666666666,0.3333333333333333,0.6666666666666666,0.0,0.6666666666666666,0.6666666666666666,-0.6666666666666666
Suj_033,Respuestas de formulario 3,AEF,Bloque_CON,1,Bloque_3,4,Opción 2,0,1.0,4.0,1,-1,1,Mujer,2,4,0.0,1,-1,1,1.0,0.5,0.3333333333333333,0.3333333333333333,0.6666666666666666,0.3333333333333333,0.6666666666666666,0.0,0.6666666666666666,0.6666666666666666,-0.6666666666666666
Suj_033,Respuestas de formulario 3,AGH,Bloque_CON,1,Bloque_9,5,Opción 1,1,1.0,4.0,1,-1,1,Mujer,2,4,1000.0,1,-1,1,1.0,0.5,0.3333333333333333,0.3333333333333333,0.6666666666666666,0.3333333333333333,0.6666666666666666,0.0,0.6666666666666666,0.6666666666666666,-0.6666666666666666
Suj_033,Respuestas de formulario 3,AJK,Bloque_CON,1,Bloque_11,6,Opción 1,1,1.0,4.0,1,-1,1,Mujer,2,4,1200.0,1,-1,1,1.0,0.5,0.3333333333333333,0.3333333333333333,0.6666666666666666,0.3333333333333333,0.6666666666666666,0.0,0.6666666666666666,0.6666666666666666,-0.6666666666666666
Suj_033,Respuestas de formulario 3,ALM,Bloque_SIN,2,Bloque_1,1,Opción 2,0,1.0,4.0,1,-1,1,Mujer,2,4,0.0,1,-1,1,1.0,0.5,0.3333333333333333,0.3333333333333333,0.6666666666666666,0.3333333333333333,0.6666666666666666,0.0,0.6666666666666666,0.6666666666666666,-0.6666666666666666
Suj_033,Respuestas de formulario 3,ABC,Bloque_SIN,2,Bloque_5,2,Opción 2,0,1.0,4.0,1,-1,1,Mujer,2,4,2000.0,1,-1,1,-1.0,0.5,0.3333333333333333,0.3333333333333333,0.6666666666666666,0.3333333333333333,0.6666666666666666,0.0,0.6666666666666666,0.6666666666666666,-0.6666666666666666
Suj_033,Respuestas de formulario 3,AQS,Bloque_SIN,2,Bloque_7,3,Opción 2,0,1.0,4.0,1,-1,1,Mujer,2,4,2400.0,1,-1,1,-1.0,0.5,0.3333333333333333,0.3333333333333333,0.6666666666666666,0.3333333333333333,0.6666666666666666,0.0,0.6666666666666666,0.6666666666666666,-0.6666666666666666
Suj_033,Respuestas de formulario 3,AEF,Bloque_SIN,2,Bloque_3,4,Opción 2,0,1.0,4.0,1,-1,1,Mujer,2,4,0.0,1,-1,1,1.0,0.5,0.3333333333333333,0.3333333333333333,0.6666666666666666,0.3333333333333333,0.6666666666666666,0.0,0.6666666666666666,0.6666666666666666,-0.6666666666666666
Suj_033,Respuestas de formulario 3,AGH,Bloque_SIN,2,Bloque_9,5,Opción 2,0,1.0,4.0,1,-1,1,Mujer,2,4,1000.0,1,-1,1,1.0,0.5,0.3333333333333333,0.3333333333333333,0.6666666666666666,0.3333333333333333,0.6666666666666666,0.0,0.6666666666666666,0.6666666666666666,-0.6666666666666666
Suj_033,Respuestas de formulario 3,AJK,Bloque_SIN,2,Bloque_11,6,Opción 2,0,1.0,4.0,1,-1,1,Mujer,2,4,1200.0,1,-1,1,1.0,0.5,0.3333333333333333,0.3333333333333333,0.6666666666666666,0.3333333333333333,0.6666666666666666,0.0,0.6666666666666666,0.6666666666666666,-0.6666666666666666
Suj_033,Respuestas de formulario 3,ALM,Dist,3,Bloque_1,1,Opción 1,1,1.0,4.0,1,-1,1,Mujer,2,4,0.0,1,-1,1,1.0,0.5,0.3333333333333333,0.3333333333333333,0.6666666666666666,0.3333333333333333,0.6666666666666666,0.0,0.6666666666666666,0.6666666666666666,-0.6666666666666666
Suj_033,Respuestas de formulario 3,ABC,Dist,3,Bloque_5,2,Opción 1,1,1.0,4.0,1,-1,1,Mujer,2,4,2000.0,1,-1,1,-1.0,0.5,0.3333333333333333,0.3333333333333333,0.6666666666666666,0.3333333333333333,0.6666666666666666,0.0,0.6666666666666666,0.6666666666666666,-0.6666666666666666
Suj_033,Respuestas de formulario 3,AQS,Dist,3,Bloque_7,3,Opción 1,1,1.0,4.0,1,-1,1,Mujer,2,4,2400.0,1,-1,1,-1.0,0.5,0.3333333333333333,0.3333333333333333,0.6666666666666666,0.3333333333333333,0.6666666666666666,0.0,0.6666666666666666,0.6666666666666666,-0.6666666666666666
Suj_033,Respuestas de formulario 3,AEF,Dist,3,Bloque_3,4,Opción 1,1,1.0,4.0,1,-1,1,Mujer,2,4,0.0,1,-1,1,1.0,0.5,0.3333333333333333,0.3333333333333333,0.6666666666666666,0.3333333333333333,0.6666666666666666,0.0,0.6666666666666666,0.6666666666666666,-0.6666666666666666
Suj_033,Respuestas de formulario 3,AGH,Dist,3,Bloque_9,5,Opción 2,0,1.0,4.0,1,-1,1,Mujer,2,4,1000.0,1,-1,1,1.0,0.5,0.3333333333333333,0.3333333333333333,0.6666666666666666,0.3333333333333333,0.6666666666666666,0.0,0.6666666666666666,0.6666666666666666,-0.6666666666666666
Suj_033,Respuestas de formulario 3,AJK,Dist,3,Bloque_11,6,Opción 2,0,1.0,4.0,1,-1,1,Mujer,2,4,1200.0,1,-1,1,1.0,0.5,0.3333333333333333,0.3333333333333333,0.6666666666666666,0.3333333333333333,0.6666666666666666,0.0,0.6666666666666666,0.6666666666666666,-0.6666666666666666
Suj_034,Respuestas de formulario 3,ALM,Bloque_CON,1,Bloque_1,1,Opción 2,0,1.0,5.0,-1,-1,-1,Hombre,2,4,0.0,-1,-1,-1,-1.0,0.0,0.0,0.0,0.0,0.0,0.0,0.0,0.0,0.0,0.0
Suj_034,Respuestas de formulario 3,ABC,Bloque_CON,1,Bloque_5,2,Opción 2,0,1.0,5.0,-1,-1,-1,Hombre,2,4,2000.0,-1,-1,-1,-1.0,0.0,0.0,0.0,0.0,0.0,0.0,0.0,0.0,0.0,0.0
Suj_034,Respuestas de formulario 3,AQS,Bloque_CON,1,Bloque_7,3,Opción 2,0,1.0,5.0,-1,-1,-1,Hombre,2,4,2400.0,-1,-1,-1,-1.0,0.0,0.0,0.0,0.0,0.0,0.0,0.0,0.0,0.0,0.0
Suj_034,Respuestas de formulario 3,AEF,Bloque_CON,1,Bloque_3,4,Opción 2,0,1.0,5.0,-1,-1,-1,Hombre,2,4,0.0,-1,-1,-1,-1.0,0.0,0.0,0.0,0.0,0.0,0.0,0.0,0.0,0.0,0.0
Suj_034,Respuestas de formulario 3,AGH,Bloque_CON,1,Bloque_9,5,Opción 2,0,1.0,5.0,-1,-1,-1,Hombre,2,4,1000.0,-1,-1,-1,-1.0,0.0,0.0,0.0,0.0,0.0,0.0,0.0,0.0,0.0,0.0
Suj_034,Respuestas de formulario 3,AJK,Bloque_CON,1,Bloque_11,6,Opción 2,0,1.0,5.0,-1,-1,-1,Hombre,2,4,1200.0,-1,-1,-1,-1.0,0.0,0.0,0.0,0.0,0.0,0.0,0.0,0.0,0.0,0.0
Suj_034,Respuestas de formulario 3,ALM,Bloque_SIN,2,Bloque_1,1,Opción 2,0,1.0,5.0,-1,-1,-1,Hombre,2,4,0.0,-1,-1,-1,-1.0,0.0,0.0,0.0,0.0,0.0,0.0,0.0,0.0,0.0,0.0
Suj_034,Respuestas de formulario 3,ABC,Bloque_SIN,2,Bloque_5,2,Opción 2,0,1.0,5.0,-1,-1,-1,Hombre,2,4,2000.0,-1,-1,-1,-1.0,0.0,0.0,0.0,0.0,0.0,0.0,0.0,0.0,0.0,0.0
Suj_034,Respuestas de formulario 3,AQS,Bloque_SIN,2,Bloque_7,3,Opción 2,0,1.0,5.0,-1,-1,-1,Hombre,2,4,2400.0,-1,-1,-1,-1.0,0.0,0.0,0.0,0.0,0.0,0.0,0.0,0.0,0.0,0.0
Suj_034,Respuestas de formulario 3,AEF,Bloque_SIN,2,Bloque_3,4,Opción 2,0,1.0,5.0,-1,-1,-1,Hombre,2,4,0.0,-1,-1,-1,-1.0,0.0,0.0,0.0,0.0,0.0,0.0,0.0,0.0,0.0,0.0
Suj_034,Respuestas de formulario 3,AGH,Bloque_SIN,2,Bloque_9,5,Opción 2,0,1.0,5.0,-1,-1,-1,Hombre,2,4,1000.0,-1,-1,-1,-1.0,0.0,0.0,0.0,0.0,0.0,0.0,0.0,0.0,0.0,0.0
Suj_034,Respuestas de formulario 3,AJK,Bloque_SIN,2,Bloque_11,6,Opción 2,0,1.0,5.0,-1,-1,-1,Hombre,2,4,1200.0,-1,-1,-1,-1.0,0.0,0.0,0.0,0.0,0.0,0.0,0.0,0.0,0.0,0.0
Suj_034,Respuestas de formulario 3,ALM,Dist,3,Bloque_1,1,Opción 2,0,1.0,5.0,-1,-1,-1,Hombre,2,4,0.0,-1,-1,-1,-1.0,0.0,0.0,0.0,0.0,0.0,0.0,0.0,0.0,0.0,0.0
Suj_034,Respuestas de formulario 3,ABC,Dist,3,Bloque_5,2,Opción 2,0,1.0,5.0,-1,-1,-1,Hombre,2,4,2000.0,-1,-1,-1,-1.0,0.0,0.0,0.0,0.0,0.0,0.0,0.0,0.0,0.0,0.0
Suj_034,Respuestas de formulario 3,AQS,Dist,3,Bloque_7,3,Opción 2,0,1.0,5.0,-1,-1,-1,Hombre,2,4,2400.0,-1,-1,-1,-1.0,0.0,0.0,0.0,0.0,0.0,0.0,0.0,0.0,0.0,0.0
Suj_034,Respuestas de formulario 3,AEF,Dist,3,Bloque_3,4,Opción 2,0,1.0,5.0,-1,-1,-1,Hombre,2,4,0.0,-1,-1,-1,-1.0,0.0,0.0,0.0,0.0,0.0,0.0,0.0,0.0,0.0,0.0
Suj_034,Respuestas de formulario 3,AGH,Dist,3,Bloque_9,5,Opción 2,0,1.0,5.0,-1,-1,-1,Hombre,2,4,1000.0,-1,-1,-1,-1.0,0.0,0.0,0.0,0.0,0.0,0.0,0.0,0.0,0.0,0.0
Suj_034,Respuestas de formulario 3,AJK,Dist,3,Bloque_11,6,Opción 2,0,1.0,5.0,-1,-1,-1,Hombre,2,4,1200.0,-1,-1,-1,-1.0,0.0,0.0,0.0,0.0,0.0,0.0,0.0,0.0,0.0,0.0
Suj_035,Respuestas de formulario 3,ALM,Bloque_CON,1,Bloque_1,1,Opción 2,0,1.6,3.3333333333333335,1,1,1,Mujer,3,2,0.0,1,1,1,1.0,0.3333333333333333,0.3333333333333333,0.0,0.6666666666666666,1.0,0.16666666666666666,0.5,0.6666666666666666,-0.33333333333333337,-0.16666666666666663
Suj_035,Respuestas de formulario 3,ABC,Bloque_CON,1,Bloque_5,2,Opción 2,0,1.6,3.3333333333333335,1,1,1,Mujer,3,2,2000.0,1,1,1,1.0,0.3333333333333333,0.3333333333333333,0.0,0.6666666666666666,1.0,0.16666666666666666,0.5,0.6666666666666666,-0.33333333333333337,-0.16666666666666663
Suj_035,Respuestas de formulario 3,AQS,Bloque_CON,1,Bloque_7,3,Opción 1,1,1.6,3.3333333333333335,1,1,1,Mujer,3,2,2400.0,1,1,1,1.0,0.3333333333333333,0.3333333333333333,0.0,0.6666666666666666,1.0,0.16666666666666666,0.5,0.6666666666666666,-0.33333333333333337,-0.16666666666666663
Suj_035,Respuestas de formulario 3,AEF,Bloque_CON,1,Bloque_3,4,Opción 2,0,1.6,3.3333333333333335,1,1,1,Mujer,3,2,0.0,1,1,1,1.0,0.3333333333333333,0.3333333333333333,0.0,0.6666666666666666,1.0,0.16666666666666666,0.5,0.6666666666666666,-0.33333333333333337,-0.16666666666666663
Suj_035,Respuestas de formulario 3,AGH,Bloque_CON,1,Bloque_9,5,Opción 2,0,1.6,3.3333333333333335,1,1,1,Mujer,3,2,1000.0,1,1,1,1.0,0.3333333333333333,0.3333333333333333,0.0,0.6666666666666666,1.0,0.16666666666666666,0.5,0.6666666666666666,-0.33333333333333337,-0.16666666666666663
Suj_035,Respuestas de formulario 3,AJK,Bloque_CON,1,Bloque_11,6,Opción 2,0,1.6,3.3333333333333335,1,1,1,Mujer,3,2,1200.0,1,1,1,1.0,0.3333333333333333,0.3333333333333333,0.0,0.6666666666666666,1.0,0.16666666666666666,0.5,0.6666666666666666,-0.33333333333333337,-0.16666666666666663
Suj_035,Respuestas de formulario 3,ALM,Bloque_SIN,2,Bloque_1,1,Opción 2,0,1.6,3.3333333333333335,1,1,1,Mujer,3,2,0.0,1,1,1,1.0,0.3333333333333333,0.3333333333333333,0.0,0.6666666666666666,1.0,0.16666666666666666,0.5,0.6666666666666666,-0.33333333333333337,-0.16666666666666663
Suj_035,Respuestas de formulario 3,ABC,Bloque_SIN,2,Bloque_5,2,Opción 1,1,1.6,3.3333333333333335,1,1,1,Mujer,3,2,2000.0,1,1,1,1.0,0.3333333333333333,0.3333333333333333,0.0,0.6666666666666666,1.0,0.16666666666666666,0.5,0.6666666666666666,-0.33333333333333337,-0.16666666666666663
Suj_035,Respuestas de formulario 3,AQS,Bloque_SIN,2,Bloque_7,3,Opción 1,1,1.6,3.3333333333333335,1,1,1,Mujer,3,2,2400.0,1,1,1,1.0,0.3333333333333333,0.3333333333333333,0.0,0.6666666666666666,1.0,0.16666666666666666,0.5,0.6666666666666666,-0.33333333333333337,-0.16666666666666663
Suj_035,Respuestas de formulario 3,AEF,Bloque_SIN,2,Bloque_3,4,Opción 2,0,1.6,3.3333333333333335,1,1,1,Mujer,3,2,0.0,1,1,1,1.0,0.3333333333333333,0.3333333333333333,0.0,0.6666666666666666,1.0,0.16666666666666666,0.5,0.6666666666666666,-0.33333333333333337,-0.16666666666666663
Suj_035,Respuestas de formulario 3,AGH,Bloque_SIN,2,Bloque_9,5,Opción 1,1,1.6,3.3333333333333335,1,1,1,Mujer,3,2,1000.0,1,1,1,1.0,0.3333333333333333,0.3333333333333333,0.0,0.6666666666666666,1.0,0.16666666666666666,0.5,0.6666666666666666,-0.33333333333333337,-0.16666666666666663
Suj_035,Respuestas de formulario 3,AJK,Bloque_SIN,2,Bloque_11,6,Opción 2,0,1.6,3.3333333333333335,1,1,1,Mujer,3,2,1200.0,1,1,1,1.0,0.3333333333333333,0.3333333333333333,0.0,0.6666666666666666,1.0,0.16666666666666666,0.5,0.6666666666666666,-0.33333333333333337,-0.16666666666666663
Suj_035,Respuestas de formulario 3,ALM,Dist,3,Bloque_1,1,Opción 1,1,1.6,3.3333333333333335,1,1,1,Mujer,3,2,0.0,1,1,1,1.0,0.3333333333333333,0.3333333333333333,0.0,0.6666666666666666,1.0,0.16666666666666666,0.5,0.6666666666666666,-0.33333333333333337,-0.16666666666666663
Suj_035,Respuestas de formulario 3,ABC,Dist,3,Bloque_5,2,Opción 1,1,1.6,3.3333333333333335,1,1,1,Mujer,3,2,2000.0,1,1,1,1.0,0.3333333333333333,0.3333333333333333,0.0,0.6666666666666666,1.0,0.16666666666666666,0.5,0.6666666666666666,-0.33333333333333337,-0.16666666666666663
Suj_035,Respuestas de formulario 3,AQS,Dist,3,Bloque_7,3,Opción 1,1,1.6,3.3333333333333335,1,1,1,Mujer,3,2,2400.0,1,1,1,1.0,0.3333333333333333,0.3333333333333333,0.0,0.6666666666666666,1.0,0.16666666666666666,0.5,0.6666666666666666,-0.33333333333333337,-0.16666666666666663
Suj_035,Respuestas de formulario 3,AEF,Dist,3,Bloque_3,4,Opción 1,1,1.6,3.3333333333333335,1,1,1,Mujer,3,2,0.0,1,1,1,1.0,0.3333333333333333,0.3333333333333333,0.0,0.6666666666666666,1.0,0.16666666666666666,0.5,0.6666666666666666,-0.33333333333333337,-0.16666666666666663
Suj_035,Respuestas de formulario 3,AGH,Dist,3,Bloque_9,5,Opción 2,0,1.6,3.3333333333333335,1,1,1,Mujer,3,2,1000.0,1,1,1,1.0,0.3333333333333333,0.3333333333333333,0.0,0.6666666666666666,1.0,0.16666666666666666,0.5,0.6666666666666666,-0.33333333333333337,-0.16666666666666663
Suj_035,Respuestas de formulario 3,AJK,Dist,3,Bloque_11,6,Opción 2,0,1.6,3.3333333333333335,1,1,1,Mujer,3,2,1200.0,1,1,1,1.0,0.3333333333333333,0.3333333333333333,0.0,0.6666666666666666,1.0,0.16666666666666666,0.5,0.6666666666666666,-0.33333333333333337,-0.16666666666666663
Suj_036,Respuestas de formulario 3,ALM,Bloque_CON,1,Bloque_1,1,Opción 2,0,2.1,4.166666666666667,0,-1,-1,Mujer,6,8,0.0,0,-1,-1,0.0,0.0,0.0,0.0,0.3333333333333333,0.0,0.0,0.0,0.16666666666666666,0.0,-0.16666666666666666
Suj_036,Respuestas de formulario 3,ABC,Bloque_CON,1,Bloque_5,2,Opción 2,0,2.1,4.166666666666667,0,-1,-1,Mujer,6,8,2000.0,0,-1,-1,-1.0,0.0,0.0,0.0,0.3333333333333333,0.0,0.0,0.0,0.16666666666666666,0.0,-0.16666666666666666
Suj_036,Respuestas de formulario 3,AQS,Bloque_CON,1,Bloque_7,3,Opción 2,0,2.1,4.166666666666667,0,-1,-1,Mujer,6,8,2400.0,0,-1,-1,-1.0,0.0,0.0,0.0,0.3333333333333333,0.0,0.0,0.0,0.16666666666666666,0.0,-0.16666666666666666
Suj_036,Respuestas de formulario 3,AEF,Bloque_CON,1,Bloque_3,4,Opción 2,0,2.1,4.166666666666667,0,-1,-1,Mujer,6,8,0.0,0,-1,-1,0.0,0.0,0.0,0.0,0.3333333333333333,0.0,0.0,0.0,0.16666666666666666,0.0,-0.16666666666666666
Suj_036,Respuestas de formulario 3,AGH,Bloque_CON,1,Bloque_9,5,Opción 2,0,2.1,4.166666666666667,0,-1,-1,Mujer,6,8,1000.0,0,-1,-1,-1.0,0.0,0.0,0.0,0.3333333333333333,0.0,0.0,0.0,0.16666666666666666,0.0,-0.16666666666666666
Suj_036,Respuestas de formulario 3,AJK,Bloque_CON,1,Bloque_11,6,Opción 2,0,2.1,4.166666666666667,0,-1,-1,Mujer,6,8,1200.0,0,-1,-1,-1.0,0.0,0.0,0.0,0.3333333333333333,0.0,0.0,0.0,0.16666666666666666,0.0,-0.16666666666666666
Suj_036,Respuestas de formulario 3,ALM,Bloque_SIN,2,Bloque_1,1,Opción 2,0,2.1,4.166666666666667,0,-1,-1,Mujer,6,8,0.0,0,-1,-1,0.0,0.0,0.0,0.0,0.3333333333333333,0.0,0.0,0.0,0.16666666666666666,0.0,-0.16666666666666666
Suj_036,Respuestas de formulario 3,ABC,Bloque_SIN,2,Bloque_5,2,Opción 2,0,2.1,4.166666666666667,0,-1,-1,Mujer,6,8,2000.0,0,-1,-1,-1.0,0.0,0.0,0.0,0.3333333333333333,0.0,0.0,0.0,0.16666666666666666,0.0,-0.16666666666666666
Suj_036,Respuestas de formulario 3,AQS,Bloque_SIN,2,Bloque_7,3,Opción 2,0,2.1,4.166666666666667,0,-1,-1,Mujer,6,8,2400.0,0,-1,-1,-1.0,0.0,0.0,0.0,0.3333333333333333,0.0,0.0,0.0,0.16666666666666666,0.0,-0.16666666666666666
Suj_036,Respuestas de formulario 3,AEF,Bloque_SIN,2,Bloque_3,4,Opción 2,0,2.1,4.166666666666667,0,-1,-1,Mujer,6,8,0.0,0,-1,-1,0.0,0.0,0.0,0.0,0.3333333333333333,0.0,0.0,0.0,0.16666666666666666,0.0,-0.16666666666666666
Suj_036,Respuestas de formulario 3,AGH,Bloque_SIN,2,Bloque_9,5,Opción 2,0,2.1,4.166666666666667,0,-1,-1,Mujer,6,8,1000.0,0,-1,-1,-1.0,0.0,0.0,0.0,0.3333333333333333,0.0,0.0,0.0,0.16666666666666666,0.0,-0.16666666666666666
Suj_036,Respuestas de formulario 3,AJK,Bloque_SIN,2,Bloque_11,6,Opción 2,0,2.1,4.166666666666667,0,-1,-1,Mujer,6,8,1200.0,0,-1,-1,-1.0,0.0,0.0,0.0,0.3333333333333333,0.0,0.0,0.0,0.16666666666666666,0.0,-0.16666666666666666
Suj_036,Respuestas de formulario 3,ALM,Dist,3,Bloque_1,1,Opción 2,0,2.1,4.166666666666667,0,-1,-1,Mujer,6,8,0.0,0,-1,-1,0.0,0.0,0.0,0.0,0.3333333333333333,0.0,0.0,0.0,0.16666666666666666,0.0,-0.16666666666666666
Suj_036,Respuestas de formulario 3,ABC,Dist,3,Bloque_5,2,Opción 1,1,2.1,4.166666666666667,0,-1,-1,Mujer,6,8,2000.0,0,-1,-1,-1.0,0.0,0.0,0.0,0.3333333333333333,0.0,0.0,0.0,0.16666666666666666,0.0,-0.16666666666666666
Suj_036,Respuestas de formulario 3,AQS,Dist,3,Bloque_7,3,Opción 2,0,2.1,4.166666666666667,0,-1,-1,Mujer,6,8,2400.0,0,-1,-1,-1.0,0.0,0.0,0.0,0.3333333333333333,0.0,0.0,0.0,0.16666666666666666,0.0,-0.16666666666666666
Suj_036,Respuestas de formulario 3,AEF,Dist,3,Bloque_3,4,Opción 2,0,2.1,4.166666666666667,0,-1,-1,Mujer,6,8,0.0,0,-1,-1,0.0,0.0,0.0,0.0,0.3333333333333333,0.0,0.0,0.0,0.16666666666666666,0.0,-0.16666666666666666
Suj_036,Respuestas de formulario 3,AGH,Dist,3,Bloque_9,5,Opción 2,0,2.1,4.166666666666667,0,-1,-1,Mujer,6,8,1000.0,0,-1,-1,-1.0,0.0,0.0,0.0,0.3333333333333333,0.0,0.0,0.0,0.16666666666666666,0.0,-0.16666666666666666
Suj_036,Respuestas de formulario 3,AJK,Dist,3,Bloque_11,6,Opción 2,0,2.1,4.166666666666667,0,-1,-1,Mujer,6,8,1200.0,0,-1,-1,-1.0,0.0,0.0,0.0,0.3333333333333333,0.0,0.0,0.0,0.16666666666666666,0.0,-0.16666666666666666
Suj_037,Respuestas de formulario 3,ALM,Bloque_CON,1,Bloque_1,1,Opción 2,0,1.4,2.6666666666666665,-1,-1,-1,Mujer,4,3,0.0,-1,-1,-1,-1.0,0.0,0.0,0.0,0.0,0.0,0.0,0.0,0.0,0.0,0.0
Suj_037,Respuestas de formulario 3,ABC,Bloque_CON,1,Bloque_5,2,Opción 2,0,1.4,2.6666666666666665,-1,-1,-1,Mujer,4,3,2000.0,-1,-1,-1,-1.0,0.0,0.0,0.0,0.0,0.0,0.0,0.0,0.0,0.0,0.0
Suj_037,Respuestas de formulario 3,AQS,Bloque_CON,1,Bloque_7,3,Opción 2,0,1.4,2.6666666666666665,-1,-1,-1,Mujer,4,3,2400.0,-1,-1,-1,-1.0,0.0,0.0,0.0,0.0,0.0,0.0,0.0,0.0,0.0,0.0
Suj_037,Respuestas de formulario 3,AEF,Bloque_CON,1,Bloque_3,4,Opción 2,0,1.4,2.6666666666666665,-1,-1,-1,Mujer,4,3,0.0,-1,-1,-1,-1.0,0.0,0.0,0.0,0.0,0.0,0.0,0.0,0.0,0.0,0.0
Suj_037,Respuestas de formulario 3,AGH,Bloque_CON,1,Bloque_9,5,Opción 2,0,1.4,2.6666666666666665,-1,-1,-1,Mujer,4,3,1000.0,-1,-1,-1,-1.0,0.0,0.0,0.0,0.0,0.0,0.0,0.0,0.0,0.0,0.0
Suj_037,Respuestas de formulario 3,AJK,Bloque_CON,1,Bloque_11,6,Opción 2,0,1.4,2.6666666666666665,-1,-1,-1,Mujer,4,3,1200.0,-1,-1,-1,-1.0,0.0,0.0,0.0,0.0,0.0,0.0,0.0,0.0,0.0,0.0
Suj_037,Respuestas de formulario 3,ALM,Bloque_SIN,2,Bloque_1,1,Opción 2,0,1.4,2.6666666666666665,-1,-1,-1,Mujer,4,3,0.0,-1,-1,-1,-1.0,0.0,0.0,0.0,0.0,0.0,0.0,0.0,0.0,0.0,0.0
Suj_037,Respuestas de formulario 3,ABC,Bloque_SIN,2,Bloque_5,2,Opción 2,0,1.4,2.6666666666666665,-1,-1,-1,Mujer,4,3,2000.0,-1,-1,-1,-1.0,0.0,0.0,0.0,0.0,0.0,0.0,0.0,0.0,0.0,0.0
Suj_037,Respuestas de formulario 3,AQS,Bloque_SIN,2,Bloque_7,3,Opción 2,0,1.4,2.6666666666666665,-1,-1,-1,Mujer,4,3,2400.0,-1,-1,-1,-1.0,0.0,0.0,0.0,0.0,0.0,0.0,0.0,0.0,0.0,0.0
Suj_037,Respuestas de formulario 3,AEF,Bloque_SIN,2,Bloque_3,4,Opción 2,0,1.4,2.6666666666666665,-1,-1,-1,Mujer,4,3,0.0,-1,-1,-1,-1.0,0.0,0.0,0.0,0.0,0.0,0.0,0.0,0.0,0.0,0.0
Suj_037,Respuestas de formulario 3,AGH,Bloque_SIN,2,Bloque_9,5,Opción 2,0,1.4,2.6666666666666665,-1,-1,-1,Mujer,4,3,1000.0,-1,-1,-1,-1.0,0.0,0.0,0.0,0.0,0.0,0.0,0.0,0.0,0.0,0.0
Suj_037,Respuestas de formulario 3,AJK,Bloque_SIN,2,Bloque_11,6,Opción 2,0,1.4,2.6666666666666665,-1,-1,-1,Mujer,4,3,1200.0,-1,-1,-1,-1.0,0.0,0.0,0.0,0.0,0.0,0.0,0.0,0.0,0.0,0.0
Suj_037,Respuestas de formulario 3,ALM,Dist,3,Bloque_1,1,Opción 2,0,1.4,2.6666666666666665,-1,-1,-1,Mujer,4,3,0.0,-1,-1,-1,-1.0,0.0,0.0,0.0,0.0,0.0,0.0,0.0,0.0,0.0,0.0
Suj_037,Respuestas de formulario 3,ABC,Dist,3,Bloque_5,2,Opción 2,0,1.4,2.6666666666666665,-1,-1,-1,Mujer,4,3,2000.0,-1,-1,-1,-1.0,0.0,0.0,0.0,0.0,0.0,0.0,0.0,0.0,0.0,0.0
Suj_037,Respuestas de formulario 3,AQS,Dist,3,Bloque_7,3,Opción 2,0,1.4,2.6666666666666665,-1,-1,-1,Mujer,4,3,2400.0,-1,-1,-1,-1.0,0.0,0.0,0.0,0.0,0.0,0.0,0.0,0.0,0.0,0.0
Suj_037,Respuestas de formulario 3,AEF,Dist,3,Bloque_3,4,Opción 2,0,1.4,2.6666666666666665,-1,-1,-1,Mujer,4,3,0.0,-1,-1,-1,-1.0,0.0,0.0,0.0,0.0,0.0,0.0,0.0,0.0,0.0,0.0
Suj_037,Respuestas de formulario 3,AGH,Dist,3,Bloque_9,5,Opción 2,0,1.4,2.6666666666666665,-1,-1,-1,Mujer,4,3,1000.0,-1,-1,-1,-1.0,0.0,0.0,0.0,0.0,0.0,0.0,0.0,0.0,0.0,0.0
Suj_037,Respuestas de formulario 3,AJK,Dist,3,Bloque_11,6,Opción 2,0,1.4,2.6666666666666665,-1,-1,-1,Mujer,4,3,1200.0,-1,-1,-1,-1.0,0.0,0.0,0.0,0.0,0.0,0.0,0.0,0.0,0.0,0.0
Suj_038,Respuestas de formulario 3,ALM,Bloque_CON,1,Bloque_1,1,Opción 1,1,3.0,3.6666666666666665,-1,-1,-1,Mujer,4,4,0.0,-1,-1,-1,-1.0,0.16666666666666666,0.3333333333333333,0.3333333333333333,0.3333333333333333,0.3333333333333333,0.6666666666666666,0.16666666666666666,0.0,0.5,0.16666666666666666
Suj_038,Respuestas de formulario 3,ABC,Bloque_CON,1,Bloque_5,2,Opción 2,0,3.0,3.6666666666666665,-1,-1,-1,Mujer,4,4,2000.0,-1,-1,-1,-1.0,0.16666666666666666,0.3333333333333333,0.3333333333333333,0.3333333333333333,0.3333333333333333,0.6666666666666666,0.16666666666666666,0.0,0.5,0.16666666666666666
Suj_038,Respuestas de formulario 3,AQS,Bloque_CON,1,Bloque_7,3,Opción 1,1,3.0,3.6666666666666665,-1,-1,-1,Mujer,4,4,2400.0,-1,-1,-1,-1.0,0.16666666666666666,0.3333333333333333,0.3333333333333333,0.3333333333333333,0.3333333333333333,0.6666666666666666,0.16666666666666666,0.0,0.5,0.16666666666666666
Suj_038,Respuestas de formulario 3,AEF,Bloque_CON,1,Bloque_3,4,Opción 2,0,3.0,3.6666666666666665,-1,-1,-1,Mujer,4,4,0.0,-1,-1,-1,-1.0,0.16666666666666666,0.3333333333333333,0.3333333333333333,0.3333333333333333,0.3333333333333333,0.6666666666666666,0.16666666666666666,0.0,0.5,0.16666666666666666
Suj_038,Respuestas de formulario 3,AGH,Bloque_CON,1,Bloque_9,5,Opción 1,1,3.0,3.6666666666666665,-1,-1,-1,Mujer,4,4,1000.0,-1,-1,-1,-1.0,0.16666666666666666,0.3333333333333333,0.3333333333333333,0.3333333333333333,0.3333333333333333,0.6666666666666666,0.16666666666666666,0.0,0.5,0.16666666666666666
Suj_038,Respuestas de formulario 3,AJK,Bloque_CON,1,Bloque_11,6,Opción 1,1,3.0,3.6666666666666665,-1,-1,-1,Mujer,4,4,1200.0,-1,-1,-1,-1.0,0.16666666666666666,0.3333333333333333,0.3333333333333333,0.3333333333333333,0.3333333333333333,0.6666666666666666,0.16666666666666666,0.0,0.5,0.16666666666666666
Suj_038,Respuestas de formulario 3,ALM,Bloque_SIN,2,Bloque_1,1,Opción 2,0,3.0,3.6666666666666665,-1,-1,-1,Mujer,4,4,0.0,-1,-1,-1,-1.0,0.16666666666666666,0.3333333333333333,0.3333333333333333,0.3333333333333333,0.3333333333333333,0.6666666666666666,0.16666666666666666,0.0,0.5,0.16666666666666666
Suj_038,Respuestas de formulario 3,ABC,Bloque_SIN,2,Bloque_5,2,Opción 1,1,3.0,3.6666666666666665,-1,-1,-1,Mujer,4,4,2000.0,-1,-1,-1,-1.0,0.16666666666666666,0.3333333333333333,0.3333333333333333,0.3333333333333333,0.3333333333333333,0.6666666666666666,0.16666666666666666,0.0,0.5,0.16666666666666666
Suj_038,Respuestas de formulario 3,AQS,Bloque_SIN,2,Bloque_7,3,Opción 2,0,3.0,3.6666666666666665,-1,-1,-1,Mujer,4,4,2400.0,-1,-1,-1,-1.0,0.16666666666666666,0.3333333333333333,0.3333333333333333,0.3333333333333333,0.3333333333333333,0.6666666666666666,0.16666666666666666,0.0,0.5,0.16666666666666666
Suj_038,Respuestas de formulario 3,AEF,Bloque_SIN,2,Bloque_3,4,Opción 2,0,3.0,3.6666666666666665,-1,-1,-1,Mujer,4,4,0.0,-1,-1,-1,-1.0,0.16666666666666666,0.3333333333333333,0.3333333333333333,0.3333333333333333,0.3333333333333333,0.6666666666666666,0.16666666666666666,0.0,0.5,0.16666666666666666
Suj_038,Respuestas de formulario 3,AGH,Bloque_SIN,2,Bloque_9,5,Opción 2,0,3.0,3.6666666666666665,-1,-1,-1,Mujer,4,4,1000.0,-1,-1,-1,-1.0,0.16666666666666666,0.3333333333333333,0.3333333333333333,0.3333333333333333,0.3333333333333333,0.6666666666666666,0.16666666666666666,0.0,0.5,0.16666666666666666
Suj_038,Respuestas de formulario 3,AJK,Bloque_SIN,2,Bloque_11,6,Opción 2,0,3.0,3.6666666666666665,-1,-1,-1,Mujer,4,4,1200.0,-1,-1,-1,-1.0,0.16666666666666666,0.3333333333333333,0.3333333333333333,0.3333333333333333,0.3333333333333333,0.6666666666666666,0.16666666666666666,0.0,0.5,0.16666666666666666
Suj_038,Respuestas de formulario 3,ALM,Dist,3,Bloque_1,1,Opción 2,0,3.0,3.6666666666666665,-1,-1,-1,Mujer,4,4,0.0,-1,-1,-1,-1.0,0.16666666666666666,0.3333333333333333,0.3333333333333333,0.3333333333333333,0.3333333333333333,0.6666666666666666,0.16666666666666666,0.0,0.5,0.16666666666666666
Suj_038,Respuestas de formulario 3,ABC,Dist,3,Bloque_5,2,Opción 2,0,3.0,3.6666666666666665,-1,-1,-1,Mujer,4,4,2000.0,-1,-1,-1,-1.0,0.16666666666666666,0.3333333333333333,0.3333333333333333,0.3333333333333333,0.3333333333333333,0.6666666666666666,0.16666666666666666,0.0,0.5,0.16666666666666666
Suj_038,Respuestas de formulario 3,AQS,Dist,3,Bloque_7,3,Opción 2,0,3.0,3.6666666666666665,-1,-1,-1,Mujer,4,4,2400.0,-1,-1,-1,-1.0,0.16666666666666666,0.3333333333333333,0.3333333333333333,0.3333333333333333,0.3333333333333333,0.6666666666666666,0.16666666666666666,0.0,0.5,0.16666666666666666
Suj_038,Respuestas de formulario 3,AEF,Dist,3,Bloque_3,4,Opción 2,0,3.0,3.6666666666666665,-1,-1,-1,Mujer,4,4,0.0,-1,-1,-1,-1.0,0.16666666666666666,0.3333333333333333,0.3333333333333333,0.3333333333333333,0.3333333333333333,0.6666666666666666,0.16666666666666666,0.0,0.5,0.16666666666666666
Suj_038,Respuestas de formulario 3,AGH,Dist,3,Bloque_9,5,Opción 2,0,3.0,3.6666666666666665,-1,-1,-1,Mujer,4,4,1000.0,-1,-1,-1,-1.0,0.16666666666666666,0.3333333333333333,0.3333333333333333,0.3333333333333333,0.3333333333333333,0.6666666666666666,0.16666666666666666,0.0,0.5,0.16666666666666666
Suj_038,Respuestas de formulario 3,AJK,Dist,3,Bloque_11,6,Opción 2,0,3.0,3.6666666666666665,-1,-1,-1,Mujer,4,4,1200.0,-1,-1,-1,-1.0,0.16666666666666666,0.3333333333333333,0.3333333333333333,0.3333333333333333,0.3333333333333333,0.6666666666666666,0.16666666666666666,0.0,0.5,0.16666666666666666
Suj_039,Respuestas de formulario 3,ALM,Bloque_CON,1,Bloque_1,1,Opción 1,1,2.4,3.5,0,0,1,Mujer,4,3,0.0,0,0,1,0.0,1.0,1.0,0.3333333333333333,0.6666666666666666,0.0,0.5,0.8333333333333334,0.6666666666666666,-0.33333333333333337,0.16666666666666674
Suj_039,Respuestas de formulario 3,ABC,Bloque_CON,1,Bloque_5,2,Opción 2,0,2.4,3.5,0,0,1,Mujer,4,3,2000.0,0,0,1,0.0,1.0,1.0,0.3333333333333333,0.6666666666666666,0.0,0.5,0.8333333333333334,0.6666666666666666,-0.33333333333333337,0.16666666666666674
Suj_039,Respuestas de formulario 3,AQS,Bloque_CON,1,Bloque_7,3,Opción 2,0,2.4,3.5,0,0,1,Mujer,4,3,2400.0,0,0,1,0.0,1.0,1.0,0.3333333333333333,0.6666666666666666,0.0,0.5,0.8333333333333334,0.6666666666666666,-0.33333333333333337,0.16666666666666674
Suj_039,Respuestas de formulario 3,AEF,Bloque_CON,1,Bloque_3,4,Opción 1,1,2.4,3.5,0,0,1,Mujer,4,3,0.0,0,0,1,0.0,1.0,1.0,0.3333333333333333,0.6666666666666666,0.0,0.5,0.8333333333333334,0.6666666666666666,-0.33333333333333337,0.16666666666666674
Suj_039,Respuestas de formulario 3,AGH,Bloque_CON,1,Bloque_9,5,Opción 1,1,2.4,3.5,0,0,1,Mujer,4,3,1000.0,0,0,1,1.0,1.0,1.0,0.3333333333333333,0.6666666666666666,0.0,0.5,0.8333333333333334,0.6666666666666666,-0.33333333333333337,0.16666666666666674
Suj_039,Respuestas de formulario 3,AJK,Bloque_CON,1,Bloque_11,6,Opción 2,0,2.4,3.5,0,0,1,Mujer,4,3,1200.0,0,0,1,1.0,1.0,1.0,0.3333333333333333,0.6666666666666666,0.0,0.5,0.8333333333333334,0.6666666666666666,-0.33333333333333337,0.16666666666666674
Suj_039,Respuestas de formulario 3,ALM,Bloque_SIN,2,Bloque_1,1,Opción 1,1,2.4,3.5,0,0,1,Mujer,4,3,0.0,0,0,1,0.0,1.0,1.0,0.3333333333333333,0.6666666666666666,0.0,0.5,0.8333333333333334,0.6666666666666666,-0.33333333333333337,0.16666666666666674
Suj_039,Respuestas de formulario 3,ABC,Bloque_SIN,2,Bloque_5,2,Opción 1,1,2.4,3.5,0,0,1,Mujer,4,3,2000.0,0,0,1,0.0,1.0,1.0,0.3333333333333333,0.6666666666666666,0.0,0.5,0.8333333333333334,0.6666666666666666,-0.33333333333333337,0.16666666666666674
Suj_039,Respuestas de formulario 3,AQS,Bloque_SIN,2,Bloque_7,3,Opción 2,0,2.4,3.5,0,0,1,Mujer,4,3,2400.0,0,0,1,0.0,1.0,1.0,0.3333333333333333,0.6666666666666666,0.0,0.5,0.8333333333333334,0.6666666666666666,-0.33333333333333337,0.16666666666666674
Suj_039,Respuestas de formulario 3,AEF,Bloque_SIN,2,Bloque_3,4,Opción 1,1,2.4,3.5,0,0,1,Mujer,4,3,0.0,0,0,1,0.0,1.0,1.0,0.3333333333333333,0.6666666666666666,0.0,0.5,0.8333333333333334,0.6666666666666666,-0.33333333333333337,0.16666666666666674
Suj_039,Respuestas de formulario 3,AGH,Bloque_SIN,2,Bloque_9,5,Opción 1,1,2.4,3.5,0,0,1,Mujer,4,3,1000.0,0,0,1,1.0,1.0,1.0,0.3333333333333333,0.6666666666666666,0.0,0.5,0.8333333333333334,0.6666666666666666,-0.33333333333333337,0.16666666666666674
Suj_039,Respuestas de formulario 3,AJK,Bloque_SIN,2,Bloque_11,6,Opción 1,1,2.4,3.5,0,0,1,Mujer,4,3,1200.0,0,0,1,1.0,1.0,1.0,0.3333333333333333,0.6666666666666666,0.0,0.5,0.8333333333333334,0.6666666666666666,-0.33333333333333337,0.16666666666666674
Suj_039,Respuestas de formulario 3,ALM,Dist,3,Bloque_1,1,Opción 1,1,2.4,3.5,0,0,1,Mujer,4,3,0.0,0,0,1,0.0,1.0,1.0,0.3333333333333333,0.6666666666666666,0.0,0.5,0.8333333333333334,0.6666666666666666,-0.33333333333333337,0.16666666666666674
Suj_039,Respuestas de formulario 3,ABC,Dist,3,Bloque_5,2,Opción 1,1,2.4,3.5,0,0,1,Mujer,4,3,2000.0,0,0,1,0.0,1.0,1.0,0.3333333333333333,0.6666666666666666,0.0,0.5,0.8333333333333334,0.6666666666666666,-0.33333333333333337,0.16666666666666674
Suj_039,Respuestas de formulario 3,AQS,Dist,3,Bloque_7,3,Opción 2,0,2.4,3.5,0,0,1,Mujer,4,3,2400.0,0,0,1,0.0,1.0,1.0,0.3333333333333333,0.6666666666666666,0.0,0.5,0.8333333333333334,0.6666666666666666,-0.33333333333333337,0.16666666666666674
Suj_039,Respuestas de formulario 3,AEF,Dist,3,Bloque_3,4,Opción 1,1,2.4,3.5,0,0,1,Mujer,4,3,0.0,0,0,1,0.0,1.0,1.0,0.3333333333333333,0.6666666666666666,0.0,0.5,0.8333333333333334,0.6666666666666666,-0.33333333333333337,0.16666666666666674
Suj_039,Respuestas de formulario 3,AGH,Dist,3,Bloque_9,5,Opción 1,1,2.4,3.5,0,0,1,Mujer,4,3,1000.0,0,0,1,1.0,1.0,1.0,0.3333333333333333,0.6666666666666666,0.0,0.5,0.8333333333333334,0.6666666666666666,-0.33333333333333337,0.16666666666666674
Suj_039,Respuestas de formulario 3,AJK,Dist,3,Bloque_11,6,Opción 2,0,2.4,3.5,0,0,1,Mujer,4,3,1200.0,0,0,1,1.0,1.0,1.0,0.3333333333333333,0.6666666666666666,0.0,0.5,0.8333333333333334,0.6666666666666666,-0.33333333333333337,0.16666666666666674
Suj_040,Respuestas de formulario 4,AQS,Bloque_CON,1,Bloque_7,1,Opción 2,0,3.8,4.166666666666667,-1,-1,-1,Hombre,6,7,2400.0,-1,-1,-1,-1.0,0.8333333333333334,0.0,0.0,0.0,0.0,0.16666666666666666,0.3333333333333333,0.3333333333333333,-0.16666666666666666,0.0
Suj_040,Respuestas de formulario 4,AJK,Bloque_CON,1,Bloque_3,2,Opción 2,0,3.8,4.166666666666667,-1,-1,-1,Hombre,6,7,0.0,-1,-1,-1,-1.0,0.8333333333333334,0.0,0.0,0.0,0.0,0.16666666666666666,0.3333333333333333,0.3333333333333333,-0.16666666666666666,0.0
Suj_040,Respuestas de formulario 4,ABC,Bloque_CON,1,Bloque_1,3,Opción 1,1,3.8,4.166666666666667,-1,-1,-1,Hombre,6,7,0.0,-1,-1,-1,-1.0,0.8333333333333334,0.0,0.0,0.0,0.0,0.16666666666666666,0.3333333333333333,0.3333333333333333,-0.16666666666666666,0.0
Suj_040,Respuestas de formulario 4,ALM,Bloque_CON,1,Bloque_9,4,Opción 2,0,3.8,4.166666666666667,-1,-1,-1,Hombre,6,7,1000.0,-1,-1,-1,-1.0,0.8333333333333334,0.0,0.0,0.0,0.0,0.16666666666666666,0.3333333333333333,0.3333333333333333,-0.16666666666666666,0.0
Suj_040,Respuestas de formulario 4,AEF,Bloque_CON,1,Bloque_5,5,Opción 2,0,3.8,4.166666666666667,-1,-1,-1,Hombre,6,7,2000.0,-1,-1,-1,-1.0,0.8333333333333334,0.0,0.0,0.0,0.0,0.16666666666666666,0.3333333333333333,0.3333333333333333,-0.16666666666666666,0.0
Suj_040,Respuestas de formulario 4,AGH,Bloque_CON,1,Bloque_11,6,Opción 2,0,3.8,4.166666666666667,-1,-1,-1,Hombre,6,7,1200.0,-1,-1,-1,-1.0,0.8333333333333334,0.0,0.0,0.0,0.0,0.16666666666666666,0.3333333333333333,0.3333333333333333,-0.16666666666666666,0.0
Suj_040,Respuestas de formulario 4,AQS,Bloque_SIN,2,Bloque_7,1,Opción 2,0,3.8,4.166666666666667,-1,-1,-1,Hombre,6,7,2400.0,-1,-1,-1,-1.0,0.8333333333333334,0.0,0.0,0.0,0.0,0.16666666666666666,0.3333333333333333,0.3333333333333333,-0.16666666666666666,0.0
Suj_040,Respuestas de formulario 4,AJK,Bloque_SIN,2,Bloque_3,2,Opción 1,1,3.8,4.166666666666667,-1,-1,-1,Hombre,6,7,0.0,-1,-1,-1,-1.0,0.8333333333333334,0.0,0.0,0.0,0.0,0.16666666666666666,0.3333333333333333,0.3333333333333333,-0.16666666666666666,0.0
Suj_040,Respuestas de formulario 4,ABC,Bloque_SIN,2,Bloque_1,3,Opción 1,1,3.8,4.166666666666667,-1,-1,-1,Hombre,6,7,0.0,-1,-1,-1,-1.0,0.8333333333333334,0.0,0.0,0.0,0.0,0.16666666666666666,0.3333333333333333,0.3333333333333333,-0.16666666666666666,0.0
Suj_040,Respuestas de formulario 4,ALM,Bloque_SIN,2,Bloque_9,4,Opción 2,0,3.8,4.166666666666667,-1,-1,-1,Hombre,6,7,1000.0,-1,-1,-1,-1.0,0.8333333333333334,0.0,0.0,0.0,0.0,0.16666666666666666,0.3333333333333333,0.3333333333333333,-0.16666666666666666,0.0
Suj_040,Respuestas de formulario 4,AEF,Bloque_SIN,2,Bloque_5,5,Opción 2,0,3.8,4.166666666666667,-1,-1,-1,Hombre,6,7,2000.0,-1,-1,-1,-1.0,0.8333333333333334,0.0,0.0,0.0,0.0,0.16666666666666666,0.3333333333333333,0.3333333333333333,-0.16666666666666666,0.0
Suj_040,Respuestas de formulario 4,AGH,Bloque_SIN,2,Bloque_11,6,Opción 2,0,3.8,4.166666666666667,-1,-1,-1,Hombre,6,7,1200.0,-1,-1,-1,-1.0,0.8333333333333334,0.0,0.0,0.0,0.0,0.16666666666666666,0.3333333333333333,0.3333333333333333,-0.16666666666666666,0.0
Suj_040,Respuestas de formulario 4,AQS,Dist,3,Bloque_7,1,Opción 2,0,3.8,4.166666666666667,-1,-1,-1,Hombre,6,7,2400.0,-1,-1,-1,-1.0,0.8333333333333334,0.0,0.0,0.0,0.0,0.16666666666666666,0.3333333333333333,0.3333333333333333,-0.16666666666666666,0.0
Suj_040,Respuestas de formulario 4,AJK,Dist,3,Bloque_3,2,Opción 1,1,3.8,4.166666666666667,-1,-1,-1,Hombre,6,7,0.0,-1,-1,-1,-1.0,0.8333333333333334,0.0,0.0,0.0,0.0,0.16666666666666666,0.3333333333333333,0.3333333333333333,-0.16666666666666666,0.0
Suj_040,Respuestas de formulario 4,ABC,Dist,3,Bloque_1,3,Opción 1,1,3.8,4.166666666666667,-1,-1,-1,Hombre,6,7,0.0,-1,-1,-1,-1.0,0.8333333333333334,0.0,0.0,0.0,0.0,0.16666666666666666,0.3333333333333333,0.3333333333333333,-0.16666666666666666,0.0
Suj_040,Respuestas de formulario 4,ALM,Dist,3,Bloque_9,4,Opción 2,0,3.8,4.166666666666667,-1,-1,-1,Hombre,6,7,1000.0,-1,-1,-1,-1.0,0.8333333333333334,0.0,0.0,0.0,0.0,0.16666666666666666,0.3333333333333333,0.3333333333333333,-0.16666666666666666,0.0
Suj_040,Respuestas de formulario 4,AEF,Dist,3,Bloque_5,5,Opción 2,0,3.8,4.166666666666667,-1,-1,-1,Hombre,6,7,2000.0,-1,-1,-1,-1.0,0.8333333333333334,0.0,0.0,0.0,0.0,0.16666666666666666,0.3333333333333333,0.3333333333333333,-0.16666666666666666,0.0
Suj_040,Respuestas de formulario 4,AGH,Dist,3,Bloque_11,6,Opción 2,0,3.8,4.166666666666667,-1,-1,-1,Hombre,6,7,1200.0,-1,-1,-1,-1.0,0.8333333333333334,0.0,0.0,0.0,0.0,0.16666666666666666,0.3333333333333333,0.3333333333333333,-0.16666666666666666,0.0
Suj_041,Respuestas de formulario 4,AQS,Bloque_CON,1,Bloque_7,1,Opción 2,0,1.5,3.6666666666666665,0,0,0,Mujer,1,3,2400.0,0,0,0,0.0,0.5,0.0,0.0,0.0,0.0,0.16666666666666666,0.16666666666666666,0.16666666666666666,0.0,0.0
Suj_041,Respuestas de formulario 4,AJK,Bloque_CON,1,Bloque_3,2,Opción 2,0,1.5,3.6666666666666665,0,0,0,Mujer,1,3,0.0,0,0,0,0.0,0.5,0.0,0.0,0.0,0.0,0.16666666666666666,0.16666666666666666,0.16666666666666666,0.0,0.0
Suj_041,Respuestas de formulario 4,ABC,Bloque_CON,1,Bloque_1,3,Opción 1,1,1.5,3.6666666666666665,0,0,0,Mujer,1,3,0.0,0,0,0,0.0,0.5,0.0,0.0,0.0,0.0,0.16666666666666666,0.16666666666666666,0.16666666666666666,0.0,0.0
Suj_041,Respuestas de formulario 4,ALM,Bloque_CON,1,Bloque_9,4,Opción 2,0,1.5,3.6666666666666665,0,0,0,Mujer,1,3,1000.0,0,0,0,0.0,0.5,0.0,0.0,0.0,0.0,0.16666666666666666,0.16666666666666666,0.16666666666666666,0.0,0.0
Suj_041,Respuestas de formulario 4,AEF,Bloque_CON,1,Bloque_5,5,Opción 2,0,1.5,3.6666666666666665,0,0,0,Mujer,1,3,2000.0,0,0,0,0.0,0.5,0.0,0.0,0.0,0.0,0.16666666666666666,0.16666666666666666,0.16666666666666666,0.0,0.0
Suj_041,Respuestas de formulario 4,AGH,Bloque_CON,1,Bloque_11,6,Opción 2,0,1.5,3.6666666666666665,0,0,0,Mujer,1,3,1200.0,0,0,0,0.0,0.5,0.0,0.0,0.0,0.0,0.16666666666666666,0.16666666666666666,0.16666666666666666,0.0,0.0
Suj_041,Respuestas de formulario 4,AQS,Bloque_SIN,2,Bloque_7,1,Opción 2,0,1.5,3.6666666666666665,0,0,0,Mujer,1,3,2400.0,0,0,0,0.0,0.5,0.0,0.0,0.0,0.0,0.16666666666666666,0.16666666666666666,0.16666666666666666,0.0,0.0
Suj_041,Respuestas de formulario 4,AJK,Bloque_SIN,2,Bloque_3,2,Opción 1,1,1.5,3.6666666666666665,0,0,0,Mujer,1,3,0.0,0,0,0,0.0,0.5,0.0,0.0,0.0,0.0,0.16666666666666666,0.16666666666666666,0.16666666666666666,0.0,0.0
Suj_041,Respuestas de formulario 4,ABC,Bloque_SIN,2,Bloque_1,3,Opción 2,0,1.5,3.6666666666666665,0,0,0,Mujer,1,3,0.0,0,0,0,0.0,0.5,0.0,0.0,0.0,0.0,0.16666666666666666,0.16666666666666666,0.16666666666666666,0.0,0.0
Suj_041,Respuestas de formulario 4,ALM,Bloque_SIN,2,Bloque_9,4,Opción 2,0,1.5,3.6666666666666665,0,0,0,Mujer,1,3,1000.0,0,0,0,0.0,0.5,0.0,0.0,0.0,0.0,0.16666666666666666,0.16666666666666666,0.16666666666666666,0.0,0.0
Suj_041,Respuestas de formulario 4,AEF,Bloque_SIN,2,Bloque_5,5,Opción 2,0,1.5,3.6666666666666665,0,0,0,Mujer,1,3,2000.0,0,0,0,0.0,0.5,0.0,0.0,0.0,0.0,0.16666666666666666,0.16666666666666666,0.16666666666666666,0.0,0.0
Suj_041,Respuestas de formulario 4,AGH,Bloque_SIN,2,Bloque_11,6,Opción 2,0,1.5,3.6666666666666665,0,0,0,Mujer,1,3,1200.0,0,0,0,0.0,0.5,0.0,0.0,0.0,0.0,0.16666666666666666,0.16666666666666666,0.16666666666666666,0.0,0.0
Suj_041,Respuestas de formulario 4,AQS,Dist,3,Bloque_7,1,Opción 2,0,1.5,3.6666666666666665,0,0,0,Mujer,1,3,2400.0,0,0,0,0.0,0.5,0.0,0.0,0.0,0.0,0.16666666666666666,0.16666666666666666,0.16666666666666666,0.0,0.0
Suj_041,Respuestas de formulario 4,AJK,Dist,3,Bloque_3,2,Opción 2,0,1.5,3.6666666666666665,0,0,0,Mujer,1,3,0.0,0,0,0,0.0,0.5,0.0,0.0,0.0,0.0,0.16666666666666666,0.16666666666666666,0.16666666666666666,0.0,0.0
Suj_041,Respuestas de formulario 4,ABC,Dist,3,Bloque_1,3,Opción 1,1,1.5,3.6666666666666665,0,0,0,Mujer,1,3,0.0,0,0,0,0.0,0.5,0.0,0.0,0.0,0.0,0.16666666666666666,0.16666666666666666,0.16666666666666666,0.0,0.0
Suj_041,Respuestas de formulario 4,ALM,Dist,3,Bloque_9,4,Opción 2,0,1.5,3.6666666666666665,0,0,0,Mujer,1,3,1000.0,0,0,0,0.0,0.5,0.0,0.0,0.0,0.0,0.16666666666666666,0.16666666666666666,0.16666666666666666,0.0,0.0
Suj_041,Respuestas de formulario 4,AEF,Dist,3,Bloque_5,5,Opción 2,0,1.5,3.6666666666666665,0,0,0,Mujer,1,3,2000.0,0,0,0,0.0,0.5,0.0,0.0,0.0,0.0,0.16666666666666666,0.16666666666666666,0.16666666666666666,0.0,0.0
Suj_041,Respuestas de formulario 4,AGH,Dist,3,Bloque_11,6,Opción 2,0,1.5,3.6666666666666665,0,0,0,Mujer,1,3,1200.0,0,0,0,0.0,0.5,0.0,0.0,0.0,0.0,0.16666666666666666,0.16666666666666666,0.16666666666666666,0.0,0.0
Suj_043,Respuestas de formulario 4,AQS,Bloque_SIN,2,Bloque_7,1,Opción 2,0,1.8,3.3333333333333335,-1,-1,-1,Hombre,5,4,2400.0,-1,-1,-1,-1.0,0.0,0.0,0.0,0.0,0.0,0.0,0.0,0.0,0.0,0.0
Suj_043,Respuestas de formulario 4,AJK,Bloque_SIN,2,Bloque_3,2,Opción 2,0,1.8,3.3333333333333335,-1,-1,-1,Hombre,5,4,0.0,-1,-1,-1,-1.0,0.0,0.0,0.0,0.0,0.0,0.0,0.0,0.0,0.0,0.0
Suj_043,Respuestas de formulario 4,ABC,Bloque_SIN,2,Bloque_1,3,Opción 2,0,1.8,3.3333333333333335,-1,-1,-1,Hombre,5,4,0.0,-1,-1,-1,-1.0,0.0,0.0,0.0,0.0,0.0,0.0,0.0,0.0,0.0,0.0
Suj_043,Respuestas de formulario 4,ALM,Bloque_SIN,2,Bloque_9,4,Opción 2,0,1.8,3.3333333333333335,-1,-1,-1,Hombre,5,4,1000.0,-1,-1,-1,-1.0,0.0,0.0,0.0,0.0,0.0,0.0,0.0,0.0,0.0,0.0
Suj_043,Respuestas de formulario 4,AEF,Bloque_SIN,2,Bloque_5,5,Opción 2,0,1.8,3.3333333333333335,-1,-1,-1,Hombre,5,4,2000.0,-1,-1,-1,-1.0,0.0,0.0,0.0,0.0,0.0,0.0,0.0,0.0,0.0,0.0
Suj_043,Respuestas de formulario 4,AGH,Bloque_SIN,2,Bloque_11,6,Opción 2,0,1.8,3.3333333333333335,-1,-1,-1,Hombre,5,4,1200.0,-1,-1,-1,-1.0,0.0,0.0,0.0,0.0,0.0,0.0,0.0,0.0,0.0,0.0
Suj_043,Respuestas de formulario 4,AQS,Dist,3,Bloque_7,1,Opción 2,0,1.8,3.3333333333333335,-1,-1,-1,Hombre,5,4,2400.0,-1,-1,-1,-1.0,0.0,0.0,0.0,0.0,0.0,0.0,0.0,0.0,0.0,0.0
Suj_043,Respuestas de formulario 4,AJK,Dist,3,Bloque_3,2,Opción 2,0,1.8,3.3333333333333335,-1,-1,-1,Hombre,5,4,0.0,-1,-1,-1,-1.0,0.0,0.0,0.0,0.0,0.0,0.0,0.0,0.0,0.0,0.0
Suj_043,Respuestas de formulario 4,ABC,Dist,3,Bloque_1,3,Opción 2,0,1.8,3.3333333333333335,-1,-1,-1,Hombre,5,4,0.0,-1,-1,-1,-1.0,0.0,0.0,0.0,0.0,0.0,0.0,0.0,0.0,0.0,0.0
Suj_043,Respuestas de formulario 4,ALM,Dist,3,Bloque_9,4,Opción 2,0,1.8,3.3333333333333335,-1,-1,-1,Hombre,5,4,1000.0,-1,-1,-1,-1.0,0.0,0.0,0.0,0.0,0.0,0.0,0.0,0.0,0.0,0.0
Suj_043,Respuestas de formulario 4,AEF,Dist,3,Bloque_5,5,Opción 2,0,1.8,3.3333333333333335,-1,-1,-1,Hombre,5,4,2000.0,-1,-1,-1,-1.0,0.0,0.0,0.0,0.0,0.0,0.0,0.0,0.0,0.0,0.0
Suj_043,Respuestas de formulario 4,AGH,Dist,3,Bloque_11,6,Opción 2,0,1.8,3.3333333333333335,-1,-1,-1,Hombre,5,4,1200.0,-1,-1,-1,-1.0,0.0,0.0,0.0,0.0,0.0,0.0,0.0,0.0,0.0,0.0
Suj_044,Respuestas de formulario 4,AQS,Bloque_CON,1,Bloque_7,1,Opción 2,0,1.4,4.166666666666667,1,1,0,Mujer,4,5,2400.0,1,1,0,1.0,0.0,0.0,0.0,0.0,0.0,0.0,0.0,0.0,0.0,0.0
Suj_044,Respuestas de formulario 4,AJK,Bloque_CON,1,Bloque_3,2,Opción 2,0,1.4,4.166666666666667,1,1,0,Mujer,4,5,0.0,1,1,0,1.0,0.0,0.0,0.0,0.0,0.0,0.0,0.0,0.0,0.0,0.0
Suj_044,Respuestas de formulario 4,ABC,Bloque_CON,1,Bloque_1,3,Opción 2,0,1.4,4.166666666666667,1,1,0,Mujer,4,5,0.0,1,1,0,1.0,0.0,0.0,0.0,0.0,0.0,0.0,0.0,0.0,0.0,0.0
Suj_044,Respuestas de formulario 4,ALM,Bloque_CON,1,Bloque_9,4,Opción 2,0,1.4,4.166666666666667,1,1,0,Mujer,4,5,1000.0,1,1,0,0.0,0.0,0.0,0.0,0.0,0.0,0.0,0.0,0.0,0.0,0.0
Suj_044,Respuestas de formulario 4,AEF,Bloque_CON,1,Bloque_5,5,Opción 2,0,1.4,4.166666666666667,1,1,0,Mujer,4,5,2000.0,1,1,0,1.0,0.0,0.0,0.0,0.0,0.0,0.0,0.0,0.0,0.0,0.0
Suj_044,Respuestas de formulario 4,AGH,Bloque_CON,1,Bloque_11,6,Opción 2,0,1.4,4.166666666666667,1,1,0,Mujer,4,5,1200.0,1,1,0,0.0,0.0,0.0,0.0,0.0,0.0,0.0,0.0,0.0,0.0,0.0
Suj_044,Respuestas de formulario 4,AQS,Bloque_SIN,2,Bloque_7,1,Opción 2,0,1.4,4.166666666666667,1,1,0,Mujer,4,5,2400.0,1,1,0,1.0,0.0,0.0,0.0,0.0,0.0,0.0,0.0,0.0,0.0,0.0
Suj_044,Respuestas de formulario 4,AJK,Bloque_SIN,2,Bloque_3,2,Opción 2,0,1.4,4.166666666666667,1,1,0,Mujer,4,5,0.0,1,1,0,1.0,0.0,0.0,0.0,0.0,0.0,0.0,0.0,0.0,0.0,0.0
Suj_044,Respuestas de formulario 4,ABC,Bloque_SIN,2,Bloque_1,3,Opción 2,0,1.4,4.166666666666667,1,1,0,Mujer,4,5,0.0,1,1,0,1.0,0.0,0.0,0.0,0.0,0.0,0.0,0.0,0.0,0.0,0.0
Suj_044,Respuestas de formulario 4,ALM,Bloque_SIN,2,Bloque_9,4,Opción 2,0,1.4,4.166666666666667,1,1,0,Mujer,4,5,1000.0,1,1,0,0.0,0.0,0.0,0.0,0.0,0.0,0.0,0.0,0.0,0.0,0.0
Suj_044,Respuestas de formulario 4,AEF,Bloque_SIN,2,Bloque_5,5,Opción 2,0,1.4,4.166666666666667,1,1,0,Mujer,4,5,2000.0,1,1,0,1.0,0.0,0.0,0.0,0.0,0.0,0.0,0.0,0.0,0.0,0.0
Suj_044,Respuestas de formulario 4,AGH,Bloque_SIN,2,Bloque_11,6,Opción 2,0,1.4,4.166666666666667,1,1,0,Mujer,4,5,1200.0,1,1,0,0.0,0.0,0.0,0.0,0.0,0.0,0.0,0.0,0.0,0.0,0.0
Suj_044,Respuestas de formulario 4,AQS,Dist,3,Bloque_7,1,Opción 2,0,1.4,4.166666666666667,1,1,0,Mujer,4,5,2400.0,1,1,0,1.0,0.0,0.0,0.0,0.0,0.0,0.0,0.0,0.0,0.0,0.0
Suj_044,Respuestas de formulario 4,AJK,Dist,3,Bloque_3,2,Opción 2,0,1.4,4.166666666666667,1,1,0,Mujer,4,5,0.0,1,1,0,1.0,0.0,0.0,0.0,0.0,0.0,0.0,0.0,0.0,0.0,0.0
Suj_044,Respuestas de formulario 4,ABC,Dist,3,Bloque_1,3,Opción 2,0,1.4,4.166666666666667,1,1,0,Mujer,4,5,0.0,1,1,0,1.0,0.0,0.0,0.0,0.0,0.0,0.0,0.0,0.0,0.0,0.0
Suj_044,Respuestas de formulario 4,ALM,Dist,3,Bloque_9,4,Opción 2,0,1.4,4.166666666666667,1,1,0,Mujer,4,5,1000.0,1,1,0,0.0,0.0,0.0,0.0,0.0,0.0,0.0,0.0,0.0,0.0,0.0
Suj_044,Respuestas de formulario 4,AEF,Dist,3,Bloque_5,5,Opción 2,0,1.4,4.166666666666667,1,1,0,Mujer,4,5,2000.0,1,1,0,1.0,0.0,0.0,0.0,0.0,0.0,0.0,0.0,0.0,0.0,0.0
Suj_044,Respuestas de formulario 4,AGH,Dist,3,Bloque_11,6,Opción 2,0,1.4,4.166666666666667,1,1,0,Mujer,4,5,1200.0,1,1,0,0.0,0.0,0.0,0.0,0.0,0.0,0.0,0.0,0.0,0.0,0.0
Suj_045,Respuestas de formulario 4,AQS,Bloque_CON,1,Bloque_7,1,Opción 2,0,2.8,3.0,-1,-1,-1,Mujer,5,5,2400.0,-1,-1,-1,-1.0,0.0,0.0,0.0,0.0,0.0,0.0,0.0,0.0,0.0,0.0
Suj_045,Respuestas de formulario 4,AJK,Bloque_CON,1,Bloque_3,2,Opción 2,0,2.8,3.0,-1,-1,-1,Mujer,5,5,0.0,-1,-1,-1,-1.0,0.0,0.0,0.0,0.0,0.0,0.0,0.0,0.0,0.0,0.0
Suj_045,Respuestas de formulario 4,ABC,Bloque_CON,1,Bloque_1,3,Opción 2,0,2.8,3.0,-1,-1,-1,Mujer,5,5,0.0,-1,-1,-1,-1.0,0.0,0.0,0.0,0.0,0.0,0.0,0.0,0.0,0.0,0.0
Suj_045,Respuestas de formulario 4,ALM,Bloque_CON,1,Bloque_9,4,Opción 2,0,2.8,3.0,-1,-1,-1,Mujer,5,5,1000.0,-1,-1,-1,-1.0,0.0,0.0,0.0,0.0,0.0,0.0,0.0,0.0,0.0,0.0
Suj_045,Respuestas de formulario 4,AEF,Bloque_CON,1,Bloque_5,5,Opción 2,0,2.8,3.0,-1,-1,-1,Mujer,5,5,2000.0,-1,-1,-1,-1.0,0.0,0.0,0.0,0.0,0.0,0.0,0.0,0.0,0.0,0.0
Suj_045,Respuestas de formulario 4,AGH,Bloque_CON,1,Bloque_11,6,Opción 2,0,2.8,3.0,-1,-1,-1,Mujer,5,5,1200.0,-1,-1,-1,-1.0,0.0,0.0,0.0,0.0,0.0,0.0,0.0,0.0,0.0,0.0
Suj_045,Respuestas de formulario 4,AQS,Bloque_SIN,2,Bloque_7,1,Opción 2,0,2.8,3.0,-1,-1,-1,Mujer,5,5,2400.0,-1,-1,-1,-1.0,0.0,0.0,0.0,0.0,0.0,0.0,0.0,0.0,0.0,0.0
Suj_045,Respuestas de formulario 4,AJK,Bloque_SIN,2,Bloque_3,2,Opción 2,0,2.8,3.0,-1,-1,-1,Mujer,5,5,0.0,-1,-1,-1,-1.0,0.0,0.0,0.0,0.0,0.0,0.0,0.0,0.0,0.0,0.0
Suj_045,Respuestas de formulario 4,ABC,Bloque_SIN,2,Bloque_1,3,Opción 2,0,2.8,3.0,-1,-1,-1,Mujer,5,5,0.0,-1,-1,-1,-1.0,0.0,0.0,0.0,0.0,0.0,0.0,0.0,0.0,0.0,0.0
Suj_045,Respuestas de formulario 4,ALM,Bloque_SIN,2,Bloque_9,4,Opción 2,0,2.8,3.0,-1,-1,-1,Mujer,5,5,1000.0,-1,-1,-1,-1.0,0.0,0.0,0.0,0.0,0.0,0.0,0.0,0.0,0.0,0.0
Suj_045,Respuestas de formulario 4,AEF,Bloque_SIN,2,Bloque_5,5,Opción 2,0,2.8,3.0,-1,-1,-1,Mujer,5,5,2000.0,-1,-1,-1,-1.0,0.0,0.0,0.0,0.0,0.0,0.0,0.0,0.0,0.0,0.0
Suj_045,Respuestas de formulario 4,AGH,Bloque_SIN,2,Bloque_11,6,Opción 2,0,2.8,3.0,-1,-1,-1,Mujer,5,5,1200.0,-1,-1,-1,-1.0,0.0,0.0,0.0,0.0,0.0,0.0,0.0,0.0,0.0,0.0
Suj_045,Respuestas de formulario 4,AQS,Dist,3,Bloque_7,1,Opción 2,0,2.8,3.0,-1,-1,-1,Mujer,5,5,2400.0,-1,-1,-1,-1.0,0.0,0.0,0.0,0.0,0.0,0.0,0.0,0.0,0.0,0.0
Suj_045,Respuestas de formulario 4,AJK,Dist,3,Bloque_3,2,Opción 2,0,2.8,3.0,-1,-1,-1,Mujer,5,5,0.0,-1,-1,-1,-1.0,0.0,0.0,0.0,0.0,0.0,0.0,0.0,0.0,0.0,0.0
Suj_045,Respuestas de formulario 4,ABC,Dist,3,Bloque_1,3,Opción 2,0,2.8,3.0,-1,-1,-1,Mujer,5,5,0.0,-1,-1,-1,-1.0,0.0,0.0,0.0,0.0,0.0,0.0,0.0,0.0,0.0,0.0
Suj_045,Respuestas de formulario 4,ALM,Dist,3,Bloque_9,4,Opción 2,0,2.8,3.0,-1,-1,-1,Mujer,5,5,1000.0,-1,-1,-1,-1.0,0.0,0.0,0.0,0.0,0.0,0.0,0.0,0.0,0.0,0.0
Suj_045,Respuestas de formulario 4,AEF,Dist,3,Bloque_5,5,Opción 2,0,2.8,3.0,-1,-1,-1,Mujer,5,5,2000.0,-1,-1,-1,-1.0,0.0,0.0,0.0,0.0,0.0,0.0,0.0,0.0,0.0,0.0
Suj_045,Respuestas de formulario 4,AGH,Dist,3,Bloque_11,6,Opción 2,0,2.8,3.0,-1,-1,-1,Mujer,5,5,1200.0,-1,-1,-1,-1.0,0.0,0.0,0.0,0.0,0.0,0.0,0.0,0.0,0.0,0.0
Suj_046,Respuestas de formulario 4,AQS,Dist,3,Bloque_7,1,Opción 1,1,1.3,3.8333333333333335,0,0,0,Mujer,2,7,2400.0,0,0,0,0.0,1.0,0.6666666666666666,0.6666666666666666,0.6666666666666666,0.3333333333333333,0.3333333333333333,0.8333333333333334,1.0,-0.5,-0.16666666666666663
Suj_046,Respuestas de formulario 4,AJK,Dist,3,Bloque_3,2,Opción 1,1,1.3,3.8333333333333335,0,0,0,Mujer,2,7,0.0,0,0,0,0.0,1.0,0.6666666666666666,0.6666666666666666,0.6666666666666666,0.3333333333333333,0.3333333333333333,0.8333333333333334,1.0,-0.5,-0.16666666666666663
Suj_046,Respuestas de formulario 4,ABC,Dist,3,Bloque_1,3,Opción 1,1,1.3,3.8333333333333335,0,0,0,Mujer,2,7,0.0,0,0,0,0.0,1.0,0.6666666666666666,0.6666666666666666,0.6666666666666666,0.3333333333333333,0.3333333333333333,0.8333333333333334,1.0,-0.5,-0.16666666666666663
Suj_046,Respuestas de formulario 4,ALM,Dist,3,Bloque_9,4,Opción 1,1,1.3,3.8333333333333335,0,0,0,Mujer,2,7,1000.0,0,0,0,0.0,1.0,0.6666666666666666,0.6666666666666666,0.6666666666666666,0.3333333333333333,0.3333333333333333,0.8333333333333334,1.0,-0.5,-0.16666666666666663
Suj_046,Respuestas de formulario 4,AEF,Dist,3,Bloque_5,5,Opción 1,1,1.3,3.8333333333333335,0,0,0,Mujer,2,7,2000.0,0,0,0,0.0,1.0,0.6666666666666666,0.6666666666666666,0.6666666666666666,0.3333333333333333,0.3333333333333333,0.8333333333333334,1.0,-0.5,-0.16666666666666663
Suj_046,Respuestas de formulario 4,AGH,Dist,3,Bloque_11,6,Opción 1,1,1.3,3.8333333333333335,0,0,0,Mujer,2,7,1200.0,0,0,0,0.0,1.0,0.6666666666666666,0.6666666666666666,0.6666666666666666,0.3333333333333333,0.3333333333333333,0.8333333333333334,1.0,-0.5,-0.16666666666666663
Suj_047,Respuestas de formulario 4,AQS,Bloque_CON,1,Bloque_7,1,Opción 2,0,2.3,4.166666666666667,-1,0,0,Mujer,5,6,2400.0,-1,0,0,0.0,0.5,0.3333333333333333,0.3333333333333333,0.0,0.0,0.16666666666666666,0.0,0.6666666666666666,0.16666666666666666,-0.6666666666666666
Suj_047,Respuestas de formulario 4,AJK,Bloque_CON,1,Bloque_3,2,Opción 2,0,2.3,4.166666666666667,-1,0,0,Mujer,5,6,0.0,-1,0,0,-1.0,0.5,0.3333333333333333,0.3333333333333333,0.0,0.0,0.16666666666666666,0.0,0.6666666666666666,0.16666666666666666,-0.6666666666666666
Suj_047,Respuestas de formulario 4,ABC,Bloque_CON,1,Bloque_1,3,Opción 1,1,2.3,4.166666666666667,-1,0,0,Mujer,5,6,0.0,-1,0,0,-1.0,0.5,0.3333333333333333,0.3333333333333333,0.0,0.0,0.16666666666666666,0.0,0.6666666666666666,0.16666666666666666,-0.6666666666666666
Suj_047,Respuestas de formulario 4,ALM,Bloque_CON,1,Bloque_9,4,Opción 2,0,2.3,4.166666666666667,-1,0,0,Mujer,5,6,1000.0,-1,0,0,0.0,0.5,0.3333333333333333,0.3333333333333333,0.0,0.0,0.16666666666666666,0.0,0.6666666666666666,0.16666666666666666,-0.6666666666666666
Suj_047,Respuestas de formulario 4,AEF,Bloque_CON,1,Bloque_5,5,Opción 2,0,2.3,4.166666666666667,-1,0,0,Mujer,5,6,2000.0,-1,0,0,0.0,0.5,0.3333333333333333,0.3333333333333333,0.0,0.0,0.16666666666666666,0.0,0.6666666666666666,0.16666666666666666,-0.6666666666666666
Suj_047,Respuestas de formulario 4,AGH,Bloque_CON,1,Bloque_11,6,Opción 2,0,2.3,4.166666666666667,-1,0,0,Mujer,5,6,1200.0,-1,0,0,0.0,0.5,0.3333333333333333,0.3333333333333333,0.0,0.0,0.16666666666666666,0.0,0.6666666666666666,0.16666666666666666,-0.6666666666666666
Suj_047,Respuestas de formulario 4,AQS,Bloque_SIN,2,Bloque_7,1,Opción 2,0,2.3,4.166666666666667,-1,0,0,Mujer,5,6,2400.0,-1,0,0,0.0,0.5,0.3333333333333333,0.3333333333333333,0.0,0.0,0.16666666666666666,0.0,0.6666666666666666,0.16666666666666666,-0.6666666666666666
Suj_047,Respuestas de formulario 4,AJK,Bloque_SIN,2,Bloque_3,2,Opción 2,0,2.3,4.166666666666667,-1,0,0,Mujer,5,6,0.0,-1,0,0,-1.0,0.5,0.3333333333333333,0.3333333333333333,0.0,0.0,0.16666666666666666,0.0,0.6666666666666666,0.16666666666666666,-0.6666666666666666
Suj_047,Respuestas de formulario 4,ABC,Bloque_SIN,2,Bloque_1,3,Opción 2,0,2.3,4.166666666666667,-1,0,0,Mujer,5,6,0.0,-1,0,0,-1.0,0.5,0.3333333333333333,0.3333333333333333,0.0,0.0,0.16666666666666666,0.0,0.6666666666666666,0.16666666666666666,-0.6666666666666666
Suj_047,Respuestas de formulario 4,ALM,Bloque_SIN,2,Bloque_9,4,Opción 2,0,2.3,4.166666666666667,-1,0,0,Mujer,5,6,1000.0,-1,0,0,0.0,0.5,0.3333333333333333,0.3333333333333333,0.0,0.0,0.16666666666666666,0.0,0.6666666666666666,0.16666666666666666,-0.6666666666666666
Suj_047,Respuestas de formulario 4,AEF,Bloque_SIN,2,Bloque_5,5,Opción 2,0,2.3,4.166666666666667,-1,0,0,Mujer,5,6,2000.0,-1,0,0,0.0,0.5,0.3333333333333333,0.3333333333333333,0.0,0.0,0.16666666666666666,0.0,0.6666666666666666,0.16666666666666666,-0.6666666666666666
Suj_047,Respuestas de formulario 4,AGH,Bloque_SIN,2,Bloque_11,6,Opción 2,0,2.3,4.166666666666667,-1,0,0,Mujer,5,6,1200.0,-1,0,0,0.0,0.5,0.3333333333333333,0.3333333333333333,0.0,0.0,0.16666666666666666,0.0,0.6666666666666666,0.16666666666666666,-0.6666666666666666
Suj_047,Respuestas de formulario 4,AQS,Dist,3,Bloque_7,1,Opción 2,0,2.3,4.166666666666667,-1,0,0,Mujer,5,6,2400.0,-1,0,0,0.0,0.5,0.3333333333333333,0.3333333333333333,0.0,0.0,0.16666666666666666,0.0,0.6666666666666666,0.16666666666666666,-0.6666666666666666
Suj_047,Respuestas de formulario 4,AJK,Dist,3,Bloque_3,2,Opción 1,1,2.3,4.166666666666667,-1,0,0,Mujer,5,6,0.0,-1,0,0,-1.0,0.5,0.3333333333333333,0.3333333333333333,0.0,0.0,0.16666666666666666,0.0,0.6666666666666666,0.16666666666666666,-0.6666666666666666
Suj_047,Respuestas de formulario 4,ABC,Dist,3,Bloque_1,3,Opción 1,1,2.3,4.166666666666667,-1,0,0,Mujer,5,6,0.0,-1,0,0,-1.0,0.5,0.3333333333333333,0.3333333333333333,0.0,0.0,0.16666666666666666,0.0,0.6666666666666666,0.16666666666666666,-0.6666666666666666
Suj_047,Respuestas de formulario 4,ALM,Dist,3,Bloque_9,4,Opción 1,1,2.3,4.166666666666667,-1,0,0,Mujer,5,6,1000.0,-1,0,0,0.0,0.5,0.3333333333333333,0.3333333333333333,0.0,0.0,0.16666666666666666,0.0,0.6666666666666666,0.16666666666666666,-0.6666666666666666
Suj_047,Respuestas de formulario 4,AEF,Dist,3,Bloque_5,5,Opción 2,0,2.3,4.166666666666667,-1,0,0,Mujer,5,6,2000.0,-1,0,0,0.0,0.5,0.3333333333333333,0.3333333333333333,0.0,0.0,0.16666666666666666,0.0,0.6666666666666666,0.16666666666666666,-0.6666666666666666
Suj_047,Respuestas de formulario 4,AGH,Dist,3,Bloque_11,6,Opción 1,1,2.3,4.166666666666667,-1,0,0,Mujer,5,6,1200.0,-1,0,0,0.0,0.5,0.3333333333333333,0.3333333333333333,0.0,0.0,0.16666666666666666,0.0,0.6666666666666666,0.16666666666666666,-0.6666666666666666
Suj_048,Respuestas de formulario 4,AQS,Bloque_CON,1,Bloque_7,1,Opción 2,0,1.2,4.333333333333333,-1,-1,-1,Mujer,4,5,2400.0,-1,-1,-1,-1.0,0.0,0.0,0.0,0.0,0.0,0.0,0.0,0.0,0.0,0.0
Suj_048,Respuestas de formulario 4,AJK,Bloque_CON,1,Bloque_3,2,Opción 2,0,1.2,4.333333333333333,-1,-1,-1,Mujer,4,5,0.0,-1,-1,-1,-1.0,0.0,0.0,0.0,0.0,0.0,0.0,0.0,0.0,0.0,0.0
Suj_048,Respuestas de formulario 4,ABC,Bloque_CON,1,Bloque_1,3,Opción 2,0,1.2,4.333333333333333,-1,-1,-1,Mujer,4,5,0.0,-1,-1,-1,-1.0,0.0,0.0,0.0,0.0,0.0,0.0,0.0,0.0,0.0,0.0
Suj_048,Respuestas de formulario 4,ALM,Bloque_CON,1,Bloque_9,4,Opción 2,0,1.2,4.333333333333333,-1,-1,-1,Mujer,4,5,1000.0,-1,-1,-1,-1.0,0.0,0.0,0.0,0.0,0.0,0.0,0.0,0.0,0.0,0.0
Suj_048,Respuestas de formulario 4,AEF,Bloque_CON,1,Bloque_5,5,Opción 2,0,1.2,4.333333333333333,-1,-1,-1,Mujer,4,5,2000.0,-1,-1,-1,-1.0,0.0,0.0,0.0,0.0,0.0,0.0,0.0,0.0,0.0,0.0
Suj_048,Respuestas de formulario 4,AGH,Bloque_CON,1,Bloque_11,6,Opción 2,0,1.2,4.333333333333333,-1,-1,-1,Mujer,4,5,1200.0,-1,-1,-1,-1.0,0.0,0.0,0.0,0.0,0.0,0.0,0.0,0.0,0.0,0.0
Suj_048,Respuestas de formulario 4,AQS,Bloque_SIN,2,Bloque_7,1,Opción 2,0,1.2,4.333333333333333,-1,-1,-1,Mujer,4,5,2400.0,-1,-1,-1,-1.0,0.0,0.0,0.0,0.0,0.0,0.0,0.0,0.0,0.0,0.0
Suj_048,Respuestas de formulario 4,AJK,Bloque_SIN,2,Bloque_3,2,Opción 2,0,1.2,4.333333333333333,-1,-1,-1,Mujer,4,5,0.0,-1,-1,-1,-1.0,0.0,0.0,0.0,0.0,0.0,0.0,0.0,0.0,0.0,0.0
Suj_048,Respuestas de formulario 4,ABC,Bloque_SIN,2,Bloque_1,3,Opción 2,0,1.2,4.333333333333333,-1,-1,-1,Mujer,4,5,0.0,-1,-1,-1,-1.0,0.0,0.0,0.0,0.0,0.0,0.0,0.0,0.0,0.0,0.0
Suj_048,Respuestas de formulario 4,ALM,Bloque_SIN,2,Bloque_9,4,Opción 2,0,1.2,4.333333333333333,-1,-1,-1,Mujer,4,5,1000.0,-1,-1,-1,-1.0,0.0,0.0,0.0,0.0,0.0,0.0,0.0,0.0,0.0,0.0
Suj_048,Respuestas de formulario 4,AEF,Bloque_SIN,2,Bloque_5,5,Opción 2,0,1.2,4.333333333333333,-1,-1,-1,Mujer,4,5,2000.0,-1,-1,-1,-1.0,0.0,0.0,0.0,0.0,0.0,0.0,0.0,0.0,0.0,0.0
Suj_048,Respuestas de formulario 4,AGH,Bloque_SIN,2,Bloque_11,6,Opción 2,0,1.2,4.333333333333333,-1,-1,-1,Mujer,4,5,1200.0,-1,-1,-1,-1.0,0.0,0.0,0.0,0.0,0.0,0.0,0.0,0.0,0.0,0.0
Suj_048,Respuestas de formulario 4,AQS,Dist,3,Bloque_7,1,Opción 2,0,1.2,4.333333333333333,-1,-1,-1,Mujer,4,5,2400.0,-1,-1,-1,-1.0,0.0,0.0,0.0,0.0,0.0,0.0,0.0,0.0,0.0,0.0
Suj_048,Respuestas de formulario 4,AJK,Dist,3,Bloque_3,2,Opción 2,0,1.2,4.333333333333333,-1,-1,-1,Mujer,4,5,0.0,-1,-1,-1,-1.0,0.0,0.0,0.0,0.0,0.0,0.0,0.0,0.0,0.0,0.0
Suj_048,Respuestas de formulario 4,ABC,Dist,3,Bloque_1,3,Opción 2,0,1.2,4.333333333333333,-1,-1,-1,Mujer,4,5,0.0,-1,-1,-1,-1.0,0.0,0.0,0.0,0.0,0.0,0.0,0.0,0.0,0.0,0.0
Suj_048,Respuestas de formulario 4,ALM,Dist,3,Bloque_9,4,Opción 2,0,1.2,4.333333333333333,-1,-1,-1,Mujer,4,5,1000.0,-1,-1,-1,-1.0,0.0,0.0,0.0,0.0,0.0,0.0,0.0,0.0,0.0,0.0
Suj_048,Respuestas de formulario 4,AEF,Dist,3,Bloque_5,5,Opción 2,0,1.2,4.333333333333333,-1,-1,-1,Mujer,4,5,2000.0,-1,-1,-1,-1.0,0.0,0.0,0.0,0.0,0.0,0.0,0.0,0.0,0.0,0.0
Suj_048,Respuestas de formulario 4,AGH,Dist,3,Bloque_11,6,Opción 2,0,1.2,4.333333333333333,-1,-1,-1,Mujer,4,5,1200.0,-1,-1,-1,-1.0,0.0,0.0,0.0,0.0,0.0,0.0,0.0,0.0,0.0,0.0
Suj_049,Respuestas de formulario 5,ABC,Bloque_SIN,1,Bloque_7,1,Opción 2,0,1.7,3.1666666666666665,0,-1,-1,Mujer,4,8,2400.0,0,-1,-1,-1.0,1.0,0.0,0.0,0.0,0.0,0.3333333333333333,0.3333333333333333,0.3333333333333333,0.0,0.0
Suj_049,Respuestas de formulario 5,AEF,Bloque_SIN,1,Bloque_3,2,Opción 1,1,1.7,3.1666666666666665,0,-1,-1,Mujer,4,8,0.0,0,-1,-1,0.0,1.0,0.0,0.0,0.0,0.0,0.3333333333333333,0.3333333333333333,0.3333333333333333,0.0,0.0
Suj_049,Respuestas de formulario 5,AJK,Bloque_SIN,1,Bloque_1,3,Opción 1,1,1.7,3.1666666666666665,0,-1,-1,Mujer,4,8,0.0,0,-1,-1,0.0,1.0,0.0,0.0,0.0,0.0,0.3333333333333333,0.3333333333333333,0.3333333333333333,0.0,0.0
Suj_049,Respuestas de formulario 5,AGH,Bloque_SIN,1,Bloque_9,4,Opción 2,0,1.7,3.1666666666666665,0,-1,-1,Mujer,4,8,1000.0,0,-1,-1,-1.0,1.0,0.0,0.0,0.0,0.0,0.3333333333333333,0.3333333333333333,0.3333333333333333,0.0,0.0
Suj_049,Respuestas de formulario 5,ALM,Bloque_SIN,1,Bloque_5,5,Opción 2,0,1.7,3.1666666666666665,0,-1,-1,Mujer,4,8,2000.0,0,-1,-1,-1.0,1.0,0.0,0.0,0.0,0.0,0.3333333333333333,0.3333333333333333,0.3333333333333333,0.0,0.0
Suj_049,Respuestas de formulario 5,AQS,Bloque_SIN,1,Bloque_11,6,Opción 2,0,1.7,3.1666666666666665,0,-1,-1,Mujer,4,8,1200.0,0,-1,-1,-1.0,1.0,0.0,0.0,0.0,0.0,0.3333333333333333,0.3333333333333333,0.3333333333333333,0.0,0.0
Suj_049,Respuestas de formulario 5,ABC,Bloque_CON,2,Bloque_7,1,Opción 2,0,1.7,3.1666666666666665,0,-1,-1,Mujer,4,8,2400.0,0,-1,-1,-1.0,1.0,0.0,0.0,0.0,0.0,0.3333333333333333,0.3333333333333333,0.3333333333333333,0.0,0.0
Suj_049,Respuestas de formulario 5,AEF,Bloque_CON,2,Bloque_3,2,Opción 1,1,1.7,3.1666666666666665,0,-1,-1,Mujer,4,8,0.0,0,-1,-1,0.0,1.0,0.0,0.0,0.0,0.0,0.3333333333333333,0.3333333333333333,0.3333333333333333,0.0,0.0
Suj_049,Respuestas de formulario 5,AJK,Bloque_CON,2,Bloque_1,3,Opción 1,1,1.7,3.1666666666666665,0,-1,-1,Mujer,4,8,0.0,0,-1,-1,0.0,1.0,0.0,0.0,0.0,0.0,0.3333333333333333,0.3333333333333333,0.3333333333333333,0.0,0.0
Suj_049,Respuestas de formulario 5,AGH,Bloque_CON,2,Bloque_9,4,Opción 2,0,1.7,3.1666666666666665,0,-1,-1,Mujer,4,8,1000.0,0,-1,-1,-1.0,1.0,0.0,0.0,0.0,0.0,0.3333333333333333,0.3333333333333333,0.3333333333333333,0.0,0.0
Suj_049,Respuestas de formulario 5,ALM,Bloque_CON,2,Bloque_5,5,Opción 2,0,1.7,3.1666666666666665,0,-1,-1,Mujer,4,8,2000.0,0,-1,-1,-1.0,1.0,0.0,0.0,0.0,0.0,0.3333333333333333,0.3333333333333333,0.3333333333333333,0.0,0.0
Suj_049,Respuestas de formulario 5,AQS,Bloque_CON,2,Bloque_11,6,Opción 2,0,1.7,3.1666666666666665,0,-1,-1,Mujer,4,8,1200.0,0,-1,-1,-1.0,1.0,0.0,0.0,0.0,0.0,0.3333333333333333,0.3333333333333333,0.3333333333333333,0.0,0.0
Suj_049,Respuestas de formulario 5,ABC,Dist,3,Bloque_7,1,Opción 2,0,1.7,3.1666666666666665,0,-1,-1,Mujer,4,8,2400.0,0,-1,-1,-1.0,1.0,0.0,0.0,0.0,0.0,0.3333333333333333,0.3333333333333333,0.3333333333333333,0.0,0.0
Suj_049,Respuestas de formulario 5,AEF,Dist,3,Bloque_3,2,Opción 1,1,1.7,3.1666666666666665,0,-1,-1,Mujer,4,8,0.0,0,-1,-1,0.0,1.0,0.0,0.0,0.0,0.0,0.3333333333333333,0.3333333333333333,0.3333333333333333,0.0,0.0
Suj_049,Respuestas de formulario 5,AJK,Dist,3,Bloque_1,3,Opción 1,1,1.7,3.1666666666666665,0,-1,-1,Mujer,4,8,0.0,0,-1,-1,0.0,1.0,0.0,0.0,0.0,0.0,0.3333333333333333,0.3333333333333333,0.3333333333333333,0.0,0.0
Suj_049,Respuestas de formulario 5,AGH,Dist,3,Bloque_9,4,Opción 2,0,1.7,3.1666666666666665,0,-1,-1,Mujer,4,8,1000.0,0,-1,-1,-1.0,1.0,0.0,0.0,0.0,0.0,0.3333333333333333,0.3333333333333333,0.3333333333333333,0.0,0.0
Suj_049,Respuestas de formulario 5,ALM,Dist,3,Bloque_5,5,Opción 2,0,1.7,3.1666666666666665,0,-1,-1,Mujer,4,8,2000.0,0,-1,-1,-1.0,1.0,0.0,0.0,0.0,0.0,0.3333333333333333,0.3333333333333333,0.3333333333333333,0.0,0.0
Suj_049,Respuestas de formulario 5,AQS,Dist,3,Bloque_11,6,Opción 2,0,1.7,3.1666666666666665,0,-1,-1,Mujer,4,8,1200.0,0,-1,-1,-1.0,1.0,0.0,0.0,0.0,0.0,0.3333333333333333,0.3333333333333333,0.3333333333333333,0.0,0.0
Suj_050,Respuestas de formulario 5,ABC,Bloque_SIN,1,Bloque_7,1,Opción 2,0,2.2,3.3333333333333335,0,0,0,Hombre,1,6,2400.0,0,0,0,0.0,1.0,0.0,0.0,0.0,0.0,0.3333333333333333,0.3333333333333333,0.3333333333333333,0.0,0.0
Suj_050,Respuestas de formulario 5,AEF,Bloque_SIN,1,Bloque_3,2,Opción 1,1,2.2,3.3333333333333335,0,0,0,Hombre,1,6,0.0,0,0,0,0.0,1.0,0.0,0.0,0.0,0.0,0.3333333333333333,0.3333333333333333,0.3333333333333333,0.0,0.0
Suj_050,Respuestas de formulario 5,AJK,Bloque_SIN,1,Bloque_1,3,Opción 1,1,2.2,3.3333333333333335,0,0,0,Hombre,1,6,0.0,0,0,0,0.0,1.0,0.0,0.0,0.0,0.0,0.3333333333333333,0.3333333333333333,0.3333333333333333,0.0,0.0
Suj_050,Respuestas de formulario 5,AGH,Bloque_SIN,1,Bloque_9,4,Opción 2,0,2.2,3.3333333333333335,0,0,0,Hombre,1,6,1000.0,0,0,0,0.0,1.0,0.0,0.0,0.0,0.0,0.3333333333333333,0.3333333333333333,0.3333333333333333,0.0,0.0
Suj_050,Respuestas de formulario 5,ALM,Bloque_SIN,1,Bloque_5,5,Opción 2,0,2.2,3.3333333333333335,0,0,0,Hombre,1,6,2000.0,0,0,0,0.0,1.0,0.0,0.0,0.0,0.0,0.3333333333333333,0.3333333333333333,0.3333333333333333,0.0,0.0
Suj_050,Respuestas de formulario 5,AQS,Bloque_SIN,1,Bloque_11,6,Opción 2,0,2.2,3.3333333333333335,0,0,0,Hombre,1,6,1200.0,0,0,0,0.0,1.0,0.0,0.0,0.0,0.0,0.3333333333333333,0.3333333333333333,0.3333333333333333,0.0,0.0
Suj_050,Respuestas de formulario 5,ABC,Bloque_CON,2,Bloque_7,1,Opción 2,0,2.2,3.3333333333333335,0,0,0,Hombre,1,6,2400.0,0,0,0,0.0,1.0,0.0,0.0,0.0,0.0,0.3333333333333333,0.3333333333333333,0.3333333333333333,0.0,0.0
Suj_050,Respuestas de formulario 5,AEF,Bloque_CON,2,Bloque_3,2,Opción 1,1,2.2,3.3333333333333335,0,0,0,Hombre,1,6,0.0,0,0,0,0.0,1.0,0.0,0.0,0.0,0.0,0.3333333333333333,0.3333333333333333,0.3333333333333333,0.0,0.0
Suj_050,Respuestas de formulario 5,AJK,Bloque_CON,2,Bloque_1,3,Opción 1,1,2.2,3.3333333333333335,0,0,0,Hombre,1,6,0.0,0,0,0,0.0,1.0,0.0,0.0,0.0,0.0,0.3333333333333333,0.3333333333333333,0.3333333333333333,0.0,0.0
Suj_050,Respuestas de formulario 5,AGH,Bloque_CON,2,Bloque_9,4,Opción 2,0,2.2,3.3333333333333335,0,0,0,Hombre,1,6,1000.0,0,0,0,0.0,1.0,0.0,0.0,0.0,0.0,0.3333333333333333,0.3333333333333333,0.3333333333333333,0.0,0.0
Suj_050,Respuestas de formulario 5,ALM,Bloque_CON,2,Bloque_5,5,Opción 2,0,2.2,3.3333333333333335,0,0,0,Hombre,1,6,2000.0,0,0,0,0.0,1.0,0.0,0.0,0.0,0.0,0.3333333333333333,0.3333333333333333,0.3333333333333333,0.0,0.0
Suj_050,Respuestas de formulario 5,AQS,Bloque_CON,2,Bloque_11,6,Opción 2,0,2.2,3.3333333333333335,0,0,0,Hombre,1,6,1200.0,0,0,0,0.0,1.0,0.0,0.0,0.0,0.0,0.3333333333333333,0.3333333333333333,0.3333333333333333,0.0,0.0
Suj_050,Respuestas de formulario 5,ABC,Dist,3,Bloque_7,1,Opción 2,0,2.2,3.3333333333333335,0,0,0,Hombre,1,6,2400.0,0,0,0,0.0,1.0,0.0,0.0,0.0,0.0,0.3333333333333333,0.3333333333333333,0.3333333333333333,0.0,0.0
Suj_050,Respuestas de formulario 5,AEF,Dist,3,Bloque_3,2,Opción 1,1,2.2,3.3333333333333335,0,0,0,Hombre,1,6,0.0,0,0,0,0.0,1.0,0.0,0.0,0.0,0.0,0.3333333333333333,0.3333333333333333,0.3333333333333333,0.0,0.0
Suj_050,Respuestas de formulario 5,AJK,Dist,3,Bloque_1,3,Opción 1,1,2.2,3.3333333333333335,0,0,0,Hombre,1,6,0.0,0,0,0,0.0,1.0,0.0,0.0,0.0,0.0,0.3333333333333333,0.3333333333333333,0.3333333333333333,0.0,0.0
Suj_050,Respuestas de formulario 5,AGH,Dist,3,Bloque_9,4,Opción 2,0,2.2,3.3333333333333335,0,0,0,Hombre,1,6,1000.0,0,0,0,0.0,1.0,0.0,0.0,0.0,0.0,0.3333333333333333,0.3333333333333333,0.3333333333333333,0.0,0.0
Suj_050,Respuestas de formulario 5,ALM,Dist,3,Bloque_5,5,Opción 2,0,2.2,3.3333333333333335,0,0,0,Hombre,1,6,2000.0,0,0,0,0.0,1.0,0.0,0.0,0.0,0.0,0.3333333333333333,0.3333333333333333,0.3333333333333333,0.0,0.0
Suj_050,Respuestas de formulario 5,AQS,Dist,3,Bloque_11,6,Opción 2,0,2.2,3.3333333333333335,0,0,0,Hombre,1,6,1200.0,0,0,0,0.0,1.0,0.0,0.0,0.0,0.0,0.3333333333333333,0.3333333333333333,0.3333333333333333,0.0,0.0
Suj_051,Respuestas de formulario 5,ABC,Bloque_SIN,1,Bloque_7,1,Opción 1,1,3.6,4.666666666666667,0,-1,1,Hombre,4,7,2400.0,0,-1,1,-1.0,0.16666666666666666,1.0,0.6666666666666666,1.0,0.6666666666666666,0.5,0.8333333333333334,0.5,-0.33333333333333337,0.33333333333333337
Suj_051,Respuestas de formulario 5,AEF,Bloque_SIN,1,Bloque_3,2,Opción 2,0,3.6,4.666666666666667,0,-1,1,Hombre,4,7,0.0,0,-1,1,0.0,0.16666666666666666,1.0,0.6666666666666666,1.0,0.6666666666666666,0.5,0.8333333333333334,0.5,-0.33333333333333337,0.33333333333333337
Suj_051,Respuestas de formulario 5,AJK,Bloque_SIN,1,Bloque_1,3,Opción 1,1,3.6,4.666666666666667,0,-1,1,Hombre,4,7,0.0,0,-1,1,0.0,0.16666666666666666,1.0,0.6666666666666666,1.0,0.6666666666666666,0.5,0.8333333333333334,0.5,-0.33333333333333337,0.33333333333333337
Suj_051,Respuestas de formulario 5,AGH,Bloque_SIN,1,Bloque_9,4,Opción 1,1,3.6,4.666666666666667,0,-1,1,Hombre,4,7,1000.0,0,-1,1,1.0,0.16666666666666666,1.0,0.6666666666666666,1.0,0.6666666666666666,0.5,0.8333333333333334,0.5,-0.33333333333333337,0.33333333333333337
Suj_051,Respuestas de formulario 5,ALM,Bloque_SIN,1,Bloque_5,5,Opción 1,1,3.6,4.666666666666667,0,-1,1,Hombre,4,7,2000.0,0,-1,1,-1.0,0.16666666666666666,1.0,0.6666666666666666,1.0,0.6666666666666666,0.5,0.8333333333333334,0.5,-0.33333333333333337,0.33333333333333337
Suj_051,Respuestas de formulario 5,AQS,Bloque_SIN,1,Bloque_11,6,Opción 1,1,3.6,4.666666666666667,0,-1,1,Hombre,4,7,1200.0,0,-1,1,1.0,0.16666666666666666,1.0,0.6666666666666666,1.0,0.6666666666666666,0.5,0.8333333333333334,0.5,-0.33333333333333337,0.33333333333333337
Suj_051,Respuestas de formulario 5,ABC,Bloque_CON,2,Bloque_7,1,Opción 1,1,3.6,4.666666666666667,0,-1,1,Hombre,4,7,2400.0,0,-1,1,-1.0,0.16666666666666666,1.0,0.6666666666666666,1.0,0.6666666666666666,0.5,0.8333333333333334,0.5,-0.33333333333333337,0.33333333333333337
Suj_051,Respuestas de formulario 5,AEF,Bloque_CON,2,Bloque_3,2,Opción 2,0,3.6,4.666666666666667,0,-1,1,Hombre,4,7,0.0,0,-1,1,0.0,0.16666666666666666,1.0,0.6666666666666666,1.0,0.6666666666666666,0.5,0.8333333333333334,0.5,-0.33333333333333337,0.33333333333333337
Suj_051,Respuestas de formulario 5,AJK,Bloque_CON,2,Bloque_1,3,Opción 2,0,3.6,4.666666666666667,0,-1,1,Hombre,4,7,0.0,0,-1,1,0.0,0.16666666666666666,1.0,0.6666666666666666,1.0,0.6666666666666666,0.5,0.8333333333333334,0.5,-0.33333333333333337,0.33333333333333337
Suj_051,Respuestas de formulario 5,AGH,Bloque_CON,2,Bloque_9,4,Opción 1,1,3.6,4.666666666666667,0,-1,1,Hombre,4,7,1000.0,0,-1,1,1.0,0.16666666666666666,1.0,0.6666666666666666,1.0,0.6666666666666666,0.5,0.8333333333333334,0.5,-0.33333333333333337,0.33333333333333337
Suj_051,Respuestas de formulario 5,ALM,Bloque_CON,2,Bloque_5,5,Opción 1,1,3.6,4.666666666666667,0,-1,1,Hombre,4,7,2000.0,0,-1,1,-1.0,0.16666666666666666,1.0,0.6666666666666666,1.0,0.6666666666666666,0.5,0.8333333333333334,0.5,-0.33333333333333337,0.33333333333333337
Suj_051,Respuestas de formulario 5,AQS,Bloque_CON,2,Bloque_11,6,Opción 2,0,3.6,4.666666666666667,0,-1,1,Hombre,4,7,1200.0,0,-1,1,1.0,0.16666666666666666,1.0,0.6666666666666666,1.0,0.6666666666666666,0.5,0.8333333333333334,0.5,-0.33333333333333337,0.33333333333333337
Suj_051,Respuestas de formulario 5,ABC,Dist,3,Bloque_7,1,Opción 2,0,3.6,4.666666666666667,0,-1,1,Hombre,4,7,2400.0,0,-1,1,-1.0,0.16666666666666666,1.0,0.6666666666666666,1.0,0.6666666666666666,0.5,0.8333333333333334,0.5,-0.33333333333333337,0.33333333333333337
Suj_051,Respuestas de formulario 5,AEF,Dist,3,Bloque_3,2,Opción 2,0,3.6,4.666666666666667,0,-1,1,Hombre,4,7,0.0,0,-1,1,0.0,0.16666666666666666,1.0,0.6666666666666666,1.0,0.6666666666666666,0.5,0.8333333333333334,0.5,-0.33333333333333337,0.33333333333333337
Suj_051,Respuestas de formulario 5,AJK,Dist,3,Bloque_1,3,Opción 2,0,3.6,4.666666666666667,0,-1,1,Hombre,4,7,0.0,0,-1,1,0.0,0.16666666666666666,1.0,0.6666666666666666,1.0,0.6666666666666666,0.5,0.8333333333333334,0.5,-0.33333333333333337,0.33333333333333337
Suj_051,Respuestas de formulario 5,AGH,Dist,3,Bloque_9,4,Opción 1,1,3.6,4.666666666666667,0,-1,1,Hombre,4,7,1000.0,0,-1,1,1.0,0.16666666666666666,1.0,0.6666666666666666,1.0,0.6666666666666666,0.5,0.8333333333333334,0.5,-0.33333333333333337,0.33333333333333337
Suj_051,Respuestas de formulario 5,ALM,Dist,3,Bloque_5,5,Opción 1,1,3.6,4.666666666666667,0,-1,1,Hombre,4,7,2000.0,0,-1,1,-1.0,0.16666666666666666,1.0,0.6666666666666666,1.0,0.6666666666666666,0.5,0.8333333333333334,0.5,-0.33333333333333337,0.33333333333333337
Suj_051,Respuestas de formulario 5,AQS,Dist,3,Bloque_11,6,Opción 1,1,3.6,4.666666666666667,0,-1,1,Hombre,4,7,1200.0,0,-1,1,1.0,0.16666666666666666,1.0,0.6666666666666666,1.0,0.6666666666666666,0.5,0.8333333333333334,0.5,-0.33333333333333337,0.33333333333333337
Suj_052,Respuestas de formulario 5,ABC,Bloque_SIN,1,Bloque_7,1,Opción 2,0,2.1,4.0,1,-1,-1,Mujer,4,4,2400.0,1,-1,-1,-1.0,0.5,0.0,0.0,0.0,0.0,0.16666666666666666,0.16666666666666666,0.16666666666666666,0.0,0.0
Suj_052,Respuestas de formulario 5,AEF,Bloque_SIN,1,Bloque_3,2,Opción 2,0,2.1,4.0,1,-1,-1,Mujer,4,4,0.0,1,-1,-1,1.0,0.5,0.0,0.0,0.0,0.0,0.16666666666666666,0.16666666666666666,0.16666666666666666,0.0,0.0
Suj_052,Respuestas de formulario 5,AJK,Bloque_SIN,1,Bloque_1,3,Opción 1,1,2.1,4.0,1,-1,-1,Mujer,4,4,0.0,1,-1,-1,1.0,0.5,0.0,0.0,0.0,0.0,0.16666666666666666,0.16666666666666666,0.16666666666666666,0.0,0.0
Suj_052,Respuestas de formulario 5,AGH,Bloque_SIN,1,Bloque_9,4,Opción 2,0,2.1,4.0,1,-1,-1,Mujer,4,4,1000.0,1,-1,-1,-1.0,0.5,0.0,0.0,0.0,0.0,0.16666666666666666,0.16666666666666666,0.16666666666666666,0.0,0.0
Suj_052,Respuestas de formulario 5,ALM,Bloque_SIN,1,Bloque_5,5,Opción 2,0,2.1,4.0,1,-1,-1,Mujer,4,4,2000.0,1,-1,-1,-1.0,0.5,0.0,0.0,0.0,0.0,0.16666666666666666,0.16666666666666666,0.16666666666666666,0.0,0.0
Suj_052,Respuestas de formulario 5,AQS,Bloque_SIN,1,Bloque_11,6,Opción 2,0,2.1,4.0,1,-1,-1,Mujer,4,4,1200.0,1,-1,-1,-1.0,0.5,0.0,0.0,0.0,0.0,0.16666666666666666,0.16666666666666666,0.16666666666666666,0.0,0.0
Suj_052,Respuestas de formulario 5,ABC,Bloque_CON,2,Bloque_7,1,Opción 2,0,2.1,4.0,1,-1,-1,Mujer,4,4,2400.0,1,-1,-1,-1.0,0.5,0.0,0.0,0.0,0.0,0.16666666666666666,0.16666666666666666,0.16666666666666666,0.0,0.0
Suj_052,Respuestas de formulario 5,AEF,Bloque_CON,2,Bloque_3,2,Opción 2,0,2.1,4.0,1,-1,-1,Mujer,4,4,0.0,1,-1,-1,1.0,0.5,0.0,0.0,0.0,0.0,0.16666666666666666,0.16666666666666666,0.16666666666666666,0.0,0.0
Suj_052,Respuestas de formulario 5,AJK,Bloque_CON,2,Bloque_1,3,Opción 1,1,2.1,4.0,1,-1,-1,Mujer,4,4,0.0,1,-1,-1,1.0,0.5,0.0,0.0,0.0,0.0,0.16666666666666666,0.16666666666666666,0.16666666666666666,0.0,0.0
Suj_052,Respuestas de formulario 5,AGH,Bloque_CON,2,Bloque_9,4,Opción 2,0,2.1,4.0,1,-1,-1,Mujer,4,4,1000.0,1,-1,-1,-1.0,0.5,0.0,0.0,0.0,0.0,0.16666666666666666,0.16666666666666666,0.16666666666666666,0.0,0.0
Suj_052,Respuestas de formulario 5,ALM,Bloque_CON,2,Bloque_5,5,Opción 2,0,2.1,4.0,1,-1,-1,Mujer,4,4,2000.0,1,-1,-1,-1.0,0.5,0.0,0.0,0.0,0.0,0.16666666666666666,0.16666666666666666,0.16666666666666666,0.0,0.0
Suj_052,Respuestas de formulario 5,AQS,Bloque_CON,2,Bloque_11,6,Opción 2,0,2.1,4.0,1,-1,-1,Mujer,4,4,1200.0,1,-1,-1,-1.0,0.5,0.0,0.0,0.0,0.0,0.16666666666666666,0.16666666666666666,0.16666666666666666,0.0,0.0
Suj_052,Respuestas de formulario 5,ABC,Dist,3,Bloque_7,1,Opción 2,0,2.1,4.0,1,-1,-1,Mujer,4,4,2400.0,1,-1,-1,-1.0,0.5,0.0,0.0,0.0,0.0,0.16666666666666666,0.16666666666666666,0.16666666666666666,0.0,0.0
Suj_052,Respuestas de formulario 5,AEF,Dist,3,Bloque_3,2,Opción 2,0,2.1,4.0,1,-1,-1,Mujer,4,4,0.0,1,-1,-1,1.0,0.5,0.0,0.0,0.0,0.0,0.16666666666666666,0.16666666666666666,0.16666666666666666,0.0,0.0
Suj_052,Respuestas de formulario 5,AJK,Dist,3,Bloque_1,3,Opción 1,1,2.1,4.0,1,-1,-1,Mujer,4,4,0.0,1,-1,-1,1.0,0.5,0.0,0.0,0.0,0.0,0.16666666666666666,0.16666666666666666,0.16666666666666666,0.0,0.0
Suj_052,Respuestas de formulario 5,AGH,Dist,3,Bloque_9,4,Opción 2,0,2.1,4.0,1,-1,-1,Mujer,4,4,1000.0,1,-1,-1,-1.0,0.5,0.0,0.0,0.0,0.0,0.16666666666666666,0.16666666666666666,0.16666666666666666,0.0,0.0
Suj_052,Respuestas de formulario 5,ALM,Dist,3,Bloque_5,5,Opción 2,0,2.1,4.0,1,-1,-1,Mujer,4,4,2000.0,1,-1,-1,-1.0,0.5,0.0,0.0,0.0,0.0,0.16666666666666666,0.16666666666666666,0.16666666666666666,0.0,0.0
Suj_052,Respuestas de formulario 5,AQS,Dist,3,Bloque_11,6,Opción 2,0,2.1,4.0,1,-1,-1,Mujer,4,4,1200.0,1,-1,-1,-1.0,0.5,0.0,0.0,0.0,0.0,0.16666666666666666,0.16666666666666666,0.16666666666666666,0.0,0.0
Suj_053,Respuestas de formulario 5,ABC,Bloque_SIN,1,Bloque_7,1,Opción 2,0,1.1,3.5,1,-1,1,Mujer,3,2,2400.0,1,-1,1,-1.0,0.8333333333333334,0.3333333333333333,0.0,0.0,0.0,0.16666666666666666,0.5,0.3333333333333333,-0.33333333333333337,0.16666666666666669
Suj_053,Respuestas de formulario 5,AEF,Bloque_SIN,1,Bloque_3,2,Opción 1,1,1.1,3.5,1,-1,1,Mujer,3,2,0.0,1,-1,1,1.0,0.8333333333333334,0.3333333333333333,0.0,0.0,0.0,0.16666666666666666,0.5,0.3333333333333333,-0.33333333333333337,0.16666666666666669
Suj_053,Respuestas de formulario 5,AJK,Bloque_SIN,1,Bloque_1,3,Opción 1,1,1.1,3.5,1,-1,1,Mujer,3,2,0.0,1,-1,1,1.0,0.8333333333333334,0.3333333333333333,0.0,0.0,0.0,0.16666666666666666,0.5,0.3333333333333333,-0.33333333333333337,0.16666666666666669
Suj_053,Respuestas de formulario 5,AGH,Bloque_SIN,1,Bloque_9,4,Opción 1,1,1.1,3.5,1,-1,1,Mujer,3,2,1000.0,1,-1,1,1.0,0.8333333333333334,0.3333333333333333,0.0,0.0,0.0,0.16666666666666666,0.5,0.3333333333333333,-0.33333333333333337,0.16666666666666669
Suj_053,Respuestas de formulario 5,ALM,Bloque_SIN,1,Bloque_5,5,Opción 2,0,1.1,3.5,1,-1,1,Mujer,3,2,2000.0,1,-1,1,-1.0,0.8333333333333334,0.3333333333333333,0.0,0.0,0.0,0.16666666666666666,0.5,0.3333333333333333,-0.33333333333333337,0.16666666666666669
Suj_053,Respuestas de formulario 5,AQS,Bloque_SIN,1,Bloque_11,6,Opción 2,0,1.1,3.5,1,-1,1,Mujer,3,2,1200.0,1,-1,1,1.0,0.8333333333333334,0.3333333333333333,0.0,0.0,0.0,0.16666666666666666,0.5,0.3333333333333333,-0.33333333333333337,0.16666666666666669
Suj_053,Respuestas de formulario 5,ABC,Bloque_CON,2,Bloque_7,1,Opción 2,0,1.1,3.5,1,-1,1,Mujer,3,2,2400.0,1,-1,1,-1.0,0.8333333333333334,0.3333333333333333,0.0,0.0,0.0,0.16666666666666666,0.5,0.3333333333333333,-0.33333333333333337,0.16666666666666669
Suj_053,Respuestas de formulario 5,AEF,Bloque_CON,2,Bloque_3,2,Opción 2,0,1.1,3.5,1,-1,1,Mujer,3,2,0.0,1,-1,1,1.0,0.8333333333333334,0.3333333333333333,0.0,0.0,0.0,0.16666666666666666,0.5,0.3333333333333333,-0.33333333333333337,0.16666666666666669
Suj_053,Respuestas de formulario 5,AJK,Bloque_CON,2,Bloque_1,3,Opción 1,1,1.1,3.5,1,-1,1,Mujer,3,2,0.0,1,-1,1,1.0,0.8333333333333334,0.3333333333333333,0.0,0.0,0.0,0.16666666666666666,0.5,0.3333333333333333,-0.33333333333333337,0.16666666666666669
Suj_053,Respuestas de formulario 5,AGH,Bloque_CON,2,Bloque_9,4,Opción 2,0,1.1,3.5,1,-1,1,Mujer,3,2,1000.0,1,-1,1,1.0,0.8333333333333334,0.3333333333333333,0.0,0.0,0.0,0.16666666666666666,0.5,0.3333333333333333,-0.33333333333333337,0.16666666666666669
Suj_053,Respuestas de formulario 5,ALM,Bloque_CON,2,Bloque_5,5,Opción 2,0,1.1,3.5,1,-1,1,Mujer,3,2,2000.0,1,-1,1,-1.0,0.8333333333333334,0.3333333333333333,0.0,0.0,0.0,0.16666666666666666,0.5,0.3333333333333333,-0.33333333333333337,0.16666666666666669
Suj_053,Respuestas de formulario 5,AQS,Bloque_CON,2,Bloque_11,6,Opción 2,0,1.1,3.5,1,-1,1,Mujer,3,2,1200.0,1,-1,1,1.0,0.8333333333333334,0.3333333333333333,0.0,0.0,0.0,0.16666666666666666,0.5,0.3333333333333333,-0.33333333333333337,0.16666666666666669
Suj_053,Respuestas de formulario 5,ABC,Dist,3,Bloque_7,1,Opción 2,0,1.1,3.5,1,-1,1,Mujer,3,2,2400.0,1,-1,1,-1.0,0.8333333333333334,0.3333333333333333,0.0,0.0,0.0,0.16666666666666666,0.5,0.3333333333333333,-0.33333333333333337,0.16666666666666669
Suj_053,Respuestas de formulario 5,AEF,Dist,3,Bloque_3,2,Opción 1,1,1.1,3.5,1,-1,1,Mujer,3,2,0.0,1,-1,1,1.0,0.8333333333333334,0.3333333333333333,0.0,0.0,0.0,0.16666666666666666,0.5,0.3333333333333333,-0.33333333333333337,0.16666666666666669
Suj_053,Respuestas de formulario 5,AJK,Dist,3,Bloque_1,3,Opción 1,1,1.1,3.5,1,-1,1,Mujer,3,2,0.0,1,-1,1,1.0,0.8333333333333334,0.3333333333333333,0.0,0.0,0.0,0.16666666666666666,0.5,0.3333333333333333,-0.33333333333333337,0.16666666666666669
Suj_053,Respuestas de formulario 5,AGH,Dist,3,Bloque_9,4,Opción 2,0,1.1,3.5,1,-1,1,Mujer,3,2,1000.0,1,-1,1,1.0,0.8333333333333334,0.3333333333333333,0.0,0.0,0.0,0.16666666666666666,0.5,0.3333333333333333,-0.33333333333333337,0.16666666666666669
Suj_053,Respuestas de formulario 5,ALM,Dist,3,Bloque_5,5,Opción 2,0,1.1,3.5,1,-1,1,Mujer,3,2,2000.0,1,-1,1,-1.0,0.8333333333333334,0.3333333333333333,0.0,0.0,0.0,0.16666666666666666,0.5,0.3333333333333333,-0.33333333333333337,0.16666666666666669
Suj_053,Respuestas de formulario 5,AQS,Dist,3,Bloque_11,6,Opción 2,0,1.1,3.5,1,-1,1,Mujer,3,2,1200.0,1,-1,1,1.0,0.8333333333333334,0.3333333333333333,0.0,0.0,0.0,0.16666666666666666,0.5,0.3333333333333333,-0.33333333333333337,0.16666666666666669
Suj_054,Respuestas de formulario 5,ABC,Bloque_SIN,1,Bloque_7,1,Opción 2,0,2.3,4.833333333333333,1,-1,1,Mujer,5,7,2400.0,1,-1,1,-1.0,1.0,1.0,1.0,0.3333333333333333,0.0,0.6666666666666666,0.8333333333333334,0.6666666666666666,-0.16666666666666674,0.16666666666666674
Suj_054,Respuestas de formulario 5,AEF,Bloque_SIN,1,Bloque_3,2,Opción 1,1,2.3,4.833333333333333,1,-1,1,Mujer,5,7,0.0,1,-1,1,1.0,1.0,1.0,1.0,0.3333333333333333,0.0,0.6666666666666666,0.8333333333333334,0.6666666666666666,-0.16666666666666674,0.16666666666666674
Suj_054,Respuestas de formulario 5,AJK,Bloque_SIN,1,Bloque_1,3,Opción 1,1,2.3,4.833333333333333,1,-1,1,Mujer,5,7,0.0,1,-1,1,1.0,1.0,1.0,1.0,0.3333333333333333,0.0,0.6666666666666666,0.8333333333333334,0.6666666666666666,-0.16666666666666674,0.16666666666666674
Suj_054,Respuestas de formulario 5,AGH,Bloque_SIN,1,Bloque_9,4,Opción 1,1,2.3,4.833333333333333,1,-1,1,Mujer,5,7,1000.0,1,-1,1,1.0,1.0,1.0,1.0,0.3333333333333333,0.0,0.6666666666666666,0.8333333333333334,0.6666666666666666,-0.16666666666666674,0.16666666666666674
Suj_054,Respuestas de formulario 5,ALM,Bloque_SIN,1,Bloque_5,5,Opción 1,1,2.3,4.833333333333333,1,-1,1,Mujer,5,7,2000.0,1,-1,1,-1.0,1.0,1.0,1.0,0.3333333333333333,0.0,0.6666666666666666,0.8333333333333334,0.6666666666666666,-0.16666666666666674,0.16666666666666674
Suj_054,Respuestas de formulario 5,AQS,Bloque_SIN,1,Bloque_11,6,Opción 1,1,2.3,4.833333333333333,1,-1,1,Mujer,5,7,1200.0,1,-1,1,1.0,1.0,1.0,1.0,0.3333333333333333,0.0,0.6666666666666666,0.8333333333333334,0.6666666666666666,-0.16666666666666674,0.16666666666666674
Suj_054,Respuestas de formulario 5,ABC,Bloque_CON,2,Bloque_7,1,Opción 2,0,2.3,4.833333333333333,1,-1,1,Mujer,5,7,2400.0,1,-1,1,-1.0,1.0,1.0,1.0,0.3333333333333333,0.0,0.6666666666666666,0.8333333333333334,0.6666666666666666,-0.16666666666666674,0.16666666666666674
Suj_054,Respuestas de formulario 5,AEF,Bloque_CON,2,Bloque_3,2,Opción 1,1,2.3,4.833333333333333,1,-1,1,Mujer,5,7,0.0,1,-1,1,1.0,1.0,1.0,1.0,0.3333333333333333,0.0,0.6666666666666666,0.8333333333333334,0.6666666666666666,-0.16666666666666674,0.16666666666666674
Suj_054,Respuestas de formulario 5,AJK,Bloque_CON,2,Bloque_1,3,Opción 1,1,2.3,4.833333333333333,1,-1,1,Mujer,5,7,0.0,1,-1,1,1.0,1.0,1.0,1.0,0.3333333333333333,0.0,0.6666666666666666,0.8333333333333334,0.6666666666666666,-0.16666666666666674,0.16666666666666674
Suj_054,Respuestas de formulario 5,AGH,Bloque_CON,2,Bloque_9,4,Opción 1,1,2.3,4.833333333333333,1,-1,1,Mujer,5,7,1000.0,1,-1,1,1.0,1.0,1.0,1.0,0.3333333333333333,0.0,0.6666666666666666,0.8333333333333334,0.6666666666666666,-0.16666666666666674,0.16666666666666674
Suj_054,Respuestas de formulario 5,ALM,Bloque_CON,2,Bloque_5,5,Opción 2,0,2.3,4.833333333333333,1,-1,1,Mujer,5,7,2000.0,1,-1,1,-1.0,1.0,1.0,1.0,0.3333333333333333,0.0,0.6666666666666666,0.8333333333333334,0.6666666666666666,-0.16666666666666674,0.16666666666666674
Suj_054,Respuestas de formulario 5,AQS,Bloque_CON,2,Bloque_11,6,Opción 1,1,2.3,4.833333333333333,1,-1,1,Mujer,5,7,1200.0,1,-1,1,1.0,1.0,1.0,1.0,0.3333333333333333,0.0,0.6666666666666666,0.8333333333333334,0.6666666666666666,-0.16666666666666674,0.16666666666666674
Suj_054,Respuestas de formulario 5,ABC,Dist,3,Bloque_7,1,Opción 2,0,2.3,4.833333333333333,1,-1,1,Mujer,5,7,2400.0,1,-1,1,-1.0,1.0,1.0,1.0,0.3333333333333333,0.0,0.6666666666666666,0.8333333333333334,0.6666666666666666,-0.16666666666666674,0.16666666666666674
Suj_054,Respuestas de formulario 5,AEF,Dist,3,Bloque_3,2,Opción 1,1,2.3,4.833333333333333,1,-1,1,Mujer,5,7,0.0,1,-1,1,1.0,1.0,1.0,1.0,0.3333333333333333,0.0,0.6666666666666666,0.8333333333333334,0.6666666666666666,-0.16666666666666674,0.16666666666666674
Suj_054,Respuestas de formulario 5,AJK,Dist,3,Bloque_1,3,Opción 1,1,2.3,4.833333333333333,1,-1,1,Mujer,5,7,0.0,1,-1,1,1.0,1.0,1.0,1.0,0.3333333333333333,0.0,0.6666666666666666,0.8333333333333334,0.6666666666666666,-0.16666666666666674,0.16666666666666674
Suj_054,Respuestas de formulario 5,AGH,Dist,3,Bloque_9,4,Opción 1,1,2.3,4.833333333333333,1,-1,1,Mujer,5,7,1000.0,1,-1,1,1.0,1.0,1.0,1.0,0.3333333333333333,0.0,0.6666666666666666,0.8333333333333334,0.6666666666666666,-0.16666666666666674,0.16666666666666674
Suj_054,Respuestas de formulario 5,ALM,Dist,3,Bloque_5,5,Opción 2,0,2.3,4.833333333333333,1,-1,1,Mujer,5,7,2000.0,1,-1,1,-1.0,1.0,1.0,1.0,0.3333333333333333,0.0,0.6666666666666666,0.8333333333333334,0.6666666666666666,-0.16666666666666674,0.16666666666666674
Suj_054,Respuestas de formulario 5,AQS,Dist,3,Bloque_11,6,Opción 1,1,2.3,4.833333333333333,1,-1,1,Mujer,5,7,1200.0,1,-1,1,1.0,1.0,1.0,1.0,0.3333333333333333,0.0,0.6666666666666666,0.8333333333333334,0.6666666666666666,-0.16666666666666674,0.16666666666666674
Suj_056,Respuestas de formulario 5,ABC,Bloque_CON,2,Bloque_7,1,Opción 2,0,2.3,2.3333333333333335,1,-1,1,Mujer,5,5,2400.0,1,-1,1,-1.0,0.6666666666666666,1.0,0.3333333333333333,0.0,0.3333333333333333,0.3333333333333333,0.6666666666666666,0.5,-0.3333333333333333,0.16666666666666663
Suj_056,Respuestas de formulario 5,AEF,Bloque_CON,2,Bloque_3,2,Opción 1,1,2.3,2.3333333333333335,1,-1,1,Mujer,5,5,0.0,1,-1,1,1.0,0.6666666666666666,1.0,0.3333333333333333,0.0,0.3333333333333333,0.3333333333333333,0.6666666666666666,0.5,-0.3333333333333333,0.16666666666666663
Suj_056,Respuestas de formulario 5,AJK,Bloque_CON,2,Bloque_1,3,Opción 2,0,2.3,2.3333333333333335,1,-1,1,Mujer,5,5,0.0,1,-1,1,1.0,0.6666666666666666,1.0,0.3333333333333333,0.0,0.3333333333333333,0.3333333333333333,0.6666666666666666,0.5,-0.3333333333333333,0.16666666666666663
Suj_056,Respuestas de formulario 5,AGH,Bloque_CON,2,Bloque_9,4,Opción 1,1,2.3,2.3333333333333335,1,-1,1,Mujer,5,5,1000.0,1,-1,1,1.0,0.6666666666666666,1.0,0.3333333333333333,0.0,0.3333333333333333,0.3333333333333333,0.6666666666666666,0.5,-0.3333333333333333,0.16666666666666663
Suj_056,Respuestas de formulario 5,ALM,Bloque_CON,2,Bloque_5,5,Opción 2,0,2.3,2.3333333333333335,1,-1,1,Mujer,5,5,2000.0,1,-1,1,-1.0,0.6666666666666666,1.0,0.3333333333333333,0.0,0.3333333333333333,0.3333333333333333,0.6666666666666666,0.5,-0.3333333333333333,0.16666666666666663
Suj_056,Respuestas de formulario 5,AQS,Bloque_CON,2,Bloque_11,6,Opción 2,0,2.3,2.3333333333333335,1,-1,1,Mujer,5,5,1200.0,1,-1,1,1.0,0.6666666666666666,1.0,0.3333333333333333,0.0,0.3333333333333333,0.3333333333333333,0.6666666666666666,0.5,-0.3333333333333333,0.16666666666666663
Suj_057,Respuestas de formulario 5,ABC,Bloque_SIN,1,Bloque_7,1,Opción 1,1,2.2,4.333333333333333,0,-1,0,Hombre,6,8,2400.0,0,-1,0,-1.0,0.0,0.6666666666666666,0.6666666666666666,0.3333333333333333,0.3333333333333333,0.3333333333333333,0.16666666666666666,0.5,0.16666666666666666,-0.33333333333333337
Suj_057,Respuestas de formulario 5,AEF,Bloque_SIN,1,Bloque_3,2,Opción 2,0,2.2,4.333333333333333,0,-1,0,Hombre,6,8,0.0,0,-1,0,0.0,0.0,0.6666666666666666,0.6666666666666666,0.3333333333333333,0.3333333333333333,0.3333333333333333,0.16666666666666666,0.5,0.16666666666666666,-0.33333333333333337
Suj_057,Respuestas de formulario 5,AJK,Bloque_SIN,1,Bloque_1,3,Opción 2,0,2.2,4.333333333333333,0,-1,0,Hombre,6,8,0.0,0,-1,0,0.0,0.0,0.6666666666666666,0.6666666666666666,0.3333333333333333,0.3333333333333333,0.3333333333333333,0.16666666666666666,0.5,0.16666666666666666,-0.33333333333333337
Suj_057,Respuestas de formulario 5,AGH,Bloque_SIN,1,Bloque_9,4,Opción 2,0,2.2,4.333333333333333,0,-1,0,Hombre,6,8,1000.0,0,-1,0,0.0,0.0,0.6666666666666666,0.6666666666666666,0.3333333333333333,0.3333333333333333,0.3333333333333333,0.16666666666666666,0.5,0.16666666666666666,-0.33333333333333337
Suj_057,Respuestas de formulario 5,ALM,Bloque_SIN,1,Bloque_5,5,Opción 2,0,2.2,4.333333333333333,0,-1,0,Hombre,6,8,2000.0,0,-1,0,-1.0,0.0,0.6666666666666666,0.6666666666666666,0.3333333333333333,0.3333333333333333,0.3333333333333333,0.16666666666666666,0.5,0.16666666666666666,-0.33333333333333337
Suj_057,Respuestas de formulario 5,AQS,Bloque_SIN,1,Bloque_11,6,Opción 2,0,2.2,4.333333333333333,0,-1,0,Hombre,6,8,1200.0,0,-1,0,0.0,0.0,0.6666666666666666,0.6666666666666666,0.3333333333333333,0.3333333333333333,0.3333333333333333,0.16666666666666666,0.5,0.16666666666666666,-0.33333333333333337
Suj_057,Respuestas de formulario 5,ABC,Bloque_CON,2,Bloque_7,1,Opción 2,0,2.2,4.333333333333333,0,-1,0,Hombre,6,8,2400.0,0,-1,0,-1.0,0.0,0.6666666666666666,0.6666666666666666,0.3333333333333333,0.3333333333333333,0.3333333333333333,0.16666666666666666,0.5,0.16666666666666666,-0.33333333333333337
Suj_057,Respuestas de formulario 5,AEF,Bloque_CON,2,Bloque_3,2,Opción 2,0,2.2,4.333333333333333,0,-1,0,Hombre,6,8,0.0,0,-1,0,0.0,0.0,0.6666666666666666,0.6666666666666666,0.3333333333333333,0.3333333333333333,0.3333333333333333,0.16666666666666666,0.5,0.16666666666666666,-0.33333333333333337
Suj_057,Respuestas de formulario 5,AJK,Bloque_CON,2,Bloque_1,3,Opción 2,0,2.2,4.333333333333333,0,-1,0,Hombre,6,8,0.0,0,-1,0,0.0,0.0,0.6666666666666666,0.6666666666666666,0.3333333333333333,0.3333333333333333,0.3333333333333333,0.16666666666666666,0.5,0.16666666666666666,-0.33333333333333337
Suj_057,Respuestas de formulario 5,AGH,Bloque_CON,2,Bloque_9,4,Opción 1,1,2.2,4.333333333333333,0,-1,0,Hombre,6,8,1000.0,0,-1,0,0.0,0.0,0.6666666666666666,0.6666666666666666,0.3333333333333333,0.3333333333333333,0.3333333333333333,0.16666666666666666,0.5,0.16666666666666666,-0.33333333333333337
Suj_057,Respuestas de formulario 5,ALM,Bloque_CON,2,Bloque_5,5,Opción 2,0,2.2,4.333333333333333,0,-1,0,Hombre,6,8,2000.0,0,-1,0,-1.0,0.0,0.6666666666666666,0.6666666666666666,0.3333333333333333,0.3333333333333333,0.3333333333333333,0.16666666666666666,0.5,0.16666666666666666,-0.33333333333333337
Suj_057,Respuestas de formulario 5,AQS,Bloque_CON,2,Bloque_11,6,Opción 1,1,2.2,4.333333333333333,0,-1,0,Hombre,6,8,1200.0,0,-1,0,0.0,0.0,0.6666666666666666,0.6666666666666666,0.3333333333333333,0.3333333333333333,0.3333333333333333,0.16666666666666666,0.5,0.16666666666666666,-0.33333333333333337
Suj_057,Respuestas de formulario 5,ABC,Dist,3,Bloque_7,1,Opción 2,0,2.2,4.333333333333333,0,-1,0,Hombre,6,8,2400.0,0,-1,0,-1.0,0.0,0.6666666666666666,0.6666666666666666,0.3333333333333333,0.3333333333333333,0.3333333333333333,0.16666666666666666,0.5,0.16666666666666666,-0.33333333333333337
Suj_057,Respuestas de formulario 5,AEF,Dist,3,Bloque_3,2,Opción 2,0,2.2,4.333333333333333,0,-1,0,Hombre,6,8,0.0,0,-1,0,0.0,0.0,0.6666666666666666,0.6666666666666666,0.3333333333333333,0.3333333333333333,0.3333333333333333,0.16666666666666666,0.5,0.16666666666666666,-0.33333333333333337
Suj_057,Respuestas de formulario 5,AJK,Dist,3,Bloque_1,3,Opción 2,0,2.2,4.333333333333333,0,-1,0,Hombre,6,8,0.0,0,-1,0,0.0,0.0,0.6666666666666666,0.6666666666666666,0.3333333333333333,0.3333333333333333,0.3333333333333333,0.16666666666666666,0.5,0.16666666666666666,-0.33333333333333337
Suj_057,Respuestas de formulario 5,AGH,Dist,3,Bloque_9,4,Opción 1,1,2.2,4.333333333333333,0,-1,0,Hombre,6,8,1000.0,0,-1,0,0.0,0.0,0.6666666666666666,0.6666666666666666,0.3333333333333333,0.3333333333333333,0.3333333333333333,0.16666666666666666,0.5,0.16666666666666666,-0.33333333333333337
Suj_057,Respuestas de formulario 5,ALM,Dist,3,Bloque_5,5,Opción 1,1,2.2,4.333333333333333,0,-1,0,Hombre,6,8,2000.0,0,-1,0,-1.0,0.0,0.6666666666666666,0.6666666666666666,0.3333333333333333,0.3333333333333333,0.3333333333333333,0.16666666666666666,0.5,0.16666666666666666,-0.33333333333333337
Suj_057,Respuestas de formulario 5,AQS,Dist,3,Bloque_11,6,Opción 1,1,2.2,4.333333333333333,0,-1,0,Hombre,6,8,1200.0,0,-1,0,0.0,0.0,0.6666666666666666,0.6666666666666666,0.3333333333333333,0.3333333333333333,0.3333333333333333,0.16666666666666666,0.5,0.16666666666666666,-0.33333333333333337
Suj_058,Respuestas de formulario 5,ABC,Bloque_SIN,1,Bloque_7,1,Opción 2,0,2.2,4.166666666666667,0,-1,-1,Mujer,5,6,2400.0,0,-1,-1,-1.0,0.6666666666666666,0.0,0.3333333333333333,0.0,0.0,0.3333333333333333,0.16666666666666666,0.3333333333333333,0.16666666666666666,-0.16666666666666666
Suj_058,Respuestas de formulario 5,AEF,Bloque_SIN,1,Bloque_3,2,Opción 1,1,2.2,4.166666666666667,0,-1,-1,Mujer,5,6,0.0,0,-1,-1,0.0,0.6666666666666666,0.0,0.3333333333333333,0.0,0.0,0.3333333333333333,0.16666666666666666,0.3333333333333333,0.16666666666666666,-0.16666666666666666
Suj_058,Respuestas de formulario 5,AJK,Bloque_SIN,1,Bloque_1,3,Opción 2,0,2.2,4.166666666666667,0,-1,-1,Mujer,5,6,0.0,0,-1,-1,0.0,0.6666666666666666,0.0,0.3333333333333333,0.0,0.0,0.3333333333333333,0.16666666666666666,0.3333333333333333,0.16666666666666666,-0.16666666666666666
Suj_058,Respuestas de formulario 5,AGH,Bloque_SIN,1,Bloque_9,4,Opción 2,0,2.2,4.166666666666667,0,-1,-1,Mujer,5,6,1000.0,0,-1,-1,-1.0,0.6666666666666666,0.0,0.3333333333333333,0.0,0.0,0.3333333333333333,0.16666666666666666,0.3333333333333333,0.16666666666666666,-0.16666666666666666
Suj_058,Respuestas de formulario 5,ALM,Bloque_SIN,1,Bloque_5,5,Opción 2,0,2.2,4.166666666666667,0,-1,-1,Mujer,5,6,2000.0,0,-1,-1,-1.0,0.6666666666666666,0.0,0.3333333333333333,0.0,0.0,0.3333333333333333,0.16666666666666666,0.3333333333333333,0.16666666666666666,-0.16666666666666666
Suj_058,Respuestas de formulario 5,AQS,Bloque_SIN,1,Bloque_11,6,Opción 2,0,2.2,4.166666666666667,0,-1,-1,Mujer,5,6,1200.0,0,-1,-1,-1.0,0.6666666666666666,0.0,0.3333333333333333,0.0,0.0,0.3333333333333333,0.16666666666666666,0.3333333333333333,0.16666666666666666,-0.16666666666666666
Suj_058,Respuestas de formulario 5,ABC,Bloque_CON,2,Bloque_7,1,Opción 2,0,2.2,4.166666666666667,0,-1,-1,Mujer,5,6,2400.0,0,-1,-1,-1.0,0.6666666666666666,0.0,0.3333333333333333,0.0,0.0,0.3333333333333333,0.16666666666666666,0.3333333333333333,0.16666666666666666,-0.16666666666666666
Suj_058,Respuestas de formulario 5,AEF,Bloque_CON,2,Bloque_3,2,Opción 1,1,2.2,4.166666666666667,0,-1,-1,Mujer,5,6,0.0,0,-1,-1,0.0,0.6666666666666666,0.0,0.3333333333333333,0.0,0.0,0.3333333333333333,0.16666666666666666,0.3333333333333333,0.16666666666666666,-0.16666666666666666
Suj_058,Respuestas de formulario 5,AJK,Bloque_CON,2,Bloque_1,3,Opción 2,0,2.2,4.166666666666667,0,-1,-1,Mujer,5,6,0.0,0,-1,-1,0.0,0.6666666666666666,0.0,0.3333333333333333,0.0,0.0,0.3333333333333333,0.16666666666666666,0.3333333333333333,0.16666666666666666,-0.16666666666666666
Suj_058,Respuestas de formulario 5,AGH,Bloque_CON,2,Bloque_9,4,Opción 2,0,2.2,4.166666666666667,0,-1,-1,Mujer,5,6,1000.0,0,-1,-1,-1.0,0.6666666666666666,0.0,0.3333333333333333,0.0,0.0,0.3333333333333333,0.16666666666666666,0.3333333333333333,0.16666666666666666,-0.16666666666666666
Suj_058,Respuestas de formulario 5,ALM,Bloque_CON,2,Bloque_5,5,Opción 2,0,2.2,4.166666666666667,0,-1,-1,Mujer,5,6,2000.0,0,-1,-1,-1.0,0.6666666666666666,0.0,0.3333333333333333,0.0,0.0,0.3333333333333333,0.16666666666666666,0.3333333333333333,0.16666666666666666,-0.16666666666666666
Suj_058,Respuestas de formulario 5,AQS,Bloque_CON,2,Bloque_11,6,Opción 1,1,2.2,4.166666666666667,0,-1,-1,Mujer,5,6,1200.0,0,-1,-1,-1.0,0.6666666666666666,0.0,0.3333333333333333,0.0,0.0,0.3333333333333333,0.16666666666666666,0.3333333333333333,0.16666666666666666,-0.16666666666666666
Suj_058,Respuestas de formulario 5,ABC,Dist,3,Bloque_7,1,Opción 2,0,2.2,4.166666666666667,0,-1,-1,Mujer,5,6,2400.0,0,-1,-1,-1.0,0.6666666666666666,0.0,0.3333333333333333,0.0,0.0,0.3333333333333333,0.16666666666666666,0.3333333333333333,0.16666666666666666,-0.16666666666666666
Suj_058,Respuestas de formulario 5,AEF,Dist,3,Bloque_3,2,Opción 1,1,2.2,4.166666666666667,0,-1,-1,Mujer,5,6,0.0,0,-1,-1,0.0,0.6666666666666666,0.0,0.3333333333333333,0.0,0.0,0.3333333333333333,0.16666666666666666,0.3333333333333333,0.16666666666666666,-0.16666666666666666
Suj_058,Respuestas de formulario 5,AJK,Dist,3,Bloque_1,3,Opción 1,1,2.2,4.166666666666667,0,-1,-1,Mujer,5,6,0.0,0,-1,-1,0.0,0.6666666666666666,0.0,0.3333333333333333,0.0,0.0,0.3333333333333333,0.16666666666666666,0.3333333333333333,0.16666666666666666,-0.16666666666666666
Suj_058,Respuestas de formulario 5,AGH,Dist,3,Bloque_9,4,Opción 2,0,2.2,4.166666666666667,0,-1,-1,Mujer,5,6,1000.0,0,-1,-1,-1.0,0.6666666666666666,0.0,0.3333333333333333,0.0,0.0,0.3333333333333333,0.16666666666666666,0.3333333333333333,0.16666666666666666,-0.16666666666666666
Suj_058,Respuestas de formulario 5,ALM,Dist,3,Bloque_5,5,Opción 2,0,2.2,4.166666666666667,0,-1,-1,Mujer,5,6,2000.0,0,-1,-1,-1.0,0.6666666666666666,0.0,0.3333333333333333,0.0,0.0,0.3333333333333333,0.16666666666666666,0.3333333333333333,0.16666666666666666,-0.16666666666666666
Suj_058,Respuestas de formulario 5,AQS,Dist,3,Bloque_11,6,Opción 2,0,2.2,4.166666666666667,0,-1,-1,Mujer,5,6,1200.0,0,-1,-1,-1.0,0.6666666666666666,0.0,0.3333333333333333,0.0,0.0,0.3333333333333333,0.16666666666666666,0.3333333333333333,0.16666666666666666,-0.16666666666666666
Suj_059,Respuestas de formulario 5,ABC,Bloque_SIN,1,Bloque_7,1,Opción 2,0,1.3,4.666666666666667,-1,-1,-1,Hombre,2,6,2400.0,-1,-1,-1,-1.0,0.6666666666666666,0.3333333333333333,0.0,0.0,0.0,0.16666666666666666,0.3333333333333333,0.3333333333333333,-0.16666666666666666,0.0
Suj_059,Respuestas de formulario 5,AEF,Bloque_SIN,1,Bloque_3,2,Opción 1,1,1.3,4.666666666666667,-1,-1,-1,Hombre,2,6,0.0,-1,-1,-1,-1.0,0.6666666666666666,0.3333333333333333,0.0,0.0,0.0,0.16666666666666666,0.3333333333333333,0.3333333333333333,-0.16666666666666666,0.0
Suj_059,Respuestas de formulario 5,AJK,Bloque_SIN,1,Bloque_1,3,Opción 2,0,1.3,4.666666666666667,-1,-1,-1,Hombre,2,6,0.0,-1,-1,-1,-1.0,0.6666666666666666,0.3333333333333333,0.0,0.0,0.0,0.16666666666666666,0.3333333333333333,0.3333333333333333,-0.16666666666666666,0.0
Suj_059,Respuestas de formulario 5,AGH,Bloque_SIN,1,Bloque_9,4,Opción 1,1,1.3,4.666666666666667,-1,-1,-1,Hombre,2,6,1000.0,-1,-1,-1,-1.0,0.6666666666666666,0.3333333333333333,0.0,0.0,0.0,0.16666666666666666,0.3333333333333333,0.3333333333333333,-0.16666666666666666,0.0
Suj_059,Respuestas de formulario 5,ALM,Bloque_SIN,1,Bloque_5,5,Opción 2,0,1.3,4.666666666666667,-1,-1,-1,Hombre,2,6,2000.0,-1,-1,-1,-1.0,0.6666666666666666,0.3333333333333333,0.0,0.0,0.0,0.16666666666666666,0.3333333333333333,0.3333333333333333,-0.16666666666666666,0.0
Suj_059,Respuestas de formulario 5,AQS,Bloque_SIN,1,Bloque_11,6,Opción 2,0,1.3,4.666666666666667,-1,-1,-1,Hombre,2,6,1200.0,-1,-1,-1,-1.0,0.6666666666666666,0.3333333333333333,0.0,0.0,0.0,0.16666666666666666,0.3333333333333333,0.3333333333333333,-0.16666666666666666,0.0
Suj_059,Respuestas de formulario 5,ABC,Bloque_CON,2,Bloque_7,1,Opción 2,0,1.3,4.666666666666667,-1,-1,-1,Hombre,2,6,2400.0,-1,-1,-1,-1.0,0.6666666666666666,0.3333333333333333,0.0,0.0,0.0,0.16666666666666666,0.3333333333333333,0.3333333333333333,-0.16666666666666666,0.0
Suj_059,Respuestas de formulario 5,AEF,Bloque_CON,2,Bloque_3,2,Opción 1,1,1.3,4.666666666666667,-1,-1,-1,Hombre,2,6,0.0,-1,-1,-1,-1.0,0.6666666666666666,0.3333333333333333,0.0,0.0,0.0,0.16666666666666666,0.3333333333333333,0.3333333333333333,-0.16666666666666666,0.0
Suj_059,Respuestas de formulario 5,AJK,Bloque_CON,2,Bloque_1,3,Opción 2,0,1.3,4.666666666666667,-1,-1,-1,Hombre,2,6,0.0,-1,-1,-1,-1.0,0.6666666666666666,0.3333333333333333,0.0,0.0,0.0,0.16666666666666666,0.3333333333333333,0.3333333333333333,-0.16666666666666666,0.0
Suj_059,Respuestas de formulario 5,AGH,Bloque_CON,2,Bloque_9,4,Opción 2,0,1.3,4.666666666666667,-1,-1,-1,Hombre,2,6,1000.0,-1,-1,-1,-1.0,0.6666666666666666,0.3333333333333333,0.0,0.0,0.0,0.16666666666666666,0.3333333333333333,0.3333333333333333,-0.16666666666666666,0.0
Suj_059,Respuestas de formulario 5,ALM,Bloque_CON,2,Bloque_5,5,Opción 2,0,1.3,4.666666666666667,-1,-1,-1,Hombre,2,6,2000.0,-1,-1,-1,-1.0,0.6666666666666666,0.3333333333333333,0.0,0.0,0.0,0.16666666666666666,0.3333333333333333,0.3333333333333333,-0.16666666666666666,0.0
Suj_059,Respuestas de formulario 5,AQS,Bloque_CON,2,Bloque_11,6,Opción 2,0,1.3,4.666666666666667,-1,-1,-1,Hombre,2,6,1200.0,-1,-1,-1,-1.0,0.6666666666666666,0.3333333333333333,0.0,0.0,0.0,0.16666666666666666,0.3333333333333333,0.3333333333333333,-0.16666666666666666,0.0
Suj_059,Respuestas de formulario 5,ABC,Dist,3,Bloque_7,1,Opción 2,0,1.3,4.666666666666667,-1,-1,-1,Hombre,2,6,2400.0,-1,-1,-1,-1.0,0.6666666666666666,0.3333333333333333,0.0,0.0,0.0,0.16666666666666666,0.3333333333333333,0.3333333333333333,-0.16666666666666666,0.0
Suj_059,Respuestas de formulario 5,AEF,Dist,3,Bloque_3,2,Opción 1,1,1.3,4.666666666666667,-1,-1,-1,Hombre,2,6,0.0,-1,-1,-1,-1.0,0.6666666666666666,0.3333333333333333,0.0,0.0,0.0,0.16666666666666666,0.3333333333333333,0.3333333333333333,-0.16666666666666666,0.0
Suj_059,Respuestas de formulario 5,AJK,Dist,3,Bloque_1,3,Opción 1,1,1.3,4.666666666666667,-1,-1,-1,Hombre,2,6,0.0,-1,-1,-1,-1.0,0.6666666666666666,0.3333333333333333,0.0,0.0,0.0,0.16666666666666666,0.3333333333333333,0.3333333333333333,-0.16666666666666666,0.0
Suj_059,Respuestas de formulario 5,AGH,Dist,3,Bloque_9,4,Opción 2,0,1.3,4.666666666666667,-1,-1,-1,Hombre,2,6,1000.0,-1,-1,-1,-1.0,0.6666666666666666,0.3333333333333333,0.0,0.0,0.0,0.16666666666666666,0.3333333333333333,0.3333333333333333,-0.16666666666666666,0.0
Suj_059,Respuestas de formulario 5,ALM,Dist,3,Bloque_5,5,Opción 2,0,1.3,4.666666666666667,-1,-1,-1,Hombre,2,6,2000.0,-1,-1,-1,-1.0,0.6666666666666666,0.3333333333333333,0.0,0.0,0.0,0.16666666666666666,0.3333333333333333,0.3333333333333333,-0.16666666666666666,0.0
Suj_059,Respuestas de formulario 5,AQS,Dist,3,Bloque_11,6,Opción 2,0,1.3,4.666666666666667,-1,-1,-1,Hombre,2,6,1200.0,-1,-1,-1,-1.0,0.6666666666666666,0.3333333333333333,0.0,0.0,0.0,0.16666666666666666,0.3333333333333333,0.3333333333333333,-0.16666666666666666,0.0
Suj_060,Respuestas de formulario 5,ABC,Bloque_SIN,1,Bloque_7,1,Opción 2,0,1.4,3.8333333333333335,1,1,1,Hombre,3,5,2400.0,1,1,1,1.0,1.0,1.0,1.0,1.0,0.3333333333333333,0.8333333333333334,0.8333333333333334,1.0,0.0,-0.16666666666666663
Suj_060,Respuestas de formulario 5,AEF,Bloque_SIN,1,Bloque_3,2,Opción 1,1,1.4,3.8333333333333335,1,1,1,Hombre,3,5,0.0,1,1,1,1.0,1.0,1.0,1.0,1.0,0.3333333333333333,0.8333333333333334,0.8333333333333334,1.0,0.0,-0.16666666666666663
Suj_060,Respuestas de formulario 5,AJK,Bloque_SIN,1,Bloque_1,3,Opción 1,1,1.4,3.8333333333333335,1,1,1,Hombre,3,5,0.0,1,1,1,1.0,1.0,1.0,1.0,1.0,0.3333333333333333,0.8333333333333334,0.8333333333333334,1.0,0.0,-0.16666666666666663
Suj_060,Respuestas de formulario 5,AGH,Bloque_SIN,1,Bloque_9,4,Opción 1,1,1.4,3.8333333333333335,1,1,1,Hombre,3,5,1000.0,1,1,1,1.0,1.0,1.0,1.0,1.0,0.3333333333333333,0.8333333333333334,0.8333333333333334,1.0,0.0,-0.16666666666666663
Suj_060,Respuestas de formulario 5,ALM,Bloque_SIN,1,Bloque_5,5,Opción 1,1,1.4,3.8333333333333335,1,1,1,Hombre,3,5,2000.0,1,1,1,1.0,1.0,1.0,1.0,1.0,0.3333333333333333,0.8333333333333334,0.8333333333333334,1.0,0.0,-0.16666666666666663
Suj_060,Respuestas de formulario 5,AQS,Bloque_SIN,1,Bloque_11,6,Opción 1,1,1.4,3.8333333333333335,1,1,1,Hombre,3,5,1200.0,1,1,1,1.0,1.0,1.0,1.0,1.0,0.3333333333333333,0.8333333333333334,0.8333333333333334,1.0,0.0,-0.16666666666666663
Suj_060,Respuestas de formulario 5,ABC,Bloque_CON,2,Bloque_7,1,Opción 2,0,1.4,3.8333333333333335,1,1,1,Hombre,3,5,2400.0,1,1,1,1.0,1.0,1.0,1.0,1.0,0.3333333333333333,0.8333333333333334,0.8333333333333334,1.0,0.0,-0.16666666666666663
Suj_060,Respuestas de formulario 5,AEF,Bloque_CON,2,Bloque_3,2,Opción 1,1,1.4,3.8333333333333335,1,1,1,Hombre,3,5,0.0,1,1,1,1.0,1.0,1.0,1.0,1.0,0.3333333333333333,0.8333333333333334,0.8333333333333334,1.0,0.0,-0.16666666666666663
Suj_060,Respuestas de formulario 5,AJK,Bloque_CON,2,Bloque_1,3,Opción 1,1,1.4,3.8333333333333335,1,1,1,Hombre,3,5,0.0,1,1,1,1.0,1.0,1.0,1.0,1.0,0.3333333333333333,0.8333333333333334,0.8333333333333334,1.0,0.0,-0.16666666666666663
Suj_060,Respuestas de formulario 5,AGH,Bloque_CON,2,Bloque_9,4,Opción 1,1,1.4,3.8333333333333335,1,1,1,Hombre,3,5,1000.0,1,1,1,1.0,1.0,1.0,1.0,1.0,0.3333333333333333,0.8333333333333334,0.8333333333333334,1.0,0.0,-0.16666666666666663
Suj_060,Respuestas de formulario 5,ALM,Bloque_CON,2,Bloque_5,5,Opción 1,1,1.4,3.8333333333333335,1,1,1,Hombre,3,5,2000.0,1,1,1,1.0,1.0,1.0,1.0,1.0,0.3333333333333333,0.8333333333333334,0.8333333333333334,1.0,0.0,-0.16666666666666663
Suj_060,Respuestas de formulario 5,AQS,Bloque_CON,2,Bloque_11,6,Opción 1,1,1.4,3.8333333333333335,1,1,1,Hombre,3,5,1200.0,1,1,1,1.0,1.0,1.0,1.0,1.0,0.3333333333333333,0.8333333333333334,0.8333333333333334,1.0,0.0,-0.16666666666666663
Suj_060,Respuestas de formulario 5,ABC,Dist,3,Bloque_7,1,Opción 1,1,1.4,3.8333333333333335,1,1,1,Hombre,3,5,2400.0,1,1,1,1.0,1.0,1.0,1.0,1.0,0.3333333333333333,0.8333333333333334,0.8333333333333334,1.0,0.0,-0.16666666666666663
Suj_060,Respuestas de formulario 5,AEF,Dist,3,Bloque_3,2,Opción 1,1,1.4,3.8333333333333335,1,1,1,Hombre,3,5,0.0,1,1,1,1.0,1.0,1.0,1.0,1.0,0.3333333333333333,0.8333333333333334,0.8333333333333334,1.0,0.0,-0.16666666666666663
Suj_060,Respuestas de formulario 5,AJK,Dist,3,Bloque_1,3,Opción 1,1,1.4,3.8333333333333335,1,1,1,Hombre,3,5,0.0,1,1,1,1.0,1.0,1.0,1.0,1.0,0.3333333333333333,0.8333333333333334,0.8333333333333334,1.0,0.0,-0.16666666666666663
Suj_060,Respuestas de formulario 5,AGH,Dist,3,Bloque_9,4,Opción 1,1,1.4,3.8333333333333335,1,1,1,Hombre,3,5,1000.0,1,1,1,1.0,1.0,1.0,1.0,1.0,0.3333333333333333,0.8333333333333334,0.8333333333333334,1.0,0.0,-0.16666666666666663
Suj_060,Respuestas de formulario 5,ALM,Dist,3,Bloque_5,5,Opción 1,1,1.4,3.8333333333333335,1,1,1,Hombre,3,5,2000.0,1,1,1,1.0,1.0,1.0,1.0,1.0,0.3333333333333333,0.8333333333333334,0.8333333333333334,1.0,0.0,-0.16666666666666663
Suj_060,Respuestas de formulario 5,AQS,Dist,3,Bloque_11,6,Opción 1,1,1.4,3.8333333333333335,1,1,1,Hombre,3,5,1200.0,1,1,1,1.0,1.0,1.0,1.0,1.0,0.3333333333333333,0.8333333333333334,0.8333333333333334,1.0,0.0,-0.16666666666666663
Suj_061,Respuestas de formulario 5,ABC,Bloque_SIN,1,Bloque_7,1,Opción 1,1,4.2,3.6666666666666665,1,1,1,Mujer,6,7,2400.0,1,1,1,1.0,1.0,0.6666666666666666,0.6666666666666666,1.0,1.0,1.0,1.0,0.6666666666666666,0.0,0.33333333333333337
Suj_061,Respuestas de formulario 5,AEF,Bloque_SIN,1,Bloque_3,2,Opción 1,1,4.2,3.6666666666666665,1,1,1,Mujer,6,7,0.0,1,1,1,1.0,1.0,0.6666666666666666,0.6666666666666666,1.0,1.0,1.0,1.0,0.6666666666666666,0.0,0.33333333333333337
Suj_061,Respuestas de formulario 5,AJK,Bloque_SIN,1,Bloque_1,3,Opción 1,1,4.2,3.6666666666666665,1,1,1,Mujer,6,7,0.0,1,1,1,1.0,1.0,0.6666666666666666,0.6666666666666666,1.0,1.0,1.0,1.0,0.6666666666666666,0.0,0.33333333333333337
Suj_061,Respuestas de formulario 5,AGH,Bloque_SIN,1,Bloque_9,4,Opción 1,1,4.2,3.6666666666666665,1,1,1,Mujer,6,7,1000.0,1,1,1,1.0,1.0,0.6666666666666666,0.6666666666666666,1.0,1.0,1.0,1.0,0.6666666666666666,0.0,0.33333333333333337
Suj_061,Respuestas de formulario 5,ALM,Bloque_SIN,1,Bloque_5,5,Opción 1,1,4.2,3.6666666666666665,1,1,1,Mujer,6,7,2000.0,1,1,1,1.0,1.0,0.6666666666666666,0.6666666666666666,1.0,1.0,1.0,1.0,0.6666666666666666,0.0,0.33333333333333337
Suj_061,Respuestas de formulario 5,AQS,Bloque_SIN,1,Bloque_11,6,Opción 1,1,4.2,3.6666666666666665,1,1,1,Mujer,6,7,1200.0,1,1,1,1.0,1.0,0.6666666666666666,0.6666666666666666,1.0,1.0,1.0,1.0,0.6666666666666666,0.0,0.33333333333333337
Suj_061,Respuestas de formulario 5,ABC,Dist,3,Bloque_7,1,Opción 1,1,4.2,3.6666666666666665,1,1,1,Mujer,6,7,2400.0,1,1,1,1.0,1.0,0.6666666666666666,0.6666666666666666,1.0,1.0,1.0,1.0,0.6666666666666666,0.0,0.33333333333333337
Suj_061,Respuestas de formulario 5,AEF,Dist,3,Bloque_3,2,Opción 1,1,4.2,3.6666666666666665,1,1,1,Mujer,6,7,0.0,1,1,1,1.0,1.0,0.6666666666666666,0.6666666666666666,1.0,1.0,1.0,1.0,0.6666666666666666,0.0,0.33333333333333337
Suj_061,Respuestas de formulario 5,AJK,Dist,3,Bloque_1,3,Opción 1,1,4.2,3.6666666666666665,1,1,1,Mujer,6,7,0.0,1,1,1,1.0,1.0,0.6666666666666666,0.6666666666666666,1.0,1.0,1.0,1.0,0.6666666666666666,0.0,0.33333333333333337
Suj_061,Respuestas de formulario 5,AGH,Dist,3,Bloque_9,4,Opción 2,0,4.2,3.6666666666666665,1,1,1,Mujer,6,7,1000.0,1,1,1,1.0,1.0,0.6666666666666666,0.6666666666666666,1.0,1.0,1.0,1.0,0.6666666666666666,0.0,0.33333333333333337
Suj_061,Respuestas de formulario 5,ALM,Dist,3,Bloque_5,5,Opción 1,1,4.2,3.6666666666666665,1,1,1,Mujer,6,7,2000.0,1,1,1,1.0,1.0,0.6666666666666666,0.6666666666666666,1.0,1.0,1.0,1.0,0.6666666666666666,0.0,0.33333333333333337
Suj_061,Respuestas de formulario 5,AQS,Dist,3,Bloque_11,6,Opción 2,0,4.2,3.6666666666666665,1,1,1,Mujer,6,7,1200.0,1,1,1,1.0,1.0,0.6666666666666666,0.6666666666666666,1.0,1.0,1.0,1.0,0.6666666666666666,0.0,0.33333333333333337
Suj_062,Respuestas de formulario 6,AEF,Bloque_SIN,1,Bloque_7,1,Opción 2,0,2.6,3.5,-1,-1,1,Mujer,4,6,2400.0,-1,-1,1,-1.0,1.0,0.0,0.0,0.0,0.0,0.3333333333333333,0.3333333333333333,0.3333333333333333,0.0,0.0
Suj_062,Respuestas de formulario 6,AGH,Bloque_SIN,1,Bloque_3,2,Opción 1,1,2.6,3.5,-1,-1,1,Mujer,4,6,0.0,-1,-1,1,-1.0,1.0,0.0,0.0,0.0,0.0,0.3333333333333333,0.3333333333333333,0.3333333333333333,0.0,0.0
Suj_062,Respuestas de formulario 6,ALM,Bloque_SIN,1,Bloque_1,3,Opción 1,1,2.6,3.5,-1,-1,1,Mujer,4,6,0.0,-1,-1,1,-1.0,1.0,0.0,0.0,0.0,0.0,0.3333333333333333,0.3333333333333333,0.3333333333333333,0.0,0.0
Suj_062,Respuestas de formulario 6,ABC,Bloque_SIN,1,Bloque_9,4,Opción 2,0,2.6,3.5,-1,-1,1,Mujer,4,6,1000.0,-1,-1,1,1.0,1.0,0.0,0.0,0.0,0.0,0.3333333333333333,0.3333333333333333,0.3333333333333333,0.0,0.0
Suj_062,Respuestas de formulario 6,AQS,Bloque_SIN,1,Bloque_5,5,Opción 2,0,2.6,3.5,-1,-1,1,Mujer,4,6,2000.0,-1,-1,1,-1.0,1.0,0.0,0.0,0.0,0.0,0.3333333333333333,0.3333333333333333,0.3333333333333333,0.0,0.0
Suj_062,Respuestas de formulario 6,AJK,Bloque_SIN,1,Bloque_11,6,Opción 2,0,2.6,3.5,-1,-1,1,Mujer,4,6,1200.0,-1,-1,1,1.0,1.0,0.0,0.0,0.0,0.0,0.3333333333333333,0.3333333333333333,0.3333333333333333,0.0,0.0
Suj_062,Respuestas de formulario 6,AEF,Bloque_CON,2,Bloque_7,1,Opción 2,0,2.6,3.5,-1,-1,1,Mujer,4,6,2400.0,-1,-1,1,-1.0,1.0,0.0,0.0,0.0,0.0,0.3333333333333333,0.3333333333333333,0.3333333333333333,0.0,0.0
Suj_062,Respuestas de formulario 6,AGH,Bloque_CON,2,Bloque_3,2,Opción 1,1,2.6,3.5,-1,-1,1,Mujer,4,6,0.0,-1,-1,1,-1.0,1.0,0.0,0.0,0.0,0.0,0.3333333333333333,0.3333333333333333,0.3333333333333333,0.0,0.0
Suj_062,Respuestas de formulario 6,ALM,Bloque_CON,2,Bloque_1,3,Opción 1,1,2.6,3.5,-1,-1,1,Mujer,4,6,0.0,-1,-1,1,-1.0,1.0,0.0,0.0,0.0,0.0,0.3333333333333333,0.3333333333333333,0.3333333333333333,0.0,0.0
Suj_062,Respuestas de formulario 6,ABC,Bloque_CON,2,Bloque_9,4,Opción 2,0,2.6,3.5,-1,-1,1,Mujer,4,6,1000.0,-1,-1,1,1.0,1.0,0.0,0.0,0.0,0.0,0.3333333333333333,0.3333333333333333,0.3333333333333333,0.0,0.0
Suj_062,Respuestas de formulario 6,AQS,Bloque_CON,2,Bloque_5,5,Opción 2,0,2.6,3.5,-1,-1,1,Mujer,4,6,2000.0,-1,-1,1,-1.0,1.0,0.0,0.0,0.0,0.0,0.3333333333333333,0.3333333333333333,0.3333333333333333,0.0,0.0
Suj_062,Respuestas de formulario 6,AJK,Bloque_CON,2,Bloque_11,6,Opción 2,0,2.6,3.5,-1,-1,1,Mujer,4,6,1200.0,-1,-1,1,1.0,1.0,0.0,0.0,0.0,0.0,0.3333333333333333,0.3333333333333333,0.3333333333333333,0.0,0.0
Suj_062,Respuestas de formulario 6,AEF,Dist,3,Bloque_7,1,Opción 2,0,2.6,3.5,-1,-1,1,Mujer,4,6,2400.0,-1,-1,1,-1.0,1.0,0.0,0.0,0.0,0.0,0.3333333333333333,0.3333333333333333,0.3333333333333333,0.0,0.0
Suj_062,Respuestas de formulario 6,AGH,Dist,3,Bloque_3,2,Opción 1,1,2.6,3.5,-1,-1,1,Mujer,4,6,0.0,-1,-1,1,-1.0,1.0,0.0,0.0,0.0,0.0,0.3333333333333333,0.3333333333333333,0.3333333333333333,0.0,0.0
Suj_062,Respuestas de formulario 6,ALM,Dist,3,Bloque_1,3,Opción 1,1,2.6,3.5,-1,-1,1,Mujer,4,6,0.0,-1,-1,1,-1.0,1.0,0.0,0.0,0.0,0.0,0.3333333333333333,0.3333333333333333,0.3333333333333333,0.0,0.0
Suj_062,Respuestas de formulario 6,ABC,Dist,3,Bloque_9,4,Opción 2,0,2.6,3.5,-1,-1,1,Mujer,4,6,1000.0,-1,-1,1,1.0,1.0,0.0,0.0,0.0,0.0,0.3333333333333333,0.3333333333333333,0.3333333333333333,0.0,0.0
Suj_062,Respuestas de formulario 6,AQS,Dist,3,Bloque_5,5,Opción 2,0,2.6,3.5,-1,-1,1,Mujer,4,6,2000.0,-1,-1,1,-1.0,1.0,0.0,0.0,0.0,0.0,0.3333333333333333,0.3333333333333333,0.3333333333333333,0.0,0.0
Suj_062,Respuestas de formulario 6,AJK,Dist,3,Bloque_11,6,Opción 2,0,2.6,3.5,-1,-1,1,Mujer,4,6,1200.0,-1,-1,1,1.0,1.0,0.0,0.0,0.0,0.0,0.3333333333333333,0.3333333333333333,0.3333333333333333,0.0,0.0
Suj_063,Respuestas de formulario 6,AEF,Bloque_SIN,1,Bloque_7,1,Opción 1,1,3.0,3.0,1,1,0,Hombre,5,3,2400.0,1,1,0,1.0,1.0,1.0,1.0,1.0,1.0,1.0,1.0,1.0,0.0,0.0
Suj_063,Respuestas de formulario 6,AGH,Bloque_SIN,1,Bloque_3,2,Opción 1,1,3.0,3.0,1,1,0,Hombre,5,3,0.0,1,1,0,1.0,1.0,1.0,1.0,1.0,1.0,1.0,1.0,1.0,0.0,0.0
Suj_063,Respuestas de formulario 6,ALM,Bloque_SIN,1,Bloque_1,3,Opción 1,1,3.0,3.0,1,1,0,Hombre,5,3,0.0,1,1,0,1.0,1.0,1.0,1.0,1.0,1.0,1.0,1.0,1.0,0.0,0.0
Suj_063,Respuestas de formulario 6,ABC,Bloque_SIN,1,Bloque_9,4,Opción 1,1,3.0,3.0,1,1,0,Hombre,5,3,1000.0,1,1,0,0.0,1.0,1.0,1.0,1.0,1.0,1.0,1.0,1.0,0.0,0.0
Suj_063,Respuestas de formulario 6,AQS,Bloque_SIN,1,Bloque_5,5,Opción 1,1,3.0,3.0,1,1,0,Hombre,5,3,2000.0,1,1,0,1.0,1.0,1.0,1.0,1.0,1.0,1.0,1.0,1.0,0.0,0.0
Suj_063,Respuestas de formulario 6,AJK,Bloque_SIN,1,Bloque_11,6,Opción 1,1,3.0,3.0,1,1,0,Hombre,5,3,1200.0,1,1,0,0.0,1.0,1.0,1.0,1.0,1.0,1.0,1.0,1.0,0.0,0.0
Suj_063,Respuestas de formulario 6,AEF,Bloque_CON,2,Bloque_7,1,Opción 1,1,3.0,3.0,1,1,0,Hombre,5,3,2400.0,1,1,0,1.0,1.0,1.0,1.0,1.0,1.0,1.0,1.0,1.0,0.0,0.0
Suj_063,Respuestas de formulario 6,AGH,Bloque_CON,2,Bloque_3,2,Opción 1,1,3.0,3.0,1,1,0,Hombre,5,3,0.0,1,1,0,1.0,1.0,1.0,1.0,1.0,1.0,1.0,1.0,1.0,0.0,0.0
Suj_063,Respuestas de formulario 6,ALM,Bloque_CON,2,Bloque_1,3,Opción 1,1,3.0,3.0,1,1,0,Hombre,5,3,0.0,1,1,0,1.0,1.0,1.0,1.0,1.0,1.0,1.0,1.0,1.0,0.0,0.0
Suj_063,Respuestas de formulario 6,ABC,Bloque_CON,2,Bloque_9,4,Opción 1,1,3.0,3.0,1,1,0,Hombre,5,3,1000.0,1,1,0,0.0,1.0,1.0,1.0,1.0,1.0,1.0,1.0,1.0,0.0,0.0
Suj_063,Respuestas de formulario 6,AQS,Bloque_CON,2,Bloque_5,5,Opción 1,1,3.0,3.0,1,1,0,Hombre,5,3,2000.0,1,1,0,1.0,1.0,1.0,1.0,1.0,1.0,1.0,1.0,1.0,0.0,0.0
Suj_063,Respuestas de formulario 6,AJK,Bloque_CON,2,Bloque_11,6,Opción 1,1,3.0,3.0,1,1,0,Hombre,5,3,1200.0,1,1,0,0.0,1.0,1.0,1.0,1.0,1.0,1.0,1.0,1.0,0.0,0.0
Suj_063,Respuestas de formulario 6,AEF,Dist,3,Bloque_7,1,Opción 1,1,3.0,3.0,1,1,0,Hombre,5,3,2400.0,1,1,0,1.0,1.0,1.0,1.0,1.0,1.0,1.0,1.0,1.0,0.0,0.0
Suj_063,Respuestas de formulario 6,AGH,Dist,3,Bloque_3,2,Opción 1,1,3.0,3.0,1,1,0,Hombre,5,3,0.0,1,1,0,1.0,1.0,1.0,1.0,1.0,1.0,1.0,1.0,1.0,0.0,0.0
Suj_063,Respuestas de formulario 6,ALM,Dist,3,Bloque_1,3,Opción 1,1,3.0,3.0,1,1,0,Hombre,5,3,0.0,1,1,0,1.0,1.0,1.0,1.0,1.0,1.0,1.0,1.0,1.0,0.0,0.0
Suj_063,Respuestas de formulario 6,ABC,Dist,3,Bloque_9,4,Opción 1,1,3.0,3.0,1,1,0,Hombre,5,3,1000.0,1,1,0,0.0,1.0,1.0,1.0,1.0,1.0,1.0,1.0,1.0,0.0,0.0
Suj_063,Respuestas de formulario 6,AQS,Dist,3,Bloque_5,5,Opción 1,1,3.0,3.0,1,1,0,Hombre,5,3,2000.0,1,1,0,1.0,1.0,1.0,1.0,1.0,1.0,1.0,1.0,1.0,0.0,0.0
Suj_063,Respuestas de formulario 6,AJK,Dist,3,Bloque_11,6,Opción 1,1,3.0,3.0,1,1,0,Hombre,5,3,1200.0,1,1,0,0.0,1.0,1.0,1.0,1.0,1.0,1.0,1.0,1.0,0.0,0.0
Suj_064,Respuestas de formulario 6,AEF,Bloque_SIN,1,Bloque_7,1,Opción 1,1,3.7,3.3333333333333335,1,-1,0,Hombre,5,8,2400.0,1,-1,0,-1.0,0.3333333333333333,0.6666666666666666,0.0,0.6666666666666666,1.0,0.5,0.6666666666666666,0.3333333333333333,-0.16666666666666663,0.3333333333333333
Suj_064,Respuestas de formulario 6,AGH,Bloque_SIN,1,Bloque_3,2,Opción 2,0,3.7,3.3333333333333335,1,-1,0,Hombre,5,8,0.0,1,-1,0,1.0,0.3333333333333333,0.6666666666666666,0.0,0.6666666666666666,1.0,0.5,0.6666666666666666,0.3333333333333333,-0.16666666666666663,0.3333333333333333
Suj_064,Respuestas de formulario 6,ALM,Bloque_SIN,1,Bloque_1,3,Opción 1,1,3.7,3.3333333333333335,1,-1,0,Hombre,5,8,0.0,1,-1,0,1.0,0.3333333333333333,0.6666666666666666,0.0,0.6666666666666666,1.0,0.5,0.6666666666666666,0.3333333333333333,-0.16666666666666663,0.3333333333333333
Suj_064,Respuestas de formulario 6,ABC,Bloque_SIN,1,Bloque_9,4,Opción 1,1,3.7,3.3333333333333335,1,-1,0,Hombre,5,8,1000.0,1,-1,0,0.0,0.3333333333333333,0.6666666666666666,0.0,0.6666666666666666,1.0,0.5,0.6666666666666666,0.3333333333333333,-0.16666666666666663,0.3333333333333333
Suj_064,Respuestas de formulario 6,AQS,Bloque_SIN,1,Bloque_5,5,Opción 1,1,3.7,3.3333333333333335,1,-1,0,Hombre,5,8,2000.0,1,-1,0,-1.0,0.3333333333333333,0.6666666666666666,0.0,0.6666666666666666,1.0,0.5,0.6666666666666666,0.3333333333333333,-0.16666666666666663,0.3333333333333333
Suj_064,Respuestas de formulario 6,AJK,Bloque_SIN,1,Bloque_11,6,Opción 2,0,3.7,3.3333333333333335,1,-1,0,Hombre,5,8,1200.0,1,-1,0,0.0,0.3333333333333333,0.6666666666666666,0.0,0.6666666666666666,1.0,0.5,0.6666666666666666,0.3333333333333333,-0.16666666666666663,0.3333333333333333
Suj_064,Respuestas de formulario 6,AEF,Bloque_CON,2,Bloque_7,1,Opción 1,1,3.7,3.3333333333333335,1,-1,0,Hombre,5,8,2400.0,1,-1,0,-1.0,0.3333333333333333,0.6666666666666666,0.0,0.6666666666666666,1.0,0.5,0.6666666666666666,0.3333333333333333,-0.16666666666666663,0.3333333333333333
Suj_064,Respuestas de formulario 6,AGH,Bloque_CON,2,Bloque_3,2,Opción 2,0,3.7,3.3333333333333335,1,-1,0,Hombre,5,8,0.0,1,-1,0,1.0,0.3333333333333333,0.6666666666666666,0.0,0.6666666666666666,1.0,0.5,0.6666666666666666,0.3333333333333333,-0.16666666666666663,0.3333333333333333
Suj_064,Respuestas de formulario 6,ALM,Bloque_CON,2,Bloque_1,3,Opción 2,0,3.7,3.3333333333333335,1,-1,0,Hombre,5,8,0.0,1,-1,0,1.0,0.3333333333333333,0.6666666666666666,0.0,0.6666666666666666,1.0,0.5,0.6666666666666666,0.3333333333333333,-0.16666666666666663,0.3333333333333333
Suj_064,Respuestas de formulario 6,ABC,Bloque_CON,2,Bloque_9,4,Opción 1,1,3.7,3.3333333333333335,1,-1,0,Hombre,5,8,1000.0,1,-1,0,0.0,0.3333333333333333,0.6666666666666666,0.0,0.6666666666666666,1.0,0.5,0.6666666666666666,0.3333333333333333,-0.16666666666666663,0.3333333333333333
Suj_064,Respuestas de formulario 6,AQS,Bloque_CON,2,Bloque_5,5,Opción 1,1,3.7,3.3333333333333335,1,-1,0,Hombre,5,8,2000.0,1,-1,0,-1.0,0.3333333333333333,0.6666666666666666,0.0,0.6666666666666666,1.0,0.5,0.6666666666666666,0.3333333333333333,-0.16666666666666663,0.3333333333333333
Suj_064,Respuestas de formulario 6,AJK,Bloque_CON,2,Bloque_11,6,Opción 2,0,3.7,3.3333333333333335,1,-1,0,Hombre,5,8,1200.0,1,-1,0,0.0,0.3333333333333333,0.6666666666666666,0.0,0.6666666666666666,1.0,0.5,0.6666666666666666,0.3333333333333333,-0.16666666666666663,0.3333333333333333
Suj_064,Respuestas de formulario 6,AEF,Dist,3,Bloque_7,1,Opción 1,1,3.7,3.3333333333333335,1,-1,0,Hombre,5,8,2400.0,1,-1,0,-1.0,0.3333333333333333,0.6666666666666666,0.0,0.6666666666666666,1.0,0.5,0.6666666666666666,0.3333333333333333,-0.16666666666666663,0.3333333333333333
Suj_064,Respuestas de formulario 6,AGH,Dist,3,Bloque_3,2,Opción 1,1,3.7,3.3333333333333335,1,-1,0,Hombre,5,8,0.0,1,-1,0,1.0,0.3333333333333333,0.6666666666666666,0.0,0.6666666666666666,1.0,0.5,0.6666666666666666,0.3333333333333333,-0.16666666666666663,0.3333333333333333
Suj_064,Respuestas de formulario 6,ALM,Dist,3,Bloque_1,3,Opción 2,0,3.7,3.3333333333333335,1,-1,0,Hombre,5,8,0.0,1,-1,0,1.0,0.3333333333333333,0.6666666666666666,0.0,0.6666666666666666,1.0,0.5,0.6666666666666666,0.3333333333333333,-0.16666666666666663,0.3333333333333333
Suj_064,Respuestas de formulario 6,ABC,Dist,3,Bloque_9,4,Opción 2,0,3.7,3.3333333333333335,1,-1,0,Hombre,5,8,1000.0,1,-1,0,0.0,0.3333333333333333,0.6666666666666666,0.0,0.6666666666666666,1.0,0.5,0.6666666666666666,0.3333333333333333,-0.16666666666666663,0.3333333333333333
Suj_064,Respuestas de formulario 6,AQS,Dist,3,Bloque_5,5,Opción 2,0,3.7,3.3333333333333335,1,-1,0,Hombre,5,8,2000.0,1,-1,0,-1.0,0.3333333333333333,0.6666666666666666,0.0,0.6666666666666666,1.0,0.5,0.6666666666666666,0.3333333333333333,-0.16666666666666663,0.3333333333333333
Suj_064,Respuestas de formulario 6,AJK,Dist,3,Bloque_11,6,Opción 2,0,3.7,3.3333333333333335,1,-1,0,Hombre,5,8,1200.0,1,-1,0,0.0,0.3333333333333333,0.6666666666666666,0.0,0.6666666666666666,1.0,0.5,0.6666666666666666,0.3333333333333333,-0.16666666666666663,0.3333333333333333
Suj_065,Respuestas de formulario 6,AEF,Bloque_SIN,1,Bloque_7,1,Opción 2,0,3.0,3.3333333333333335,1,-1,1,Mujer,4,5,2400.0,1,-1,1,-1.0,1.0,0.0,0.0,0.0,0.0,0.3333333333333333,0.3333333333333333,0.3333333333333333,0.0,0.0
Suj_065,Respuestas de formulario 6,AGH,Bloque_SIN,1,Bloque_3,2,Opción 1,1,3.0,3.3333333333333335,1,-1,1,Mujer,4,5,0.0,1,-1,1,1.0,1.0,0.0,0.0,0.0,0.0,0.3333333333333333,0.3333333333333333,0.3333333333333333,0.0,0.0
Suj_065,Respuestas de formulario 6,ALM,Bloque_SIN,1,Bloque_1,3,Opción 1,1,3.0,3.3333333333333335,1,-1,1,Mujer,4,5,0.0,1,-1,1,1.0,1.0,0.0,0.0,0.0,0.0,0.3333333333333333,0.3333333333333333,0.3333333333333333,0.0,0.0
Suj_065,Respuestas de formulario 6,ABC,Bloque_SIN,1,Bloque_9,4,Opción 2,0,3.0,3.3333333333333335,1,-1,1,Mujer,4,5,1000.0,1,-1,1,1.0,1.0,0.0,0.0,0.0,0.0,0.3333333333333333,0.3333333333333333,0.3333333333333333,0.0,0.0
Suj_065,Respuestas de formulario 6,AQS,Bloque_SIN,1,Bloque_5,5,Opción 2,0,3.0,3.3333333333333335,1,-1,1,Mujer,4,5,2000.0,1,-1,1,-1.0,1.0,0.0,0.0,0.0,0.0,0.3333333333333333,0.3333333333333333,0.3333333333333333,0.0,0.0
Suj_065,Respuestas de formulario 6,AJK,Bloque_SIN,1,Bloque_11,6,Opción 2,0,3.0,3.3333333333333335,1,-1,1,Mujer,4,5,1200.0,1,-1,1,1.0,1.0,0.0,0.0,0.0,0.0,0.3333333333333333,0.3333333333333333,0.3333333333333333,0.0,0.0
Suj_065,Respuestas de formulario 6,AEF,Bloque_CON,2,Bloque_7,1,Opción 2,0,3.0,3.3333333333333335,1,-1,1,Mujer,4,5,2400.0,1,-1,1,-1.0,1.0,0.0,0.0,0.0,0.0,0.3333333333333333,0.3333333333333333,0.3333333333333333,0.0,0.0
Suj_065,Respuestas de formulario 6,AGH,Bloque_CON,2,Bloque_3,2,Opción 1,1,3.0,3.3333333333333335,1,-1,1,Mujer,4,5,0.0,1,-1,1,1.0,1.0,0.0,0.0,0.0,0.0,0.3333333333333333,0.3333333333333333,0.3333333333333333,0.0,0.0
Suj_065,Respuestas de formulario 6,ALM,Bloque_CON,2,Bloque_1,3,Opción 1,1,3.0,3.3333333333333335,1,-1,1,Mujer,4,5,0.0,1,-1,1,1.0,1.0,0.0,0.0,0.0,0.0,0.3333333333333333,0.3333333333333333,0.3333333333333333,0.0,0.0
Suj_065,Respuestas de formulario 6,ABC,Bloque_CON,2,Bloque_9,4,Opción 2,0,3.0,3.3333333333333335,1,-1,1,Mujer,4,5,1000.0,1,-1,1,1.0,1.0,0.0,0.0,0.0,0.0,0.3333333333333333,0.3333333333333333,0.3333333333333333,0.0,0.0
Suj_065,Respuestas de formulario 6,AQS,Bloque_CON,2,Bloque_5,5,Opción 2,0,3.0,3.3333333333333335,1,-1,1,Mujer,4,5,2000.0,1,-1,1,-1.0,1.0,0.0,0.0,0.0,0.0,0.3333333333333333,0.3333333333333333,0.3333333333333333,0.0,0.0
Suj_065,Respuestas de formulario 6,AJK,Bloque_CON,2,Bloque_11,6,Opción 2,0,3.0,3.3333333333333335,1,-1,1,Mujer,4,5,1200.0,1,-1,1,1.0,1.0,0.0,0.0,0.0,0.0,0.3333333333333333,0.3333333333333333,0.3333333333333333,0.0,0.0
Suj_065,Respuestas de formulario 6,AEF,Dist,3,Bloque_7,1,Opción 2,0,3.0,3.3333333333333335,1,-1,1,Mujer,4,5,2400.0,1,-1,1,-1.0,1.0,0.0,0.0,0.0,0.0,0.3333333333333333,0.3333333333333333,0.3333333333333333,0.0,0.0
Suj_065,Respuestas de formulario 6,AGH,Dist,3,Bloque_3,2,Opción 1,1,3.0,3.3333333333333335,1,-1,1,Mujer,4,5,0.0,1,-1,1,1.0,1.0,0.0,0.0,0.0,0.0,0.3333333333333333,0.3333333333333333,0.3333333333333333,0.0,0.0
Suj_065,Respuestas de formulario 6,ALM,Dist,3,Bloque_1,3,Opción 1,1,3.0,3.3333333333333335,1,-1,1,Mujer,4,5,0.0,1,-1,1,1.0,1.0,0.0,0.0,0.0,0.0,0.3333333333333333,0.3333333333333333,0.3333333333333333,0.0,0.0
Suj_065,Respuestas de formulario 6,ABC,Dist,3,Bloque_9,4,Opción 2,0,3.0,3.3333333333333335,1,-1,1,Mujer,4,5,1000.0,1,-1,1,1.0,1.0,0.0,0.0,0.0,0.0,0.3333333333333333,0.3333333333333333,0.3333333333333333,0.0,0.0
Suj_065,Respuestas de formulario 6,AQS,Dist,3,Bloque_5,5,Opción 2,0,3.0,3.3333333333333335,1,-1,1,Mujer,4,5,2000.0,1,-1,1,-1.0,1.0,0.0,0.0,0.0,0.0,0.3333333333333333,0.3333333333333333,0.3333333333333333,0.0,0.0
Suj_065,Respuestas de formulario 6,AJK,Dist,3,Bloque_11,6,Opción 2,0,3.0,3.3333333333333335,1,-1,1,Mujer,4,5,1200.0,1,-1,1,1.0,1.0,0.0,0.0,0.0,0.0,0.3333333333333333,0.3333333333333333,0.3333333333333333,0.0,0.0
Suj_066,Respuestas de formulario 6,AEF,Bloque_SIN,1,Bloque_7,1,Opción 2,0,2.6,4.5,1,1,1,Mujer,4,4,2400.0,1,1,1,1.0,0.5,0.6666666666666666,0.6666666666666666,0.3333333333333333,0.6666666666666666,0.6666666666666666,0.5,0.5,0.16666666666666663,0.0
Suj_066,Respuestas de formulario 6,AGH,Bloque_SIN,1,Bloque_3,2,Opción 1,1,2.6,4.5,1,1,1,Mujer,4,4,0.0,1,1,1,1.0,0.5,0.6666666666666666,0.6666666666666666,0.3333333333333333,0.6666666666666666,0.6666666666666666,0.5,0.5,0.16666666666666663,0.0
Suj_066,Respuestas de formulario 6,ALM,Bloque_SIN,1,Bloque_1,3,Opción 2,0,2.6,4.5,1,1,1,Mujer,4,4,0.0,1,1,1,1.0,0.5,0.6666666666666666,0.6666666666666666,0.3333333333333333,0.6666666666666666,0.6666666666666666,0.5,0.5,0.16666666666666663,0.0
Suj_066,Respuestas de formulario 6,ABC,Bloque_SIN,1,Bloque_9,4,Opción 1,1,2.6,4.5,1,1,1,Mujer,4,4,1000.0,1,1,1,1.0,0.5,0.6666666666666666,0.6666666666666666,0.3333333333333333,0.6666666666666666,0.6666666666666666,0.5,0.5,0.16666666666666663,0.0
Suj_066,Respuestas de formulario 6,AQS,Bloque_SIN,1,Bloque_5,5,Opción 2,0,2.6,4.5,1,1,1,Mujer,4,4,2000.0,1,1,1,1.0,0.5,0.6666666666666666,0.6666666666666666,0.3333333333333333,0.6666666666666666,0.6666666666666666,0.5,0.5,0.16666666666666663,0.0
Suj_066,Respuestas de formulario 6,AJK,Bloque_SIN,1,Bloque_11,6,Opción 1,1,2.6,4.5,1,1,1,Mujer,4,4,1200.0,1,1,1,1.0,0.5,0.6666666666666666,0.6666666666666666,0.3333333333333333,0.6666666666666666,0.6666666666666666,0.5,0.5,0.16666666666666663,0.0
Suj_066,Respuestas de formulario 6,AEF,Bloque_CON,2,Bloque_7,1,Opción 1,1,2.6,4.5,1,1,1,Mujer,4,4,2400.0,1,1,1,1.0,0.5,0.6666666666666666,0.6666666666666666,0.3333333333333333,0.6666666666666666,0.6666666666666666,0.5,0.5,0.16666666666666663,0.0
Suj_066,Respuestas de formulario 6,AGH,Bloque_CON,2,Bloque_3,2,Opción 2,0,2.6,4.5,1,1,1,Mujer,4,4,0.0,1,1,1,1.0,0.5,0.6666666666666666,0.6666666666666666,0.3333333333333333,0.6666666666666666,0.6666666666666666,0.5,0.5,0.16666666666666663,0.0
Suj_066,Respuestas de formulario 6,ALM,Bloque_CON,2,Bloque_1,3,Opción 1,1,2.6,4.5,1,1,1,Mujer,4,4,0.0,1,1,1,1.0,0.5,0.6666666666666666,0.6666666666666666,0.3333333333333333,0.6666666666666666,0.6666666666666666,0.5,0.5,0.16666666666666663,0.0
Suj_066,Respuestas de formulario 6,ABC,Bloque_CON,2,Bloque_9,4,Opción 1,1,2.6,4.5,1,1,1,Mujer,4,4,1000.0,1,1,1,1.0,0.5,0.6666666666666666,0.6666666666666666,0.3333333333333333,0.6666666666666666,0.6666666666666666,0.5,0.5,0.16666666666666663,0.0
Suj_066,Respuestas de formulario 6,AQS,Bloque_CON,2,Bloque_5,5,Opción 2,0,2.6,4.5,1,1,1,Mujer,4,4,2000.0,1,1,1,1.0,0.5,0.6666666666666666,0.6666666666666666,0.3333333333333333,0.6666666666666666,0.6666666666666666,0.5,0.5,0.16666666666666663,0.0
Suj_066,Respuestas de formulario 6,AJK,Bloque_CON,2,Bloque_11,6,Opción 1,1,2.6,4.5,1,1,1,Mujer,4,4,1200.0,1,1,1,1.0,0.5,0.6666666666666666,0.6666666666666666,0.3333333333333333,0.6666666666666666,0.6666666666666666,0.5,0.5,0.16666666666666663,0.0
Suj_066,Respuestas de formulario 6,AEF,Dist,3,Bloque_7,1,Opción 1,1,2.6,4.5,1,1,1,Mujer,4,4,2400.0,1,1,1,1.0,0.5,0.6666666666666666,0.6666666666666666,0.3333333333333333,0.6666666666666666,0.6666666666666666,0.5,0.5,0.16666666666666663,0.0
Suj_066,Respuestas de formulario 6,AGH,Dist,3,Bloque_3,2,Opción 2,0,2.6,4.5,1,1,1,Mujer,4,4,0.0,1,1,1,1.0,0.5,0.6666666666666666,0.6666666666666666,0.3333333333333333,0.6666666666666666,0.6666666666666666,0.5,0.5,0.16666666666666663,0.0
Suj_066,Respuestas de formulario 6,ALM,Dist,3,Bloque_1,3,Opción 1,1,2.6,4.5,1,1,1,Mujer,4,4,0.0,1,1,1,1.0,0.5,0.6666666666666666,0.6666666666666666,0.3333333333333333,0.6666666666666666,0.6666666666666666,0.5,0.5,0.16666666666666663,0.0
Suj_066,Respuestas de formulario 6,ABC,Dist,3,Bloque_9,4,Opción 2,0,2.6,4.5,1,1,1,Mujer,4,4,1000.0,1,1,1,1.0,0.5,0.6666666666666666,0.6666666666666666,0.3333333333333333,0.6666666666666666,0.6666666666666666,0.5,0.5,0.16666666666666663,0.0
Suj_066,Respuestas de formulario 6,AQS,Dist,3,Bloque_5,5,Opción 1,1,2.6,4.5,1,1,1,Mujer,4,4,2000.0,1,1,1,1.0,0.5,0.6666666666666666,0.6666666666666666,0.3333333333333333,0.6666666666666666,0.6666666666666666,0.5,0.5,0.16666666666666663,0.0
Suj_066,Respuestas de formulario 6,AJK,Dist,3,Bloque_11,6,Opción 2,0,2.6,4.5,1,1,1,Mujer,4,4,1200.0,1,1,1,1.0,0.5,0.6666666666666666,0.6666666666666666,0.3333333333333333,0.6666666666666666,0.6666666666666666,0.5,0.5,0.16666666666666663,0.0
Suj_067,Respuestas de formulario 6,AEF,Bloque_SIN,1,Bloque_7,1,Opción 2,0,1.4,4.666666666666667,0,-1,-1,Hombre,3,6,2400.0,0,-1,-1,-1.0,1.0,0.0,0.0,0.0,0.0,0.3333333333333333,0.3333333333333333,0.3333333333333333,0.0,0.0
Suj_067,Respuestas de formulario 6,AGH,Bloque_SIN,1,Bloque_3,2,Opción 1,1,1.4,4.666666666666667,0,-1,-1,Hombre,3,6,0.0,0,-1,-1,0.0,1.0,0.0,0.0,0.0,0.0,0.3333333333333333,0.3333333333333333,0.3333333333333333,0.0,0.0
Suj_067,Respuestas de formulario 6,ALM,Bloque_SIN,1,Bloque_1,3,Opción 1,1,1.4,4.666666666666667,0,-1,-1,Hombre,3,6,0.0,0,-1,-1,0.0,1.0,0.0,0.0,0.0,0.0,0.3333333333333333,0.3333333333333333,0.3333333333333333,0.0,0.0
Suj_067,Respuestas de formulario 6,ABC,Bloque_SIN,1,Bloque_9,4,Opción 2,0,1.4,4.666666666666667,0,-1,-1,Hombre,3,6,1000.0,0,-1,-1,-1.0,1.0,0.0,0.0,0.0,0.0,0.3333333333333333,0.3333333333333333,0.3333333333333333,0.0,0.0
Suj_067,Respuestas de formulario 6,AQS,Bloque_SIN,1,Bloque_5,5,Opción 2,0,1.4,4.666666666666667,0,-1,-1,Hombre,3,6,2000.0,0,-1,-1,-1.0,1.0,0.0,0.0,0.0,0.0,0.3333333333333333,0.3333333333333333,0.3333333333333333,0.0,0.0
Suj_067,Respuestas de formulario 6,AJK,Bloque_SIN,1,Bloque_11,6,Opción 2,0,1.4,4.666666666666667,0,-1,-1,Hombre,3,6,1200.0,0,-1,-1,-1.0,1.0,0.0,0.0,0.0,0.0,0.3333333333333333,0.3333333333333333,0.3333333333333333,0.0,0.0
Suj_067,Respuestas de formulario 6,AEF,Bloque_CON,2,Bloque_7,1,Opción 2,0,1.4,4.666666666666667,0,-1,-1,Hombre,3,6,2400.0,0,-1,-1,-1.0,1.0,0.0,0.0,0.0,0.0,0.3333333333333333,0.3333333333333333,0.3333333333333333,0.0,0.0
Suj_067,Respuestas de formulario 6,AGH,Bloque_CON,2,Bloque_3,2,Opción 1,1,1.4,4.666666666666667,0,-1,-1,Hombre,3,6,0.0,0,-1,-1,0.0,1.0,0.0,0.0,0.0,0.0,0.3333333333333333,0.3333333333333333,0.3333333333333333,0.0,0.0
Suj_067,Respuestas de formulario 6,ALM,Bloque_CON,2,Bloque_1,3,Opción 1,1,1.4,4.666666666666667,0,-1,-1,Hombre,3,6,0.0,0,-1,-1,0.0,1.0,0.0,0.0,0.0,0.0,0.3333333333333333,0.3333333333333333,0.3333333333333333,0.0,0.0
Suj_067,Respuestas de formulario 6,ABC,Bloque_CON,2,Bloque_9,4,Opción 2,0,1.4,4.666666666666667,0,-1,-1,Hombre,3,6,1000.0,0,-1,-1,-1.0,1.0,0.0,0.0,0.0,0.0,0.3333333333333333,0.3333333333333333,0.3333333333333333,0.0,0.0
Suj_067,Respuestas de formulario 6,AQS,Bloque_CON,2,Bloque_5,5,Opción 2,0,1.4,4.666666666666667,0,-1,-1,Hombre,3,6,2000.0,0,-1,-1,-1.0,1.0,0.0,0.0,0.0,0.0,0.3333333333333333,0.3333333333333333,0.3333333333333333,0.0,0.0
Suj_067,Respuestas de formulario 6,AJK,Bloque_CON,2,Bloque_11,6,Opción 2,0,1.4,4.666666666666667,0,-1,-1,Hombre,3,6,1200.0,0,-1,-1,-1.0,1.0,0.0,0.0,0.0,0.0,0.3333333333333333,0.3333333333333333,0.3333333333333333,0.0,0.0
Suj_067,Respuestas de formulario 6,AEF,Dist,3,Bloque_7,1,Opción 2,0,1.4,4.666666666666667,0,-1,-1,Hombre,3,6,2400.0,0,-1,-1,-1.0,1.0,0.0,0.0,0.0,0.0,0.3333333333333333,0.3333333333333333,0.3333333333333333,0.0,0.0
Suj_067,Respuestas de formulario 6,AGH,Dist,3,Bloque_3,2,Opción 1,1,1.4,4.666666666666667,0,-1,-1,Hombre,3,6,0.0,0,-1,-1,0.0,1.0,0.0,0.0,0.0,0.0,0.3333333333333333,0.3333333333333333,0.3333333333333333,0.0,0.0
Suj_067,Respuestas de formulario 6,ALM,Dist,3,Bloque_1,3,Opción 1,1,1.4,4.666666666666667,0,-1,-1,Hombre,3,6,0.0,0,-1,-1,0.0,1.0,0.0,0.0,0.0,0.0,0.3333333333333333,0.3333333333333333,0.3333333333333333,0.0,0.0
Suj_067,Respuestas de formulario 6,ABC,Dist,3,Bloque_9,4,Opción 2,0,1.4,4.666666666666667,0,-1,-1,Hombre,3,6,1000.0,0,-1,-1,-1.0,1.0,0.0,0.0,0.0,0.0,0.3333333333333333,0.3333333333333333,0.3333333333333333,0.0,0.0
Suj_067,Respuestas de formulario 6,AQS,Dist,3,Bloque_5,5,Opción 2,0,1.4,4.666666666666667,0,-1,-1,Hombre,3,6,2000.0,0,-1,-1,-1.0,1.0,0.0,0.0,0.0,0.0,0.3333333333333333,0.3333333333333333,0.3333333333333333,0.0,0.0
Suj_067,Respuestas de formulario 6,AJK,Dist,3,Bloque_11,6,Opción 2,0,1.4,4.666666666666667,0,-1,-1,Hombre,3,6,1200.0,0,-1,-1,-1.0,1.0,0.0,0.0,0.0,0.0,0.3333333333333333,0.3333333333333333,0.3333333333333333,0.0,0.0
Suj_068,Respuestas de formulario 6,AEF,Bloque_SIN,1,Bloque_7,1,Opción 2,0,2.3,3.3333333333333335,1,-1,1,Hombre,5,7,2400.0,1,-1,1,-1.0,1.0,0.3333333333333333,0.6666666666666666,0.0,0.0,0.5,0.5,0.5,0.0,0.0
Suj_068,Respuestas de formulario 6,AGH,Bloque_SIN,1,Bloque_3,2,Opción 1,1,2.3,3.3333333333333335,1,-1,1,Hombre,5,7,0.0,1,-1,1,1.0,1.0,0.3333333333333333,0.6666666666666666,0.0,0.0,0.5,0.5,0.5,0.0,0.0
Suj_068,Respuestas de formulario 6,ALM,Bloque_SIN,1,Bloque_1,3,Opción 1,1,2.3,3.3333333333333335,1,-1,1,Hombre,5,7,0.0,1,-1,1,1.0,1.0,0.3333333333333333,0.6666666666666666,0.0,0.0,0.5,0.5,0.5,0.0,0.0
Suj_068,Respuestas de formulario 6,ABC,Bloque_SIN,1,Bloque_9,4,Opción 2,0,2.3,3.3333333333333335,1,-1,1,Hombre,5,7,1000.0,1,-1,1,1.0,1.0,0.3333333333333333,0.6666666666666666,0.0,0.0,0.5,0.5,0.5,0.0,0.0
Suj_068,Respuestas de formulario 6,AQS,Bloque_SIN,1,Bloque_5,5,Opción 2,0,2.3,3.3333333333333335,1,-1,1,Hombre,5,7,2000.0,1,-1,1,-1.0,1.0,0.3333333333333333,0.6666666666666666,0.0,0.0,0.5,0.5,0.5,0.0,0.0
Suj_068,Respuestas de formulario 6,AJK,Bloque_SIN,1,Bloque_11,6,Opción 1,1,2.3,3.3333333333333335,1,-1,1,Hombre,5,7,1200.0,1,-1,1,1.0,1.0,0.3333333333333333,0.6666666666666666,0.0,0.0,0.5,0.5,0.5,0.0,0.0
Suj_068,Respuestas de formulario 6,AEF,Bloque_CON,2,Bloque_7,1,Opción 2,0,2.3,3.3333333333333335,1,-1,1,Hombre,5,7,2400.0,1,-1,1,-1.0,1.0,0.3333333333333333,0.6666666666666666,0.0,0.0,0.5,0.5,0.5,0.0,0.0
Suj_068,Respuestas de formulario 6,AGH,Bloque_CON,2,Bloque_3,2,Opción 1,1,2.3,3.3333333333333335,1,-1,1,Hombre,5,7,0.0,1,-1,1,1.0,1.0,0.3333333333333333,0.6666666666666666,0.0,0.0,0.5,0.5,0.5,0.0,0.0
Suj_068,Respuestas de formulario 6,ALM,Bloque_CON,2,Bloque_1,3,Opción 1,1,2.3,3.3333333333333335,1,-1,1,Hombre,5,7,0.0,1,-1,1,1.0,1.0,0.3333333333333333,0.6666666666666666,0.0,0.0,0.5,0.5,0.5,0.0,0.0
Suj_068,Respuestas de formulario 6,ABC,Bloque_CON,2,Bloque_9,4,Opción 2,0,2.3,3.3333333333333335,1,-1,1,Hombre,5,7,1000.0,1,-1,1,1.0,1.0,0.3333333333333333,0.6666666666666666,0.0,0.0,0.5,0.5,0.5,0.0,0.0
Suj_068,Respuestas de formulario 6,AQS,Bloque_CON,2,Bloque_5,5,Opción 2,0,2.3,3.3333333333333335,1,-1,1,Hombre,5,7,2000.0,1,-1,1,-1.0,1.0,0.3333333333333333,0.6666666666666666,0.0,0.0,0.5,0.5,0.5,0.0,0.0
Suj_068,Respuestas de formulario 6,AJK,Bloque_CON,2,Bloque_11,6,Opción 1,1,2.3,3.3333333333333335,1,-1,1,Hombre,5,7,1200.0,1,-1,1,1.0,1.0,0.3333333333333333,0.6666666666666666,0.0,0.0,0.5,0.5,0.5,0.0,0.0
Suj_068,Respuestas de formulario 6,AEF,Dist,3,Bloque_7,1,Opción 2,0,2.3,3.3333333333333335,1,-1,1,Hombre,5,7,2400.0,1,-1,1,-1.0,1.0,0.3333333333333333,0.6666666666666666,0.0,0.0,0.5,0.5,0.5,0.0,0.0
Suj_068,Respuestas de formulario 6,AGH,Dist,3,Bloque_3,2,Opción 1,1,2.3,3.3333333333333335,1,-1,1,Hombre,5,7,0.0,1,-1,1,1.0,1.0,0.3333333333333333,0.6666666666666666,0.0,0.0,0.5,0.5,0.5,0.0,0.0
Suj_068,Respuestas de formulario 6,ALM,Dist,3,Bloque_1,3,Opción 1,1,2.3,3.3333333333333335,1,-1,1,Hombre,5,7,0.0,1,-1,1,1.0,1.0,0.3333333333333333,0.6666666666666666,0.0,0.0,0.5,0.5,0.5,0.0,0.0
Suj_068,Respuestas de formulario 6,ABC,Dist,3,Bloque_9,4,Opción 1,1,2.3,3.3333333333333335,1,-1,1,Hombre,5,7,1000.0,1,-1,1,1.0,1.0,0.3333333333333333,0.6666666666666666,0.0,0.0,0.5,0.5,0.5,0.0,0.0
Suj_068,Respuestas de formulario 6,AQS,Dist,3,Bloque_5,5,Opción 2,0,2.3,3.3333333333333335,1,-1,1,Hombre,5,7,2000.0,1,-1,1,-1.0,1.0,0.3333333333333333,0.6666666666666666,0.0,0.0,0.5,0.5,0.5,0.0,0.0
Suj_068,Respuestas de formulario 6,AJK,Dist,3,Bloque_11,6,Opción 2,0,2.3,3.3333333333333335,1,-1,1,Hombre,5,7,1200.0,1,-1,1,1.0,1.0,0.3333333333333333,0.6666666666666666,0.0,0.0,0.5,0.5,0.5,0.0,0.0
Suj_069,Respuestas de formulario 6,AEF,Bloque_SIN,1,Bloque_7,1,Opción 2,0,2.2,4.5,1,-1,0,Mujer,4,4,2400.0,1,-1,0,-1.0,0.5,0.3333333333333333,0.6666666666666666,0.6666666666666666,0.3333333333333333,0.6666666666666666,0.5,0.3333333333333333,0.16666666666666663,0.16666666666666669
Suj_069,Respuestas de formulario 6,AGH,Bloque_SIN,1,Bloque_3,2,Opción 2,0,2.2,4.5,1,-1,0,Mujer,4,4,0.0,1,-1,0,1.0,0.5,0.3333333333333333,0.6666666666666666,0.6666666666666666,0.3333333333333333,0.6666666666666666,0.5,0.3333333333333333,0.16666666666666663,0.16666666666666669
Suj_069,Respuestas de formulario 6,ALM,Bloque_SIN,1,Bloque_1,3,Opción 1,1,2.2,4.5,1,-1,0,Mujer,4,4,0.0,1,-1,0,1.0,0.5,0.3333333333333333,0.6666666666666666,0.6666666666666666,0.3333333333333333,0.6666666666666666,0.5,0.3333333333333333,0.16666666666666663,0.16666666666666669
Suj_069,Respuestas de formulario 6,ABC,Bloque_SIN,1,Bloque_9,4,Opción 1,1,2.2,4.5,1,-1,0,Mujer,4,4,1000.0,1,-1,0,0.0,0.5,0.3333333333333333,0.6666666666666666,0.6666666666666666,0.3333333333333333,0.6666666666666666,0.5,0.3333333333333333,0.16666666666666663,0.16666666666666669
Suj_069,Respuestas de formulario 6,AQS,Bloque_SIN,1,Bloque_5,5,Opción 1,1,2.2,4.5,1,-1,0,Mujer,4,4,2000.0,1,-1,0,-1.0,0.5,0.3333333333333333,0.6666666666666666,0.6666666666666666,0.3333333333333333,0.6666666666666666,0.5,0.3333333333333333,0.16666666666666663,0.16666666666666669
Suj_069,Respuestas de formulario 6,AJK,Bloque_SIN,1,Bloque_11,6,Opción 2,0,2.2,4.5,1,-1,0,Mujer,4,4,1200.0,1,-1,0,0.0,0.5,0.3333333333333333,0.6666666666666666,0.6666666666666666,0.3333333333333333,0.6666666666666666,0.5,0.3333333333333333,0.16666666666666663,0.16666666666666669
Suj_069,Respuestas de formulario 6,AEF,Bloque_CON,2,Bloque_7,1,Opción 1,1,2.2,4.5,1,-1,0,Mujer,4,4,2400.0,1,-1,0,-1.0,0.5,0.3333333333333333,0.6666666666666666,0.6666666666666666,0.3333333333333333,0.6666666666666666,0.5,0.3333333333333333,0.16666666666666663,0.16666666666666669
Suj_069,Respuestas de formulario 6,AGH,Bloque_CON,2,Bloque_3,2,Opción 1,1,2.2,4.5,1,-1,0,Mujer,4,4,0.0,1,-1,0,1.0,0.5,0.3333333333333333,0.6666666666666666,0.6666666666666666,0.3333333333333333,0.6666666666666666,0.5,0.3333333333333333,0.16666666666666663,0.16666666666666669
Suj_069,Respuestas de formulario 6,ALM,Bloque_CON,2,Bloque_1,3,Opción 2,0,2.2,4.5,1,-1,0,Mujer,4,4,0.0,1,-1,0,1.0,0.5,0.3333333333333333,0.6666666666666666,0.6666666666666666,0.3333333333333333,0.6666666666666666,0.5,0.3333333333333333,0.16666666666666663,0.16666666666666669
Suj_069,Respuestas de formulario 6,ABC,Bloque_CON,2,Bloque_9,4,Opción 2,0,2.2,4.5,1,-1,0,Mujer,4,4,1000.0,1,-1,0,0.0,0.5,0.3333333333333333,0.6666666666666666,0.6666666666666666,0.3333333333333333,0.6666666666666666,0.5,0.3333333333333333,0.16666666666666663,0.16666666666666669
Suj_069,Respuestas de formulario 6,AQS,Bloque_CON,2,Bloque_5,5,Opción 1,1,2.2,4.5,1,-1,0,Mujer,4,4,2000.0,1,-1,0,-1.0,0.5,0.3333333333333333,0.6666666666666666,0.6666666666666666,0.3333333333333333,0.6666666666666666,0.5,0.3333333333333333,0.16666666666666663,0.16666666666666669
Suj_069,Respuestas de formulario 6,AJK,Bloque_CON,2,Bloque_11,6,Opción 1,1,2.2,4.5,1,-1,0,Mujer,4,4,1200.0,1,-1,0,0.0,0.5,0.3333333333333333,0.6666666666666666,0.6666666666666666,0.3333333333333333,0.6666666666666666,0.5,0.3333333333333333,0.16666666666666663,0.16666666666666669
Suj_069,Respuestas de formulario 6,AEF,Dist,3,Bloque_7,1,Opción 2,0,2.2,4.5,1,-1,0,Mujer,4,4,2400.0,1,-1,0,-1.0,0.5,0.3333333333333333,0.6666666666666666,0.6666666666666666,0.3333333333333333,0.6666666666666666,0.5,0.3333333333333333,0.16666666666666663,0.16666666666666669
Suj_069,Respuestas de formulario 6,AGH,Dist,3,Bloque_3,2,Opción 1,1,2.2,4.5,1,-1,0,Mujer,4,4,0.0,1,-1,0,1.0,0.5,0.3333333333333333,0.6666666666666666,0.6666666666666666,0.3333333333333333,0.6666666666666666,0.5,0.3333333333333333,0.16666666666666663,0.16666666666666669
Suj_069,Respuestas de formulario 6,ALM,Dist,3,Bloque_1,3,Opción 2,0,2.2,4.5,1,-1,0,Mujer,4,4,0.0,1,-1,0,1.0,0.5,0.3333333333333333,0.6666666666666666,0.6666666666666666,0.3333333333333333,0.6666666666666666,0.5,0.3333333333333333,0.16666666666666663,0.16666666666666669
Suj_069,Respuestas de formulario 6,ABC,Dist,3,Bloque_9,4,Opción 2,0,2.2,4.5,1,-1,0,Mujer,4,4,1000.0,1,-1,0,0.0,0.5,0.3333333333333333,0.6666666666666666,0.6666666666666666,0.3333333333333333,0.6666666666666666,0.5,0.3333333333333333,0.16666666666666663,0.16666666666666669
Suj_069,Respuestas de formulario 6,AQS,Dist,3,Bloque_5,5,Opción 2,0,2.2,4.5,1,-1,0,Mujer,4,4,2000.0,1,-1,0,-1.0,0.5,0.3333333333333333,0.6666666666666666,0.6666666666666666,0.3333333333333333,0.6666666666666666,0.5,0.3333333333333333,0.16666666666666663,0.16666666666666669
Suj_069,Respuestas de formulario 6,AJK,Dist,3,Bloque_11,6,Opción 1,1,2.2,4.5,1,-1,0,Mujer,4,4,1200.0,1,-1,0,0.0,0.5,0.3333333333333333,0.6666666666666666,0.6666666666666666,0.3333333333333333,0.6666666666666666,0.5,0.3333333333333333,0.16666666666666663,0.16666666666666669
Suj_070,Respuestas de formulario 6,AEF,Bloque_SIN,1,Bloque_7,1,Opción 2,0,2.9,3.5,-1,1,-1,Mujer,6,6,2400.0,-1,1,-1,1.0,0.5,1.0,0.6666666666666666,0.0,0.6666666666666666,0.6666666666666666,0.6666666666666666,0.3333333333333333,0.0,0.3333333333333333
Suj_070,Respuestas de formulario 6,AGH,Bloque_SIN,1,Bloque_3,2,Opción 1,1,2.9,3.5,-1,1,-1,Mujer,6,6,0.0,-1,1,-1,-1.0,0.5,1.0,0.6666666666666666,0.0,0.6666666666666666,0.6666666666666666,0.6666666666666666,0.3333333333333333,0.0,0.3333333333333333
Suj_070,Respuestas de formulario 6,ALM,Bloque_SIN,1,Bloque_1,3,Opción 1,1,2.9,3.5,-1,1,-1,Mujer,6,6,0.0,-1,1,-1,-1.0,0.5,1.0,0.6666666666666666,0.0,0.6666666666666666,0.6666666666666666,0.6666666666666666,0.3333333333333333,0.0,0.3333333333333333
Suj_070,Respuestas de formulario 6,ABC,Bloque_SIN,1,Bloque_9,4,Opción 1,1,2.9,3.5,-1,1,-1,Mujer,6,6,1000.0,-1,1,-1,-1.0,0.5,1.0,0.6666666666666666,0.0,0.6666666666666666,0.6666666666666666,0.6666666666666666,0.3333333333333333,0.0,0.3333333333333333
Suj_070,Respuestas de formulario 6,AQS,Bloque_SIN,1,Bloque_5,5,Opción 2,0,2.9,3.5,-1,1,-1,Mujer,6,6,2000.0,-1,1,-1,1.0,0.5,1.0,0.6666666666666666,0.0,0.6666666666666666,0.6666666666666666,0.6666666666666666,0.3333333333333333,0.0,0.3333333333333333
Suj_070,Respuestas de formulario 6,AJK,Bloque_SIN,1,Bloque_11,6,Opción 1,1,2.9,3.5,-1,1,-1,Mujer,6,6,1200.0,-1,1,-1,-1.0,0.5,1.0,0.6666666666666666,0.0,0.6666666666666666,0.6666666666666666,0.6666666666666666,0.3333333333333333,0.0,0.3333333333333333
Suj_072,Respuestas de formulario 6,AEF,Bloque_SIN,1,Bloque_7,1,Opción 2,0,1.7,4.5,0,-1,-1,Hombre,2,4,2400.0,0,-1,-1,-1.0,1.0,0.0,0.0,0.0,0.0,0.3333333333333333,0.3333333333333333,0.3333333333333333,0.0,0.0
Suj_072,Respuestas de formulario 6,AGH,Bloque_SIN,1,Bloque_3,2,Opción 1,1,1.7,4.5,0,-1,-1,Hombre,2,4,0.0,0,-1,-1,0.0,1.0,0.0,0.0,0.0,0.0,0.3333333333333333,0.3333333333333333,0.3333333333333333,0.0,0.0
Suj_072,Respuestas de formulario 6,ALM,Bloque_SIN,1,Bloque_1,3,Opción 1,1,1.7,4.5,0,-1,-1,Hombre,2,4,0.0,0,-1,-1,0.0,1.0,0.0,0.0,0.0,0.0,0.3333333333333333,0.3333333333333333,0.3333333333333333,0.0,0.0
Suj_072,Respuestas de formulario 6,ABC,Bloque_SIN,1,Bloque_9,4,Opción 2,0,1.7,4.5,0,-1,-1,Hombre,2,4,1000.0,0,-1,-1,-1.0,1.0,0.0,0.0,0.0,0.0,0.3333333333333333,0.3333333333333333,0.3333333333333333,0.0,0.0
Suj_072,Respuestas de formulario 6,AQS,Bloque_SIN,1,Bloque_5,5,Opción 2,0,1.7,4.5,0,-1,-1,Hombre,2,4,2000.0,0,-1,-1,-1.0,1.0,0.0,0.0,0.0,0.0,0.3333333333333333,0.3333333333333333,0.3333333333333333,0.0,0.0
Suj_072,Respuestas de formulario 6,AJK,Bloque_SIN,1,Bloque_11,6,Opción 2,0,1.7,4.5,0,-1,-1,Hombre,2,4,1200.0,0,-1,-1,-1.0,1.0,0.0,0.0,0.0,0.0,0.3333333333333333,0.3333333333333333,0.3333333333333333,0.0,0.0
Suj_072,Respuestas de formulario 6,AEF,Bloque_CON,2,Bloque_7,1,Opción 2,0,1.7,4.5,0,-1,-1,Hombre,2,4,2400.0,0,-1,-1,-1.0,1.0,0.0,0.0,0.0,0.0,0.3333333333333333,0.3333333333333333,0.3333333333333333,0.0,0.0
Suj_072,Respuestas de formulario 6,AGH,Bloque_CON,2,Bloque_3,2,Opción 1,1,1.7,4.5,0,-1,-1,Hombre,2,4,0.0,0,-1,-1,0.0,1.0,0.0,0.0,0.0,0.0,0.3333333333333333,0.3333333333333333,0.3333333333333333,0.0,0.0
Suj_072,Respuestas de formulario 6,ALM,Bloque_CON,2,Bloque_1,3,Opción 1,1,1.7,4.5,0,-1,-1,Hombre,2,4,0.0,0,-1,-1,0.0,1.0,0.0,0.0,0.0,0.0,0.3333333333333333,0.3333333333333333,0.3333333333333333,0.0,0.0
Suj_072,Respuestas de formulario 6,ABC,Bloque_CON,2,Bloque_9,4,Opción 2,0,1.7,4.5,0,-1,-1,Hombre,2,4,1000.0,0,-1,-1,-1.0,1.0,0.0,0.0,0.0,0.0,0.3333333333333333,0.3333333333333333,0.3333333333333333,0.0,0.0
Suj_072,Respuestas de formulario 6,AQS,Bloque_CON,2,Bloque_5,5,Opción 2,0,1.7,4.5,0,-1,-1,Hombre,2,4,2000.0,0,-1,-1,-1.0,1.0,0.0,0.0,0.0,0.0,0.3333333333333333,0.3333333333333333,0.3333333333333333,0.0,0.0
Suj_072,Respuestas de formulario 6,AJK,Bloque_CON,2,Bloque_11,6,Opción 2,0,1.7,4.5,0,-1,-1,Hombre,2,4,1200.0,0,-1,-1,-1.0,1.0,0.0,0.0,0.0,0.0,0.3333333333333333,0.3333333333333333,0.3333333333333333,0.0,0.0
Suj_072,Respuestas de formulario 6,AEF,Dist,3,Bloque_7,1,Opción 2,0,1.7,4.5,0,-1,-1,Hombre,2,4,2400.0,0,-1,-1,-1.0,1.0,0.0,0.0,0.0,0.0,0.3333333333333333,0.3333333333333333,0.3333333333333333,0.0,0.0
Suj_072,Respuestas de formulario 6,AGH,Dist,3,Bloque_3,2,Opción 1,1,1.7,4.5,0,-1,-1,Hombre,2,4,0.0,0,-1,-1,0.0,1.0,0.0,0.0,0.0,0.0,0.3333333333333333,0.3333333333333333,0.3333333333333333,0.0,0.0
Suj_072,Respuestas de formulario 6,ALM,Dist,3,Bloque_1,3,Opción 1,1,1.7,4.5,0,-1,-1,Hombre,2,4,0.0,0,-1,-1,0.0,1.0,0.0,0.0,0.0,0.0,0.3333333333333333,0.3333333333333333,0.3333333333333333,0.0,0.0
Suj_072,Respuestas de formulario 6,ABC,Dist,3,Bloque_9,4,Opción 2,0,1.7,4.5,0,-1,-1,Hombre,2,4,1000.0,0,-1,-1,-1.0,1.0,0.0,0.0,0.0,0.0,0.3333333333333333,0.3333333333333333,0.3333333333333333,0.0,0.0
Suj_072,Respuestas de formulario 6,AQS,Dist,3,Bloque_5,5,Opción 2,0,1.7,4.5,0,-1,-1,Hombre,2,4,2000.0,0,-1,-1,-1.0,1.0,0.0,0.0,0.0,0.0,0.3333333333333333,0.3333333333333333,0.3333333333333333,0.0,0.0
Suj_072,Respuestas de formulario 6,AJK,Dist,3,Bloque_11,6,Opción 2,0,1.7,4.5,0,-1,-1,Hombre,2,4,1200.0,0,-1,-1,-1.0,1.0,0.0,0.0,0.0,0.0,0.3333333333333333,0.3333333333333333,0.3333333333333333,0.0,0.0
Suj_073,Respuestas de formulario 6,AEF,Bloque_SIN,1,Bloque_7,1,Opción 2,0,1.2,3.0,0,0,0,Mujer,2,5,2400.0,0,0,0,0.0,1.0,0.3333333333333333,0.0,0.0,0.0,0.5,0.3333333333333333,0.3333333333333333,0.16666666666666669,0.0
Suj_073,Respuestas de formulario 6,AGH,Bloque_SIN,1,Bloque_3,2,Opción 1,1,1.2,3.0,0,0,0,Mujer,2,5,0.0,0,0,0,0.0,1.0,0.3333333333333333,0.0,0.0,0.0,0.5,0.3333333333333333,0.3333333333333333,0.16666666666666669,0.0
Suj_073,Respuestas de formulario 6,ALM,Bloque_SIN,1,Bloque_1,3,Opción 1,1,1.2,3.0,0,0,0,Mujer,2,5,0.0,0,0,0,0.0,1.0,0.3333333333333333,0.0,0.0,0.0,0.5,0.3333333333333333,0.3333333333333333,0.16666666666666669,0.0
Suj_073,Respuestas de formulario 6,ABC,Bloque_SIN,1,Bloque_9,4,Opción 2,0,1.2,3.0,0,0,0,Mujer,2,5,1000.0,0,0,0,0.0,1.0,0.3333333333333333,0.0,0.0,0.0,0.5,0.3333333333333333,0.3333333333333333,0.16666666666666669,0.0
Suj_073,Respuestas de formulario 6,AQS,Bloque_SIN,1,Bloque_5,5,Opción 2,0,1.2,3.0,0,0,0,Mujer,2,5,2000.0,0,0,0,0.0,1.0,0.3333333333333333,0.0,0.0,0.0,0.5,0.3333333333333333,0.3333333333333333,0.16666666666666669,0.0
Suj_073,Respuestas de formulario 6,AJK,Bloque_SIN,1,Bloque_11,6,Opción 2,0,1.2,3.0,0,0,0,Mujer,2,5,1200.0,0,0,0,0.0,1.0,0.3333333333333333,0.0,0.0,0.0,0.5,0.3333333333333333,0.3333333333333333,0.16666666666666669,0.0
Suj_073,Respuestas de formulario 6,AEF,Bloque_CON,2,Bloque_7,1,Opción 2,0,1.2,3.0,0,0,0,Mujer,2,5,2400.0,0,0,0,0.0,1.0,0.3333333333333333,0.0,0.0,0.0,0.5,0.3333333333333333,0.3333333333333333,0.16666666666666669,0.0
Suj_073,Respuestas de formulario 6,AGH,Bloque_CON,2,Bloque_3,2,Opción 1,1,1.2,3.0,0,0,0,Mujer,2,5,0.0,0,0,0,0.0,1.0,0.3333333333333333,0.0,0.0,0.0,0.5,0.3333333333333333,0.3333333333333333,0.16666666666666669,0.0
Suj_073,Respuestas de formulario 6,ALM,Bloque_CON,2,Bloque_1,3,Opción 1,1,1.2,3.0,0,0,0,Mujer,2,5,0.0,0,0,0,0.0,1.0,0.3333333333333333,0.0,0.0,0.0,0.5,0.3333333333333333,0.3333333333333333,0.16666666666666669,0.0
Suj_073,Respuestas de formulario 6,ABC,Bloque_CON,2,Bloque_9,4,Opción 1,1,1.2,3.0,0,0,0,Mujer,2,5,1000.0,0,0,0,0.0,1.0,0.3333333333333333,0.0,0.0,0.0,0.5,0.3333333333333333,0.3333333333333333,0.16666666666666669,0.0
Suj_073,Respuestas de formulario 6,AQS,Bloque_CON,2,Bloque_5,5,Opción 2,0,1.2,3.0,0,0,0,Mujer,2,5,2000.0,0,0,0,0.0,1.0,0.3333333333333333,0.0,0.0,0.0,0.5,0.3333333333333333,0.3333333333333333,0.16666666666666669,0.0
Suj_073,Respuestas de formulario 6,AJK,Bloque_CON,2,Bloque_11,6,Opción 2,0,1.2,3.0,0,0,0,Mujer,2,5,1200.0,0,0,0,0.0,1.0,0.3333333333333333,0.0,0.0,0.0,0.5,0.3333333333333333,0.3333333333333333,0.16666666666666669,0.0
Suj_073,Respuestas de formulario 6,AEF,Dist,3,Bloque_7,1,Opción 2,0,1.2,3.0,0,0,0,Mujer,2,5,2400.0,0,0,0,0.0,1.0,0.3333333333333333,0.0,0.0,0.0,0.5,0.3333333333333333,0.3333333333333333,0.16666666666666669,0.0
Suj_073,Respuestas de formulario 6,AGH,Dist,3,Bloque_3,2,Opción 1,1,1.2,3.0,0,0,0,Mujer,2,5,0.0,0,0,0,0.0,1.0,0.3333333333333333,0.0,0.0,0.0,0.5,0.3333333333333333,0.3333333333333333,0.16666666666666669,0.0
Suj_073,Respuestas de formulario 6,ALM,Dist,3,Bloque_1,3,Opción 1,1,1.2,3.0,0,0,0,Mujer,2,5,0.0,0,0,0,0.0,1.0,0.3333333333333333,0.0,0.0,0.0,0.5,0.3333333333333333,0.3333333333333333,0.16666666666666669,0.0
Suj_073,Respuestas de formulario 6,ABC,Dist,3,Bloque_9,4,Opción 2,0,1.2,3.0,0,0,0,Mujer,2,5,1000.0,0,0,0,0.0,1.0,0.3333333333333333,0.0,0.0,0.0,0.5,0.3333333333333333,0.3333333333333333,0.16666666666666669,0.0
Suj_073,Respuestas de formulario 6,AQS,Dist,3,Bloque_5,5,Opción 2,0,1.2,3.0,0,0,0,Mujer,2,5,2000.0,0,0,0,0.0,1.0,0.3333333333333333,0.0,0.0,0.0,0.5,0.3333333333333333,0.3333333333333333,0.16666666666666669,0.0
Suj_073,Respuestas de formulario 6,AJK,Dist,3,Bloque_11,6,Opción 2,0,1.2,3.0,0,0,0,Mujer,2,5,1200.0,0,0,0,0.0,1.0,0.3333333333333333,0.0,0.0,0.0,0.5,0.3333333333333333,0.3333333333333333,0.16666666666666669,0.0
Suj_074,Respuestas de formulario 6,AEF,Bloque_SIN,1,Bloque_7,1,Opción 2,0,1.7,3.0,0,0,-1,Mujer,4,6,2400.0,0,0,-1,0.0,0.5,0.0,0.0,0.3333333333333333,0.0,0.16666666666666666,0.16666666666666666,0.3333333333333333,0.0,-0.16666666666666666
Suj_074,Respuestas de formulario 6,AGH,Bloque_SIN,1,Bloque_3,2,Opción 1,1,1.7,3.0,0,0,-1,Mujer,4,6,0.0,0,0,-1,0.0,0.5,0.0,0.0,0.3333333333333333,0.0,0.16666666666666666,0.16666666666666666,0.3333333333333333,0.0,-0.16666666666666666
Suj_074,Respuestas de formulario 6,ALM,Bloque_SIN,1,Bloque_1,3,Opción 2,0,1.7,3.0,0,0,-1,Mujer,4,6,0.0,0,0,-1,0.0,0.5,0.0,0.0,0.3333333333333333,0.0,0.16666666666666666,0.16666666666666666,0.3333333333333333,0.0,-0.16666666666666666
Suj_074,Respuestas de formulario 6,ABC,Bloque_SIN,1,Bloque_9,4,Opción 2,0,1.7,3.0,0,0,-1,Mujer,4,6,1000.0,0,0,-1,-1.0,0.5,0.0,0.0,0.3333333333333333,0.0,0.16666666666666666,0.16666666666666666,0.3333333333333333,0.0,-0.16666666666666666
Suj_074,Respuestas de formulario 6,AQS,Bloque_SIN,1,Bloque_5,5,Opción 2,0,1.7,3.0,0,0,-1,Mujer,4,6,2000.0,0,0,-1,0.0,0.5,0.0,0.0,0.3333333333333333,0.0,0.16666666666666666,0.16666666666666666,0.3333333333333333,0.0,-0.16666666666666666
Suj_074,Respuestas de formulario 6,AJK,Bloque_SIN,1,Bloque_11,6,Opción 2,0,1.7,3.0,0,0,-1,Mujer,4,6,1200.0,0,0,-1,-1.0,0.5,0.0,0.0,0.3333333333333333,0.0,0.16666666666666666,0.16666666666666666,0.3333333333333333,0.0,-0.16666666666666666
Suj_074,Respuestas de formulario 6,AEF,Bloque_CON,2,Bloque_7,1,Opción 2,0,1.7,3.0,0,0,-1,Mujer,4,6,2400.0,0,0,-1,0.0,0.5,0.0,0.0,0.3333333333333333,0.0,0.16666666666666666,0.16666666666666666,0.3333333333333333,0.0,-0.16666666666666666
Suj_074,Respuestas de formulario 6,AGH,Bloque_CON,2,Bloque_3,2,Opción 2,0,1.7,3.0,0,0,-1,Mujer,4,6,0.0,0,0,-1,0.0,0.5,0.0,0.0,0.3333333333333333,0.0,0.16666666666666666,0.16666666666666666,0.3333333333333333,0.0,-0.16666666666666666
Suj_074,Respuestas de formulario 6,ALM,Bloque_CON,2,Bloque_1,3,Opción 2,0,1.7,3.0,0,0,-1,Mujer,4,6,0.0,0,0,-1,0.0,0.5,0.0,0.0,0.3333333333333333,0.0,0.16666666666666666,0.16666666666666666,0.3333333333333333,0.0,-0.16666666666666666
Suj_074,Respuestas de formulario 6,ABC,Bloque_CON,2,Bloque_9,4,Opción 2,0,1.7,3.0,0,0,-1,Mujer,4,6,1000.0,0,0,-1,-1.0,0.5,0.0,0.0,0.3333333333333333,0.0,0.16666666666666666,0.16666666666666666,0.3333333333333333,0.0,-0.16666666666666666
Suj_074,Respuestas de formulario 6,AQS,Bloque_CON,2,Bloque_5,5,Opción 1,1,1.7,3.0,0,0,-1,Mujer,4,6,2000.0,0,0,-1,0.0,0.5,0.0,0.0,0.3333333333333333,0.0,0.16666666666666666,0.16666666666666666,0.3333333333333333,0.0,-0.16666666666666666
Suj_074,Respuestas de formulario 6,AJK,Bloque_CON,2,Bloque_11,6,Opción 2,0,1.7,3.0,0,0,-1,Mujer,4,6,1200.0,0,0,-1,-1.0,0.5,0.0,0.0,0.3333333333333333,0.0,0.16666666666666666,0.16666666666666666,0.3333333333333333,0.0,-0.16666666666666666
Suj_074,Respuestas de formulario 6,AEF,Dist,3,Bloque_7,1,Opción 2,0,1.7,3.0,0,0,-1,Mujer,4,6,2400.0,0,0,-1,0.0,0.5,0.0,0.0,0.3333333333333333,0.0,0.16666666666666666,0.16666666666666666,0.3333333333333333,0.0,-0.16666666666666666
Suj_074,Respuestas de formulario 6,AGH,Dist,3,Bloque_3,2,Opción 1,1,1.7,3.0,0,0,-1,Mujer,4,6,0.0,0,0,-1,0.0,0.5,0.0,0.0,0.3333333333333333,0.0,0.16666666666666666,0.16666666666666666,0.3333333333333333,0.0,-0.16666666666666666
Suj_074,Respuestas de formulario 6,ALM,Dist,3,Bloque_1,3,Opción 1,1,1.7,3.0,0,0,-1,Mujer,4,6,0.0,0,0,-1,0.0,0.5,0.0,0.0,0.3333333333333333,0.0,0.16666666666666666,0.16666666666666666,0.3333333333333333,0.0,-0.16666666666666666
Suj_074,Respuestas de formulario 6,ABC,Dist,3,Bloque_9,4,Opción 2,0,1.7,3.0,0,0,-1,Mujer,4,6,1000.0,0,0,-1,-1.0,0.5,0.0,0.0,0.3333333333333333,0.0,0.16666666666666666,0.16666666666666666,0.3333333333333333,0.0,-0.16666666666666666
Suj_074,Respuestas de formulario 6,AQS,Dist,3,Bloque_5,5,Opción 2,0,1.7,3.0,0,0,-1,Mujer,4,6,2000.0,0,0,-1,0.0,0.5,0.0,0.0,0.3333333333333333,0.0,0.16666666666666666,0.16666666666666666,0.3333333333333333,0.0,-0.16666666666666666
Suj_074,Respuestas de formulario 6,AJK,Dist,3,Bloque_11,6,Opción 2,0,1.7,3.0,0,0,-1,Mujer,4,6,1200.0,0,0,-1,-1.0,0.5,0.0,0.0,0.3333333333333333,0.0,0.16666666666666666,0.16666666666666666,0.3333333333333333,0.0,-0.16666666666666666
Suj_075,Respuestas de formulario 6,AEF,Bloque_SIN,1,Bloque_7,1,Opción 2,0,3.6,4.166666666666667,-1,-1,-1,Mujer,7,5,2400.0,-1,-1,-1,-1.0,1.0,0.0,0.0,0.0,0.0,0.3333333333333333,0.3333333333333333,0.3333333333333333,0.0,0.0
Suj_075,Respuestas de formulario 6,AGH,Bloque_SIN,1,Bloque_3,2,Opción 1,1,3.6,4.166666666666667,-1,-1,-1,Mujer,7,5,0.0,-1,-1,-1,-1.0,1.0,0.0,0.0,0.0,0.0,0.3333333333333333,0.3333333333333333,0.3333333333333333,0.0,0.0
Suj_075,Respuestas de formulario 6,ALM,Bloque_SIN,1,Bloque_1,3,Opción 1,1,3.6,4.166666666666667,-1,-1,-1,Mujer,7,5,0.0,-1,-1,-1,-1.0,1.0,0.0,0.0,0.0,0.0,0.3333333333333333,0.3333333333333333,0.3333333333333333,0.0,0.0
Suj_075,Respuestas de formulario 6,ABC,Bloque_SIN,1,Bloque_9,4,Opción 2,0,3.6,4.166666666666667,-1,-1,-1,Mujer,7,5,1000.0,-1,-1,-1,-1.0,1.0,0.0,0.0,0.0,0.0,0.3333333333333333,0.3333333333333333,0.3333333333333333,0.0,0.0
Suj_075,Respuestas de formulario 6,AQS,Bloque_SIN,1,Bloque_5,5,Opción 2,0,3.6,4.166666666666667,-1,-1,-1,Mujer,7,5,2000.0,-1,-1,-1,-1.0,1.0,0.0,0.0,0.0,0.0,0.3333333333333333,0.3333333333333333,0.3333333333333333,0.0,0.0
Suj_075,Respuestas de formulario 6,AJK,Bloque_SIN,1,Bloque_11,6,Opción 2,0,3.6,4.166666666666667,-1,-1,-1,Mujer,7,5,1200.0,-1,-1,-1,-1.0,1.0,0.0,0.0,0.0,0.0,0.3333333333333333,0.3333333333333333,0.3333333333333333,0.0,0.0
Suj_075,Respuestas de formulario 6,AEF,Bloque_CON,2,Bloque_7,1,Opción 2,0,3.6,4.166666666666667,-1,-1,-1,Mujer,7,5,2400.0,-1,-1,-1,-1.0,1.0,0.0,0.0,0.0,0.0,0.3333333333333333,0.3333333333333333,0.3333333333333333,0.0,0.0
Suj_075,Respuestas de formulario 6,AGH,Bloque_CON,2,Bloque_3,2,Opción 1,1,3.6,4.166666666666667,-1,-1,-1,Mujer,7,5,0.0,-1,-1,-1,-1.0,1.0,0.0,0.0,0.0,0.0,0.3333333333333333,0.3333333333333333,0.3333333333333333,0.0,0.0
Suj_075,Respuestas de formulario 6,ALM,Bloque_CON,2,Bloque_1,3,Opción 1,1,3.6,4.166666666666667,-1,-1,-1,Mujer,7,5,0.0,-1,-1,-1,-1.0,1.0,0.0,0.0,0.0,0.0,0.3333333333333333,0.3333333333333333,0.3333333333333333,0.0,0.0
Suj_075,Respuestas de formulario 6,ABC,Bloque_CON,2,Bloque_9,4,Opción 2,0,3.6,4.166666666666667,-1,-1,-1,Mujer,7,5,1000.0,-1,-1,-1,-1.0,1.0,0.0,0.0,0.0,0.0,0.3333333333333333,0.3333333333333333,0.3333333333333333,0.0,0.0
Suj_075,Respuestas de formulario 6,AQS,Bloque_CON,2,Bloque_5,5,Opción 2,0,3.6,4.166666666666667,-1,-1,-1,Mujer,7,5,2000.0,-1,-1,-1,-1.0,1.0,0.0,0.0,0.0,0.0,0.3333333333333333,0.3333333333333333,0.3333333333333333,0.0,0.0
Suj_075,Respuestas de formulario 6,AJK,Bloque_CON,2,Bloque_11,6,Opción 2,0,3.6,4.166666666666667,-1,-1,-1,Mujer,7,5,1200.0,-1,-1,-1,-1.0,1.0,0.0,0.0,0.0,0.0,0.3333333333333333,0.3333333333333333,0.3333333333333333,0.0,0.0
Suj_075,Respuestas de formulario 6,AEF,Dist,3,Bloque_7,1,Opción 2,0,3.6,4.166666666666667,-1,-1,-1,Mujer,7,5,2400.0,-1,-1,-1,-1.0,1.0,0.0,0.0,0.0,0.0,0.3333333333333333,0.3333333333333333,0.3333333333333333,0.0,0.0
Suj_075,Respuestas de formulario 6,AGH,Dist,3,Bloque_3,2,Opción 1,1,3.6,4.166666666666667,-1,-1,-1,Mujer,7,5,0.0,-1,-1,-1,-1.0,1.0,0.0,0.0,0.0,0.0,0.3333333333333333,0.3333333333333333,0.3333333333333333,0.0,0.0
Suj_075,Respuestas de formulario 6,ALM,Dist,3,Bloque_1,3,Opción 1,1,3.6,4.166666666666667,-1,-1,-1,Mujer,7,5,0.0,-1,-1,-1,-1.0,1.0,0.0,0.0,0.0,0.0,0.3333333333333333,0.3333333333333333,0.3333333333333333,0.0,0.0
Suj_075,Respuestas de formulario 6,ABC,Dist,3,Bloque_9,4,Opción 2,0,3.6,4.166666666666667,-1,-1,-1,Mujer,7,5,1000.0,-1,-1,-1,-1.0,1.0,0.0,0.0,0.0,0.0,0.3333333333333333,0.3333333333333333,0.3333333333333333,0.0,0.0
Suj_075,Respuestas de formulario 6,AQS,Dist,3,Bloque_5,5,Opción 2,0,3.6,4.166666666666667,-1,-1,-1,Mujer,7,5,2000.0,-1,-1,-1,-1.0,1.0,0.0,0.0,0.0,0.0,0.3333333333333333,0.3333333333333333,0.3333333333333333,0.0,0.0
Suj_075,Respuestas de formulario 6,AJK,Dist,3,Bloque_11,6,Opción 2,0,3.6,4.166666666666667,-1,-1,-1,Mujer,7,5,1200.0,-1,-1,-1,-1.0,1.0,0.0,0.0,0.0,0.0,0.3333333333333333,0.3333333333333333,0.3333333333333333,0.0,0.0
Suj_077,Respuestas de formulario 7,ALM,Bloque_SIN,1,Bloque_9,1,Opción 2,0,2.1,3.3333333333333335,1,1,0,Mujer,4,9,1000.0,1,1,0,0.0,0.3333333333333333,0.0,0.0,0.0,0.0,0.0,0.0,0.3333333333333333,0.0,-0.3333333333333333
Suj_077,Respuestas de formulario 7,ABC,Bloque_SIN,1,Bloque_1,2,Opción 2,0,2.1,3.3333333333333335,1,1,0,Mujer,4,9,0.0,1,1,0,1.0,0.3333333333333333,0.0,0.0,0.0,0.0,0.0,0.0,0.3333333333333333,0.0,-0.3333333333333333
Suj_077,Respuestas de formulario 7,AQS,Bloque_SIN,1,Bloque_5,3,Opción 2,0,2.1,3.3333333333333335,1,1,0,Mujer,4,9,2000.0,1,1,0,1.0,0.3333333333333333,0.0,0.0,0.0,0.0,0.0,0.0,0.3333333333333333,0.0,-0.3333333333333333
Suj_077,Respuestas de formulario 7,AEF,Bloque_SIN,1,Bloque_11,4,Opción 2,0,2.1,3.3333333333333335,1,1,0,Mujer,4,9,1200.0,1,1,0,0.0,0.3333333333333333,0.0,0.0,0.0,0.0,0.0,0.0,0.3333333333333333,0.0,-0.3333333333333333
Suj_077,Respuestas de formulario 7,AGH,Bloque_SIN,1,Bloque_3,5,Opción 2,0,2.1,3.3333333333333335,1,1,0,Mujer,4,9,0.0,1,1,0,1.0,0.3333333333333333,0.0,0.0,0.0,0.0,0.0,0.0,0.3333333333333333,0.0,-0.3333333333333333
Suj_077,Respuestas de formulario 7,AJK,Bloque_SIN,1,Bloque_7,6,Opción 2,0,2.1,3.3333333333333335,1,1,0,Mujer,4,9,2400.0,1,1,0,1.0,0.3333333333333333,0.0,0.0,0.0,0.0,0.0,0.0,0.3333333333333333,0.0,-0.3333333333333333
Suj_077,Respuestas de formulario 7,ALM,Dist,2,Bloque_9,1,Opción 2,0,2.1,3.3333333333333335,1,1,0,Mujer,4,9,1000.0,1,1,0,0.0,0.3333333333333333,0.0,0.0,0.0,0.0,0.0,0.0,0.3333333333333333,0.0,-0.3333333333333333
Suj_077,Respuestas de formulario 7,ABC,Dist,2,Bloque_1,2,Opción 1,1,2.1,3.3333333333333335,1,1,0,Mujer,4,9,0.0,1,1,0,1.0,0.3333333333333333,0.0,0.0,0.0,0.0,0.0,0.0,0.3333333333333333,0.0,-0.3333333333333333
Suj_077,Respuestas de formulario 7,AQS,Dist,2,Bloque_5,3,Opción 2,0,2.1,3.3333333333333335,1,1,0,Mujer,4,9,2000.0,1,1,0,1.0,0.3333333333333333,0.0,0.0,0.0,0.0,0.0,0.0,0.3333333333333333,0.0,-0.3333333333333333
Suj_077,Respuestas de formulario 7,AEF,Dist,2,Bloque_11,4,Opción 2,0,2.1,3.3333333333333335,1,1,0,Mujer,4,9,1200.0,1,1,0,0.0,0.3333333333333333,0.0,0.0,0.0,0.0,0.0,0.0,0.3333333333333333,0.0,-0.3333333333333333
Suj_077,Respuestas de formulario 7,AGH,Dist,2,Bloque_3,5,Opción 1,1,2.1,3.3333333333333335,1,1,0,Mujer,4,9,0.0,1,1,0,1.0,0.3333333333333333,0.0,0.0,0.0,0.0,0.0,0.0,0.3333333333333333,0.0,-0.3333333333333333
Suj_077,Respuestas de formulario 7,AJK,Dist,2,Bloque_7,6,Opción 2,0,2.1,3.3333333333333335,1,1,0,Mujer,4,9,2400.0,1,1,0,1.0,0.3333333333333333,0.0,0.0,0.0,0.0,0.0,0.0,0.3333333333333333,0.0,-0.3333333333333333
Suj_077,Respuestas de formulario 7,ALM,Bloque_CON,3,Bloque_9,1,Opción 2,0,2.1,3.3333333333333335,1,1,0,Mujer,4,9,1000.0,1,1,0,0.0,0.3333333333333333,0.0,0.0,0.0,0.0,0.0,0.0,0.3333333333333333,0.0,-0.3333333333333333
Suj_077,Respuestas de formulario 7,ABC,Bloque_CON,3,Bloque_1,2,Opción 2,0,2.1,3.3333333333333335,1,1,0,Mujer,4,9,0.0,1,1,0,1.0,0.3333333333333333,0.0,0.0,0.0,0.0,0.0,0.0,0.3333333333333333,0.0,-0.3333333333333333
Suj_077,Respuestas de formulario 7,AQS,Bloque_CON,3,Bloque_5,3,Opción 2,0,2.1,3.3333333333333335,1,1,0,Mujer,4,9,2000.0,1,1,0,1.0,0.3333333333333333,0.0,0.0,0.0,0.0,0.0,0.0,0.3333333333333333,0.0,-0.3333333333333333
Suj_077,Respuestas de formulario 7,AEF,Bloque_CON,3,Bloque_11,4,Opción 2,0,2.1,3.3333333333333335,1,1,0,Mujer,4,9,1200.0,1,1,0,0.0,0.3333333333333333,0.0,0.0,0.0,0.0,0.0,0.0,0.3333333333333333,0.0,-0.3333333333333333
Suj_077,Respuestas de formulario 7,AGH,Bloque_CON,3,Bloque_3,5,Opción 2,0,2.1,3.3333333333333335,1,1,0,Mujer,4,9,0.0,1,1,0,1.0,0.3333333333333333,0.0,0.0,0.0,0.0,0.0,0.0,0.3333333333333333,0.0,-0.3333333333333333
Suj_077,Respuestas de formulario 7,AJK,Bloque_CON,3,Bloque_7,6,Opción 2,0,2.1,3.3333333333333335,1,1,0,Mujer,4,9,2400.0,1,1,0,1.0,0.3333333333333333,0.0,0.0,0.0,0.0,0.0,0.0,0.3333333333333333,0.0,-0.3333333333333333
Suj_078,Respuestas de formulario 7,ALM,Bloque_SIN,1,Bloque_9,1,Opción 2,0,1.8,4.5,-1,-1,-1,Mujer,3,7,1000.0,-1,-1,-1,-1.0,0.8333333333333334,0.0,0.0,0.0,0.0,0.3333333333333333,0.16666666666666666,0.3333333333333333,0.16666666666666666,-0.16666666666666666
Suj_078,Respuestas de formulario 7,ABC,Bloque_SIN,1,Bloque_1,2,Opción 1,1,1.8,4.5,-1,-1,-1,Mujer,3,7,0.0,-1,-1,-1,-1.0,0.8333333333333334,0.0,0.0,0.0,0.0,0.3333333333333333,0.16666666666666666,0.3333333333333333,0.16666666666666666,-0.16666666666666666
Suj_078,Respuestas de formulario 7,AQS,Bloque_SIN,1,Bloque_5,3,Opción 2,0,1.8,4.5,-1,-1,-1,Mujer,3,7,2000.0,-1,-1,-1,-1.0,0.8333333333333334,0.0,0.0,0.0,0.0,0.3333333333333333,0.16666666666666666,0.3333333333333333,0.16666666666666666,-0.16666666666666666
Suj_078,Respuestas de formulario 7,AEF,Bloque_SIN,1,Bloque_11,4,Opción 2,0,1.8,4.5,-1,-1,-1,Mujer,3,7,1200.0,-1,-1,-1,-1.0,0.8333333333333334,0.0,0.0,0.0,0.0,0.3333333333333333,0.16666666666666666,0.3333333333333333,0.16666666666666666,-0.16666666666666666
Suj_078,Respuestas de formulario 7,AGH,Bloque_SIN,1,Bloque_3,5,Opción 2,0,1.8,4.5,-1,-1,-1,Mujer,3,7,0.0,-1,-1,-1,-1.0,0.8333333333333334,0.0,0.0,0.0,0.0,0.3333333333333333,0.16666666666666666,0.3333333333333333,0.16666666666666666,-0.16666666666666666
Suj_078,Respuestas de formulario 7,AJK,Bloque_SIN,1,Bloque_7,6,Opción 2,0,1.8,4.5,-1,-1,-1,Mujer,3,7,2400.0,-1,-1,-1,-1.0,0.8333333333333334,0.0,0.0,0.0,0.0,0.3333333333333333,0.16666666666666666,0.3333333333333333,0.16666666666666666,-0.16666666666666666
Suj_078,Respuestas de formulario 7,ALM,Dist,2,Bloque_9,1,Opción 2,0,1.8,4.5,-1,-1,-1,Mujer,3,7,1000.0,-1,-1,-1,-1.0,0.8333333333333334,0.0,0.0,0.0,0.0,0.3333333333333333,0.16666666666666666,0.3333333333333333,0.16666666666666666,-0.16666666666666666
Suj_078,Respuestas de formulario 7,ABC,Dist,2,Bloque_1,2,Opción 1,1,1.8,4.5,-1,-1,-1,Mujer,3,7,0.0,-1,-1,-1,-1.0,0.8333333333333334,0.0,0.0,0.0,0.0,0.3333333333333333,0.16666666666666666,0.3333333333333333,0.16666666666666666,-0.16666666666666666
Suj_078,Respuestas de formulario 7,AQS,Dist,2,Bloque_5,3,Opción 2,0,1.8,4.5,-1,-1,-1,Mujer,3,7,2000.0,-1,-1,-1,-1.0,0.8333333333333334,0.0,0.0,0.0,0.0,0.3333333333333333,0.16666666666666666,0.3333333333333333,0.16666666666666666,-0.16666666666666666
Suj_078,Respuestas de formulario 7,AEF,Dist,2,Bloque_11,4,Opción 2,0,1.8,4.5,-1,-1,-1,Mujer,3,7,1200.0,-1,-1,-1,-1.0,0.8333333333333334,0.0,0.0,0.0,0.0,0.3333333333333333,0.16666666666666666,0.3333333333333333,0.16666666666666666,-0.16666666666666666
Suj_078,Respuestas de formulario 7,AGH,Dist,2,Bloque_3,5,Opción 1,1,1.8,4.5,-1,-1,-1,Mujer,3,7,0.0,-1,-1,-1,-1.0,0.8333333333333334,0.0,0.0,0.0,0.0,0.3333333333333333,0.16666666666666666,0.3333333333333333,0.16666666666666666,-0.16666666666666666
Suj_078,Respuestas de formulario 7,AJK,Dist,2,Bloque_7,6,Opción 2,0,1.8,4.5,-1,-1,-1,Mujer,3,7,2400.0,-1,-1,-1,-1.0,0.8333333333333334,0.0,0.0,0.0,0.0,0.3333333333333333,0.16666666666666666,0.3333333333333333,0.16666666666666666,-0.16666666666666666
Suj_078,Respuestas de formulario 7,ALM,Bloque_CON,3,Bloque_9,1,Opción 2,0,1.8,4.5,-1,-1,-1,Mujer,3,7,1000.0,-1,-1,-1,-1.0,0.8333333333333334,0.0,0.0,0.0,0.0,0.3333333333333333,0.16666666666666666,0.3333333333333333,0.16666666666666666,-0.16666666666666666
Suj_078,Respuestas de formulario 7,ABC,Bloque_CON,3,Bloque_1,2,Opción 1,1,1.8,4.5,-1,-1,-1,Mujer,3,7,0.0,-1,-1,-1,-1.0,0.8333333333333334,0.0,0.0,0.0,0.0,0.3333333333333333,0.16666666666666666,0.3333333333333333,0.16666666666666666,-0.16666666666666666
Suj_078,Respuestas de formulario 7,AQS,Bloque_CON,3,Bloque_5,3,Opción 2,0,1.8,4.5,-1,-1,-1,Mujer,3,7,2000.0,-1,-1,-1,-1.0,0.8333333333333334,0.0,0.0,0.0,0.0,0.3333333333333333,0.16666666666666666,0.3333333333333333,0.16666666666666666,-0.16666666666666666
Suj_078,Respuestas de formulario 7,AEF,Bloque_CON,3,Bloque_11,4,Opción 2,0,1.8,4.5,-1,-1,-1,Mujer,3,7,1200.0,-1,-1,-1,-1.0,0.8333333333333334,0.0,0.0,0.0,0.0,0.3333333333333333,0.16666666666666666,0.3333333333333333,0.16666666666666666,-0.16666666666666666
Suj_078,Respuestas de formulario 7,AGH,Bloque_CON,3,Bloque_3,5,Opción 1,1,1.8,4.5,-1,-1,-1,Mujer,3,7,0.0,-1,-1,-1,-1.0,0.8333333333333334,0.0,0.0,0.0,0.0,0.3333333333333333,0.16666666666666666,0.3333333333333333,0.16666666666666666,-0.16666666666666666
Suj_078,Respuestas de formulario 7,AJK,Bloque_CON,3,Bloque_7,6,Opción 2,0,1.8,4.5,-1,-1,-1,Mujer,3,7,2400.0,-1,-1,-1,-1.0,0.8333333333333334,0.0,0.0,0.0,0.0,0.3333333333333333,0.16666666666666666,0.3333333333333333,0.16666666666666666,-0.16666666666666666
Suj_079,Respuestas de formulario 7,ALM,Bloque_SIN,1,Bloque_9,1,Opción 1,1,2.4,4.5,0,0,0,Mujer,4,7,1000.0,0,0,0,0.0,1.0,1.0,1.0,1.0,1.0,1.0,1.0,1.0,0.0,0.0
Suj_079,Respuestas de formulario 7,ABC,Bloque_SIN,1,Bloque_1,2,Opción 1,1,2.4,4.5,0,0,0,Mujer,4,7,0.0,0,0,0,0.0,1.0,1.0,1.0,1.0,1.0,1.0,1.0,1.0,0.0,0.0
Suj_079,Respuestas de formulario 7,AQS,Bloque_SIN,1,Bloque_5,3,Opción 1,1,2.4,4.5,0,0,0,Mujer,4,7,2000.0,0,0,0,0.0,1.0,1.0,1.0,1.0,1.0,1.0,1.0,1.0,0.0,0.0
Suj_079,Respuestas de formulario 7,AEF,Bloque_SIN,1,Bloque_11,4,Opción 1,1,2.4,4.5,0,0,0,Mujer,4,7,1200.0,0,0,0,0.0,1.0,1.0,1.0,1.0,1.0,1.0,1.0,1.0,0.0,0.0
Suj_079,Respuestas de formulario 7,AGH,Bloque_SIN,1,Bloque_3,5,Opción 1,1,2.4,4.5,0,0,0,Mujer,4,7,0.0,0,0,0,0.0,1.0,1.0,1.0,1.0,1.0,1.0,1.0,1.0,0.0,0.0
Suj_079,Respuestas de formulario 7,AJK,Bloque_SIN,1,Bloque_7,6,Opción 1,1,2.4,4.5,0,0,0,Mujer,4,7,2400.0,0,0,0,0.0,1.0,1.0,1.0,1.0,1.0,1.0,1.0,1.0,0.0,0.0
Suj_079,Respuestas de formulario 7,ALM,Dist,2,Bloque_9,1,Opción 1,1,2.4,4.5,0,0,0,Mujer,4,7,1000.0,0,0,0,0.0,1.0,1.0,1.0,1.0,1.0,1.0,1.0,1.0,0.0,0.0
Suj_079,Respuestas de formulario 7,ABC,Dist,2,Bloque_1,2,Opción 1,1,2.4,4.5,0,0,0,Mujer,4,7,0.0,0,0,0,0.0,1.0,1.0,1.0,1.0,1.0,1.0,1.0,1.0,0.0,0.0
Suj_079,Respuestas de formulario 7,AQS,Dist,2,Bloque_5,3,Opción 1,1,2.4,4.5,0,0,0,Mujer,4,7,2000.0,0,0,0,0.0,1.0,1.0,1.0,1.0,1.0,1.0,1.0,1.0,0.0,0.0
Suj_079,Respuestas de formulario 7,AEF,Dist,2,Bloque_11,4,Opción 1,1,2.4,4.5,0,0,0,Mujer,4,7,1200.0,0,0,0,0.0,1.0,1.0,1.0,1.0,1.0,1.0,1.0,1.0,0.0,0.0
Suj_079,Respuestas de formulario 7,AGH,Dist,2,Bloque_3,5,Opción 1,1,2.4,4.5,0,0,0,Mujer,4,7,0.0,0,0,0,0.0,1.0,1.0,1.0,1.0,1.0,1.0,1.0,1.0,0.0,0.0
Suj_079,Respuestas de formulario 7,AJK,Dist,2,Bloque_7,6,Opción 1,1,2.4,4.5,0,0,0,Mujer,4,7,2400.0,0,0,0,0.0,1.0,1.0,1.0,1.0,1.0,1.0,1.0,1.0,0.0,0.0
Suj_079,Respuestas de formulario 7,ALM,Bloque_CON,3,Bloque_9,1,Opción 1,1,2.4,4.5,0,0,0,Mujer,4,7,1000.0,0,0,0,0.0,1.0,1.0,1.0,1.0,1.0,1.0,1.0,1.0,0.0,0.0
Suj_079,Respuestas de formulario 7,ABC,Bloque_CON,3,Bloque_1,2,Opción 1,1,2.4,4.5,0,0,0,Mujer,4,7,0.0,0,0,0,0.0,1.0,1.0,1.0,1.0,1.0,1.0,1.0,1.0,0.0,0.0
Suj_079,Respuestas de formulario 7,AQS,Bloque_CON,3,Bloque_5,3,Opción 1,1,2.4,4.5,0,0,0,Mujer,4,7,2000.0,0,0,0,0.0,1.0,1.0,1.0,1.0,1.0,1.0,1.0,1.0,0.0,0.0
Suj_079,Respuestas de formulario 7,AEF,Bloque_CON,3,Bloque_11,4,Opción 1,1,2.4,4.5,0,0,0,Mujer,4,7,1200.0,0,0,0,0.0,1.0,1.0,1.0,1.0,1.0,1.0,1.0,1.0,0.0,0.0
Suj_079,Respuestas de formulario 7,AGH,Bloque_CON,3,Bloque_3,5,Opción 1,1,2.4,4.5,0,0,0,Mujer,4,7,0.0,0,0,0,0.0,1.0,1.0,1.0,1.0,1.0,1.0,1.0,1.0,0.0,0.0
Suj_079,Respuestas de formulario 7,AJK,Bloque_CON,3,Bloque_7,6,Opción 1,1,2.4,4.5,0,0,0,Mujer,4,7,2400.0,0,0,0,0.0,1.0,1.0,1.0,1.0,1.0,1.0,1.0,1.0,0.0,0.0
Suj_081,Respuestas de formulario 7,ALM,Bloque_SIN,1,Bloque_9,1,Opción 1,1,1.0,3.6666666666666665,1,0,-1,Mujer,4,7,1000.0,1,0,-1,-1.0,0.5,0.6666666666666666,0.3333333333333333,0.3333333333333333,0.3333333333333333,0.3333333333333333,0.6666666666666666,0.3333333333333333,-0.3333333333333333,0.3333333333333333
Suj_081,Respuestas de formulario 7,ABC,Bloque_SIN,1,Bloque_1,2,Opción 2,0,1.0,3.6666666666666665,1,0,-1,Mujer,4,7,0.0,1,0,-1,1.0,0.5,0.6666666666666666,0.3333333333333333,0.3333333333333333,0.3333333333333333,0.3333333333333333,0.6666666666666666,0.3333333333333333,-0.3333333333333333,0.3333333333333333
Suj_081,Respuestas de formulario 7,AQS,Bloque_SIN,1,Bloque_5,3,Opción 1,1,1.0,3.6666666666666665,1,0,-1,Mujer,4,7,2000.0,1,0,-1,0.0,0.5,0.6666666666666666,0.3333333333333333,0.3333333333333333,0.3333333333333333,0.3333333333333333,0.6666666666666666,0.3333333333333333,-0.3333333333333333,0.3333333333333333
Suj_081,Respuestas de formulario 7,AEF,Bloque_SIN,1,Bloque_11,4,Opción 1,1,1.0,3.6666666666666665,1,0,-1,Mujer,4,7,1200.0,1,0,-1,-1.0,0.5,0.6666666666666666,0.3333333333333333,0.3333333333333333,0.3333333333333333,0.3333333333333333,0.6666666666666666,0.3333333333333333,-0.3333333333333333,0.3333333333333333
Suj_081,Respuestas de formulario 7,AGH,Bloque_SIN,1,Bloque_3,5,Opción 2,0,1.0,3.6666666666666665,1,0,-1,Mujer,4,7,0.0,1,0,-1,1.0,0.5,0.6666666666666666,0.3333333333333333,0.3333333333333333,0.3333333333333333,0.3333333333333333,0.6666666666666666,0.3333333333333333,-0.3333333333333333,0.3333333333333333
Suj_081,Respuestas de formulario 7,AJK,Bloque_SIN,1,Bloque_7,6,Opción 1,1,1.0,3.6666666666666665,1,0,-1,Mujer,4,7,2400.0,1,0,-1,0.0,0.5,0.6666666666666666,0.3333333333333333,0.3333333333333333,0.3333333333333333,0.3333333333333333,0.6666666666666666,0.3333333333333333,-0.3333333333333333,0.3333333333333333
Suj_081,Respuestas de formulario 7,ALM,Dist,2,Bloque_9,1,Opción 1,1,1.0,3.6666666666666665,1,0,-1,Mujer,4,7,1000.0,1,0,-1,-1.0,0.5,0.6666666666666666,0.3333333333333333,0.3333333333333333,0.3333333333333333,0.3333333333333333,0.6666666666666666,0.3333333333333333,-0.3333333333333333,0.3333333333333333
Suj_081,Respuestas de formulario 7,ABC,Dist,2,Bloque_1,2,Opción 1,1,1.0,3.6666666666666665,1,0,-1,Mujer,4,7,0.0,1,0,-1,1.0,0.5,0.6666666666666666,0.3333333333333333,0.3333333333333333,0.3333333333333333,0.3333333333333333,0.6666666666666666,0.3333333333333333,-0.3333333333333333,0.3333333333333333
Suj_081,Respuestas de formulario 7,AQS,Dist,2,Bloque_5,3,Opción 2,0,1.0,3.6666666666666665,1,0,-1,Mujer,4,7,2000.0,1,0,-1,0.0,0.5,0.6666666666666666,0.3333333333333333,0.3333333333333333,0.3333333333333333,0.3333333333333333,0.6666666666666666,0.3333333333333333,-0.3333333333333333,0.3333333333333333
Suj_081,Respuestas de formulario 7,AEF,Dist,2,Bloque_11,4,Opción 2,0,1.0,3.6666666666666665,1,0,-1,Mujer,4,7,1200.0,1,0,-1,-1.0,0.5,0.6666666666666666,0.3333333333333333,0.3333333333333333,0.3333333333333333,0.3333333333333333,0.6666666666666666,0.3333333333333333,-0.3333333333333333,0.3333333333333333
Suj_081,Respuestas de formulario 7,AGH,Dist,2,Bloque_3,5,Opción 2,0,1.0,3.6666666666666665,1,0,-1,Mujer,4,7,0.0,1,0,-1,1.0,0.5,0.6666666666666666,0.3333333333333333,0.3333333333333333,0.3333333333333333,0.3333333333333333,0.6666666666666666,0.3333333333333333,-0.3333333333333333,0.3333333333333333
Suj_081,Respuestas de formulario 7,AJK,Dist,2,Bloque_7,6,Opción 2,0,1.0,3.6666666666666665,1,0,-1,Mujer,4,7,2400.0,1,0,-1,0.0,0.5,0.6666666666666666,0.3333333333333333,0.3333333333333333,0.3333333333333333,0.3333333333333333,0.6666666666666666,0.3333333333333333,-0.3333333333333333,0.3333333333333333
Suj_081,Respuestas de formulario 7,ALM,Bloque_CON,3,Bloque_9,1,Opción 2,0,1.0,3.6666666666666665,1,0,-1,Mujer,4,7,1000.0,1,0,-1,-1.0,0.5,0.6666666666666666,0.3333333333333333,0.3333333333333333,0.3333333333333333,0.3333333333333333,0.6666666666666666,0.3333333333333333,-0.3333333333333333,0.3333333333333333
Suj_081,Respuestas de formulario 7,ABC,Bloque_CON,3,Bloque_1,2,Opción 1,1,1.0,3.6666666666666665,1,0,-1,Mujer,4,7,0.0,1,0,-1,1.0,0.5,0.6666666666666666,0.3333333333333333,0.3333333333333333,0.3333333333333333,0.3333333333333333,0.6666666666666666,0.3333333333333333,-0.3333333333333333,0.3333333333333333
Suj_081,Respuestas de formulario 7,AQS,Bloque_CON,3,Bloque_5,3,Opción 2,0,1.0,3.6666666666666665,1,0,-1,Mujer,4,7,2000.0,1,0,-1,0.0,0.5,0.6666666666666666,0.3333333333333333,0.3333333333333333,0.3333333333333333,0.3333333333333333,0.6666666666666666,0.3333333333333333,-0.3333333333333333,0.3333333333333333
Suj_081,Respuestas de formulario 7,AEF,Bloque_CON,3,Bloque_11,4,Opción 2,0,1.0,3.6666666666666665,1,0,-1,Mujer,4,7,1200.0,1,0,-1,-1.0,0.5,0.6666666666666666,0.3333333333333333,0.3333333333333333,0.3333333333333333,0.3333333333333333,0.6666666666666666,0.3333333333333333,-0.3333333333333333,0.3333333333333333
Suj_081,Respuestas de formulario 7,AGH,Bloque_CON,3,Bloque_3,5,Opción 1,1,1.0,3.6666666666666665,1,0,-1,Mujer,4,7,0.0,1,0,-1,1.0,0.5,0.6666666666666666,0.3333333333333333,0.3333333333333333,0.3333333333333333,0.3333333333333333,0.6666666666666666,0.3333333333333333,-0.3333333333333333,0.3333333333333333
Suj_081,Respuestas de formulario 7,AJK,Bloque_CON,3,Bloque_7,6,Opción 2,0,1.0,3.6666666666666665,1,0,-1,Mujer,4,7,2400.0,1,0,-1,0.0,0.5,0.6666666666666666,0.3333333333333333,0.3333333333333333,0.3333333333333333,0.3333333333333333,0.6666666666666666,0.3333333333333333,-0.3333333333333333,0.3333333333333333
Suj_082,Respuestas de formulario 7,ALM,Bloque_SIN,1,Bloque_9,1,Opción 2,0,1.9,4.333333333333333,1,-1,-1,Mujer,4,4,1000.0,1,-1,-1,-1.0,0.16666666666666666,0.0,0.3333333333333333,0.0,0.0,0.16666666666666666,0.16666666666666666,0.0,0.0,0.16666666666666666
Suj_082,Respuestas de formulario 7,ABC,Bloque_SIN,1,Bloque_1,2,Opción 1,1,1.9,4.333333333333333,1,-1,-1,Mujer,4,4,0.0,1,-1,-1,1.0,0.16666666666666666,0.0,0.3333333333333333,0.0,0.0,0.16666666666666666,0.16666666666666666,0.0,0.0,0.16666666666666666
Suj_082,Respuestas de formulario 7,AQS,Bloque_SIN,1,Bloque_5,3,Opción 2,0,1.9,4.333333333333333,1,-1,-1,Mujer,4,4,2000.0,1,-1,-1,-1.0,0.16666666666666666,0.0,0.3333333333333333,0.0,0.0,0.16666666666666666,0.16666666666666666,0.0,0.0,0.16666666666666666
Suj_082,Respuestas de formulario 7,AEF,Bloque_SIN,1,Bloque_11,4,Opción 2,0,1.9,4.333333333333333,1,-1,-1,Mujer,4,4,1200.0,1,-1,-1,-1.0,0.16666666666666666,0.0,0.3333333333333333,0.0,0.0,0.16666666666666666,0.16666666666666666,0.0,0.0,0.16666666666666666
Suj_082,Respuestas de formulario 7,AGH,Bloque_SIN,1,Bloque_3,5,Opción 2,0,1.9,4.333333333333333,1,-1,-1,Mujer,4,4,0.0,1,-1,-1,1.0,0.16666666666666666,0.0,0.3333333333333333,0.0,0.0,0.16666666666666666,0.16666666666666666,0.0,0.0,0.16666666666666666
Suj_082,Respuestas de formulario 7,AJK,Bloque_SIN,1,Bloque_7,6,Opción 2,0,1.9,4.333333333333333,1,-1,-1,Mujer,4,4,2400.0,1,-1,-1,-1.0,0.16666666666666666,0.0,0.3333333333333333,0.0,0.0,0.16666666666666666,0.16666666666666666,0.0,0.0,0.16666666666666666
Suj_082,Respuestas de formulario 7,ALM,Dist,2,Bloque_9,1,Opción 2,0,1.9,4.333333333333333,1,-1,-1,Mujer,4,4,1000.0,1,-1,-1,-1.0,0.16666666666666666,0.0,0.3333333333333333,0.0,0.0,0.16666666666666666,0.16666666666666666,0.0,0.0,0.16666666666666666
Suj_082,Respuestas de formulario 7,ABC,Dist,2,Bloque_1,2,Opción 2,0,1.9,4.333333333333333,1,-1,-1,Mujer,4,4,0.0,1,-1,-1,1.0,0.16666666666666666,0.0,0.3333333333333333,0.0,0.0,0.16666666666666666,0.16666666666666666,0.0,0.0,0.16666666666666666
Suj_082,Respuestas de formulario 7,AQS,Dist,2,Bloque_5,3,Opción 2,0,1.9,4.333333333333333,1,-1,-1,Mujer,4,4,2000.0,1,-1,-1,-1.0,0.16666666666666666,0.0,0.3333333333333333,0.0,0.0,0.16666666666666666,0.16666666666666666,0.0,0.0,0.16666666666666666
Suj_082,Respuestas de formulario 7,AEF,Dist,2,Bloque_11,4,Opción 2,0,1.9,4.333333333333333,1,-1,-1,Mujer,4,4,1200.0,1,-1,-1,-1.0,0.16666666666666666,0.0,0.3333333333333333,0.0,0.0,0.16666666666666666,0.16666666666666666,0.0,0.0,0.16666666666666666
Suj_082,Respuestas de formulario 7,AGH,Dist,2,Bloque_3,5,Opción 2,0,1.9,4.333333333333333,1,-1,-1,Mujer,4,4,0.0,1,-1,-1,1.0,0.16666666666666666,0.0,0.3333333333333333,0.0,0.0,0.16666666666666666,0.16666666666666666,0.0,0.0,0.16666666666666666
Suj_082,Respuestas de formulario 7,AJK,Dist,2,Bloque_7,6,Opción 2,0,1.9,4.333333333333333,1,-1,-1,Mujer,4,4,2400.0,1,-1,-1,-1.0,0.16666666666666666,0.0,0.3333333333333333,0.0,0.0,0.16666666666666666,0.16666666666666666,0.0,0.0,0.16666666666666666
Suj_082,Respuestas de formulario 7,ALM,Bloque_CON,3,Bloque_9,1,Opción 2,0,1.9,4.333333333333333,1,-1,-1,Mujer,4,4,1000.0,1,-1,-1,-1.0,0.16666666666666666,0.0,0.3333333333333333,0.0,0.0,0.16666666666666666,0.16666666666666666,0.0,0.0,0.16666666666666666
Suj_082,Respuestas de formulario 7,ABC,Bloque_CON,3,Bloque_1,2,Opción 2,0,1.9,4.333333333333333,1,-1,-1,Mujer,4,4,0.0,1,-1,-1,1.0,0.16666666666666666,0.0,0.3333333333333333,0.0,0.0,0.16666666666666666,0.16666666666666666,0.0,0.0,0.16666666666666666
Suj_082,Respuestas de formulario 7,AQS,Bloque_CON,3,Bloque_5,3,Opción 2,0,1.9,4.333333333333333,1,-1,-1,Mujer,4,4,2000.0,1,-1,-1,-1.0,0.16666666666666666,0.0,0.3333333333333333,0.0,0.0,0.16666666666666666,0.16666666666666666,0.0,0.0,0.16666666666666666
Suj_082,Respuestas de formulario 7,AEF,Bloque_CON,3,Bloque_11,4,Opción 1,1,1.9,4.333333333333333,1,-1,-1,Mujer,4,4,1200.0,1,-1,-1,-1.0,0.16666666666666666,0.0,0.3333333333333333,0.0,0.0,0.16666666666666666,0.16666666666666666,0.0,0.0,0.16666666666666666
Suj_082,Respuestas de formulario 7,AGH,Bloque_CON,3,Bloque_3,5,Opción 2,0,1.9,4.333333333333333,1,-1,-1,Mujer,4,4,0.0,1,-1,-1,1.0,0.16666666666666666,0.0,0.3333333333333333,0.0,0.0,0.16666666666666666,0.16666666666666666,0.0,0.0,0.16666666666666666
Suj_082,Respuestas de formulario 7,AJK,Bloque_CON,3,Bloque_7,6,Opción 2,0,1.9,4.333333333333333,1,-1,-1,Mujer,4,4,2400.0,1,-1,-1,-1.0,0.16666666666666666,0.0,0.3333333333333333,0.0,0.0,0.16666666666666666,0.16666666666666666,0.0,0.0,0.16666666666666666
Suj_083,Respuestas de formulario 7,ALM,Bloque_SIN,1,Bloque_9,1,Opción 2,0,1.0,3.0,1,-1,-1,Hombre,1,4,1000.0,1,-1,-1,-1.0,1.0,0.0,0.0,0.0,0.0,0.3333333333333333,0.3333333333333333,0.3333333333333333,0.0,0.0
Suj_083,Respuestas de formulario 7,ABC,Bloque_SIN,1,Bloque_1,2,Opción 1,1,1.0,3.0,1,-1,-1,Hombre,1,4,0.0,1,-1,-1,1.0,1.0,0.0,0.0,0.0,0.0,0.3333333333333333,0.3333333333333333,0.3333333333333333,0.0,0.0
Suj_083,Respuestas de formulario 7,AQS,Bloque_SIN,1,Bloque_5,3,Opción 2,0,1.0,3.0,1,-1,-1,Hombre,1,4,2000.0,1,-1,-1,-1.0,1.0,0.0,0.0,0.0,0.0,0.3333333333333333,0.3333333333333333,0.3333333333333333,0.0,0.0
Suj_083,Respuestas de formulario 7,AEF,Bloque_SIN,1,Bloque_11,4,Opción 2,0,1.0,3.0,1,-1,-1,Hombre,1,4,1200.0,1,-1,-1,-1.0,1.0,0.0,0.0,0.0,0.0,0.3333333333333333,0.3333333333333333,0.3333333333333333,0.0,0.0
Suj_083,Respuestas de formulario 7,AGH,Bloque_SIN,1,Bloque_3,5,Opción 1,1,1.0,3.0,1,-1,-1,Hombre,1,4,0.0,1,-1,-1,1.0,1.0,0.0,0.0,0.0,0.0,0.3333333333333333,0.3333333333333333,0.3333333333333333,0.0,0.0
Suj_083,Respuestas de formulario 7,AJK,Bloque_SIN,1,Bloque_7,6,Opción 2,0,1.0,3.0,1,-1,-1,Hombre,1,4,2400.0,1,-1,-1,-1.0,1.0,0.0,0.0,0.0,0.0,0.3333333333333333,0.3333333333333333,0.3333333333333333,0.0,0.0
Suj_083,Respuestas de formulario 7,ALM,Dist,2,Bloque_9,1,Opción 2,0,1.0,3.0,1,-1,-1,Hombre,1,4,1000.0,1,-1,-1,-1.0,1.0,0.0,0.0,0.0,0.0,0.3333333333333333,0.3333333333333333,0.3333333333333333,0.0,0.0
Suj_083,Respuestas de formulario 7,ABC,Dist,2,Bloque_1,2,Opción 1,1,1.0,3.0,1,-1,-1,Hombre,1,4,0.0,1,-1,-1,1.0,1.0,0.0,0.0,0.0,0.0,0.3333333333333333,0.3333333333333333,0.3333333333333333,0.0,0.0
Suj_083,Respuestas de formulario 7,AQS,Dist,2,Bloque_5,3,Opción 2,0,1.0,3.0,1,-1,-1,Hombre,1,4,2000.0,1,-1,-1,-1.0,1.0,0.0,0.0,0.0,0.0,0.3333333333333333,0.3333333333333333,0.3333333333333333,0.0,0.0
Suj_083,Respuestas de formulario 7,AEF,Dist,2,Bloque_11,4,Opción 2,0,1.0,3.0,1,-1,-1,Hombre,1,4,1200.0,1,-1,-1,-1.0,1.0,0.0,0.0,0.0,0.0,0.3333333333333333,0.3333333333333333,0.3333333333333333,0.0,0.0
Suj_083,Respuestas de formulario 7,AGH,Dist,2,Bloque_3,5,Opción 1,1,1.0,3.0,1,-1,-1,Hombre,1,4,0.0,1,-1,-1,1.0,1.0,0.0,0.0,0.0,0.0,0.3333333333333333,0.3333333333333333,0.3333333333333333,0.0,0.0
Suj_083,Respuestas de formulario 7,AJK,Dist,2,Bloque_7,6,Opción 2,0,1.0,3.0,1,-1,-1,Hombre,1,4,2400.0,1,-1,-1,-1.0,1.0,0.0,0.0,0.0,0.0,0.3333333333333333,0.3333333333333333,0.3333333333333333,0.0,0.0
Suj_083,Respuestas de formulario 7,ALM,Bloque_CON,3,Bloque_9,1,Opción 2,0,1.0,3.0,1,-1,-1,Hombre,1,4,1000.0,1,-1,-1,-1.0,1.0,0.0,0.0,0.0,0.0,0.3333333333333333,0.3333333333333333,0.3333333333333333,0.0,0.0
Suj_083,Respuestas de formulario 7,ABC,Bloque_CON,3,Bloque_1,2,Opción 1,1,1.0,3.0,1,-1,-1,Hombre,1,4,0.0,1,-1,-1,1.0,1.0,0.0,0.0,0.0,0.0,0.3333333333333333,0.3333333333333333,0.3333333333333333,0.0,0.0
Suj_083,Respuestas de formulario 7,AQS,Bloque_CON,3,Bloque_5,3,Opción 2,0,1.0,3.0,1,-1,-1,Hombre,1,4,2000.0,1,-1,-1,-1.0,1.0,0.0,0.0,0.0,0.0,0.3333333333333333,0.3333333333333333,0.3333333333333333,0.0,0.0
Suj_083,Respuestas de formulario 7,AEF,Bloque_CON,3,Bloque_11,4,Opción 2,0,1.0,3.0,1,-1,-1,Hombre,1,4,1200.0,1,-1,-1,-1.0,1.0,0.0,0.0,0.0,0.0,0.3333333333333333,0.3333333333333333,0.3333333333333333,0.0,0.0
Suj_083,Respuestas de formulario 7,AGH,Bloque_CON,3,Bloque_3,5,Opción 1,1,1.0,3.0,1,-1,-1,Hombre,1,4,0.0,1,-1,-1,1.0,1.0,0.0,0.0,0.0,0.0,0.3333333333333333,0.3333333333333333,0.3333333333333333,0.0,0.0
Suj_083,Respuestas de formulario 7,AJK,Bloque_CON,3,Bloque_7,6,Opción 2,0,1.0,3.0,1,-1,-1,Hombre,1,4,2400.0,1,-1,-1,-1.0,1.0,0.0,0.0,0.0,0.0,0.3333333333333333,0.3333333333333333,0.3333333333333333,0.0,0.0
Suj_085,Respuestas de formulario 7,ALM,Bloque_SIN,1,Bloque_9,1,Opción 1,1,1.7,2.6666666666666665,0,-1,1,Mujer,4,6,1000.0,0,-1,1,1.0,0.3333333333333333,0.6666666666666666,0.3333333333333333,0.6666666666666666,0.3333333333333333,0.3333333333333333,0.5,0.5,-0.16666666666666669,0.0
Suj_085,Respuestas de formulario 7,ABC,Bloque_SIN,1,Bloque_1,2,Opción 1,1,1.7,2.6666666666666665,0,-1,1,Mujer,4,6,0.0,0,-1,1,0.0,0.3333333333333333,0.6666666666666666,0.3333333333333333,0.6666666666666666,0.3333333333333333,0.3333333333333333,0.5,0.5,-0.16666666666666669,0.0
Suj_085,Respuestas de formulario 7,AQS,Bloque_SIN,1,Bloque_5,3,Opción 2,0,1.7,2.6666666666666665,0,-1,1,Mujer,4,6,2000.0,0,-1,1,-1.0,0.3333333333333333,0.6666666666666666,0.3333333333333333,0.6666666666666666,0.3333333333333333,0.3333333333333333,0.5,0.5,-0.16666666666666669,0.0
Suj_085,Respuestas de formulario 7,AEF,Bloque_SIN,1,Bloque_11,4,Opción 1,1,1.7,2.6666666666666665,0,-1,1,Mujer,4,6,1200.0,0,-1,1,1.0,0.3333333333333333,0.6666666666666666,0.3333333333333333,0.6666666666666666,0.3333333333333333,0.3333333333333333,0.5,0.5,-0.16666666666666669,0.0
Suj_085,Respuestas de formulario 7,AGH,Bloque_SIN,1,Bloque_3,5,Opción 2,0,1.7,2.6666666666666665,0,-1,1,Mujer,4,6,0.0,0,-1,1,0.0,0.3333333333333333,0.6666666666666666,0.3333333333333333,0.6666666666666666,0.3333333333333333,0.3333333333333333,0.5,0.5,-0.16666666666666669,0.0
Suj_085,Respuestas de formulario 7,AJK,Bloque_SIN,1,Bloque_7,6,Opción 2,0,1.7,2.6666666666666665,0,-1,1,Mujer,4,6,2400.0,0,-1,1,-1.0,0.3333333333333333,0.6666666666666666,0.3333333333333333,0.6666666666666666,0.3333333333333333,0.3333333333333333,0.5,0.5,-0.16666666666666669,0.0
Suj_087,Respuestas de formulario 7,ALM,Bloque_SIN,1,Bloque_9,1,Opción 1,1,1.2,3.6666666666666665,1,-1,-1,Mujer,2,5,1000.0,1,-1,-1,-1.0,0.6666666666666666,0.6666666666666666,0.0,0.0,0.0,0.3333333333333333,0.5,0.16666666666666666,-0.16666666666666669,0.33333333333333337
Suj_087,Respuestas de formulario 7,ABC,Bloque_SIN,1,Bloque_1,2,Opción 1,1,1.2,3.6666666666666665,1,-1,-1,Mujer,2,5,0.0,1,-1,-1,1.0,0.6666666666666666,0.6666666666666666,0.0,0.0,0.0,0.3333333333333333,0.5,0.16666666666666666,-0.16666666666666669,0.33333333333333337
Suj_087,Respuestas de formulario 7,AQS,Bloque_SIN,1,Bloque_5,3,Opción 2,0,1.2,3.6666666666666665,1,-1,-1,Mujer,2,5,2000.0,1,-1,-1,-1.0,0.6666666666666666,0.6666666666666666,0.0,0.0,0.0,0.3333333333333333,0.5,0.16666666666666666,-0.16666666666666669,0.33333333333333337
Suj_087,Respuestas de formulario 7,AEF,Bloque_SIN,1,Bloque_11,4,Opción 2,0,1.2,3.6666666666666665,1,-1,-1,Mujer,2,5,1200.0,1,-1,-1,-1.0,0.6666666666666666,0.6666666666666666,0.0,0.0,0.0,0.3333333333333333,0.5,0.16666666666666666,-0.16666666666666669,0.33333333333333337
Suj_087,Respuestas de formulario 7,AGH,Bloque_SIN,1,Bloque_3,5,Opción 1,1,1.2,3.6666666666666665,1,-1,-1,Mujer,2,5,0.0,1,-1,-1,1.0,0.6666666666666666,0.6666666666666666,0.0,0.0,0.0,0.3333333333333333,0.5,0.16666666666666666,-0.16666666666666669,0.33333333333333337
Suj_087,Respuestas de formulario 7,AJK,Bloque_SIN,1,Bloque_7,6,Opción 2,0,1.2,3.6666666666666665,1,-1,-1,Mujer,2,5,2400.0,1,-1,-1,-1.0,0.6666666666666666,0.6666666666666666,0.0,0.0,0.0,0.3333333333333333,0.5,0.16666666666666666,-0.16666666666666669,0.33333333333333337
Suj_087,Respuestas de formulario 7,ALM,Dist,2,Bloque_9,1,Opción 2,0,1.2,3.6666666666666665,1,-1,-1,Mujer,2,5,1000.0,1,-1,-1,-1.0,0.6666666666666666,0.6666666666666666,0.0,0.0,0.0,0.3333333333333333,0.5,0.16666666666666666,-0.16666666666666669,0.33333333333333337
Suj_087,Respuestas de formulario 7,ABC,Dist,2,Bloque_1,2,Opción 2,0,1.2,3.6666666666666665,1,-1,-1,Mujer,2,5,0.0,1,-1,-1,1.0,0.6666666666666666,0.6666666666666666,0.0,0.0,0.0,0.3333333333333333,0.5,0.16666666666666666,-0.16666666666666669,0.33333333333333337
Suj_087,Respuestas de formulario 7,AQS,Dist,2,Bloque_5,3,Opción 2,0,1.2,3.6666666666666665,1,-1,-1,Mujer,2,5,2000.0,1,-1,-1,-1.0,0.6666666666666666,0.6666666666666666,0.0,0.0,0.0,0.3333333333333333,0.5,0.16666666666666666,-0.16666666666666669,0.33333333333333337
Suj_087,Respuestas de formulario 7,AEF,Dist,2,Bloque_11,4,Opción 2,0,1.2,3.6666666666666665,1,-1,-1,Mujer,2,5,1200.0,1,-1,-1,-1.0,0.6666666666666666,0.6666666666666666,0.0,0.0,0.0,0.3333333333333333,0.5,0.16666666666666666,-0.16666666666666669,0.33333333333333337
Suj_087,Respuestas de formulario 7,AGH,Dist,2,Bloque_3,5,Opción 1,1,1.2,3.6666666666666665,1,-1,-1,Mujer,2,5,0.0,1,-1,-1,1.0,0.6666666666666666,0.6666666666666666,0.0,0.0,0.0,0.3333333333333333,0.5,0.16666666666666666,-0.16666666666666669,0.33333333333333337
Suj_087,Respuestas de formulario 7,AJK,Dist,2,Bloque_7,6,Opción 2,0,1.2,3.6666666666666665,1,-1,-1,Mujer,2,5,2400.0,1,-1,-1,-1.0,0.6666666666666666,0.6666666666666666,0.0,0.0,0.0,0.3333333333333333,0.5,0.16666666666666666,-0.16666666666666669,0.33333333333333337
Suj_087,Respuestas de formulario 7,ALM,Bloque_CON,3,Bloque_9,1,Opción 1,1,1.2,3.6666666666666665,1,-1,-1,Mujer,2,5,1000.0,1,-1,-1,-1.0,0.6666666666666666,0.6666666666666666,0.0,0.0,0.0,0.3333333333333333,0.5,0.16666666666666666,-0.16666666666666669,0.33333333333333337
Suj_087,Respuestas de formulario 7,ABC,Bloque_CON,3,Bloque_1,2,Opción 1,1,1.2,3.6666666666666665,1,-1,-1,Mujer,2,5,0.0,1,-1,-1,1.0,0.6666666666666666,0.6666666666666666,0.0,0.0,0.0,0.3333333333333333,0.5,0.16666666666666666,-0.16666666666666669,0.33333333333333337
Suj_087,Respuestas de formulario 7,AQS,Bloque_CON,3,Bloque_5,3,Opción 2,0,1.2,3.6666666666666665,1,-1,-1,Mujer,2,5,2000.0,1,-1,-1,-1.0,0.6666666666666666,0.6666666666666666,0.0,0.0,0.0,0.3333333333333333,0.5,0.16666666666666666,-0.16666666666666669,0.33333333333333337
Suj_087,Respuestas de formulario 7,AEF,Bloque_CON,3,Bloque_11,4,Opción 2,0,1.2,3.6666666666666665,1,-1,-1,Mujer,2,5,1200.0,1,-1,-1,-1.0,0.6666666666666666,0.6666666666666666,0.0,0.0,0.0,0.3333333333333333,0.5,0.16666666666666666,-0.16666666666666669,0.33333333333333337
Suj_087,Respuestas de formulario 7,AGH,Bloque_CON,3,Bloque_3,5,Opción 2,0,1.2,3.6666666666666665,1,-1,-1,Mujer,2,5,0.0,1,-1,-1,1.0,0.6666666666666666,0.6666666666666666,0.0,0.0,0.0,0.3333333333333333,0.5,0.16666666666666666,-0.16666666666666669,0.33333333333333337
Suj_087,Respuestas de formulario 7,AJK,Bloque_CON,3,Bloque_7,6,Opción 2,0,1.2,3.6666666666666665,1,-1,-1,Mujer,2,5,2400.0,1,-1,-1,-1.0,0.6666666666666666,0.6666666666666666,0.0,0.0,0.0,0.3333333333333333,0.5,0.16666666666666666,-0.16666666666666669,0.33333333333333337
Suj_088,Respuestas de formulario 7,ALM,Bloque_SIN,1,Bloque_9,1,Opción 2,0,2.8,4.666666666666667,1,0,-1,Otro,4,6,1000.0,1,0,-1,-1.0,0.6666666666666666,0.0,0.3333333333333333,0.0,0.3333333333333333,0.5,0.16666666666666666,0.3333333333333333,0.33333333333333337,-0.16666666666666666
Suj_088,Respuestas de formulario 7,ABC,Bloque_SIN,1,Bloque_1,2,Opción 2,0,2.8,4.666666666666667,1,0,-1,Otro,4,6,0.0,1,0,-1,1.0,0.6666666666666666,0.0,0.3333333333333333,0.0,0.3333333333333333,0.5,0.16666666666666666,0.3333333333333333,0.33333333333333337,-0.16666666666666666
Suj_088,Respuestas de formulario 7,AQS,Bloque_SIN,1,Bloque_5,3,Opción 2,0,2.8,4.666666666666667,1,0,-1,Otro,4,6,2000.0,1,0,-1,0.0,0.6666666666666666,0.0,0.3333333333333333,0.0,0.3333333333333333,0.5,0.16666666666666666,0.3333333333333333,0.33333333333333337,-0.16666666666666666
Suj_088,Respuestas de formulario 7,AEF,Bloque_SIN,1,Bloque_11,4,Opción 2,0,2.8,4.666666666666667,1,0,-1,Otro,4,6,1200.0,1,0,-1,-1.0,0.6666666666666666,0.0,0.3333333333333333,0.0,0.3333333333333333,0.5,0.16666666666666666,0.3333333333333333,0.33333333333333337,-0.16666666666666666
Suj_088,Respuestas de formulario 7,AGH,Bloque_SIN,1,Bloque_3,5,Opción 1,1,2.8,4.666666666666667,1,0,-1,Otro,4,6,0.0,1,0,-1,1.0,0.6666666666666666,0.0,0.3333333333333333,0.0,0.3333333333333333,0.5,0.16666666666666666,0.3333333333333333,0.33333333333333337,-0.16666666666666666
Suj_088,Respuestas de formulario 7,AJK,Bloque_SIN,1,Bloque_7,6,Opción 2,0,2.8,4.666666666666667,1,0,-1,Otro,4,6,2400.0,1,0,-1,0.0,0.6666666666666666,0.0,0.3333333333333333,0.0,0.3333333333333333,0.5,0.16666666666666666,0.3333333333333333,0.33333333333333337,-0.16666666666666666
Suj_088,Respuestas de formulario 7,ALM,Dist,2,Bloque_9,1,Opción 2,0,2.8,4.666666666666667,1,0,-1,Otro,4,6,1000.0,1,0,-1,-1.0,0.6666666666666666,0.0,0.3333333333333333,0.0,0.3333333333333333,0.5,0.16666666666666666,0.3333333333333333,0.33333333333333337,-0.16666666666666666
Suj_088,Respuestas de formulario 7,ABC,Dist,2,Bloque_1,2,Opción 1,1,2.8,4.666666666666667,1,0,-1,Otro,4,6,0.0,1,0,-1,1.0,0.6666666666666666,0.0,0.3333333333333333,0.0,0.3333333333333333,0.5,0.16666666666666666,0.3333333333333333,0.33333333333333337,-0.16666666666666666
Suj_088,Respuestas de formulario 7,AQS,Dist,2,Bloque_5,3,Opción 2,0,2.8,4.666666666666667,1,0,-1,Otro,4,6,2000.0,1,0,-1,0.0,0.6666666666666666,0.0,0.3333333333333333,0.0,0.3333333333333333,0.5,0.16666666666666666,0.3333333333333333,0.33333333333333337,-0.16666666666666666
Suj_088,Respuestas de formulario 7,AEF,Dist,2,Bloque_11,4,Opción 2,0,2.8,4.666666666666667,1,0,-1,Otro,4,6,1200.0,1,0,-1,-1.0,0.6666666666666666,0.0,0.3333333333333333,0.0,0.3333333333333333,0.5,0.16666666666666666,0.3333333333333333,0.33333333333333337,-0.16666666666666666
Suj_088,Respuestas de formulario 7,AGH,Dist,2,Bloque_3,5,Opción 2,0,2.8,4.666666666666667,1,0,-1,Otro,4,6,0.0,1,0,-1,1.0,0.6666666666666666,0.0,0.3333333333333333,0.0,0.3333333333333333,0.5,0.16666666666666666,0.3333333333333333,0.33333333333333337,-0.16666666666666666
Suj_088,Respuestas de formulario 7,AJK,Dist,2,Bloque_7,6,Opción 1,1,2.8,4.666666666666667,1,0,-1,Otro,4,6,2400.0,1,0,-1,0.0,0.6666666666666666,0.0,0.3333333333333333,0.0,0.3333333333333333,0.5,0.16666666666666666,0.3333333333333333,0.33333333333333337,-0.16666666666666666
Suj_088,Respuestas de formulario 7,ALM,Bloque_CON,3,Bloque_9,1,Opción 2,0,2.8,4.666666666666667,1,0,-1,Otro,4,6,1000.0,1,0,-1,-1.0,0.6666666666666666,0.0,0.3333333333333333,0.0,0.3333333333333333,0.5,0.16666666666666666,0.3333333333333333,0.33333333333333337,-0.16666666666666666
Suj_088,Respuestas de formulario 7,ABC,Bloque_CON,3,Bloque_1,2,Opción 1,1,2.8,4.666666666666667,1,0,-1,Otro,4,6,0.0,1,0,-1,1.0,0.6666666666666666,0.0,0.3333333333333333,0.0,0.3333333333333333,0.5,0.16666666666666666,0.3333333333333333,0.33333333333333337,-0.16666666666666666
Suj_088,Respuestas de formulario 7,AQS,Bloque_CON,3,Bloque_5,3,Opción 2,0,2.8,4.666666666666667,1,0,-1,Otro,4,6,2000.0,1,0,-1,0.0,0.6666666666666666,0.0,0.3333333333333333,0.0,0.3333333333333333,0.5,0.16666666666666666,0.3333333333333333,0.33333333333333337,-0.16666666666666666
Suj_088,Respuestas de formulario 7,AEF,Bloque_CON,3,Bloque_11,4,Opción 1,1,2.8,4.666666666666667,1,0,-1,Otro,4,6,1200.0,1,0,-1,-1.0,0.6666666666666666,0.0,0.3333333333333333,0.0,0.3333333333333333,0.5,0.16666666666666666,0.3333333333333333,0.33333333333333337,-0.16666666666666666
Suj_088,Respuestas de formulario 7,AGH,Bloque_CON,3,Bloque_3,5,Opción 1,1,2.8,4.666666666666667,1,0,-1,Otro,4,6,0.0,1,0,-1,1.0,0.6666666666666666,0.0,0.3333333333333333,0.0,0.3333333333333333,0.5,0.16666666666666666,0.3333333333333333,0.33333333333333337,-0.16666666666666666
Suj_088,Respuestas de formulario 7,AJK,Bloque_CON,3,Bloque_7,6,Opción 2,0,2.8,4.666666666666667,1,0,-1,Otro,4,6,2400.0,1,0,-1,0.0,0.6666666666666666,0.0,0.3333333333333333,0.0,0.3333333333333333,0.5,0.16666666666666666,0.3333333333333333,0.33333333333333337,-0.16666666666666666
Suj_089,Respuestas de formulario 8,AQS,Bloque_SIN,1,Bloque_9,1,Opción 2,0,3.1,4.666666666666667,0,-1,-1,Mujer,5,6,1000.0,0,-1,-1,-1.0,0.8333333333333334,0.0,0.0,0.0,0.0,0.3333333333333333,0.16666666666666666,0.3333333333333333,0.16666666666666666,-0.16666666666666666
Suj_089,Respuestas de formulario 8,AJK,Bloque_SIN,1,Bloque_1,2,Opción 1,1,3.1,4.666666666666667,0,-1,-1,Mujer,5,6,0.0,0,-1,-1,0.0,0.8333333333333334,0.0,0.0,0.0,0.0,0.3333333333333333,0.16666666666666666,0.3333333333333333,0.16666666666666666,-0.16666666666666666
Suj_089,Respuestas de formulario 8,ABC,Bloque_SIN,1,Bloque_5,3,Opción 2,0,3.1,4.666666666666667,0,-1,-1,Mujer,5,6,2000.0,0,-1,-1,-1.0,0.8333333333333334,0.0,0.0,0.0,0.0,0.3333333333333333,0.16666666666666666,0.3333333333333333,0.16666666666666666,-0.16666666666666666
Suj_089,Respuestas de formulario 8,ALM,Bloque_SIN,1,Bloque_11,4,Opción 2,0,3.1,4.666666666666667,0,-1,-1,Mujer,5,6,1200.0,0,-1,-1,-1.0,0.8333333333333334,0.0,0.0,0.0,0.0,0.3333333333333333,0.16666666666666666,0.3333333333333333,0.16666666666666666,-0.16666666666666666
Suj_089,Respuestas de formulario 8,AEF,Bloque_SIN,1,Bloque_3,5,Opción 2,0,3.1,4.666666666666667,0,-1,-1,Mujer,5,6,0.0,0,-1,-1,0.0,0.8333333333333334,0.0,0.0,0.0,0.0,0.3333333333333333,0.16666666666666666,0.3333333333333333,0.16666666666666666,-0.16666666666666666
Suj_089,Respuestas de formulario 8,AGH,Bloque_SIN,1,Bloque_7,6,Opción 2,0,3.1,4.666666666666667,0,-1,-1,Mujer,5,6,2400.0,0,-1,-1,-1.0,0.8333333333333334,0.0,0.0,0.0,0.0,0.3333333333333333,0.16666666666666666,0.3333333333333333,0.16666666666666666,-0.16666666666666666
Suj_089,Respuestas de formulario 8,AQS,Dist,2,Bloque_9,1,Opción 2,0,3.1,4.666666666666667,0,-1,-1,Mujer,5,6,1000.0,0,-1,-1,-1.0,0.8333333333333334,0.0,0.0,0.0,0.0,0.3333333333333333,0.16666666666666666,0.3333333333333333,0.16666666666666666,-0.16666666666666666
Suj_089,Respuestas de formulario 8,AJK,Dist,2,Bloque_1,2,Opción 1,1,3.1,4.666666666666667,0,-1,-1,Mujer,5,6,0.0,0,-1,-1,0.0,0.8333333333333334,0.0,0.0,0.0,0.0,0.3333333333333333,0.16666666666666666,0.3333333333333333,0.16666666666666666,-0.16666666666666666
Suj_089,Respuestas de formulario 8,ABC,Dist,2,Bloque_5,3,Opción 2,0,3.1,4.666666666666667,0,-1,-1,Mujer,5,6,2000.0,0,-1,-1,-1.0,0.8333333333333334,0.0,0.0,0.0,0.0,0.3333333333333333,0.16666666666666666,0.3333333333333333,0.16666666666666666,-0.16666666666666666
Suj_089,Respuestas de formulario 8,ALM,Dist,2,Bloque_11,4,Opción 2,0,3.1,4.666666666666667,0,-1,-1,Mujer,5,6,1200.0,0,-1,-1,-1.0,0.8333333333333334,0.0,0.0,0.0,0.0,0.3333333333333333,0.16666666666666666,0.3333333333333333,0.16666666666666666,-0.16666666666666666
Suj_089,Respuestas de formulario 8,AEF,Dist,2,Bloque_3,5,Opción 1,1,3.1,4.666666666666667,0,-1,-1,Mujer,5,6,0.0,0,-1,-1,0.0,0.8333333333333334,0.0,0.0,0.0,0.0,0.3333333333333333,0.16666666666666666,0.3333333333333333,0.16666666666666666,-0.16666666666666666
Suj_089,Respuestas de formulario 8,AGH,Dist,2,Bloque_7,6,Opción 2,0,3.1,4.666666666666667,0,-1,-1,Mujer,5,6,2400.0,0,-1,-1,-1.0,0.8333333333333334,0.0,0.0,0.0,0.0,0.3333333333333333,0.16666666666666666,0.3333333333333333,0.16666666666666666,-0.16666666666666666
Suj_089,Respuestas de formulario 8,AQS,Bloque_CON,3,Bloque_9,1,Opción 2,0,3.1,4.666666666666667,0,-1,-1,Mujer,5,6,1000.0,0,-1,-1,-1.0,0.8333333333333334,0.0,0.0,0.0,0.0,0.3333333333333333,0.16666666666666666,0.3333333333333333,0.16666666666666666,-0.16666666666666666
Suj_089,Respuestas de formulario 8,AJK,Bloque_CON,3,Bloque_1,2,Opción 1,1,3.1,4.666666666666667,0,-1,-1,Mujer,5,6,0.0,0,-1,-1,0.0,0.8333333333333334,0.0,0.0,0.0,0.0,0.3333333333333333,0.16666666666666666,0.3333333333333333,0.16666666666666666,-0.16666666666666666
Suj_089,Respuestas de formulario 8,ABC,Bloque_CON,3,Bloque_5,3,Opción 2,0,3.1,4.666666666666667,0,-1,-1,Mujer,5,6,2000.0,0,-1,-1,-1.0,0.8333333333333334,0.0,0.0,0.0,0.0,0.3333333333333333,0.16666666666666666,0.3333333333333333,0.16666666666666666,-0.16666666666666666
Suj_089,Respuestas de formulario 8,ALM,Bloque_CON,3,Bloque_11,4,Opción 2,0,3.1,4.666666666666667,0,-1,-1,Mujer,5,6,1200.0,0,-1,-1,-1.0,0.8333333333333334,0.0,0.0,0.0,0.0,0.3333333333333333,0.16666666666666666,0.3333333333333333,0.16666666666666666,-0.16666666666666666
Suj_089,Respuestas de formulario 8,AEF,Bloque_CON,3,Bloque_3,5,Opción 1,1,3.1,4.666666666666667,0,-1,-1,Mujer,5,6,0.0,0,-1,-1,0.0,0.8333333333333334,0.0,0.0,0.0,0.0,0.3333333333333333,0.16666666666666666,0.3333333333333333,0.16666666666666666,-0.16666666666666666
Suj_089,Respuestas de formulario 8,AGH,Bloque_CON,3,Bloque_7,6,Opción 2,0,3.1,4.666666666666667,0,-1,-1,Mujer,5,6,2400.0,0,-1,-1,-1.0,0.8333333333333334,0.0,0.0,0.0,0.0,0.3333333333333333,0.16666666666666666,0.3333333333333333,0.16666666666666666,-0.16666666666666666
Suj_090,Respuestas de formulario 8,AQS,Bloque_SIN,1,Bloque_9,1,Opción 1,1,2.4,4.0,0,0,-1,Hombre,5,6,1000.0,0,0,-1,-1.0,0.6666666666666666,0.3333333333333333,0.6666666666666666,0.3333333333333333,0.3333333333333333,0.16666666666666666,0.6666666666666666,0.6666666666666666,-0.5,0.0
Suj_090,Respuestas de formulario 8,AJK,Bloque_SIN,1,Bloque_1,2,Opción 2,0,2.4,4.0,0,0,-1,Hombre,5,6,0.0,0,0,-1,0.0,0.6666666666666666,0.3333333333333333,0.6666666666666666,0.3333333333333333,0.3333333333333333,0.16666666666666666,0.6666666666666666,0.6666666666666666,-0.5,0.0
Suj_090,Respuestas de formulario 8,ABC,Bloque_SIN,1,Bloque_5,3,Opción 2,0,2.4,4.0,0,0,-1,Hombre,5,6,2000.0,0,0,-1,0.0,0.6666666666666666,0.3333333333333333,0.6666666666666666,0.3333333333333333,0.3333333333333333,0.16666666666666666,0.6666666666666666,0.6666666666666666,-0.5,0.0
Suj_090,Respuestas de formulario 8,ALM,Bloque_SIN,1,Bloque_11,4,Opción 1,1,2.4,4.0,0,0,-1,Hombre,5,6,1200.0,0,0,-1,-1.0,0.6666666666666666,0.3333333333333333,0.6666666666666666,0.3333333333333333,0.3333333333333333,0.16666666666666666,0.6666666666666666,0.6666666666666666,-0.5,0.0
Suj_090,Respuestas de formulario 8,AEF,Bloque_SIN,1,Bloque_3,5,Opción 1,1,2.4,4.0,0,0,-1,Hombre,5,6,0.0,0,0,-1,0.0,0.6666666666666666,0.3333333333333333,0.6666666666666666,0.3333333333333333,0.3333333333333333,0.16666666666666666,0.6666666666666666,0.6666666666666666,-0.5,0.0
Suj_090,Respuestas de formulario 8,AGH,Bloque_SIN,1,Bloque_7,6,Opción 1,1,2.4,4.0,0,0,-1,Hombre,5,6,2400.0,0,0,-1,0.0,0.6666666666666666,0.3333333333333333,0.6666666666666666,0.3333333333333333,0.3333333333333333,0.16666666666666666,0.6666666666666666,0.6666666666666666,-0.5,0.0
Suj_090,Respuestas de formulario 8,AQS,Dist,2,Bloque_9,1,Opción 2,0,2.4,4.0,0,0,-1,Hombre,5,6,1000.0,0,0,-1,-1.0,0.6666666666666666,0.3333333333333333,0.6666666666666666,0.3333333333333333,0.3333333333333333,0.16666666666666666,0.6666666666666666,0.6666666666666666,-0.5,0.0
Suj_090,Respuestas de formulario 8,AJK,Dist,2,Bloque_1,2,Opción 1,1,2.4,4.0,0,0,-1,Hombre,5,6,0.0,0,0,-1,0.0,0.6666666666666666,0.3333333333333333,0.6666666666666666,0.3333333333333333,0.3333333333333333,0.16666666666666666,0.6666666666666666,0.6666666666666666,-0.5,0.0
Suj_090,Respuestas de formulario 8,ABC,Dist,2,Bloque_5,3,Opción 1,1,2.4,4.0,0,0,-1,Hombre,5,6,2000.0,0,0,-1,0.0,0.6666666666666666,0.3333333333333333,0.6666666666666666,0.3333333333333333,0.3333333333333333,0.16666666666666666,0.6666666666666666,0.6666666666666666,-0.5,0.0
Suj_090,Respuestas de formulario 8,ALM,Dist,2,Bloque_11,4,Opción 1,1,2.4,4.0,0,0,-1,Hombre,5,6,1200.0,0,0,-1,-1.0,0.6666666666666666,0.3333333333333333,0.6666666666666666,0.3333333333333333,0.3333333333333333,0.16666666666666666,0.6666666666666666,0.6666666666666666,-0.5,0.0
Suj_090,Respuestas de formulario 8,AEF,Dist,2,Bloque_3,5,Opción 1,1,2.4,4.0,0,0,-1,Hombre,5,6,0.0,0,0,-1,0.0,0.6666666666666666,0.3333333333333333,0.6666666666666666,0.3333333333333333,0.3333333333333333,0.16666666666666666,0.6666666666666666,0.6666666666666666,-0.5,0.0
Suj_090,Respuestas de formulario 8,AGH,Dist,2,Bloque_7,6,Opción 2,0,2.4,4.0,0,0,-1,Hombre,5,6,2400.0,0,0,-1,0.0,0.6666666666666666,0.3333333333333333,0.6666666666666666,0.3333333333333333,0.3333333333333333,0.16666666666666666,0.6666666666666666,0.6666666666666666,-0.5,0.0
Suj_090,Respuestas de formulario 8,AQS,Bloque_CON,3,Bloque_9,1,Opción 2,0,2.4,4.0,0,0,-1,Hombre,5,6,1000.0,0,0,-1,-1.0,0.6666666666666666,0.3333333333333333,0.6666666666666666,0.3333333333333333,0.3333333333333333,0.16666666666666666,0.6666666666666666,0.6666666666666666,-0.5,0.0
Suj_090,Respuestas de formulario 8,AJK,Bloque_CON,3,Bloque_1,2,Opción 1,1,2.4,4.0,0,0,-1,Hombre,5,6,0.0,0,0,-1,0.0,0.6666666666666666,0.3333333333333333,0.6666666666666666,0.3333333333333333,0.3333333333333333,0.16666666666666666,0.6666666666666666,0.6666666666666666,-0.5,0.0
Suj_090,Respuestas de formulario 8,ABC,Bloque_CON,3,Bloque_5,3,Opción 2,0,2.4,4.0,0,0,-1,Hombre,5,6,2000.0,0,0,-1,0.0,0.6666666666666666,0.3333333333333333,0.6666666666666666,0.3333333333333333,0.3333333333333333,0.16666666666666666,0.6666666666666666,0.6666666666666666,-0.5,0.0
Suj_090,Respuestas de formulario 8,ALM,Bloque_CON,3,Bloque_11,4,Opción 2,0,2.4,4.0,0,0,-1,Hombre,5,6,1200.0,0,0,-1,-1.0,0.6666666666666666,0.3333333333333333,0.6666666666666666,0.3333333333333333,0.3333333333333333,0.16666666666666666,0.6666666666666666,0.6666666666666666,-0.5,0.0
Suj_090,Respuestas de formulario 8,AEF,Bloque_CON,3,Bloque_3,5,Opción 2,0,2.4,4.0,0,0,-1,Hombre,5,6,0.0,0,0,-1,0.0,0.6666666666666666,0.3333333333333333,0.6666666666666666,0.3333333333333333,0.3333333333333333,0.16666666666666666,0.6666666666666666,0.6666666666666666,-0.5,0.0
Suj_090,Respuestas de formulario 8,AGH,Bloque_CON,3,Bloque_7,6,Opción 2,0,2.4,4.0,0,0,-1,Hombre,5,6,2400.0,0,0,-1,0.0,0.6666666666666666,0.3333333333333333,0.6666666666666666,0.3333333333333333,0.3333333333333333,0.16666666666666666,0.6666666666666666,0.6666666666666666,-0.5,0.0
Suj_091,Respuestas de formulario 8,AQS,Bloque_SIN,1,Bloque_9,1,Opción 1,1,2.0,3.5,-1,-1,-1,Mujer,3,4,1000.0,-1,-1,-1,-1.0,0.6666666666666666,0.3333333333333333,0.3333333333333333,0.3333333333333333,0.0,0.5,0.3333333333333333,0.3333333333333333,0.16666666666666669,0.0
Suj_091,Respuestas de formulario 8,AJK,Bloque_SIN,1,Bloque_1,2,Opción 2,0,2.0,3.5,-1,-1,-1,Mujer,3,4,0.0,-1,-1,-1,-1.0,0.6666666666666666,0.3333333333333333,0.3333333333333333,0.3333333333333333,0.0,0.5,0.3333333333333333,0.3333333333333333,0.16666666666666669,0.0
Suj_091,Respuestas de formulario 8,ABC,Bloque_SIN,1,Bloque_5,3,Opción 2,0,2.0,3.5,-1,-1,-1,Mujer,3,4,2000.0,-1,-1,-1,-1.0,0.6666666666666666,0.3333333333333333,0.3333333333333333,0.3333333333333333,0.0,0.5,0.3333333333333333,0.3333333333333333,0.16666666666666669,0.0
Suj_091,Respuestas de formulario 8,ALM,Bloque_SIN,1,Bloque_11,4,Opción 2,0,2.0,3.5,-1,-1,-1,Mujer,3,4,1200.0,-1,-1,-1,-1.0,0.6666666666666666,0.3333333333333333,0.3333333333333333,0.3333333333333333,0.0,0.5,0.3333333333333333,0.3333333333333333,0.16666666666666669,0.0
Suj_091,Respuestas de formulario 8,AEF,Bloque_SIN,1,Bloque_3,5,Opción 1,1,2.0,3.5,-1,-1,-1,Mujer,3,4,0.0,-1,-1,-1,-1.0,0.6666666666666666,0.3333333333333333,0.3333333333333333,0.3333333333333333,0.0,0.5,0.3333333333333333,0.3333333333333333,0.16666666666666669,0.0
Suj_091,Respuestas de formulario 8,AGH,Bloque_SIN,1,Bloque_7,6,Opción 2,0,2.0,3.5,-1,-1,-1,Mujer,3,4,2400.0,-1,-1,-1,-1.0,0.6666666666666666,0.3333333333333333,0.3333333333333333,0.3333333333333333,0.0,0.5,0.3333333333333333,0.3333333333333333,0.16666666666666669,0.0
Suj_091,Respuestas de formulario 8,AQS,Dist,2,Bloque_9,1,Opción 2,0,2.0,3.5,-1,-1,-1,Mujer,3,4,1000.0,-1,-1,-1,-1.0,0.6666666666666666,0.3333333333333333,0.3333333333333333,0.3333333333333333,0.0,0.5,0.3333333333333333,0.3333333333333333,0.16666666666666669,0.0
Suj_091,Respuestas de formulario 8,AJK,Dist,2,Bloque_1,2,Opción 1,1,2.0,3.5,-1,-1,-1,Mujer,3,4,0.0,-1,-1,-1,-1.0,0.6666666666666666,0.3333333333333333,0.3333333333333333,0.3333333333333333,0.0,0.5,0.3333333333333333,0.3333333333333333,0.16666666666666669,0.0
Suj_091,Respuestas de formulario 8,ABC,Dist,2,Bloque_5,3,Opción 2,0,2.0,3.5,-1,-1,-1,Mujer,3,4,2000.0,-1,-1,-1,-1.0,0.6666666666666666,0.3333333333333333,0.3333333333333333,0.3333333333333333,0.0,0.5,0.3333333333333333,0.3333333333333333,0.16666666666666669,0.0
Suj_091,Respuestas de formulario 8,ALM,Dist,2,Bloque_11,4,Opción 1,1,2.0,3.5,-1,-1,-1,Mujer,3,4,1200.0,-1,-1,-1,-1.0,0.6666666666666666,0.3333333333333333,0.3333333333333333,0.3333333333333333,0.0,0.5,0.3333333333333333,0.3333333333333333,0.16666666666666669,0.0
Suj_091,Respuestas de formulario 8,AEF,Dist,2,Bloque_3,5,Opción 2,0,2.0,3.5,-1,-1,-1,Mujer,3,4,0.0,-1,-1,-1,-1.0,0.6666666666666666,0.3333333333333333,0.3333333333333333,0.3333333333333333,0.0,0.5,0.3333333333333333,0.3333333333333333,0.16666666666666669,0.0
Suj_091,Respuestas de formulario 8,AGH,Dist,2,Bloque_7,6,Opción 2,0,2.0,3.5,-1,-1,-1,Mujer,3,4,2400.0,-1,-1,-1,-1.0,0.6666666666666666,0.3333333333333333,0.3333333333333333,0.3333333333333333,0.0,0.5,0.3333333333333333,0.3333333333333333,0.16666666666666669,0.0
Suj_091,Respuestas de formulario 8,AQS,Bloque_CON,3,Bloque_9,1,Opción 2,0,2.0,3.5,-1,-1,-1,Mujer,3,4,1000.0,-1,-1,-1,-1.0,0.6666666666666666,0.3333333333333333,0.3333333333333333,0.3333333333333333,0.0,0.5,0.3333333333333333,0.3333333333333333,0.16666666666666669,0.0
Suj_091,Respuestas de formulario 8,AJK,Bloque_CON,3,Bloque_1,2,Opción 1,1,2.0,3.5,-1,-1,-1,Mujer,3,4,0.0,-1,-1,-1,-1.0,0.6666666666666666,0.3333333333333333,0.3333333333333333,0.3333333333333333,0.0,0.5,0.3333333333333333,0.3333333333333333,0.16666666666666669,0.0
Suj_091,Respuestas de formulario 8,ABC,Bloque_CON,3,Bloque_5,3,Opción 1,1,2.0,3.5,-1,-1,-1,Mujer,3,4,2000.0,-1,-1,-1,-1.0,0.6666666666666666,0.3333333333333333,0.3333333333333333,0.3333333333333333,0.0,0.5,0.3333333333333333,0.3333333333333333,0.16666666666666669,0.0
Suj_091,Respuestas de formulario 8,ALM,Bloque_CON,3,Bloque_11,4,Opción 2,0,2.0,3.5,-1,-1,-1,Mujer,3,4,1200.0,-1,-1,-1,-1.0,0.6666666666666666,0.3333333333333333,0.3333333333333333,0.3333333333333333,0.0,0.5,0.3333333333333333,0.3333333333333333,0.16666666666666669,0.0
Suj_091,Respuestas de formulario 8,AEF,Bloque_CON,3,Bloque_3,5,Opción 1,1,2.0,3.5,-1,-1,-1,Mujer,3,4,0.0,-1,-1,-1,-1.0,0.6666666666666666,0.3333333333333333,0.3333333333333333,0.3333333333333333,0.0,0.5,0.3333333333333333,0.3333333333333333,0.16666666666666669,0.0
Suj_091,Respuestas de formulario 8,AGH,Bloque_CON,3,Bloque_7,6,Opción 2,0,2.0,3.5,-1,-1,-1,Mujer,3,4,2400.0,-1,-1,-1,-1.0,0.6666666666666666,0.3333333333333333,0.3333333333333333,0.3333333333333333,0.0,0.5,0.3333333333333333,0.3333333333333333,0.16666666666666669,0.0
Suj_092,Respuestas de formulario 8,AQS,Dist,2,Bloque_9,1,Opción 2,0,1.3,2.5,1,1,1,Hombre,4,3,1000.0,1,1,1,1.0,1.0,0.0,0.0,0.6666666666666666,1.0,0.6666666666666666,0.5,0.6666666666666666,0.16666666666666663,-0.16666666666666663
Suj_092,Respuestas de formulario 8,AJK,Dist,2,Bloque_1,2,Opción 1,1,1.3,2.5,1,1,1,Hombre,4,3,0.0,1,1,1,1.0,1.0,0.0,0.0,0.6666666666666666,1.0,0.6666666666666666,0.5,0.6666666666666666,0.16666666666666663,-0.16666666666666663
Suj_092,Respuestas de formulario 8,ABC,Dist,2,Bloque_5,3,Opción 1,1,1.3,2.5,1,1,1,Hombre,4,3,2000.0,1,1,1,1.0,1.0,0.0,0.0,0.6666666666666666,1.0,0.6666666666666666,0.5,0.6666666666666666,0.16666666666666663,-0.16666666666666663
Suj_092,Respuestas de formulario 8,ALM,Dist,2,Bloque_11,4,Opción 2,0,1.3,2.5,1,1,1,Hombre,4,3,1200.0,1,1,1,1.0,1.0,0.0,0.0,0.6666666666666666,1.0,0.6666666666666666,0.5,0.6666666666666666,0.16666666666666663,-0.16666666666666663
Suj_092,Respuestas de formulario 8,AEF,Dist,2,Bloque_3,5,Opción 1,1,1.3,2.5,1,1,1,Hombre,4,3,0.0,1,1,1,1.0,1.0,0.0,0.0,0.6666666666666666,1.0,0.6666666666666666,0.5,0.6666666666666666,0.16666666666666663,-0.16666666666666663
Suj_092,Respuestas de formulario 8,AGH,Dist,2,Bloque_7,6,Opción 1,1,1.3,2.5,1,1,1,Hombre,4,3,2400.0,1,1,1,1.0,1.0,0.0,0.0,0.6666666666666666,1.0,0.6666666666666666,0.5,0.6666666666666666,0.16666666666666663,-0.16666666666666663
Suj_092,Respuestas de formulario 8,AQS,Bloque_CON,3,Bloque_9,1,Opción 2,0,1.3,2.5,1,1,1,Hombre,4,3,1000.0,1,1,1,1.0,1.0,0.0,0.0,0.6666666666666666,1.0,0.6666666666666666,0.5,0.6666666666666666,0.16666666666666663,-0.16666666666666663
Suj_092,Respuestas de formulario 8,AJK,Bloque_CON,3,Bloque_1,2,Opción 1,1,1.3,2.5,1,1,1,Hombre,4,3,0.0,1,1,1,1.0,1.0,0.0,0.0,0.6666666666666666,1.0,0.6666666666666666,0.5,0.6666666666666666,0.16666666666666663,-0.16666666666666663
Suj_092,Respuestas de formulario 8,ABC,Bloque_CON,3,Bloque_5,3,Opción 1,1,1.3,2.5,1,1,1,Hombre,4,3,2000.0,1,1,1,1.0,1.0,0.0,0.0,0.6666666666666666,1.0,0.6666666666666666,0.5,0.6666666666666666,0.16666666666666663,-0.16666666666666663
Suj_092,Respuestas de formulario 8,ALM,Bloque_CON,3,Bloque_11,4,Opción 2,0,1.3,2.5,1,1,1,Hombre,4,3,1200.0,1,1,1,1.0,1.0,0.0,0.0,0.6666666666666666,1.0,0.6666666666666666,0.5,0.6666666666666666,0.16666666666666663,-0.16666666666666663
Suj_092,Respuestas de formulario 8,AEF,Bloque_CON,3,Bloque_3,5,Opción 1,1,1.3,2.5,1,1,1,Hombre,4,3,0.0,1,1,1,1.0,1.0,0.0,0.0,0.6666666666666666,1.0,0.6666666666666666,0.5,0.6666666666666666,0.16666666666666663,-0.16666666666666663
Suj_092,Respuestas de formulario 8,AGH,Bloque_CON,3,Bloque_7,6,Opción 1,1,1.3,2.5,1,1,1,Hombre,4,3,2400.0,1,1,1,1.0,1.0,0.0,0.0,0.6666666666666666,1.0,0.6666666666666666,0.5,0.6666666666666666,0.16666666666666663,-0.16666666666666663
Suj_093,Respuestas de formulario 8,AQS,Dist,2,Bloque_9,1,Opción 1,1,2.3,4.333333333333333,1,-1,-1,Mujer,4,8,1000.0,1,-1,-1,-1.0,0.6666666666666666,1.0,0.6666666666666666,0.0,0.3333333333333333,0.5,0.5,0.6666666666666666,0.0,-0.16666666666666663
Suj_093,Respuestas de formulario 8,AJK,Dist,2,Bloque_1,2,Opción 1,1,2.3,4.333333333333333,1,-1,-1,Mujer,4,8,0.0,1,-1,-1,1.0,0.6666666666666666,1.0,0.6666666666666666,0.0,0.3333333333333333,0.5,0.5,0.6666666666666666,0.0,-0.16666666666666663
Suj_093,Respuestas de formulario 8,ABC,Dist,2,Bloque_5,3,Opción 2,0,2.3,4.333333333333333,1,-1,-1,Mujer,4,8,2000.0,1,-1,-1,-1.0,0.6666666666666666,1.0,0.6666666666666666,0.0,0.3333333333333333,0.5,0.5,0.6666666666666666,0.0,-0.16666666666666663
Suj_093,Respuestas de formulario 8,ALM,Dist,2,Bloque_11,4,Opción 2,0,2.3,4.333333333333333,1,-1,-1,Mujer,4,8,1200.0,1,-1,-1,-1.0,0.6666666666666666,1.0,0.6666666666666666,0.0,0.3333333333333333,0.5,0.5,0.6666666666666666,0.0,-0.16666666666666663
Suj_093,Respuestas de formulario 8,AEF,Dist,2,Bloque_3,5,Opción 1,1,2.3,4.333333333333333,1,-1,-1,Mujer,4,8,0.0,1,-1,-1,1.0,0.6666666666666666,1.0,0.6666666666666666,0.0,0.3333333333333333,0.5,0.5,0.6666666666666666,0.0,-0.16666666666666663
Suj_093,Respuestas de formulario 8,AGH,Dist,2,Bloque_7,6,Opción 1,1,2.3,4.333333333333333,1,-1,-1,Mujer,4,8,2400.0,1,-1,-1,-1.0,0.6666666666666666,1.0,0.6666666666666666,0.0,0.3333333333333333,0.5,0.5,0.6666666666666666,0.0,-0.16666666666666663
Suj_093,Respuestas de formulario 8,AQS,Bloque_CON,3,Bloque_9,1,Opción 1,1,2.3,4.333333333333333,1,-1,-1,Mujer,4,8,1000.0,1,-1,-1,-1.0,0.6666666666666666,1.0,0.6666666666666666,0.0,0.3333333333333333,0.5,0.5,0.6666666666666666,0.0,-0.16666666666666663
Suj_093,Respuestas de formulario 8,AJK,Bloque_CON,3,Bloque_1,2,Opción 2,0,2.3,4.333333333333333,1,-1,-1,Mujer,4,8,0.0,1,-1,-1,1.0,0.6666666666666666,1.0,0.6666666666666666,0.0,0.3333333333333333,0.5,0.5,0.6666666666666666,0.0,-0.16666666666666663
Suj_093,Respuestas de formulario 8,ABC,Bloque_CON,3,Bloque_5,3,Opción 2,0,2.3,4.333333333333333,1,-1,-1,Mujer,4,8,2000.0,1,-1,-1,-1.0,0.6666666666666666,1.0,0.6666666666666666,0.0,0.3333333333333333,0.5,0.5,0.6666666666666666,0.0,-0.16666666666666663
Suj_093,Respuestas de formulario 8,ALM,Bloque_CON,3,Bloque_11,4,Opción 1,1,2.3,4.333333333333333,1,-1,-1,Mujer,4,8,1200.0,1,-1,-1,-1.0,0.6666666666666666,1.0,0.6666666666666666,0.0,0.3333333333333333,0.5,0.5,0.6666666666666666,0.0,-0.16666666666666663
Suj_093,Respuestas de formulario 8,AEF,Bloque_CON,3,Bloque_3,5,Opción 1,1,2.3,4.333333333333333,1,-1,-1,Mujer,4,8,0.0,1,-1,-1,1.0,0.6666666666666666,1.0,0.6666666666666666,0.0,0.3333333333333333,0.5,0.5,0.6666666666666666,0.0,-0.16666666666666663
Suj_093,Respuestas de formulario 8,AGH,Bloque_CON,3,Bloque_7,6,Opción 2,0,2.3,4.333333333333333,1,-1,-1,Mujer,4,8,2400.0,1,-1,-1,-1.0,0.6666666666666666,1.0,0.6666666666666666,0.0,0.3333333333333333,0.5,0.5,0.6666666666666666,0.0,-0.16666666666666663
Suj_094,Respuestas de formulario 8,AQS,Bloque_SIN,1,Bloque_9,1,Opción 1,1,2.6,4.0,-1,-1,-1,Mujer,4,6,1000.0,-1,-1,-1,-1.0,1.0,0.6666666666666666,0.0,0.0,0.0,0.5,0.5,0.3333333333333333,0.0,0.16666666666666669
Suj_094,Respuestas de formulario 8,AJK,Bloque_SIN,1,Bloque_1,2,Opción 1,1,2.6,4.0,-1,-1,-1,Mujer,4,6,0.0,-1,-1,-1,-1.0,1.0,0.6666666666666666,0.0,0.0,0.0,0.5,0.5,0.3333333333333333,0.0,0.16666666666666669
Suj_094,Respuestas de formulario 8,ABC,Bloque_SIN,1,Bloque_5,3,Opción 2,0,2.6,4.0,-1,-1,-1,Mujer,4,6,2000.0,-1,-1,-1,-1.0,1.0,0.6666666666666666,0.0,0.0,0.0,0.5,0.5,0.3333333333333333,0.0,0.16666666666666669
Suj_094,Respuestas de formulario 8,ALM,Bloque_SIN,1,Bloque_11,4,Opción 2,0,2.6,4.0,-1,-1,-1,Mujer,4,6,1200.0,-1,-1,-1,-1.0,1.0,0.6666666666666666,0.0,0.0,0.0,0.5,0.5,0.3333333333333333,0.0,0.16666666666666669
Suj_094,Respuestas de formulario 8,AEF,Bloque_SIN,1,Bloque_3,5,Opción 1,1,2.6,4.0,-1,-1,-1,Mujer,4,6,0.0,-1,-1,-1,-1.0,1.0,0.6666666666666666,0.0,0.0,0.0,0.5,0.5,0.3333333333333333,0.0,0.16666666666666669
Suj_094,Respuestas de formulario 8,AGH,Bloque_SIN,1,Bloque_7,6,Opción 2,0,2.6,4.0,-1,-1,-1,Mujer,4,6,2400.0,-1,-1,-1,-1.0,1.0,0.6666666666666666,0.0,0.0,0.0,0.5,0.5,0.3333333333333333,0.0,0.16666666666666669
Suj_094,Respuestas de formulario 8,AQS,Dist,2,Bloque_9,1,Opción 2,0,2.6,4.0,-1,-1,-1,Mujer,4,6,1000.0,-1,-1,-1,-1.0,1.0,0.6666666666666666,0.0,0.0,0.0,0.5,0.5,0.3333333333333333,0.0,0.16666666666666669
Suj_094,Respuestas de formulario 8,AJK,Dist,2,Bloque_1,2,Opción 1,1,2.6,4.0,-1,-1,-1,Mujer,4,6,0.0,-1,-1,-1,-1.0,1.0,0.6666666666666666,0.0,0.0,0.0,0.5,0.5,0.3333333333333333,0.0,0.16666666666666669
Suj_094,Respuestas de formulario 8,ABC,Dist,2,Bloque_5,3,Opción 2,0,2.6,4.0,-1,-1,-1,Mujer,4,6,2000.0,-1,-1,-1,-1.0,1.0,0.6666666666666666,0.0,0.0,0.0,0.5,0.5,0.3333333333333333,0.0,0.16666666666666669
Suj_094,Respuestas de formulario 8,ALM,Dist,2,Bloque_11,4,Opción 2,0,2.6,4.0,-1,-1,-1,Mujer,4,6,1200.0,-1,-1,-1,-1.0,1.0,0.6666666666666666,0.0,0.0,0.0,0.5,0.5,0.3333333333333333,0.0,0.16666666666666669
Suj_094,Respuestas de formulario 8,AEF,Dist,2,Bloque_3,5,Opción 1,1,2.6,4.0,-1,-1,-1,Mujer,4,6,0.0,-1,-1,-1,-1.0,1.0,0.6666666666666666,0.0,0.0,0.0,0.5,0.5,0.3333333333333333,0.0,0.16666666666666669
Suj_094,Respuestas de formulario 8,AGH,Dist,2,Bloque_7,6,Opción 2,0,2.6,4.0,-1,-1,-1,Mujer,4,6,2400.0,-1,-1,-1,-1.0,1.0,0.6666666666666666,0.0,0.0,0.0,0.5,0.5,0.3333333333333333,0.0,0.16666666666666669
Suj_094,Respuestas de formulario 8,AQS,Bloque_CON,3,Bloque_9,1,Opción 1,1,2.6,4.0,-1,-1,-1,Mujer,4,6,1000.0,-1,-1,-1,-1.0,1.0,0.6666666666666666,0.0,0.0,0.0,0.5,0.5,0.3333333333333333,0.0,0.16666666666666669
Suj_094,Respuestas de formulario 8,AJK,Bloque_CON,3,Bloque_1,2,Opción 1,1,2.6,4.0,-1,-1,-1,Mujer,4,6,0.0,-1,-1,-1,-1.0,1.0,0.6666666666666666,0.0,0.0,0.0,0.5,0.5,0.3333333333333333,0.0,0.16666666666666669
Suj_094,Respuestas de formulario 8,ABC,Bloque_CON,3,Bloque_5,3,Opción 2,0,2.6,4.0,-1,-1,-1,Mujer,4,6,2000.0,-1,-1,-1,-1.0,1.0,0.6666666666666666,0.0,0.0,0.0,0.5,0.5,0.3333333333333333,0.0,0.16666666666666669
Suj_094,Respuestas de formulario 8,ALM,Bloque_CON,3,Bloque_11,4,Opción 2,0,2.6,4.0,-1,-1,-1,Mujer,4,6,1200.0,-1,-1,-1,-1.0,1.0,0.6666666666666666,0.0,0.0,0.0,0.5,0.5,0.3333333333333333,0.0,0.16666666666666669
Suj_094,Respuestas de formulario 8,AEF,Bloque_CON,3,Bloque_3,5,Opción 1,1,2.6,4.0,-1,-1,-1,Mujer,4,6,0.0,-1,-1,-1,-1.0,1.0,0.6666666666666666,0.0,0.0,0.0,0.5,0.5,0.3333333333333333,0.0,0.16666666666666669
Suj_094,Respuestas de formulario 8,AGH,Bloque_CON,3,Bloque_7,6,Opción 2,0,2.6,4.0,-1,-1,-1,Mujer,4,6,2400.0,-1,-1,-1,-1.0,1.0,0.6666666666666666,0.0,0.0,0.0,0.5,0.5,0.3333333333333333,0.0,0.16666666666666669
Suj_095,Respuestas de formulario 8,AQS,Bloque_SIN,1,Bloque_9,1,Opción 1,1,1.4,2.8333333333333335,1,1,-1,Mujer,2,4,1000.0,1,1,-1,-1.0,1.0,1.0,0.6666666666666666,1.0,1.0,0.8333333333333334,1.0,1.0,-0.16666666666666663,0.0
Suj_095,Respuestas de formulario 8,AJK,Bloque_SIN,1,Bloque_1,2,Opción 1,1,1.4,2.8333333333333335,1,1,-1,Mujer,2,4,0.0,1,1,-1,1.0,1.0,1.0,0.6666666666666666,1.0,1.0,0.8333333333333334,1.0,1.0,-0.16666666666666663,0.0
Suj_095,Respuestas de formulario 8,ABC,Bloque_SIN,1,Bloque_5,3,Opción 1,1,1.4,2.8333333333333335,1,1,-1,Mujer,2,4,2000.0,1,1,-1,1.0,1.0,1.0,0.6666666666666666,1.0,1.0,0.8333333333333334,1.0,1.0,-0.16666666666666663,0.0
Suj_095,Respuestas de formulario 8,ALM,Bloque_SIN,1,Bloque_11,4,Opción 1,1,1.4,2.8333333333333335,1,1,-1,Mujer,2,4,1200.0,1,1,-1,-1.0,1.0,1.0,0.6666666666666666,1.0,1.0,0.8333333333333334,1.0,1.0,-0.16666666666666663,0.0
Suj_095,Respuestas de formulario 8,AEF,Bloque_SIN,1,Bloque_3,5,Opción 1,1,1.4,2.8333333333333335,1,1,-1,Mujer,2,4,0.0,1,1,-1,1.0,1.0,1.0,0.6666666666666666,1.0,1.0,0.8333333333333334,1.0,1.0,-0.16666666666666663,0.0
Suj_095,Respuestas de formulario 8,AGH,Bloque_SIN,1,Bloque_7,6,Opción 1,1,1.4,2.8333333333333335,1,1,-1,Mujer,2,4,2400.0,1,1,-1,1.0,1.0,1.0,0.6666666666666666,1.0,1.0,0.8333333333333334,1.0,1.0,-0.16666666666666663,0.0
Suj_095,Respuestas de formulario 8,AQS,Bloque_CON,3,Bloque_9,1,Opción 1,1,1.4,2.8333333333333335,1,1,-1,Mujer,2,4,1000.0,1,1,-1,-1.0,1.0,1.0,0.6666666666666666,1.0,1.0,0.8333333333333334,1.0,1.0,-0.16666666666666663,0.0
Suj_095,Respuestas de formulario 8,AJK,Bloque_CON,3,Bloque_1,2,Opción 1,1,1.4,2.8333333333333335,1,1,-1,Mujer,2,4,0.0,1,1,-1,1.0,1.0,1.0,0.6666666666666666,1.0,1.0,0.8333333333333334,1.0,1.0,-0.16666666666666663,0.0
Suj_095,Respuestas de formulario 8,ABC,Bloque_CON,3,Bloque_5,3,Opción 1,1,1.4,2.8333333333333335,1,1,-1,Mujer,2,4,2000.0,1,1,-1,1.0,1.0,1.0,0.6666666666666666,1.0,1.0,0.8333333333333334,1.0,1.0,-0.16666666666666663,0.0
Suj_095,Respuestas de formulario 8,ALM,Bloque_CON,3,Bloque_11,4,Opción 2,0,1.4,2.8333333333333335,1,1,-1,Mujer,2,4,1200.0,1,1,-1,-1.0,1.0,1.0,0.6666666666666666,1.0,1.0,0.8333333333333334,1.0,1.0,-0.16666666666666663,0.0
Suj_095,Respuestas de formulario 8,AEF,Bloque_CON,3,Bloque_3,5,Opción 1,1,1.4,2.8333333333333335,1,1,-1,Mujer,2,4,0.0,1,1,-1,1.0,1.0,1.0,0.6666666666666666,1.0,1.0,0.8333333333333334,1.0,1.0,-0.16666666666666663,0.0
Suj_095,Respuestas de formulario 8,AGH,Bloque_CON,3,Bloque_7,6,Opción 1,1,1.4,2.8333333333333335,1,1,-1,Mujer,2,4,2400.0,1,1,-1,1.0,1.0,1.0,0.6666666666666666,1.0,1.0,0.8333333333333334,1.0,1.0,-0.16666666666666663,0.0
Suj_096,Respuestas de formulario 8,AQS,Bloque_SIN,1,Bloque_9,1,Opción 1,1,3.3,3.8333333333333335,0,-1,-1,Hombre,4,5,1000.0,0,-1,-1,-1.0,0.6666666666666666,0.3333333333333333,0.3333333333333333,0.0,0.6666666666666666,0.6666666666666666,0.5,0.16666666666666666,0.16666666666666663,0.33333333333333337
Suj_096,Respuestas de formulario 8,AJK,Bloque_SIN,1,Bloque_1,2,Opción 1,1,3.3,3.8333333333333335,0,-1,-1,Hombre,4,5,0.0,0,-1,-1,0.0,0.6666666666666666,0.3333333333333333,0.3333333333333333,0.0,0.6666666666666666,0.6666666666666666,0.5,0.16666666666666666,0.16666666666666663,0.33333333333333337
Suj_096,Respuestas de formulario 8,ABC,Bloque_SIN,1,Bloque_5,3,Opción 2,0,3.3,3.8333333333333335,0,-1,-1,Hombre,4,5,2000.0,0,-1,-1,-1.0,0.6666666666666666,0.3333333333333333,0.3333333333333333,0.0,0.6666666666666666,0.6666666666666666,0.5,0.16666666666666666,0.16666666666666663,0.33333333333333337
Suj_096,Respuestas de formulario 8,ALM,Bloque_SIN,1,Bloque_11,4,Opción 2,0,3.3,3.8333333333333335,0,-1,-1,Hombre,4,5,1200.0,0,-1,-1,-1.0,0.6666666666666666,0.3333333333333333,0.3333333333333333,0.0,0.6666666666666666,0.6666666666666666,0.5,0.16666666666666666,0.16666666666666663,0.33333333333333337
Suj_096,Respuestas de formulario 8,AEF,Bloque_SIN,1,Bloque_3,5,Opción 2,0,3.3,3.8333333333333335,0,-1,-1,Hombre,4,5,0.0,0,-1,-1,0.0,0.6666666666666666,0.3333333333333333,0.3333333333333333,0.0,0.6666666666666666,0.6666666666666666,0.5,0.16666666666666666,0.16666666666666663,0.33333333333333337
Suj_096,Respuestas de formulario 8,AGH,Bloque_SIN,1,Bloque_7,6,Opción 1,1,3.3,3.8333333333333335,0,-1,-1,Hombre,4,5,2400.0,0,-1,-1,-1.0,0.6666666666666666,0.3333333333333333,0.3333333333333333,0.0,0.6666666666666666,0.6666666666666666,0.5,0.16666666666666666,0.16666666666666663,0.33333333333333337
Suj_096,Respuestas de formulario 8,AQS,Dist,2,Bloque_9,1,Opción 2,0,3.3,3.8333333333333335,0,-1,-1,Hombre,4,5,1000.0,0,-1,-1,-1.0,0.6666666666666666,0.3333333333333333,0.3333333333333333,0.0,0.6666666666666666,0.6666666666666666,0.5,0.16666666666666666,0.16666666666666663,0.33333333333333337
Suj_096,Respuestas de formulario 8,AJK,Dist,2,Bloque_1,2,Opción 1,1,3.3,3.8333333333333335,0,-1,-1,Hombre,4,5,0.0,0,-1,-1,0.0,0.6666666666666666,0.3333333333333333,0.3333333333333333,0.0,0.6666666666666666,0.6666666666666666,0.5,0.16666666666666666,0.16666666666666663,0.33333333333333337
Suj_096,Respuestas de formulario 8,ABC,Dist,2,Bloque_5,3,Opción 2,0,3.3,3.8333333333333335,0,-1,-1,Hombre,4,5,2000.0,0,-1,-1,-1.0,0.6666666666666666,0.3333333333333333,0.3333333333333333,0.0,0.6666666666666666,0.6666666666666666,0.5,0.16666666666666666,0.16666666666666663,0.33333333333333337
Suj_096,Respuestas de formulario 8,ALM,Dist,2,Bloque_11,4,Opción 2,0,3.3,3.8333333333333335,0,-1,-1,Hombre,4,5,1200.0,0,-1,-1,-1.0,0.6666666666666666,0.3333333333333333,0.3333333333333333,0.0,0.6666666666666666,0.6666666666666666,0.5,0.16666666666666666,0.16666666666666663,0.33333333333333337
Suj_096,Respuestas de formulario 8,AEF,Dist,2,Bloque_3,5,Opción 2,0,3.3,3.8333333333333335,0,-1,-1,Hombre,4,5,0.0,0,-1,-1,0.0,0.6666666666666666,0.3333333333333333,0.3333333333333333,0.0,0.6666666666666666,0.6666666666666666,0.5,0.16666666666666666,0.16666666666666663,0.33333333333333337
Suj_096,Respuestas de formulario 8,AGH,Dist,2,Bloque_7,6,Opción 2,0,3.3,3.8333333333333335,0,-1,-1,Hombre,4,5,2400.0,0,-1,-1,-1.0,0.6666666666666666,0.3333333333333333,0.3333333333333333,0.0,0.6666666666666666,0.6666666666666666,0.5,0.16666666666666666,0.16666666666666663,0.33333333333333337
Suj_096,Respuestas de formulario 8,AQS,Bloque_CON,3,Bloque_9,1,Opción 2,0,3.3,3.8333333333333335,0,-1,-1,Hombre,4,5,1000.0,0,-1,-1,-1.0,0.6666666666666666,0.3333333333333333,0.3333333333333333,0.0,0.6666666666666666,0.6666666666666666,0.5,0.16666666666666666,0.16666666666666663,0.33333333333333337
Suj_096,Respuestas de formulario 8,AJK,Bloque_CON,3,Bloque_1,2,Opción 1,1,3.3,3.8333333333333335,0,-1,-1,Hombre,4,5,0.0,0,-1,-1,0.0,0.6666666666666666,0.3333333333333333,0.3333333333333333,0.0,0.6666666666666666,0.6666666666666666,0.5,0.16666666666666666,0.16666666666666663,0.33333333333333337
Suj_096,Respuestas de formulario 8,ABC,Bloque_CON,3,Bloque_5,3,Opción 2,0,3.3,3.8333333333333335,0,-1,-1,Hombre,4,5,2000.0,0,-1,-1,-1.0,0.6666666666666666,0.3333333333333333,0.3333333333333333,0.0,0.6666666666666666,0.6666666666666666,0.5,0.16666666666666666,0.16666666666666663,0.33333333333333337
Suj_096,Respuestas de formulario 8,ALM,Bloque_CON,3,Bloque_11,4,Opción 1,1,3.3,3.8333333333333335,0,-1,-1,Hombre,4,5,1200.0,0,-1,-1,-1.0,0.6666666666666666,0.3333333333333333,0.3333333333333333,0.0,0.6666666666666666,0.6666666666666666,0.5,0.16666666666666666,0.16666666666666663,0.33333333333333337
Suj_096,Respuestas de formulario 8,AEF,Bloque_CON,3,Bloque_3,5,Opción 1,1,3.3,3.8333333333333335,0,-1,-1,Hombre,4,5,0.0,0,-1,-1,0.0,0.6666666666666666,0.3333333333333333,0.3333333333333333,0.0,0.6666666666666666,0.6666666666666666,0.5,0.16666666666666666,0.16666666666666663,0.33333333333333337
Suj_096,Respuestas de formulario 8,AGH,Bloque_CON,3,Bloque_7,6,Opción 1,1,3.3,3.8333333333333335,0,-1,-1,Hombre,4,5,2400.0,0,-1,-1,-1.0,0.6666666666666666,0.3333333333333333,0.3333333333333333,0.0,0.6666666666666666,0.6666666666666666,0.5,0.16666666666666666,0.16666666666666663,0.33333333333333337
Suj_097,Respuestas de formulario 8,AQS,Bloque_SIN,1,Bloque_9,1,Opción 2,0,2.4,4.0,1,-1,-1,Mujer,4,8,1000.0,1,-1,-1,-1.0,0.8333333333333334,0.0,0.6666666666666666,0.0,0.0,0.3333333333333333,0.3333333333333333,0.5,0.0,-0.16666666666666669
Suj_097,Respuestas de formulario 8,AJK,Bloque_SIN,1,Bloque_1,2,Opción 1,1,2.4,4.0,1,-1,-1,Mujer,4,8,0.0,1,-1,-1,1.0,0.8333333333333334,0.0,0.6666666666666666,0.0,0.0,0.3333333333333333,0.3333333333333333,0.5,0.0,-0.16666666666666669
Suj_097,Respuestas de formulario 8,ABC,Bloque_SIN,1,Bloque_5,3,Opción 2,0,2.4,4.0,1,-1,-1,Mujer,4,8,2000.0,1,-1,-1,-1.0,0.8333333333333334,0.0,0.6666666666666666,0.0,0.0,0.3333333333333333,0.3333333333333333,0.5,0.0,-0.16666666666666669
Suj_097,Respuestas de formulario 8,ALM,Bloque_SIN,1,Bloque_11,4,Opción 1,1,2.4,4.0,1,-1,-1,Mujer,4,8,1200.0,1,-1,-1,-1.0,0.8333333333333334,0.0,0.6666666666666666,0.0,0.0,0.3333333333333333,0.3333333333333333,0.5,0.0,-0.16666666666666669
Suj_097,Respuestas de formulario 8,AEF,Bloque_SIN,1,Bloque_3,5,Opción 2,0,2.4,4.0,1,-1,-1,Mujer,4,8,0.0,1,-1,-1,1.0,0.8333333333333334,0.0,0.6666666666666666,0.0,0.0,0.3333333333333333,0.3333333333333333,0.5,0.0,-0.16666666666666669
Suj_097,Respuestas de formulario 8,AGH,Bloque_SIN,1,Bloque_7,6,Opción 2,0,2.4,4.0,1,-1,-1,Mujer,4,8,2400.0,1,-1,-1,-1.0,0.8333333333333334,0.0,0.6666666666666666,0.0,0.0,0.3333333333333333,0.3333333333333333,0.5,0.0,-0.16666666666666669
Suj_097,Respuestas de formulario 8,AQS,Dist,2,Bloque_9,1,Opción 2,0,2.4,4.0,1,-1,-1,Mujer,4,8,1000.0,1,-1,-1,-1.0,0.8333333333333334,0.0,0.6666666666666666,0.0,0.0,0.3333333333333333,0.3333333333333333,0.5,0.0,-0.16666666666666669
Suj_097,Respuestas de formulario 8,AJK,Dist,2,Bloque_1,2,Opción 1,1,2.4,4.0,1,-1,-1,Mujer,4,8,0.0,1,-1,-1,1.0,0.8333333333333334,0.0,0.6666666666666666,0.0,0.0,0.3333333333333333,0.3333333333333333,0.5,0.0,-0.16666666666666669
Suj_097,Respuestas de formulario 8,ABC,Dist,2,Bloque_5,3,Opción 2,0,2.4,4.0,1,-1,-1,Mujer,4,8,2000.0,1,-1,-1,-1.0,0.8333333333333334,0.0,0.6666666666666666,0.0,0.0,0.3333333333333333,0.3333333333333333,0.5,0.0,-0.16666666666666669
Suj_097,Respuestas de formulario 8,ALM,Dist,2,Bloque_11,4,Opción 1,1,2.4,4.0,1,-1,-1,Mujer,4,8,1200.0,1,-1,-1,-1.0,0.8333333333333334,0.0,0.6666666666666666,0.0,0.0,0.3333333333333333,0.3333333333333333,0.5,0.0,-0.16666666666666669
Suj_097,Respuestas de formulario 8,AEF,Dist,2,Bloque_3,5,Opción 1,1,2.4,4.0,1,-1,-1,Mujer,4,8,0.0,1,-1,-1,1.0,0.8333333333333334,0.0,0.6666666666666666,0.0,0.0,0.3333333333333333,0.3333333333333333,0.5,0.0,-0.16666666666666669
Suj_097,Respuestas de formulario 8,AGH,Dist,2,Bloque_7,6,Opción 2,0,2.4,4.0,1,-1,-1,Mujer,4,8,2400.0,1,-1,-1,-1.0,0.8333333333333334,0.0,0.6666666666666666,0.0,0.0,0.3333333333333333,0.3333333333333333,0.5,0.0,-0.16666666666666669
Suj_098,Respuestas de formulario 8,AQS,Bloque_SIN,1,Bloque_9,1,Opción 1,1,1.5,4.166666666666667,0,1,1,Mujer,5,6,1000.0,0,1,1,1.0,0.5,0.6666666666666666,0.6666666666666666,0.6666666666666666,0.0,0.5,0.5,0.5,0.0,0.0
Suj_098,Respuestas de formulario 8,AJK,Bloque_SIN,1,Bloque_1,2,Opción 1,1,1.5,4.166666666666667,0,1,1,Mujer,5,6,0.0,0,1,1,0.0,0.5,0.6666666666666666,0.6666666666666666,0.6666666666666666,0.0,0.5,0.5,0.5,0.0,0.0
Suj_098,Respuestas de formulario 8,ABC,Bloque_SIN,1,Bloque_5,3,Opción 2,0,1.5,4.166666666666667,0,1,1,Mujer,5,6,2000.0,0,1,1,1.0,0.5,0.6666666666666666,0.6666666666666666,0.6666666666666666,0.0,0.5,0.5,0.5,0.0,0.0
Suj_098,Respuestas de formulario 8,ALM,Bloque_SIN,1,Bloque_11,4,Opción 1,1,1.5,4.166666666666667,0,1,1,Mujer,5,6,1200.0,0,1,1,1.0,0.5,0.6666666666666666,0.6666666666666666,0.6666666666666666,0.0,0.5,0.5,0.5,0.0,0.0
Suj_098,Respuestas de formulario 8,AEF,Bloque_SIN,1,Bloque_3,5,Opción 2,0,1.5,4.166666666666667,0,1,1,Mujer,5,6,0.0,0,1,1,0.0,0.5,0.6666666666666666,0.6666666666666666,0.6666666666666666,0.0,0.5,0.5,0.5,0.0,0.0
Suj_098,Respuestas de formulario 8,AGH,Bloque_SIN,1,Bloque_7,6,Opción 2,0,1.5,4.166666666666667,0,1,1,Mujer,5,6,2400.0,0,1,1,1.0,0.5,0.6666666666666666,0.6666666666666666,0.6666666666666666,0.0,0.5,0.5,0.5,0.0,0.0
Suj_098,Respuestas de formulario 8,AQS,Dist,2,Bloque_9,1,Opción 1,1,1.5,4.166666666666667,0,1,1,Mujer,5,6,1000.0,0,1,1,1.0,0.5,0.6666666666666666,0.6666666666666666,0.6666666666666666,0.0,0.5,0.5,0.5,0.0,0.0
Suj_098,Respuestas de formulario 8,AJK,Dist,2,Bloque_1,2,Opción 1,1,1.5,4.166666666666667,0,1,1,Mujer,5,6,0.0,0,1,1,0.0,0.5,0.6666666666666666,0.6666666666666666,0.6666666666666666,0.0,0.5,0.5,0.5,0.0,0.0
Suj_098,Respuestas de formulario 8,ABC,Dist,2,Bloque_5,3,Opción 1,1,1.5,4.166666666666667,0,1,1,Mujer,5,6,2000.0,0,1,1,1.0,0.5,0.6666666666666666,0.6666666666666666,0.6666666666666666,0.0,0.5,0.5,0.5,0.0,0.0
Suj_098,Respuestas de formulario 8,ALM,Dist,2,Bloque_11,4,Opción 2,0,1.5,4.166666666666667,0,1,1,Mujer,5,6,1200.0,0,1,1,1.0,0.5,0.6666666666666666,0.6666666666666666,0.6666666666666666,0.0,0.5,0.5,0.5,0.0,0.0
Suj_098,Respuestas de formulario 8,AEF,Dist,2,Bloque_3,5,Opción 2,0,1.5,4.166666666666667,0,1,1,Mujer,5,6,0.0,0,1,1,0.0,0.5,0.6666666666666666,0.6666666666666666,0.6666666666666666,0.0,0.5,0.5,0.5,0.0,0.0
Suj_098,Respuestas de formulario 8,AGH,Dist,2,Bloque_7,6,Opción 2,0,1.5,4.166666666666667,0,1,1,Mujer,5,6,2400.0,0,1,1,1.0,0.5,0.6666666666666666,0.6666666666666666,0.6666666666666666,0.0,0.5,0.5,0.5,0.0,0.0
Suj_098,Respuestas de formulario 8,AQS,Bloque_CON,3,Bloque_9,1,Opción 2,0,1.5,4.166666666666667,0,1,1,Mujer,5,6,1000.0,0,1,1,1.0,0.5,0.6666666666666666,0.6666666666666666,0.6666666666666666,0.0,0.5,0.5,0.5,0.0,0.0
Suj_098,Respuestas de formulario 8,AJK,Bloque_CON,3,Bloque_1,2,Opción 1,1,1.5,4.166666666666667,0,1,1,Mujer,5,6,0.0,0,1,1,0.0,0.5,0.6666666666666666,0.6666666666666666,0.6666666666666666,0.0,0.5,0.5,0.5,0.0,0.0
Suj_098,Respuestas de formulario 8,ABC,Bloque_CON,3,Bloque_5,3,Opción 1,1,1.5,4.166666666666667,0,1,1,Mujer,5,6,2000.0,0,1,1,1.0,0.5,0.6666666666666666,0.6666666666666666,0.6666666666666666,0.0,0.5,0.5,0.5,0.0,0.0
Suj_098,Respuestas de formulario 8,ALM,Bloque_CON,3,Bloque_11,4,Opción 1,1,1.5,4.166666666666667,0,1,1,Mujer,5,6,1200.0,0,1,1,1.0,0.5,0.6666666666666666,0.6666666666666666,0.6666666666666666,0.0,0.5,0.5,0.5,0.0,0.0
Suj_098,Respuestas de formulario 8,AEF,Bloque_CON,3,Bloque_3,5,Opción 2,0,1.5,4.166666666666667,0,1,1,Mujer,5,6,0.0,0,1,1,0.0,0.5,0.6666666666666666,0.6666666666666666,0.6666666666666666,0.0,0.5,0.5,0.5,0.0,0.0
Suj_098,Respuestas de formulario 8,AGH,Bloque_CON,3,Bloque_7,6,Opción 2,0,1.5,4.166666666666667,0,1,1,Mujer,5,6,2400.0,0,1,1,1.0,0.5,0.6666666666666666,0.6666666666666666,0.6666666666666666,0.0,0.5,0.5,0.5,0.0,0.0
Suj_099,Respuestas de formulario 8,AQS,Bloque_SIN,1,Bloque_9,1,Opción 2,0,1.6,2.3333333333333335,1,-1,-1,Mujer,7,7,1000.0,1,-1,-1,-1.0,1.0,0.0,0.0,0.0,0.0,0.3333333333333333,0.3333333333333333,0.3333333333333333,0.0,0.0
Suj_099,Respuestas de formulario 8,AJK,Bloque_SIN,1,Bloque_1,2,Opción 1,1,1.6,2.3333333333333335,1,-1,-1,Mujer,7,7,0.0,1,-1,-1,1.0,1.0,0.0,0.0,0.0,0.0,0.3333333333333333,0.3333333333333333,0.3333333333333333,0.0,0.0
Suj_099,Respuestas de formulario 8,ABC,Bloque_SIN,1,Bloque_5,3,Opción 2,0,1.6,2.3333333333333335,1,-1,-1,Mujer,7,7,2000.0,1,-1,-1,-1.0,1.0,0.0,0.0,0.0,0.0,0.3333333333333333,0.3333333333333333,0.3333333333333333,0.0,0.0
Suj_099,Respuestas de formulario 8,ALM,Bloque_SIN,1,Bloque_11,4,Opción 2,0,1.6,2.3333333333333335,1,-1,-1,Mujer,7,7,1200.0,1,-1,-1,-1.0,1.0,0.0,0.0,0.0,0.0,0.3333333333333333,0.3333333333333333,0.3333333333333333,0.0,0.0
Suj_099,Respuestas de formulario 8,AEF,Bloque_SIN,1,Bloque_3,5,Opción 1,1,1.6,2.3333333333333335,1,-1,-1,Mujer,7,7,0.0,1,-1,-1,1.0,1.0,0.0,0.0,0.0,0.0,0.3333333333333333,0.3333333333333333,0.3333333333333333,0.0,0.0
Suj_099,Respuestas de formulario 8,AGH,Bloque_SIN,1,Bloque_7,6,Opción 2,0,1.6,2.3333333333333335,1,-1,-1,Mujer,7,7,2400.0,1,-1,-1,-1.0,1.0,0.0,0.0,0.0,0.0,0.3333333333333333,0.3333333333333333,0.3333333333333333,0.0,0.0
Suj_099,Respuestas de formulario 8,AQS,Dist,2,Bloque_9,1,Opción 2,0,1.6,2.3333333333333335,1,-1,-1,Mujer,7,7,1000.0,1,-1,-1,-1.0,1.0,0.0,0.0,0.0,0.0,0.3333333333333333,0.3333333333333333,0.3333333333333333,0.0,0.0
Suj_099,Respuestas de formulario 8,AJK,Dist,2,Bloque_1,2,Opción 1,1,1.6,2.3333333333333335,1,-1,-1,Mujer,7,7,0.0,1,-1,-1,1.0,1.0,0.0,0.0,0.0,0.0,0.3333333333333333,0.3333333333333333,0.3333333333333333,0.0,0.0
Suj_099,Respuestas de formulario 8,ABC,Dist,2,Bloque_5,3,Opción 2,0,1.6,2.3333333333333335,1,-1,-1,Mujer,7,7,2000.0,1,-1,-1,-1.0,1.0,0.0,0.0,0.0,0.0,0.3333333333333333,0.3333333333333333,0.3333333333333333,0.0,0.0
Suj_099,Respuestas de formulario 8,ALM,Dist,2,Bloque_11,4,Opción 2,0,1.6,2.3333333333333335,1,-1,-1,Mujer,7,7,1200.0,1,-1,-1,-1.0,1.0,0.0,0.0,0.0,0.0,0.3333333333333333,0.3333333333333333,0.3333333333333333,0.0,0.0
Suj_099,Respuestas de formulario 8,AEF,Dist,2,Bloque_3,5,Opción 1,1,1.6,2.3333333333333335,1,-1,-1,Mujer,7,7,0.0,1,-1,-1,1.0,1.0,0.0,0.0,0.0,0.0,0.3333333333333333,0.3333333333333333,0.3333333333333333,0.0,0.0
Suj_099,Respuestas de formulario 8,AGH,Dist,2,Bloque_7,6,Opción 2,0,1.6,2.3333333333333335,1,-1,-1,Mujer,7,7,2400.0,1,-1,-1,-1.0,1.0,0.0,0.0,0.0,0.0,0.3333333333333333,0.3333333333333333,0.3333333333333333,0.0,0.0
Suj_099,Respuestas de formulario 8,AQS,Bloque_CON,3,Bloque_9,1,Opción 2,0,1.6,2.3333333333333335,1,-1,-1,Mujer,7,7,1000.0,1,-1,-1,-1.0,1.0,0.0,0.0,0.0,0.0,0.3333333333333333,0.3333333333333333,0.3333333333333333,0.0,0.0
Suj_099,Respuestas de formulario 8,AJK,Bloque_CON,3,Bloque_1,2,Opción 1,1,1.6,2.3333333333333335,1,-1,-1,Mujer,7,7,0.0,1,-1,-1,1.0,1.0,0.0,0.0,0.0,0.0,0.3333333333333333,0.3333333333333333,0.3333333333333333,0.0,0.0
Suj_099,Respuestas de formulario 8,ABC,Bloque_CON,3,Bloque_5,3,Opción 2,0,1.6,2.3333333333333335,1,-1,-1,Mujer,7,7,2000.0,1,-1,-1,-1.0,1.0,0.0,0.0,0.0,0.0,0.3333333333333333,0.3333333333333333,0.3333333333333333,0.0,0.0
Suj_099,Respuestas de formulario 8,ALM,Bloque_CON,3,Bloque_11,4,Opción 2,0,1.6,2.3333333333333335,1,-1,-1,Mujer,7,7,1200.0,1,-1,-1,-1.0,1.0,0.0,0.0,0.0,0.0,0.3333333333333333,0.3333333333333333,0.3333333333333333,0.0,0.0
Suj_099,Respuestas de formulario 8,AEF,Bloque_CON,3,Bloque_3,5,Opción 1,1,1.6,2.3333333333333335,1,-1,-1,Mujer,7,7,0.0,1,-1,-1,1.0,1.0,0.0,0.0,0.0,0.0,0.3333333333333333,0.3333333333333333,0.3333333333333333,0.0,0.0
Suj_099,Respuestas de formulario 8,AGH,Bloque_CON,3,Bloque_7,6,Opción 2,0,1.6,2.3333333333333335,1,-1,-1,Mujer,7,7,2400.0,1,-1,-1,-1.0,1.0,0.0,0.0,0.0,0.0,0.3333333333333333,0.3333333333333333,0.3333333333333333,0.0,0.0
Suj_100,Respuestas de formulario 8,AQS,Bloque_SIN,1,Bloque_9,1,Opción 1,1,2.5,3.8333333333333335,0,0,1,Mujer,3,5,1000.0,0,0,1,1.0,0.3333333333333333,1.0,1.0,0.0,0.0,0.6666666666666666,0.3333333333333333,0.3333333333333333,0.3333333333333333,0.0
Suj_100,Respuestas de formulario 8,AJK,Bloque_SIN,1,Bloque_1,2,Opción 2,0,2.5,3.8333333333333335,0,0,1,Mujer,3,5,0.0,0,0,1,0.0,0.3333333333333333,1.0,1.0,0.0,0.0,0.6666666666666666,0.3333333333333333,0.3333333333333333,0.3333333333333333,0.0
Suj_100,Respuestas de formulario 8,ABC,Bloque_SIN,1,Bloque_5,3,Opción 2,0,2.5,3.8333333333333335,0,0,1,Mujer,3,5,2000.0,0,0,1,0.0,0.3333333333333333,1.0,1.0,0.0,0.0,0.6666666666666666,0.3333333333333333,0.3333333333333333,0.3333333333333333,0.0
Suj_100,Respuestas de formulario 8,ALM,Bloque_SIN,1,Bloque_11,4,Opción 1,1,2.5,3.8333333333333335,0,0,1,Mujer,3,5,1200.0,0,0,1,1.0,0.3333333333333333,1.0,1.0,0.0,0.0,0.6666666666666666,0.3333333333333333,0.3333333333333333,0.3333333333333333,0.0
Suj_100,Respuestas de formulario 8,AEF,Bloque_SIN,1,Bloque_3,5,Opción 2,0,2.5,3.8333333333333335,0,0,1,Mujer,3,5,0.0,0,0,1,0.0,0.3333333333333333,1.0,1.0,0.0,0.0,0.6666666666666666,0.3333333333333333,0.3333333333333333,0.3333333333333333,0.0
Suj_100,Respuestas de formulario 8,AGH,Bloque_SIN,1,Bloque_7,6,Opción 2,0,2.5,3.8333333333333335,0,0,1,Mujer,3,5,2400.0,0,0,1,0.0,0.3333333333333333,1.0,1.0,0.0,0.0,0.6666666666666666,0.3333333333333333,0.3333333333333333,0.3333333333333333,0.0
Suj_100,Respuestas de formulario 8,AQS,Dist,2,Bloque_9,1,Opción 1,1,2.5,3.8333333333333335,0,0,1,Mujer,3,5,1000.0,0,0,1,1.0,0.3333333333333333,1.0,1.0,0.0,0.0,0.6666666666666666,0.3333333333333333,0.3333333333333333,0.3333333333333333,0.0
Suj_100,Respuestas de formulario 8,AJK,Dist,2,Bloque_1,2,Opción 2,0,2.5,3.8333333333333335,0,0,1,Mujer,3,5,0.0,0,0,1,0.0,0.3333333333333333,1.0,1.0,0.0,0.0,0.6666666666666666,0.3333333333333333,0.3333333333333333,0.3333333333333333,0.0
Suj_100,Respuestas de formulario 8,ABC,Dist,2,Bloque_5,3,Opción 2,0,2.5,3.8333333333333335,0,0,1,Mujer,3,5,2000.0,0,0,1,0.0,0.3333333333333333,1.0,1.0,0.0,0.0,0.6666666666666666,0.3333333333333333,0.3333333333333333,0.3333333333333333,0.0
Suj_100,Respuestas de formulario 8,ALM,Dist,2,Bloque_11,4,Opción 1,1,2.5,3.8333333333333335,0,0,1,Mujer,3,5,1200.0,0,0,1,1.0,0.3333333333333333,1.0,1.0,0.0,0.0,0.6666666666666666,0.3333333333333333,0.3333333333333333,0.3333333333333333,0.0
Suj_100,Respuestas de formulario 8,AEF,Dist,2,Bloque_3,5,Opción 2,0,2.5,3.8333333333333335,0,0,1,Mujer,3,5,0.0,0,0,1,0.0,0.3333333333333333,1.0,1.0,0.0,0.0,0.6666666666666666,0.3333333333333333,0.3333333333333333,0.3333333333333333,0.0
Suj_100,Respuestas de formulario 8,AGH,Dist,2,Bloque_7,6,Opción 2,0,2.5,3.8333333333333335,0,0,1,Mujer,3,5,2400.0,0,0,1,0.0,0.3333333333333333,1.0,1.0,0.0,0.0,0.6666666666666666,0.3333333333333333,0.3333333333333333,0.3333333333333333,0.0
Suj_101,Respuestas de formulario 8,AQS,Dist,2,Bloque_9,1,Opción 1,1,3.1,3.3333333333333335,-1,-1,-1,Hombre,4,7,1000.0,-1,-1,-1,-1.0,0.0,0.6666666666666666,0.3333333333333333,0.3333333333333333,0.3333333333333333,0.0,0.6666666666666666,0.16666666666666666,-0.6666666666666666,0.5
Suj_101,Respuestas de formulario 8,AJK,Dist,2,Bloque_1,2,Opción 2,0,3.1,3.3333333333333335,-1,-1,-1,Hombre,4,7,0.0,-1,-1,-1,-1.0,0.0,0.6666666666666666,0.3333333333333333,0.3333333333333333,0.3333333333333333,0.0,0.6666666666666666,0.16666666666666666,-0.6666666666666666,0.5
Suj_101,Respuestas de formulario 8,ABC,Dist,2,Bloque_5,3,Opción 2,0,3.1,3.3333333333333335,-1,-1,-1,Hombre,4,7,2000.0,-1,-1,-1,-1.0,0.0,0.6666666666666666,0.3333333333333333,0.3333333333333333,0.3333333333333333,0.0,0.6666666666666666,0.16666666666666666,-0.6666666666666666,0.5
Suj_101,Respuestas de formulario 8,ALM,Dist,2,Bloque_11,4,Opción 2,0,3.1,3.3333333333333335,-1,-1,-1,Hombre,4,7,1200.0,-1,-1,-1,-1.0,0.0,0.6666666666666666,0.3333333333333333,0.3333333333333333,0.3333333333333333,0.0,0.6666666666666666,0.16666666666666666,-0.6666666666666666,0.5
Suj_101,Respuestas de formulario 8,AEF,Dist,2,Bloque_3,5,Opción 2,0,3.1,3.3333333333333335,-1,-1,-1,Hombre,4,7,0.0,-1,-1,-1,-1.0,0.0,0.6666666666666666,0.3333333333333333,0.3333333333333333,0.3333333333333333,0.0,0.6666666666666666,0.16666666666666666,-0.6666666666666666,0.5
Suj_101,Respuestas de formulario 8,AGH,Dist,2,Bloque_7,6,Opción 2,0,3.1,3.3333333333333335,-1,-1,-1,Hombre,4,7,2400.0,-1,-1,-1,-1.0,0.0,0.6666666666666666,0.3333333333333333,0.3333333333333333,0.3333333333333333,0.0,0.6666666666666666,0.16666666666666666,-0.6666666666666666,0.5
Suj_101,Respuestas de formulario 8,AQS,Bloque_CON,3,Bloque_9,1,Opción 2,0,3.1,3.3333333333333335,-1,-1,-1,Hombre,4,7,1000.0,-1,-1,-1,-1.0,0.0,0.6666666666666666,0.3333333333333333,0.3333333333333333,0.3333333333333333,0.0,0.6666666666666666,0.16666666666666666,-0.6666666666666666,0.5
Suj_101,Respuestas de formulario 8,AJK,Bloque_CON,3,Bloque_1,2,Opción 2,0,3.1,3.3333333333333335,-1,-1,-1,Hombre,4,7,0.0,-1,-1,-1,-1.0,0.0,0.6666666666666666,0.3333333333333333,0.3333333333333333,0.3333333333333333,0.0,0.6666666666666666,0.16666666666666666,-0.6666666666666666,0.5
Suj_101,Respuestas de formulario 8,ABC,Bloque_CON,3,Bloque_5,3,Opción 2,0,3.1,3.3333333333333335,-1,-1,-1,Hombre,4,7,2000.0,-1,-1,-1,-1.0,0.0,0.6666666666666666,0.3333333333333333,0.3333333333333333,0.3333333333333333,0.0,0.6666666666666666,0.16666666666666666,-0.6666666666666666,0.5
Suj_101,Respuestas de formulario 8,ALM,Bloque_CON,3,Bloque_11,4,Opción 2,0,3.1,3.3333333333333335,-1,-1,-1,Hombre,4,7,1200.0,-1,-1,-1,-1.0,0.0,0.6666666666666666,0.3333333333333333,0.3333333333333333,0.3333333333333333,0.0,0.6666666666666666,0.16666666666666666,-0.6666666666666666,0.5
Suj_101,Respuestas de formulario 8,AEF,Bloque_CON,3,Bloque_3,5,Opción 2,0,3.1,3.3333333333333335,-1,-1,-1,Hombre,4,7,0.0,-1,-1,-1,-1.0,0.0,0.6666666666666666,0.3333333333333333,0.3333333333333333,0.3333333333333333,0.0,0.6666666666666666,0.16666666666666666,-0.6666666666666666,0.5
Suj_101,Respuestas de formulario 8,AGH,Bloque_CON,3,Bloque_7,6,Opción 2,0,3.1,3.3333333333333335,-1,-1,-1,Hombre,4,7,2400.0,-1,-1,-1,-1.0,0.0,0.6666666666666666,0.3333333333333333,0.3333333333333333,0.3333333333333333,0.0,0.6666666666666666,0.16666666666666666,-0.6666666666666666,0.5
Suj_102,Respuestas de formulario 8,AQS,Bloque_SIN,1,Bloque_9,1,Opción 2,0,1.0,5.0,-1,-1,-1,No binario,2,5,1000.0,-1,-1,-1,-1.0,0.0,0.0,0.0,0.0,0.0,0.0,0.0,0.0,0.0,0.0
Suj_102,Respuestas de formulario 8,AJK,Bloque_SIN,1,Bloque_1,2,Opción 2,0,1.0,5.0,-1,-1,-1,No binario,2,5,0.0,-1,-1,-1,-1.0,0.0,0.0,0.0,0.0,0.0,0.0,0.0,0.0,0.0,0.0
Suj_102,Respuestas de formulario 8,ABC,Bloque_SIN,1,Bloque_5,3,Opción 2,0,1.0,5.0,-1,-1,-1,No binario,2,5,2000.0,-1,-1,-1,-1.0,0.0,0.0,0.0,0.0,0.0,0.0,0.0,0.0,0.0,0.0
Suj_102,Respuestas de formulario 8,ALM,Bloque_SIN,1,Bloque_11,4,Opción 2,0,1.0,5.0,-1,-1,-1,No binario,2,5,1200.0,-1,-1,-1,-1.0,0.0,0.0,0.0,0.0,0.0,0.0,0.0,0.0,0.0,0.0
Suj_102,Respuestas de formulario 8,AEF,Bloque_SIN,1,Bloque_3,5,Opción 2,0,1.0,5.0,-1,-1,-1,No binario,2,5,0.0,-1,-1,-1,-1.0,0.0,0.0,0.0,0.0,0.0,0.0,0.0,0.0,0.0,0.0
Suj_102,Respuestas de formulario 8,AGH,Bloque_SIN,1,Bloque_7,6,Opción 2,0,1.0,5.0,-1,-1,-1,No binario,2,5,2400.0,-1,-1,-1,-1.0,0.0,0.0,0.0,0.0,0.0,0.0,0.0,0.0,0.0,0.0
Suj_102,Respuestas de formulario 8,AQS,Dist,2,Bloque_9,1,Opción 2,0,1.0,5.0,-1,-1,-1,No binario,2,5,1000.0,-1,-1,-1,-1.0,0.0,0.0,0.0,0.0,0.0,0.0,0.0,0.0,0.0,0.0
Suj_102,Respuestas de formulario 8,AJK,Dist,2,Bloque_1,2,Opción 2,0,1.0,5.0,-1,-1,-1,No binario,2,5,0.0,-1,-1,-1,-1.0,0.0,0.0,0.0,0.0,0.0,0.0,0.0,0.0,0.0,0.0
Suj_102,Respuestas de formulario 8,ABC,Dist,2,Bloque_5,3,Opción 2,0,1.0,5.0,-1,-1,-1,No binario,2,5,2000.0,-1,-1,-1,-1.0,0.0,0.0,0.0,0.0,0.0,0.0,0.0,0.0,0.0,0.0
Suj_102,Respuestas de formulario 8,ALM,Dist,2,Bloque_11,4,Opción 2,0,1.0,5.0,-1,-1,-1,No binario,2,5,1200.0,-1,-1,-1,-1.0,0.0,0.0,0.0,0.0,0.0,0.0,0.0,0.0,0.0,0.0
Suj_102,Respuestas de formulario 8,AEF,Dist,2,Bloque_3,5,Opción 2,0,1.0,5.0,-1,-1,-1,No binario,2,5,0.0,-1,-1,-1,-1.0,0.0,0.0,0.0,0.0,0.0,0.0,0.0,0.0,0.0,0.0
Suj_102,Respuestas de formulario 8,AGH,Dist,2,Bloque_7,6,Opción 2,0,1.0,5.0,-1,-1,-1,No binario,2,5,2400.0,-1,-1,-1,-1.0,0.0,0.0,0.0,0.0,0.0,0.0,0.0,0.0,0.0,0.0
Suj_102,Respuestas de formulario 8,AQS,Bloque_CON,3,Bloque_9,1,Opción 2,0,1.0,5.0,-1,-1,-1,No binario,2,5,1000.0,-1,-1,-1,-1.0,0.0,0.0,0.0,0.0,0.0,0.0,0.0,0.0,0.0,0.0
Suj_102,Respuestas de formulario 8,AJK,Bloque_CON,3,Bloque_1,2,Opción 2,0,1.0,5.0,-1,-1,-1,No binario,2,5,0.0,-1,-1,-1,-1.0,0.0,0.0,0.0,0.0,0.0,0.0,0.0,0.0,0.0,0.0
Suj_102,Respuestas de formulario 8,ABC,Bloque_CON,3,Bloque_5,3,Opción 2,0,1.0,5.0,-1,-1,-1,No binario,2,5,2000.0,-1,-1,-1,-1.0,0.0,0.0,0.0,0.0,0.0,0.0,0.0,0.0,0.0,0.0
Suj_102,Respuestas de formulario 8,ALM,Bloque_CON,3,Bloque_11,4,Opción 2,0,1.0,5.0,-1,-1,-1,No binario,2,5,1200.0,-1,-1,-1,-1.0,0.0,0.0,0.0,0.0,0.0,0.0,0.0,0.0,0.0,0.0
Suj_102,Respuestas de formulario 8,AEF,Bloque_CON,3,Bloque_3,5,Opción 2,0,1.0,5.0,-1,-1,-1,No binario,2,5,0.0,-1,-1,-1,-1.0,0.0,0.0,0.0,0.0,0.0,0.0,0.0,0.0,0.0,0.0
Suj_102,Respuestas de formulario 8,AGH,Bloque_CON,3,Bloque_7,6,Opción 2,0,1.0,5.0,-1,-1,-1,No binario,2,5,2400.0,-1,-1,-1,-1.0,0.0,0.0,0.0,0.0,0.0,0.0,0.0,0.0,0.0,0.0
Suj_103,Respuestas de formulario 8,AQS,Bloque_SIN,1,Bloque_9,1,Opción 2,0,1.3,4.333333333333333,-1,-1,1,Mujer,4,5,1000.0,-1,-1,1,1.0,0.5,0.0,0.0,0.3333333333333333,0.0,0.3333333333333333,0.16666666666666666,0.16666666666666666,0.16666666666666666,0.0
Suj_103,Respuestas de formulario 8,AJK,Bloque_SIN,1,Bloque_1,2,Opción 2,0,1.3,4.333333333333333,-1,-1,1,Mujer,4,5,0.0,-1,-1,1,-1.0,0.5,0.0,0.0,0.3333333333333333,0.0,0.3333333333333333,0.16666666666666666,0.16666666666666666,0.16666666666666666,0.0
Suj_103,Respuestas de formulario 8,ABC,Bloque_SIN,1,Bloque_5,3,Opción 1,1,1.3,4.333333333333333,-1,-1,1,Mujer,4,5,2000.0,-1,-1,1,-1.0,0.5,0.0,0.0,0.3333333333333333,0.0,0.3333333333333333,0.16666666666666666,0.16666666666666666,0.16666666666666666,0.0
Suj_103,Respuestas de formulario 8,ALM,Bloque_SIN,1,Bloque_11,4,Opción 2,0,1.3,4.333333333333333,-1,-1,1,Mujer,4,5,1200.0,-1,-1,1,1.0,0.5,0.0,0.0,0.3333333333333333,0.0,0.3333333333333333,0.16666666666666666,0.16666666666666666,0.16666666666666666,0.0
Suj_103,Respuestas de formulario 8,AEF,Bloque_SIN,1,Bloque_3,5,Opción 2,0,1.3,4.333333333333333,-1,-1,1,Mujer,4,5,0.0,-1,-1,1,-1.0,0.5,0.0,0.0,0.3333333333333333,0.0,0.3333333333333333,0.16666666666666666,0.16666666666666666,0.16666666666666666,0.0
Suj_103,Respuestas de formulario 8,AGH,Bloque_SIN,1,Bloque_7,6,Opción 2,0,1.3,4.333333333333333,-1,-1,1,Mujer,4,5,2400.0,-1,-1,1,-1.0,0.5,0.0,0.0,0.3333333333333333,0.0,0.3333333333333333,0.16666666666666666,0.16666666666666666,0.16666666666666666,0.0
Suj_103,Respuestas de formulario 8,AQS,Dist,2,Bloque_9,1,Opción 2,0,1.3,4.333333333333333,-1,-1,1,Mujer,4,5,1000.0,-1,-1,1,1.0,0.5,0.0,0.0,0.3333333333333333,0.0,0.3333333333333333,0.16666666666666666,0.16666666666666666,0.16666666666666666,0.0
Suj_103,Respuestas de formulario 8,AJK,Dist,2,Bloque_1,2,Opción 1,1,1.3,4.333333333333333,-1,-1,1,Mujer,4,5,0.0,-1,-1,1,-1.0,0.5,0.0,0.0,0.3333333333333333,0.0,0.3333333333333333,0.16666666666666666,0.16666666666666666,0.16666666666666666,0.0
Suj_103,Respuestas de formulario 8,ABC,Dist,2,Bloque_5,3,Opción 2,0,1.3,4.333333333333333,-1,-1,1,Mujer,4,5,2000.0,-1,-1,1,-1.0,0.5,0.0,0.0,0.3333333333333333,0.0,0.3333333333333333,0.16666666666666666,0.16666666666666666,0.16666666666666666,0.0
Suj_103,Respuestas de formulario 8,ALM,Dist,2,Bloque_11,4,Opción 2,0,1.3,4.333333333333333,-1,-1,1,Mujer,4,5,1200.0,-1,-1,1,1.0,0.5,0.0,0.0,0.3333333333333333,0.0,0.3333333333333333,0.16666666666666666,0.16666666666666666,0.16666666666666666,0.0
Suj_103,Respuestas de formulario 8,AEF,Dist,2,Bloque_3,5,Opción 2,0,1.3,4.333333333333333,-1,-1,1,Mujer,4,5,0.0,-1,-1,1,-1.0,0.5,0.0,0.0,0.3333333333333333,0.0,0.3333333333333333,0.16666666666666666,0.16666666666666666,0.16666666666666666,0.0
Suj_103,Respuestas de formulario 8,AGH,Dist,2,Bloque_7,6,Opción 2,0,1.3,4.333333333333333,-1,-1,1,Mujer,4,5,2400.0,-1,-1,1,-1.0,0.5,0.0,0.0,0.3333333333333333,0.0,0.3333333333333333,0.16666666666666666,0.16666666666666666,0.16666666666666666,0.0
Suj_103,Respuestas de formulario 8,AQS,Bloque_CON,3,Bloque_9,1,Opción 2,0,1.3,4.333333333333333,-1,-1,1,Mujer,4,5,1000.0,-1,-1,1,1.0,0.5,0.0,0.0,0.3333333333333333,0.0,0.3333333333333333,0.16666666666666666,0.16666666666666666,0.16666666666666666,0.0
Suj_103,Respuestas de formulario 8,AJK,Bloque_CON,3,Bloque_1,2,Opción 1,1,1.3,4.333333333333333,-1,-1,1,Mujer,4,5,0.0,-1,-1,1,-1.0,0.5,0.0,0.0,0.3333333333333333,0.0,0.3333333333333333,0.16666666666666666,0.16666666666666666,0.16666666666666666,0.0
Suj_103,Respuestas de formulario 8,ABC,Bloque_CON,3,Bloque_5,3,Opción 2,0,1.3,4.333333333333333,-1,-1,1,Mujer,4,5,2000.0,-1,-1,1,-1.0,0.5,0.0,0.0,0.3333333333333333,0.0,0.3333333333333333,0.16666666666666666,0.16666666666666666,0.16666666666666666,0.0
Suj_103,Respuestas de formulario 8,ALM,Bloque_CON,3,Bloque_11,4,Opción 2,0,1.3,4.333333333333333,-1,-1,1,Mujer,4,5,1200.0,-1,-1,1,1.0,0.5,0.0,0.0,0.3333333333333333,0.0,0.3333333333333333,0.16666666666666666,0.16666666666666666,0.16666666666666666,0.0
Suj_103,Respuestas de formulario 8,AEF,Bloque_CON,3,Bloque_3,5,Opción 1,1,1.3,4.333333333333333,-1,-1,1,Mujer,4,5,0.0,-1,-1,1,-1.0,0.5,0.0,0.0,0.3333333333333333,0.0,0.3333333333333333,0.16666666666666666,0.16666666666666666,0.16666666666666666,0.0
Suj_103,Respuestas de formulario 8,AGH,Bloque_CON,3,Bloque_7,6,Opción 2,0,1.3,4.333333333333333,-1,-1,1,Mujer,4,5,2400.0,-1,-1,1,-1.0,0.5,0.0,0.0,0.3333333333333333,0.0,0.3333333333333333,0.16666666666666666,0.16666666666666666,0.16666666666666666,0.0
Suj_104,Respuestas de formulario 9,ABC,Dist,1,Bloque_11,1,Opción 2,0,1.5,3.3333333333333335,1,0,-1,Mujer,4,8,1200.0,1,0,-1,-1.0,0.5,0.3333333333333333,0.6666666666666666,0.6666666666666666,0.0,0.8333333333333334,0.5,0.0,0.33333333333333337,0.5
Suj_104,Respuestas de formulario 9,AEF,Dist,1,Bloque_3,2,Opción 2,0,1.5,3.3333333333333335,1,0,-1,Mujer,4,8,0.0,1,0,-1,1.0,0.5,0.3333333333333333,0.6666666666666666,0.6666666666666666,0.0,0.8333333333333334,0.5,0.0,0.33333333333333337,0.5
Suj_104,Respuestas de formulario 9,AJK,Dist,1,Bloque_9,3,Opción 2,0,1.5,3.3333333333333335,1,0,-1,Mujer,4,8,1000.0,1,0,-1,-1.0,0.5,0.3333333333333333,0.6666666666666666,0.6666666666666666,0.0,0.8333333333333334,0.5,0.0,0.33333333333333337,0.5
Suj_104,Respuestas de formulario 9,AGH,Dist,1,Bloque_7,4,Opción 2,0,1.5,3.3333333333333335,1,0,-1,Mujer,4,8,2400.0,1,0,-1,0.0,0.5,0.3333333333333333,0.6666666666666666,0.6666666666666666,0.0,0.8333333333333334,0.5,0.0,0.33333333333333337,0.5
Suj_104,Respuestas de formulario 9,ALM,Dist,1,Bloque_1,5,Opción 2,0,1.5,3.3333333333333335,1,0,-1,Mujer,4,8,0.0,1,0,-1,1.0,0.5,0.3333333333333333,0.6666666666666666,0.6666666666666666,0.0,0.8333333333333334,0.5,0.0,0.33333333333333337,0.5
Suj_104,Respuestas de formulario 9,AQS,Dist,1,Bloque_5,6,Opción 2,0,1.5,3.3333333333333335,1,0,-1,Mujer,4,8,2000.0,1,0,-1,0.0,0.5,0.3333333333333333,0.6666666666666666,0.6666666666666666,0.0,0.8333333333333334,0.5,0.0,0.33333333333333337,0.5
Suj_104,Respuestas de formulario 9,ABC,Bloque_SIN,2,Bloque_11,1,Opción 1,1,1.5,3.3333333333333335,1,0,-1,Mujer,4,8,1200.0,1,0,-1,-1.0,0.5,0.3333333333333333,0.6666666666666666,0.6666666666666666,0.0,0.8333333333333334,0.5,0.0,0.33333333333333337,0.5
Suj_104,Respuestas de formulario 9,AEF,Bloque_SIN,2,Bloque_3,2,Opción 2,0,1.5,3.3333333333333335,1,0,-1,Mujer,4,8,0.0,1,0,-1,1.0,0.5,0.3333333333333333,0.6666666666666666,0.6666666666666666,0.0,0.8333333333333334,0.5,0.0,0.33333333333333337,0.5
Suj_104,Respuestas de formulario 9,AJK,Bloque_SIN,2,Bloque_9,3,Opción 2,0,1.5,3.3333333333333335,1,0,-1,Mujer,4,8,1000.0,1,0,-1,-1.0,0.5,0.3333333333333333,0.6666666666666666,0.6666666666666666,0.0,0.8333333333333334,0.5,0.0,0.33333333333333337,0.5
Suj_104,Respuestas de formulario 9,AGH,Bloque_SIN,2,Bloque_7,4,Opción 2,0,1.5,3.3333333333333335,1,0,-1,Mujer,4,8,2400.0,1,0,-1,0.0,0.5,0.3333333333333333,0.6666666666666666,0.6666666666666666,0.0,0.8333333333333334,0.5,0.0,0.33333333333333337,0.5
Suj_104,Respuestas de formulario 9,ALM,Bloque_SIN,2,Bloque_1,5,Opción 1,1,1.5,3.3333333333333335,1,0,-1,Mujer,4,8,0.0,1,0,-1,1.0,0.5,0.3333333333333333,0.6666666666666666,0.6666666666666666,0.0,0.8333333333333334,0.5,0.0,0.33333333333333337,0.5
Suj_104,Respuestas de formulario 9,AQS,Bloque_SIN,2,Bloque_5,6,Opción 1,1,1.5,3.3333333333333335,1,0,-1,Mujer,4,8,2000.0,1,0,-1,0.0,0.5,0.3333333333333333,0.6666666666666666,0.6666666666666666,0.0,0.8333333333333334,0.5,0.0,0.33333333333333337,0.5
Suj_104,Respuestas de formulario 9,ABC,Bloque_CON,3,Bloque_11,1,Opción 1,1,1.5,3.3333333333333335,1,0,-1,Mujer,4,8,1200.0,1,0,-1,-1.0,0.5,0.3333333333333333,0.6666666666666666,0.6666666666666666,0.0,0.8333333333333334,0.5,0.0,0.33333333333333337,0.5
Suj_104,Respuestas de formulario 9,AEF,Bloque_CON,3,Bloque_3,2,Opción 1,1,1.5,3.3333333333333335,1,0,-1,Mujer,4,8,0.0,1,0,-1,1.0,0.5,0.3333333333333333,0.6666666666666666,0.6666666666666666,0.0,0.8333333333333334,0.5,0.0,0.33333333333333337,0.5
Suj_104,Respuestas de formulario 9,AJK,Bloque_CON,3,Bloque_9,3,Opción 1,1,1.5,3.3333333333333335,1,0,-1,Mujer,4,8,1000.0,1,0,-1,-1.0,0.5,0.3333333333333333,0.6666666666666666,0.6666666666666666,0.0,0.8333333333333334,0.5,0.0,0.33333333333333337,0.5
Suj_104,Respuestas de formulario 9,AGH,Bloque_CON,3,Bloque_7,4,Opción 2,0,1.5,3.3333333333333335,1,0,-1,Mujer,4,8,2400.0,1,0,-1,0.0,0.5,0.3333333333333333,0.6666666666666666,0.6666666666666666,0.0,0.8333333333333334,0.5,0.0,0.33333333333333337,0.5
Suj_104,Respuestas de formulario 9,ALM,Bloque_CON,3,Bloque_1,5,Opción 1,1,1.5,3.3333333333333335,1,0,-1,Mujer,4,8,0.0,1,0,-1,1.0,0.5,0.3333333333333333,0.6666666666666666,0.6666666666666666,0.0,0.8333333333333334,0.5,0.0,0.33333333333333337,0.5
Suj_104,Respuestas de formulario 9,AQS,Bloque_CON,3,Bloque_5,6,Opción 1,1,1.5,3.3333333333333335,1,0,-1,Mujer,4,8,2000.0,1,0,-1,0.0,0.5,0.3333333333333333,0.6666666666666666,0.6666666666666666,0.0,0.8333333333333334,0.5,0.0,0.33333333333333337,0.5
Suj_105,Respuestas de formulario 9,ABC,Bloque_CON,3,Bloque_11,1,Opción 1,1,2.4,4.333333333333333,0,1,-1,Mujer,1,3,1200.0,0,1,-1,-1.0,0.3333333333333333,1.0,0.6666666666666666,0.3333333333333333,0.6666666666666666,0.5,0.6666666666666666,0.5,-0.16666666666666663,0.16666666666666663
Suj_105,Respuestas de formulario 9,AEF,Bloque_CON,3,Bloque_3,2,Opción 2,0,2.4,4.333333333333333,0,1,-1,Mujer,1,3,0.0,0,1,-1,0.0,0.3333333333333333,1.0,0.6666666666666666,0.3333333333333333,0.6666666666666666,0.5,0.6666666666666666,0.5,-0.16666666666666663,0.16666666666666663
Suj_105,Respuestas de formulario 9,AJK,Bloque_CON,3,Bloque_9,3,Opción 1,1,2.4,4.333333333333333,0,1,-1,Mujer,1,3,1000.0,0,1,-1,-1.0,0.3333333333333333,1.0,0.6666666666666666,0.3333333333333333,0.6666666666666666,0.5,0.6666666666666666,0.5,-0.16666666666666663,0.16666666666666663
Suj_105,Respuestas de formulario 9,AGH,Bloque_CON,3,Bloque_7,4,Opción 1,1,2.4,4.333333333333333,0,1,-1,Mujer,1,3,2400.0,0,1,-1,1.0,0.3333333333333333,1.0,0.6666666666666666,0.3333333333333333,0.6666666666666666,0.5,0.6666666666666666,0.5,-0.16666666666666663,0.16666666666666663
Suj_105,Respuestas de formulario 9,ALM,Bloque_CON,3,Bloque_1,5,Opción 2,0,2.4,4.333333333333333,0,1,-1,Mujer,1,3,0.0,0,1,-1,0.0,0.3333333333333333,1.0,0.6666666666666666,0.3333333333333333,0.6666666666666666,0.5,0.6666666666666666,0.5,-0.16666666666666663,0.16666666666666663
Suj_105,Respuestas de formulario 9,AQS,Bloque_CON,3,Bloque_5,6,Opción 2,0,2.4,4.333333333333333,0,1,-1,Mujer,1,3,2000.0,0,1,-1,1.0,0.3333333333333333,1.0,0.6666666666666666,0.3333333333333333,0.6666666666666666,0.5,0.6666666666666666,0.5,-0.16666666666666663,0.16666666666666663
Suj_106,Respuestas de formulario 9,ABC,Bloque_SIN,2,Bloque_11,1,Opción 2,0,2.1,4.333333333333333,-1,-1,-1,Mujer,6,7,1200.0,-1,-1,-1,-1.0,0.0,0.0,0.0,0.0,0.0,0.0,0.0,0.0,0.0,0.0
Suj_106,Respuestas de formulario 9,AEF,Bloque_SIN,2,Bloque_3,2,Opción 2,0,2.1,4.333333333333333,-1,-1,-1,Mujer,6,7,0.0,-1,-1,-1,-1.0,0.0,0.0,0.0,0.0,0.0,0.0,0.0,0.0,0.0,0.0
Suj_106,Respuestas de formulario 9,AJK,Bloque_SIN,2,Bloque_9,3,Opción 2,0,2.1,4.333333333333333,-1,-1,-1,Mujer,6,7,1000.0,-1,-1,-1,-1.0,0.0,0.0,0.0,0.0,0.0,0.0,0.0,0.0,0.0,0.0
Suj_106,Respuestas de formulario 9,AGH,Bloque_SIN,2,Bloque_7,4,Opción 2,0,2.1,4.333333333333333,-1,-1,-1,Mujer,6,7,2400.0,-1,-1,-1,-1.0,0.0,0.0,0.0,0.0,0.0,0.0,0.0,0.0,0.0,0.0
Suj_106,Respuestas de formulario 9,ALM,Bloque_SIN,2,Bloque_1,5,Opción 2,0,2.1,4.333333333333333,-1,-1,-1,Mujer,6,7,0.0,-1,-1,-1,-1.0,0.0,0.0,0.0,0.0,0.0,0.0,0.0,0.0,0.0,0.0
Suj_106,Respuestas de formulario 9,AQS,Bloque_SIN,2,Bloque_5,6,Opción 2,0,2.1,4.333333333333333,-1,-1,-1,Mujer,6,7,2000.0,-1,-1,-1,-1.0,0.0,0.0,0.0,0.0,0.0,0.0,0.0,0.0,0.0,0.0
Suj_106,Respuestas de formulario 9,ABC,Bloque_CON,3,Bloque_11,1,Opción 2,0,2.1,4.333333333333333,-1,-1,-1,Mujer,6,7,1200.0,-1,-1,-1,-1.0,0.0,0.0,0.0,0.0,0.0,0.0,0.0,0.0,0.0,0.0
Suj_106,Respuestas de formulario 9,AEF,Bloque_CON,3,Bloque_3,2,Opción 2,0,2.1,4.333333333333333,-1,-1,-1,Mujer,6,7,0.0,-1,-1,-1,-1.0,0.0,0.0,0.0,0.0,0.0,0.0,0.0,0.0,0.0,0.0
Suj_106,Respuestas de formulario 9,AJK,Bloque_CON,3,Bloque_9,3,Opción 2,0,2.1,4.333333333333333,-1,-1,-1,Mujer,6,7,1000.0,-1,-1,-1,-1.0,0.0,0.0,0.0,0.0,0.0,0.0,0.0,0.0,0.0,0.0
Suj_106,Respuestas de formulario 9,AGH,Bloque_CON,3,Bloque_7,4,Opción 2,0,2.1,4.333333333333333,-1,-1,-1,Mujer,6,7,2400.0,-1,-1,-1,-1.0,0.0,0.0,0.0,0.0,0.0,0.0,0.0,0.0,0.0,0.0
Suj_106,Respuestas de formulario 9,ALM,Bloque_CON,3,Bloque_1,5,Opción 2,0,2.1,4.333333333333333,-1,-1,-1,Mujer,6,7,0.0,-1,-1,-1,-1.0,0.0,0.0,0.0,0.0,0.0,0.0,0.0,0.0,0.0,0.0
Suj_106,Respuestas de formulario 9,AQS,Bloque_CON,3,Bloque_5,6,Opción 2,0,2.1,4.333333333333333,-1,-1,-1,Mujer,6,7,2000.0,-1,-1,-1,-1.0,0.0,0.0,0.0,0.0,0.0,0.0,0.0,0.0,0.0,0.0
Suj_107,Respuestas de formulario 9,ABC,Dist,1,Bloque_11,1,Opción 2,0,1.3,2.5,0,0,0,Mujer,4,7,1200.0,0,0,0,0.0,0.6666666666666666,0.6666666666666666,0.6666666666666666,0.6666666666666666,0.6666666666666666,0.8333333333333334,0.6666666666666666,0.5,0.16666666666666674,0.16666666666666663
Suj_107,Respuestas de formulario 9,AEF,Dist,1,Bloque_3,2,Opción 2,0,1.3,2.5,0,0,0,Mujer,4,7,0.0,0,0,0,0.0,0.6666666666666666,0.6666666666666666,0.6666666666666666,0.6666666666666666,0.6666666666666666,0.8333333333333334,0.6666666666666666,0.5,0.16666666666666674,0.16666666666666663
Suj_107,Respuestas de formulario 9,AJK,Dist,1,Bloque_9,3,Opción 2,0,1.3,2.5,0,0,0,Mujer,4,7,1000.0,0,0,0,0.0,0.6666666666666666,0.6666666666666666,0.6666666666666666,0.6666666666666666,0.6666666666666666,0.8333333333333334,0.6666666666666666,0.5,0.16666666666666674,0.16666666666666663
Suj_107,Respuestas de formulario 9,AGH,Dist,1,Bloque_7,4,Opción 1,1,1.3,2.5,0,0,0,Mujer,4,7,2400.0,0,0,0,0.0,0.6666666666666666,0.6666666666666666,0.6666666666666666,0.6666666666666666,0.6666666666666666,0.8333333333333334,0.6666666666666666,0.5,0.16666666666666674,0.16666666666666663
Suj_107,Respuestas de formulario 9,ALM,Dist,1,Bloque_1,5,Opción 1,1,1.3,2.5,0,0,0,Mujer,4,7,0.0,0,0,0,0.0,0.6666666666666666,0.6666666666666666,0.6666666666666666,0.6666666666666666,0.6666666666666666,0.8333333333333334,0.6666666666666666,0.5,0.16666666666666674,0.16666666666666663
Suj_107,Respuestas de formulario 9,AQS,Dist,1,Bloque_5,6,Opción 1,1,1.3,2.5,0,0,0,Mujer,4,7,2000.0,0,0,0,0.0,0.6666666666666666,0.6666666666666666,0.6666666666666666,0.6666666666666666,0.6666666666666666,0.8333333333333334,0.6666666666666666,0.5,0.16666666666666674,0.16666666666666663
Suj_107,Respuestas de formulario 9,ABC,Bloque_SIN,2,Bloque_11,1,Opción 1,1,1.3,2.5,0,0,0,Mujer,4,7,1200.0,0,0,0,0.0,0.6666666666666666,0.6666666666666666,0.6666666666666666,0.6666666666666666,0.6666666666666666,0.8333333333333334,0.6666666666666666,0.5,0.16666666666666674,0.16666666666666663
Suj_107,Respuestas de formulario 9,AEF,Bloque_SIN,2,Bloque_3,2,Opción 1,1,1.3,2.5,0,0,0,Mujer,4,7,0.0,0,0,0,0.0,0.6666666666666666,0.6666666666666666,0.6666666666666666,0.6666666666666666,0.6666666666666666,0.8333333333333334,0.6666666666666666,0.5,0.16666666666666674,0.16666666666666663
Suj_107,Respuestas de formulario 9,AJK,Bloque_SIN,2,Bloque_9,3,Opción 1,1,1.3,2.5,0,0,0,Mujer,4,7,1000.0,0,0,0,0.0,0.6666666666666666,0.6666666666666666,0.6666666666666666,0.6666666666666666,0.6666666666666666,0.8333333333333334,0.6666666666666666,0.5,0.16666666666666674,0.16666666666666663
Suj_107,Respuestas de formulario 9,AGH,Bloque_SIN,2,Bloque_7,4,Opción 1,1,1.3,2.5,0,0,0,Mujer,4,7,2400.0,0,0,0,0.0,0.6666666666666666,0.6666666666666666,0.6666666666666666,0.6666666666666666,0.6666666666666666,0.8333333333333334,0.6666666666666666,0.5,0.16666666666666674,0.16666666666666663
Suj_107,Respuestas de formulario 9,ALM,Bloque_SIN,2,Bloque_1,5,Opción 2,0,1.3,2.5,0,0,0,Mujer,4,7,0.0,0,0,0,0.0,0.6666666666666666,0.6666666666666666,0.6666666666666666,0.6666666666666666,0.6666666666666666,0.8333333333333334,0.6666666666666666,0.5,0.16666666666666674,0.16666666666666663
Suj_107,Respuestas de formulario 9,AQS,Bloque_SIN,2,Bloque_5,6,Opción 2,0,1.3,2.5,0,0,0,Mujer,4,7,2000.0,0,0,0,0.0,0.6666666666666666,0.6666666666666666,0.6666666666666666,0.6666666666666666,0.6666666666666666,0.8333333333333334,0.6666666666666666,0.5,0.16666666666666674,0.16666666666666663
Suj_107,Respuestas de formulario 9,ABC,Bloque_CON,3,Bloque_11,1,Opción 1,1,1.3,2.5,0,0,0,Mujer,4,7,1200.0,0,0,0,0.0,0.6666666666666666,0.6666666666666666,0.6666666666666666,0.6666666666666666,0.6666666666666666,0.8333333333333334,0.6666666666666666,0.5,0.16666666666666674,0.16666666666666663
Suj_107,Respuestas de formulario 9,AEF,Bloque_CON,3,Bloque_3,2,Opción 1,1,1.3,2.5,0,0,0,Mujer,4,7,0.0,0,0,0,0.0,0.6666666666666666,0.6666666666666666,0.6666666666666666,0.6666666666666666,0.6666666666666666,0.8333333333333334,0.6666666666666666,0.5,0.16666666666666674,0.16666666666666663
Suj_107,Respuestas de formulario 9,AJK,Bloque_CON,3,Bloque_9,3,Opción 1,1,1.3,2.5,0,0,0,Mujer,4,7,1000.0,0,0,0,0.0,0.6666666666666666,0.6666666666666666,0.6666666666666666,0.6666666666666666,0.6666666666666666,0.8333333333333334,0.6666666666666666,0.5,0.16666666666666674,0.16666666666666663
Suj_107,Respuestas de formulario 9,AGH,Bloque_CON,3,Bloque_7,4,Opción 2,0,1.3,2.5,0,0,0,Mujer,4,7,2400.0,0,0,0,0.0,0.6666666666666666,0.6666666666666666,0.6666666666666666,0.6666666666666666,0.6666666666666666,0.8333333333333334,0.6666666666666666,0.5,0.16666666666666674,0.16666666666666663
Suj_107,Respuestas de formulario 9,ALM,Bloque_CON,3,Bloque_1,5,Opción 1,1,1.3,2.5,0,0,0,Mujer,4,7,0.0,0,0,0,0.0,0.6666666666666666,0.6666666666666666,0.6666666666666666,0.6666666666666666,0.6666666666666666,0.8333333333333334,0.6666666666666666,0.5,0.16666666666666674,0.16666666666666663
Suj_107,Respuestas de formulario 9,AQS,Bloque_CON,3,Bloque_5,6,Opción 1,1,1.3,2.5,0,0,0,Mujer,4,7,2000.0,0,0,0,0.0,0.6666666666666666,0.6666666666666666,0.6666666666666666,0.6666666666666666,0.6666666666666666,0.8333333333333334,0.6666666666666666,0.5,0.16666666666666674,0.16666666666666663
Suj_109,Respuestas de formulario 9,ABC,Dist,1,Bloque_11,1,Opción 1,1,2.7,4.0,0,0,0,Mujer,4,6,1200.0,0,0,0,0.0,1.0,0.3333333333333333,1.0,0.0,0.0,0.5,0.5,0.6666666666666666,0.0,-0.16666666666666663
Suj_109,Respuestas de formulario 9,AEF,Dist,1,Bloque_3,2,Opción 1,1,2.7,4.0,0,0,0,Mujer,4,6,0.0,0,0,0,0.0,1.0,0.3333333333333333,1.0,0.0,0.0,0.5,0.5,0.6666666666666666,0.0,-0.16666666666666663
Suj_109,Respuestas de formulario 9,AJK,Dist,1,Bloque_9,3,Opción 1,1,2.7,4.0,0,0,0,Mujer,4,6,1000.0,0,0,0,0.0,1.0,0.3333333333333333,1.0,0.0,0.0,0.5,0.5,0.6666666666666666,0.0,-0.16666666666666663
Suj_109,Respuestas de formulario 9,AGH,Dist,1,Bloque_7,4,Opción 2,0,2.7,4.0,0,0,0,Mujer,4,6,2400.0,0,0,0,0.0,1.0,0.3333333333333333,1.0,0.0,0.0,0.5,0.5,0.6666666666666666,0.0,-0.16666666666666663
Suj_109,Respuestas de formulario 9,ALM,Dist,1,Bloque_1,5,Opción 1,1,2.7,4.0,0,0,0,Mujer,4,6,0.0,0,0,0,0.0,1.0,0.3333333333333333,1.0,0.0,0.0,0.5,0.5,0.6666666666666666,0.0,-0.16666666666666663
Suj_109,Respuestas de formulario 9,AQS,Dist,1,Bloque_5,6,Opción 2,0,2.7,4.0,0,0,0,Mujer,4,6,2000.0,0,0,0,0.0,1.0,0.3333333333333333,1.0,0.0,0.0,0.5,0.5,0.6666666666666666,0.0,-0.16666666666666663
Suj_109,Respuestas de formulario 9,ABC,Bloque_SIN,2,Bloque_11,1,Opción 1,1,2.7,4.0,0,0,0,Mujer,4,6,1200.0,0,0,0,0.0,1.0,0.3333333333333333,1.0,0.0,0.0,0.5,0.5,0.6666666666666666,0.0,-0.16666666666666663
Suj_109,Respuestas de formulario 9,AEF,Bloque_SIN,2,Bloque_3,2,Opción 1,1,2.7,4.0,0,0,0,Mujer,4,6,0.0,0,0,0,0.0,1.0,0.3333333333333333,1.0,0.0,0.0,0.5,0.5,0.6666666666666666,0.0,-0.16666666666666663
Suj_109,Respuestas de formulario 9,AJK,Bloque_SIN,2,Bloque_9,3,Opción 2,0,2.7,4.0,0,0,0,Mujer,4,6,1000.0,0,0,0,0.0,1.0,0.3333333333333333,1.0,0.0,0.0,0.5,0.5,0.6666666666666666,0.0,-0.16666666666666663
Suj_109,Respuestas de formulario 9,AGH,Bloque_SIN,2,Bloque_7,4,Opción 2,0,2.7,4.0,0,0,0,Mujer,4,6,2400.0,0,0,0,0.0,1.0,0.3333333333333333,1.0,0.0,0.0,0.5,0.5,0.6666666666666666,0.0,-0.16666666666666663
Suj_109,Respuestas de formulario 9,ALM,Bloque_SIN,2,Bloque_1,5,Opción 1,1,2.7,4.0,0,0,0,Mujer,4,6,0.0,0,0,0,0.0,1.0,0.3333333333333333,1.0,0.0,0.0,0.5,0.5,0.6666666666666666,0.0,-0.16666666666666663
Suj_109,Respuestas de formulario 9,AQS,Bloque_SIN,2,Bloque_5,6,Opción 2,0,2.7,4.0,0,0,0,Mujer,4,6,2000.0,0,0,0,0.0,1.0,0.3333333333333333,1.0,0.0,0.0,0.5,0.5,0.6666666666666666,0.0,-0.16666666666666663
Suj_109,Respuestas de formulario 9,ABC,Bloque_CON,3,Bloque_11,1,Opción 1,1,2.7,4.0,0,0,0,Mujer,4,6,1200.0,0,0,0,0.0,1.0,0.3333333333333333,1.0,0.0,0.0,0.5,0.5,0.6666666666666666,0.0,-0.16666666666666663
Suj_109,Respuestas de formulario 9,AEF,Bloque_CON,3,Bloque_3,2,Opción 1,1,2.7,4.0,0,0,0,Mujer,4,6,0.0,0,0,0,0.0,1.0,0.3333333333333333,1.0,0.0,0.0,0.5,0.5,0.6666666666666666,0.0,-0.16666666666666663
Suj_109,Respuestas de formulario 9,AJK,Bloque_CON,3,Bloque_9,3,Opción 2,0,2.7,4.0,0,0,0,Mujer,4,6,1000.0,0,0,0,0.0,1.0,0.3333333333333333,1.0,0.0,0.0,0.5,0.5,0.6666666666666666,0.0,-0.16666666666666663
Suj_109,Respuestas de formulario 9,AGH,Bloque_CON,3,Bloque_7,4,Opción 2,0,2.7,4.0,0,0,0,Mujer,4,6,2400.0,0,0,0,0.0,1.0,0.3333333333333333,1.0,0.0,0.0,0.5,0.5,0.6666666666666666,0.0,-0.16666666666666663
Suj_109,Respuestas de formulario 9,ALM,Bloque_CON,3,Bloque_1,5,Opción 1,1,2.7,4.0,0,0,0,Mujer,4,6,0.0,0,0,0,0.0,1.0,0.3333333333333333,1.0,0.0,0.0,0.5,0.5,0.6666666666666666,0.0,-0.16666666666666663
Suj_109,Respuestas de formulario 9,AQS,Bloque_CON,3,Bloque_5,6,Opción 2,0,2.7,4.0,0,0,0,Mujer,4,6,2000.0,0,0,0,0.0,1.0,0.3333333333333333,1.0,0.0,0.0,0.5,0.5,0.6666666666666666,0.0,-0.16666666666666663
Suj_110,Respuestas de formulario 9,ABC,Dist,1,Bloque_11,1,Opción 2,0,2.0,4.333333333333333,0,1,1,Mujer,2,5,1200.0,0,1,1,1.0,0.16666666666666666,0.6666666666666666,0.0,0.6666666666666666,0.6666666666666666,0.16666666666666666,0.5,0.5,-0.33333333333333337,0.0
Suj_110,Respuestas de formulario 9,AEF,Dist,1,Bloque_3,2,Opción 2,0,2.0,4.333333333333333,0,1,1,Mujer,2,5,0.0,0,1,1,0.0,0.16666666666666666,0.6666666666666666,0.0,0.6666666666666666,0.6666666666666666,0.16666666666666666,0.5,0.5,-0.33333333333333337,0.0
Suj_110,Respuestas de formulario 9,AJK,Dist,1,Bloque_9,3,Opción 1,1,2.0,4.333333333333333,0,1,1,Mujer,2,5,1000.0,0,1,1,1.0,0.16666666666666666,0.6666666666666666,0.0,0.6666666666666666,0.6666666666666666,0.16666666666666666,0.5,0.5,-0.33333333333333337,0.0
Suj_110,Respuestas de formulario 9,AGH,Dist,1,Bloque_7,4,Opción 1,1,2.0,4.333333333333333,0,1,1,Mujer,2,5,2400.0,0,1,1,1.0,0.16666666666666666,0.6666666666666666,0.0,0.6666666666666666,0.6666666666666666,0.16666666666666666,0.5,0.5,-0.33333333333333337,0.0
Suj_110,Respuestas de formulario 9,ALM,Dist,1,Bloque_1,5,Opción 2,0,2.0,4.333333333333333,0,1,1,Mujer,2,5,0.0,0,1,1,0.0,0.16666666666666666,0.6666666666666666,0.0,0.6666666666666666,0.6666666666666666,0.16666666666666666,0.5,0.5,-0.33333333333333337,0.0
Suj_110,Respuestas de formulario 9,AQS,Dist,1,Bloque_5,6,Opción 1,1,2.0,4.333333333333333,0,1,1,Mujer,2,5,2000.0,0,1,1,1.0,0.16666666666666666,0.6666666666666666,0.0,0.6666666666666666,0.6666666666666666,0.16666666666666666,0.5,0.5,-0.33333333333333337,0.0
Suj_110,Respuestas de formulario 9,ABC,Bloque_SIN,2,Bloque_11,1,Opción 2,0,2.0,4.333333333333333,0,1,1,Mujer,2,5,1200.0,0,1,1,1.0,0.16666666666666666,0.6666666666666666,0.0,0.6666666666666666,0.6666666666666666,0.16666666666666666,0.5,0.5,-0.33333333333333337,0.0
Suj_110,Respuestas de formulario 9,AEF,Bloque_SIN,2,Bloque_3,2,Opción 1,1,2.0,4.333333333333333,0,1,1,Mujer,2,5,0.0,0,1,1,0.0,0.16666666666666666,0.6666666666666666,0.0,0.6666666666666666,0.6666666666666666,0.16666666666666666,0.5,0.5,-0.33333333333333337,0.0
Suj_110,Respuestas de formulario 9,AJK,Bloque_SIN,2,Bloque_9,3,Opción 2,0,2.0,4.333333333333333,0,1,1,Mujer,2,5,1000.0,0,1,1,1.0,0.16666666666666666,0.6666666666666666,0.0,0.6666666666666666,0.6666666666666666,0.16666666666666666,0.5,0.5,-0.33333333333333337,0.0
Suj_110,Respuestas de formulario 9,AGH,Bloque_SIN,2,Bloque_7,4,Opción 1,1,2.0,4.333333333333333,0,1,1,Mujer,2,5,2400.0,0,1,1,1.0,0.16666666666666666,0.6666666666666666,0.0,0.6666666666666666,0.6666666666666666,0.16666666666666666,0.5,0.5,-0.33333333333333337,0.0
Suj_110,Respuestas de formulario 9,ALM,Bloque_SIN,2,Bloque_1,5,Opción 2,0,2.0,4.333333333333333,0,1,1,Mujer,2,5,0.0,0,1,1,0.0,0.16666666666666666,0.6666666666666666,0.0,0.6666666666666666,0.6666666666666666,0.16666666666666666,0.5,0.5,-0.33333333333333337,0.0
Suj_110,Respuestas de formulario 9,AQS,Bloque_SIN,2,Bloque_5,6,Opción 1,1,2.0,4.333333333333333,0,1,1,Mujer,2,5,2000.0,0,1,1,1.0,0.16666666666666666,0.6666666666666666,0.0,0.6666666666666666,0.6666666666666666,0.16666666666666666,0.5,0.5,-0.33333333333333337,0.0
Suj_110,Respuestas de formulario 9,ABC,Bloque_CON,3,Bloque_11,1,Opción 2,0,2.0,4.333333333333333,0,1,1,Mujer,2,5,1200.0,0,1,1,1.0,0.16666666666666666,0.6666666666666666,0.0,0.6666666666666666,0.6666666666666666,0.16666666666666666,0.5,0.5,-0.33333333333333337,0.0
Suj_110,Respuestas de formulario 9,AEF,Bloque_CON,3,Bloque_3,2,Opción 2,0,2.0,4.333333333333333,0,1,1,Mujer,2,5,0.0,0,1,1,0.0,0.16666666666666666,0.6666666666666666,0.0,0.6666666666666666,0.6666666666666666,0.16666666666666666,0.5,0.5,-0.33333333333333337,0.0
Suj_110,Respuestas de formulario 9,AJK,Bloque_CON,3,Bloque_9,3,Opción 1,1,2.0,4.333333333333333,0,1,1,Mujer,2,5,1000.0,0,1,1,1.0,0.16666666666666666,0.6666666666666666,0.0,0.6666666666666666,0.6666666666666666,0.16666666666666666,0.5,0.5,-0.33333333333333337,0.0
Suj_110,Respuestas de formulario 9,AGH,Bloque_CON,3,Bloque_7,4,Opción 2,0,2.0,4.333333333333333,0,1,1,Mujer,2,5,2400.0,0,1,1,1.0,0.16666666666666666,0.6666666666666666,0.0,0.6666666666666666,0.6666666666666666,0.16666666666666666,0.5,0.5,-0.33333333333333337,0.0
Suj_110,Respuestas de formulario 9,ALM,Bloque_CON,3,Bloque_1,5,Opción 2,0,2.0,4.333333333333333,0,1,1,Mujer,2,5,0.0,0,1,1,0.0,0.16666666666666666,0.6666666666666666,0.0,0.6666666666666666,0.6666666666666666,0.16666666666666666,0.5,0.5,-0.33333333333333337,0.0
Suj_110,Respuestas de formulario 9,AQS,Bloque_CON,3,Bloque_5,6,Opción 2,0,2.0,4.333333333333333,0,1,1,Mujer,2,5,2000.0,0,1,1,1.0,0.16666666666666666,0.6666666666666666,0.0,0.6666666666666666,0.6666666666666666,0.16666666666666666,0.5,0.5,-0.33333333333333337,0.0
Suj_111,Respuestas de formulario 9,ABC,Dist,1,Bloque_11,1,Opción 1,1,2.3,4.833333333333333,0,0,0,Mujer,4,5,1200.0,0,0,0,0.0,0.6666666666666666,0.0,0.6666666666666666,0.3333333333333333,0.0,0.3333333333333333,0.3333333333333333,0.5,0.0,-0.16666666666666669
Suj_111,Respuestas de formulario 9,AEF,Dist,1,Bloque_3,2,Opción 1,1,2.3,4.833333333333333,0,0,0,Mujer,4,5,0.0,0,0,0,0.0,0.6666666666666666,0.0,0.6666666666666666,0.3333333333333333,0.0,0.3333333333333333,0.3333333333333333,0.5,0.0,-0.16666666666666669
Suj_111,Respuestas de formulario 9,AJK,Dist,1,Bloque_9,3,Opción 2,0,2.3,4.833333333333333,0,0,0,Mujer,4,5,1000.0,0,0,0,0.0,0.6666666666666666,0.0,0.6666666666666666,0.3333333333333333,0.0,0.3333333333333333,0.3333333333333333,0.5,0.0,-0.16666666666666669
Suj_111,Respuestas de formulario 9,AGH,Dist,1,Bloque_7,4,Opción 2,0,2.3,4.833333333333333,0,0,0,Mujer,4,5,2400.0,0,0,0,0.0,0.6666666666666666,0.0,0.6666666666666666,0.3333333333333333,0.0,0.3333333333333333,0.3333333333333333,0.5,0.0,-0.16666666666666669
Suj_111,Respuestas de formulario 9,ALM,Dist,1,Bloque_1,5,Opción 1,1,2.3,4.833333333333333,0,0,0,Mujer,4,5,0.0,0,0,0,0.0,0.6666666666666666,0.0,0.6666666666666666,0.3333333333333333,0.0,0.3333333333333333,0.3333333333333333,0.5,0.0,-0.16666666666666669
Suj_111,Respuestas de formulario 9,AQS,Dist,1,Bloque_5,6,Opción 2,0,2.3,4.833333333333333,0,0,0,Mujer,4,5,2000.0,0,0,0,0.0,0.6666666666666666,0.0,0.6666666666666666,0.3333333333333333,0.0,0.3333333333333333,0.3333333333333333,0.5,0.0,-0.16666666666666669
Suj_111,Respuestas de formulario 9,ABC,Bloque_SIN,2,Bloque_11,1,Opción 1,1,2.3,4.833333333333333,0,0,0,Mujer,4,5,1200.0,0,0,0,0.0,0.6666666666666666,0.0,0.6666666666666666,0.3333333333333333,0.0,0.3333333333333333,0.3333333333333333,0.5,0.0,-0.16666666666666669
Suj_111,Respuestas de formulario 9,AEF,Bloque_SIN,2,Bloque_3,2,Opción 1,1,2.3,4.833333333333333,0,0,0,Mujer,4,5,0.0,0,0,0,0.0,0.6666666666666666,0.0,0.6666666666666666,0.3333333333333333,0.0,0.3333333333333333,0.3333333333333333,0.5,0.0,-0.16666666666666669
Suj_111,Respuestas de formulario 9,AJK,Bloque_SIN,2,Bloque_9,3,Opción 2,0,2.3,4.833333333333333,0,0,0,Mujer,4,5,1000.0,0,0,0,0.0,0.6666666666666666,0.0,0.6666666666666666,0.3333333333333333,0.0,0.3333333333333333,0.3333333333333333,0.5,0.0,-0.16666666666666669
Suj_111,Respuestas de formulario 9,AGH,Bloque_SIN,2,Bloque_7,4,Opción 2,0,2.3,4.833333333333333,0,0,0,Mujer,4,5,2400.0,0,0,0,0.0,0.6666666666666666,0.0,0.6666666666666666,0.3333333333333333,0.0,0.3333333333333333,0.3333333333333333,0.5,0.0,-0.16666666666666669
Suj_111,Respuestas de formulario 9,ALM,Bloque_SIN,2,Bloque_1,5,Opción 2,0,2.3,4.833333333333333,0,0,0,Mujer,4,5,0.0,0,0,0,0.0,0.6666666666666666,0.0,0.6666666666666666,0.3333333333333333,0.0,0.3333333333333333,0.3333333333333333,0.5,0.0,-0.16666666666666669
Suj_111,Respuestas de formulario 9,AQS,Bloque_SIN,2,Bloque_5,6,Opción 2,0,2.3,4.833333333333333,0,0,0,Mujer,4,5,2000.0,0,0,0,0.0,0.6666666666666666,0.0,0.6666666666666666,0.3333333333333333,0.0,0.3333333333333333,0.3333333333333333,0.5,0.0,-0.16666666666666669
Suj_111,Respuestas de formulario 9,ABC,Bloque_CON,3,Bloque_11,1,Opción 2,0,2.3,4.833333333333333,0,0,0,Mujer,4,5,1200.0,0,0,0,0.0,0.6666666666666666,0.0,0.6666666666666666,0.3333333333333333,0.0,0.3333333333333333,0.3333333333333333,0.5,0.0,-0.16666666666666669
Suj_111,Respuestas de formulario 9,AEF,Bloque_CON,3,Bloque_3,2,Opción 2,0,2.3,4.833333333333333,0,0,0,Mujer,4,5,0.0,0,0,0,0.0,0.6666666666666666,0.0,0.6666666666666666,0.3333333333333333,0.0,0.3333333333333333,0.3333333333333333,0.5,0.0,-0.16666666666666669
Suj_111,Respuestas de formulario 9,AJK,Bloque_CON,3,Bloque_9,3,Opción 2,0,2.3,4.833333333333333,0,0,0,Mujer,4,5,1000.0,0,0,0,0.0,0.6666666666666666,0.0,0.6666666666666666,0.3333333333333333,0.0,0.3333333333333333,0.3333333333333333,0.5,0.0,-0.16666666666666669
Suj_111,Respuestas de formulario 9,AGH,Bloque_CON,3,Bloque_7,4,Opción 2,0,2.3,4.833333333333333,0,0,0,Mujer,4,5,2400.0,0,0,0,0.0,0.6666666666666666,0.0,0.6666666666666666,0.3333333333333333,0.0,0.3333333333333333,0.3333333333333333,0.5,0.0,-0.16666666666666669
Suj_111,Respuestas de formulario 9,ALM,Bloque_CON,3,Bloque_1,5,Opción 1,1,2.3,4.833333333333333,0,0,0,Mujer,4,5,0.0,0,0,0,0.0,0.6666666666666666,0.0,0.6666666666666666,0.3333333333333333,0.0,0.3333333333333333,0.3333333333333333,0.5,0.0,-0.16666666666666669
Suj_111,Respuestas de formulario 9,AQS,Bloque_CON,3,Bloque_5,6,Opción 1,1,2.3,4.833333333333333,0,0,0,Mujer,4,5,2000.0,0,0,0,0.0,0.6666666666666666,0.0,0.6666666666666666,0.3333333333333333,0.0,0.3333333333333333,0.3333333333333333,0.5,0.0,-0.16666666666666669
Suj_112,Respuestas de formulario 9,ABC,Dist,1,Bloque_11,1,Opción 2,0,3.7,5.0,-1,-1,-1,Hombre,5,6,1200.0,-1,-1,-1,-1.0,0.0,0.0,0.0,0.0,0.0,0.0,0.0,0.0,0.0,0.0
Suj_112,Respuestas de formulario 9,AEF,Dist,1,Bloque_3,2,Opción 2,0,3.7,5.0,-1,-1,-1,Hombre,5,6,0.0,-1,-1,-1,-1.0,0.0,0.0,0.0,0.0,0.0,0.0,0.0,0.0,0.0,0.0
Suj_112,Respuestas de formulario 9,AJK,Dist,1,Bloque_9,3,Opción 2,0,3.7,5.0,-1,-1,-1,Hombre,5,6,1000.0,-1,-1,-1,-1.0,0.0,0.0,0.0,0.0,0.0,0.0,0.0,0.0,0.0,0.0
Suj_112,Respuestas de formulario 9,AGH,Dist,1,Bloque_7,4,Opción 2,0,3.7,5.0,-1,-1,-1,Hombre,5,6,2400.0,-1,-1,-1,-1.0,0.0,0.0,0.0,0.0,0.0,0.0,0.0,0.0,0.0,0.0
Suj_112,Respuestas de formulario 9,ALM,Dist,1,Bloque_1,5,Opción 2,0,3.7,5.0,-1,-1,-1,Hombre,5,6,0.0,-1,-1,-1,-1.0,0.0,0.0,0.0,0.0,0.0,0.0,0.0,0.0,0.0,0.0
Suj_112,Respuestas de formulario 9,AQS,Dist,1,Bloque_5,6,Opción 2,0,3.7,5.0,-1,-1,-1,Hombre,5,6,2000.0,-1,-1,-1,-1.0,0.0,0.0,0.0,0.0,0.0,0.0,0.0,0.0,0.0,0.0
Suj_112,Respuestas de formulario 9,ABC,Bloque_SIN,2,Bloque_11,1,Opción 2,0,3.7,5.0,-1,-1,-1,Hombre,5,6,1200.0,-1,-1,-1,-1.0,0.0,0.0,0.0,0.0,0.0,0.0,0.0,0.0,0.0,0.0
Suj_112,Respuestas de formulario 9,AEF,Bloque_SIN,2,Bloque_3,2,Opción 2,0,3.7,5.0,-1,-1,-1,Hombre,5,6,0.0,-1,-1,-1,-1.0,0.0,0.0,0.0,0.0,0.0,0.0,0.0,0.0,0.0,0.0
Suj_112,Respuestas de formulario 9,AJK,Bloque_SIN,2,Bloque_9,3,Opción 2,0,3.7,5.0,-1,-1,-1,Hombre,5,6,1000.0,-1,-1,-1,-1.0,0.0,0.0,0.0,0.0,0.0,0.0,0.0,0.0,0.0,0.0
Suj_112,Respuestas de formulario 9,AGH,Bloque_SIN,2,Bloque_7,4,Opción 2,0,3.7,5.0,-1,-1,-1,Hombre,5,6,2400.0,-1,-1,-1,-1.0,0.0,0.0,0.0,0.0,0.0,0.0,0.0,0.0,0.0,0.0
Suj_112,Respuestas de formulario 9,ALM,Bloque_SIN,2,Bloque_1,5,Opción 2,0,3.7,5.0,-1,-1,-1,Hombre,5,6,0.0,-1,-1,-1,-1.0,0.0,0.0,0.0,0.0,0.0,0.0,0.0,0.0,0.0,0.0
Suj_112,Respuestas de formulario 9,AQS,Bloque_SIN,2,Bloque_5,6,Opción 2,0,3.7,5.0,-1,-1,-1,Hombre,5,6,2000.0,-1,-1,-1,-1.0,0.0,0.0,0.0,0.0,0.0,0.0,0.0,0.0,0.0,0.0
Suj_112,Respuestas de formulario 9,ABC,Bloque_CON,3,Bloque_11,1,Opción 2,0,3.7,5.0,-1,-1,-1,Hombre,5,6,1200.0,-1,-1,-1,-1.0,0.0,0.0,0.0,0.0,0.0,0.0,0.0,0.0,0.0,0.0
Suj_112,Respuestas de formulario 9,AEF,Bloque_CON,3,Bloque_3,2,Opción 2,0,3.7,5.0,-1,-1,-1,Hombre,5,6,0.0,-1,-1,-1,-1.0,0.0,0.0,0.0,0.0,0.0,0.0,0.0,0.0,0.0,0.0
Suj_112,Respuestas de formulario 9,AJK,Bloque_CON,3,Bloque_9,3,Opción 2,0,3.7,5.0,-1,-1,-1,Hombre,5,6,1000.0,-1,-1,-1,-1.0,0.0,0.0,0.0,0.0,0.0,0.0,0.0,0.0,0.0,0.0
Suj_112,Respuestas de formulario 9,AGH,Bloque_CON,3,Bloque_7,4,Opción 2,0,3.7,5.0,-1,-1,-1,Hombre,5,6,2400.0,-1,-1,-1,-1.0,0.0,0.0,0.0,0.0,0.0,0.0,0.0,0.0,0.0,0.0
Suj_112,Respuestas de formulario 9,ALM,Bloque_CON,3,Bloque_1,5,Opción 2,0,3.7,5.0,-1,-1,-1,Hombre,5,6,0.0,-1,-1,-1,-1.0,0.0,0.0,0.0,0.0,0.0,0.0,0.0,0.0,0.0,0.0
Suj_112,Respuestas de formulario 9,AQS,Bloque_CON,3,Bloque_5,6,Opción 2,0,3.7,5.0,-1,-1,-1,Hombre,5,6,2000.0,-1,-1,-1,-1.0,0.0,0.0,0.0,0.0,0.0,0.0,0.0,0.0,0.0,0.0
Suj_113,Respuestas de formulario 9,ABC,Dist,1,Bloque_11,1,Opción 2,0,2.9,3.0,0,1,-1,Mujer,5,6,1200.0,0,1,-1,-1.0,1.0,1.0,0.3333333333333333,1.0,0.0,0.6666666666666666,0.8333333333333334,0.6666666666666666,-0.16666666666666674,0.16666666666666674
Suj_113,Respuestas de formulario 9,AEF,Dist,1,Bloque_3,2,Opción 1,1,2.9,3.0,0,1,-1,Mujer,5,6,0.0,0,1,-1,0.0,1.0,1.0,0.3333333333333333,1.0,0.0,0.6666666666666666,0.8333333333333334,0.6666666666666666,-0.16666666666666674,0.16666666666666674
Suj_113,Respuestas de formulario 9,AJK,Dist,1,Bloque_9,3,Opción 1,1,2.9,3.0,0,1,-1,Mujer,5,6,1000.0,0,1,-1,-1.0,1.0,1.0,0.3333333333333333,1.0,0.0,0.6666666666666666,0.8333333333333334,0.6666666666666666,-0.16666666666666674,0.16666666666666674
Suj_113,Respuestas de formulario 9,AGH,Dist,1,Bloque_7,4,Opción 2,0,2.9,3.0,0,1,-1,Mujer,5,6,2400.0,0,1,-1,1.0,1.0,1.0,0.3333333333333333,1.0,0.0,0.6666666666666666,0.8333333333333334,0.6666666666666666,-0.16666666666666674,0.16666666666666674
Suj_113,Respuestas de formulario 9,ALM,Dist,1,Bloque_1,5,Opción 1,1,2.9,3.0,0,1,-1,Mujer,5,6,0.0,0,1,-1,0.0,1.0,1.0,0.3333333333333333,1.0,0.0,0.6666666666666666,0.8333333333333334,0.6666666666666666,-0.16666666666666674,0.16666666666666674
Suj_113,Respuestas de formulario 9,AQS,Dist,1,Bloque_5,6,Opción 1,1,2.9,3.0,0,1,-1,Mujer,5,6,2000.0,0,1,-1,1.0,1.0,1.0,0.3333333333333333,1.0,0.0,0.6666666666666666,0.8333333333333334,0.6666666666666666,-0.16666666666666674,0.16666666666666674
Suj_113,Respuestas de formulario 9,ABC,Bloque_SIN,2,Bloque_11,1,Opción 1,1,2.9,3.0,0,1,-1,Mujer,5,6,1200.0,0,1,-1,-1.0,1.0,1.0,0.3333333333333333,1.0,0.0,0.6666666666666666,0.8333333333333334,0.6666666666666666,-0.16666666666666674,0.16666666666666674
Suj_113,Respuestas de formulario 9,AEF,Bloque_SIN,2,Bloque_3,2,Opción 1,1,2.9,3.0,0,1,-1,Mujer,5,6,0.0,0,1,-1,0.0,1.0,1.0,0.3333333333333333,1.0,0.0,0.6666666666666666,0.8333333333333334,0.6666666666666666,-0.16666666666666674,0.16666666666666674
Suj_113,Respuestas de formulario 9,AJK,Bloque_SIN,2,Bloque_9,3,Opción 1,1,2.9,3.0,0,1,-1,Mujer,5,6,1000.0,0,1,-1,-1.0,1.0,1.0,0.3333333333333333,1.0,0.0,0.6666666666666666,0.8333333333333334,0.6666666666666666,-0.16666666666666674,0.16666666666666674
Suj_113,Respuestas de formulario 9,AGH,Bloque_SIN,2,Bloque_7,4,Opción 2,0,2.9,3.0,0,1,-1,Mujer,5,6,2400.0,0,1,-1,1.0,1.0,1.0,0.3333333333333333,1.0,0.0,0.6666666666666666,0.8333333333333334,0.6666666666666666,-0.16666666666666674,0.16666666666666674
Suj_113,Respuestas de formulario 9,ALM,Bloque_SIN,2,Bloque_1,5,Opción 1,1,2.9,3.0,0,1,-1,Mujer,5,6,0.0,0,1,-1,0.0,1.0,1.0,0.3333333333333333,1.0,0.0,0.6666666666666666,0.8333333333333334,0.6666666666666666,-0.16666666666666674,0.16666666666666674
Suj_113,Respuestas de formulario 9,AQS,Bloque_SIN,2,Bloque_5,6,Opción 1,1,2.9,3.0,0,1,-1,Mujer,5,6,2000.0,0,1,-1,1.0,1.0,1.0,0.3333333333333333,1.0,0.0,0.6666666666666666,0.8333333333333334,0.6666666666666666,-0.16666666666666674,0.16666666666666674
Suj_113,Respuestas de formulario 9,ABC,Bloque_CON,3,Bloque_11,1,Opción 2,0,2.9,3.0,0,1,-1,Mujer,5,6,1200.0,0,1,-1,-1.0,1.0,1.0,0.3333333333333333,1.0,0.0,0.6666666666666666,0.8333333333333334,0.6666666666666666,-0.16666666666666674,0.16666666666666674
Suj_113,Respuestas de formulario 9,AEF,Bloque_CON,3,Bloque_3,2,Opción 1,1,2.9,3.0,0,1,-1,Mujer,5,6,0.0,0,1,-1,0.0,1.0,1.0,0.3333333333333333,1.0,0.0,0.6666666666666666,0.8333333333333334,0.6666666666666666,-0.16666666666666674,0.16666666666666674
Suj_113,Respuestas de formulario 9,AJK,Bloque_CON,3,Bloque_9,3,Opción 1,1,2.9,3.0,0,1,-1,Mujer,5,6,1000.0,0,1,-1,-1.0,1.0,1.0,0.3333333333333333,1.0,0.0,0.6666666666666666,0.8333333333333334,0.6666666666666666,-0.16666666666666674,0.16666666666666674
Suj_113,Respuestas de formulario 9,AGH,Bloque_CON,3,Bloque_7,4,Opción 2,0,2.9,3.0,0,1,-1,Mujer,5,6,2400.0,0,1,-1,1.0,1.0,1.0,0.3333333333333333,1.0,0.0,0.6666666666666666,0.8333333333333334,0.6666666666666666,-0.16666666666666674,0.16666666666666674
Suj_113,Respuestas de formulario 9,ALM,Bloque_CON,3,Bloque_1,5,Opción 1,1,2.9,3.0,0,1,-1,Mujer,5,6,0.0,0,1,-1,0.0,1.0,1.0,0.3333333333333333,1.0,0.0,0.6666666666666666,0.8333333333333334,0.6666666666666666,-0.16666666666666674,0.16666666666666674
Suj_113,Respuestas de formulario 9,AQS,Bloque_CON,3,Bloque_5,6,Opción 1,1,2.9,3.0,0,1,-1,Mujer,5,6,2000.0,0,1,-1,1.0,1.0,1.0,0.3333333333333333,1.0,0.0,0.6666666666666666,0.8333333333333334,0.6666666666666666,-0.16666666666666674,0.16666666666666674
Suj_114,Respuestas de formulario 9,ABC,Dist,1,Bloque_11,1,Opción 2,0,3.2,1.5,0,-1,-1,Hombre,5,7,1200.0,0,-1,-1,-1.0,1.0,0.0,0.0,0.0,0.0,0.3333333333333333,0.3333333333333333,0.3333333333333333,0.0,0.0
Suj_114,Respuestas de formulario 9,AEF,Dist,1,Bloque_3,2,Opción 1,1,3.2,1.5,0,-1,-1,Hombre,5,7,0.0,0,-1,-1,0.0,1.0,0.0,0.0,0.0,0.0,0.3333333333333333,0.3333333333333333,0.3333333333333333,0.0,0.0
Suj_114,Respuestas de formulario 9,AJK,Dist,1,Bloque_9,3,Opción 2,0,3.2,1.5,0,-1,-1,Hombre,5,7,1000.0,0,-1,-1,-1.0,1.0,0.0,0.0,0.0,0.0,0.3333333333333333,0.3333333333333333,0.3333333333333333,0.0,0.0
Suj_114,Respuestas de formulario 9,AGH,Dist,1,Bloque_7,4,Opción 2,0,3.2,1.5,0,-1,-1,Hombre,5,7,2400.0,0,-1,-1,-1.0,1.0,0.0,0.0,0.0,0.0,0.3333333333333333,0.3333333333333333,0.3333333333333333,0.0,0.0
Suj_114,Respuestas de formulario 9,ALM,Dist,1,Bloque_1,5,Opción 1,1,3.2,1.5,0,-1,-1,Hombre,5,7,0.0,0,-1,-1,0.0,1.0,0.0,0.0,0.0,0.0,0.3333333333333333,0.3333333333333333,0.3333333333333333,0.0,0.0
Suj_114,Respuestas de formulario 9,AQS,Dist,1,Bloque_5,6,Opción 2,0,3.2,1.5,0,-1,-1,Hombre,5,7,2000.0,0,-1,-1,-1.0,1.0,0.0,0.0,0.0,0.0,0.3333333333333333,0.3333333333333333,0.3333333333333333,0.0,0.0
Suj_114,Respuestas de formulario 9,ABC,Bloque_SIN,2,Bloque_11,1,Opción 2,0,3.2,1.5,0,-1,-1,Hombre,5,7,1200.0,0,-1,-1,-1.0,1.0,0.0,0.0,0.0,0.0,0.3333333333333333,0.3333333333333333,0.3333333333333333,0.0,0.0
Suj_114,Respuestas de formulario 9,AEF,Bloque_SIN,2,Bloque_3,2,Opción 1,1,3.2,1.5,0,-1,-1,Hombre,5,7,0.0,0,-1,-1,0.0,1.0,0.0,0.0,0.0,0.0,0.3333333333333333,0.3333333333333333,0.3333333333333333,0.0,0.0
Suj_114,Respuestas de formulario 9,AJK,Bloque_SIN,2,Bloque_9,3,Opción 2,0,3.2,1.5,0,-1,-1,Hombre,5,7,1000.0,0,-1,-1,-1.0,1.0,0.0,0.0,0.0,0.0,0.3333333333333333,0.3333333333333333,0.3333333333333333,0.0,0.0
Suj_114,Respuestas de formulario 9,AGH,Bloque_SIN,2,Bloque_7,4,Opción 2,0,3.2,1.5,0,-1,-1,Hombre,5,7,2400.0,0,-1,-1,-1.0,1.0,0.0,0.0,0.0,0.0,0.3333333333333333,0.3333333333333333,0.3333333333333333,0.0,0.0
Suj_114,Respuestas de formulario 9,ALM,Bloque_SIN,2,Bloque_1,5,Opción 1,1,3.2,1.5,0,-1,-1,Hombre,5,7,0.0,0,-1,-1,0.0,1.0,0.0,0.0,0.0,0.0,0.3333333333333333,0.3333333333333333,0.3333333333333333,0.0,0.0
Suj_114,Respuestas de formulario 9,AQS,Bloque_SIN,2,Bloque_5,6,Opción 2,0,3.2,1.5,0,-1,-1,Hombre,5,7,2000.0,0,-1,-1,-1.0,1.0,0.0,0.0,0.0,0.0,0.3333333333333333,0.3333333333333333,0.3333333333333333,0.0,0.0
Suj_114,Respuestas de formulario 9,ABC,Bloque_CON,3,Bloque_11,1,Opción 2,0,3.2,1.5,0,-1,-1,Hombre,5,7,1200.0,0,-1,-1,-1.0,1.0,0.0,0.0,0.0,0.0,0.3333333333333333,0.3333333333333333,0.3333333333333333,0.0,0.0
Suj_114,Respuestas de formulario 9,AEF,Bloque_CON,3,Bloque_3,2,Opción 1,1,3.2,1.5,0,-1,-1,Hombre,5,7,0.0,0,-1,-1,0.0,1.0,0.0,0.0,0.0,0.0,0.3333333333333333,0.3333333333333333,0.3333333333333333,0.0,0.0
Suj_114,Respuestas de formulario 9,AJK,Bloque_CON,3,Bloque_9,3,Opción 2,0,3.2,1.5,0,-1,-1,Hombre,5,7,1000.0,0,-1,-1,-1.0,1.0,0.0,0.0,0.0,0.0,0.3333333333333333,0.3333333333333333,0.3333333333333333,0.0,0.0
Suj_114,Respuestas de formulario 9,AGH,Bloque_CON,3,Bloque_7,4,Opción 2,0,3.2,1.5,0,-1,-1,Hombre,5,7,2400.0,0,-1,-1,-1.0,1.0,0.0,0.0,0.0,0.0,0.3333333333333333,0.3333333333333333,0.3333333333333333,0.0,0.0
Suj_114,Respuestas de formulario 9,ALM,Bloque_CON,3,Bloque_1,5,Opción 1,1,3.2,1.5,0,-1,-1,Hombre,5,7,0.0,0,-1,-1,0.0,1.0,0.0,0.0,0.0,0.0,0.3333333333333333,0.3333333333333333,0.3333333333333333,0.0,0.0
Suj_114,Respuestas de formulario 9,AQS,Bloque_CON,3,Bloque_5,6,Opción 2,0,3.2,1.5,0,-1,-1,Hombre,5,7,2000.0,0,-1,-1,-1.0,1.0,0.0,0.0,0.0,0.0,0.3333333333333333,0.3333333333333333,0.3333333333333333,0.0,0.0
Suj_115,Respuestas de formulario 9,ABC,Dist,1,Bloque_11,1,Opción 1,1,1.0,5.0,0,0,0,Mujer,2,6,1200.0,0,0,0,0.0,1.0,1.0,1.0,1.0,1.0,1.0,1.0,1.0,0.0,0.0
Suj_115,Respuestas de formulario 9,AEF,Dist,1,Bloque_3,2,Opción 1,1,1.0,5.0,0,0,0,Mujer,2,6,0.0,0,0,0,0.0,1.0,1.0,1.0,1.0,1.0,1.0,1.0,1.0,0.0,0.0
Suj_115,Respuestas de formulario 9,AJK,Dist,1,Bloque_9,3,Opción 1,1,1.0,5.0,0,0,0,Mujer,2,6,1000.0,0,0,0,0.0,1.0,1.0,1.0,1.0,1.0,1.0,1.0,1.0,0.0,0.0
Suj_115,Respuestas de formulario 9,AGH,Dist,1,Bloque_7,4,Opción 1,1,1.0,5.0,0,0,0,Mujer,2,6,2400.0,0,0,0,0.0,1.0,1.0,1.0,1.0,1.0,1.0,1.0,1.0,0.0,0.0
Suj_115,Respuestas de formulario 9,ALM,Dist,1,Bloque_1,5,Opción 1,1,1.0,5.0,0,0,0,Mujer,2,6,0.0,0,0,0,0.0,1.0,1.0,1.0,1.0,1.0,1.0,1.0,1.0,0.0,0.0
Suj_115,Respuestas de formulario 9,AQS,Dist,1,Bloque_5,6,Opción 1,1,1.0,5.0,0,0,0,Mujer,2,6,2000.0,0,0,0,0.0,1.0,1.0,1.0,1.0,1.0,1.0,1.0,1.0,0.0,0.0
Suj_115,Respuestas de formulario 9,ABC,Bloque_CON,3,Bloque_11,1,Opción 1,1,1.0,5.0,0,0,0,Mujer,2,6,1200.0,0,0,0,0.0,1.0,1.0,1.0,1.0,1.0,1.0,1.0,1.0,0.0,0.0
Suj_115,Respuestas de formulario 9,AEF,Bloque_CON,3,Bloque_3,2,Opción 1,1,1.0,5.0,0,0,0,Mujer,2,6,0.0,0,0,0,0.0,1.0,1.0,1.0,1.0,1.0,1.0,1.0,1.0,0.0,0.0
Suj_115,Respuestas de formulario 9,AJK,Bloque_CON,3,Bloque_9,3,Opción 1,1,1.0,5.0,0,0,0,Mujer,2,6,1000.0,0,0,0,0.0,1.0,1.0,1.0,1.0,1.0,1.0,1.0,1.0,0.0,0.0
Suj_115,Respuestas de formulario 9,AGH,Bloque_CON,3,Bloque_7,4,Opción 1,1,1.0,5.0,0,0,0,Mujer,2,6,2400.0,0,0,0,0.0,1.0,1.0,1.0,1.0,1.0,1.0,1.0,1.0,0.0,0.0
Suj_115,Respuestas de formulario 9,ALM,Bloque_CON,3,Bloque_1,5,Opción 1,1,1.0,5.0,0,0,0,Mujer,2,6,0.0,0,0,0,0.0,1.0,1.0,1.0,1.0,1.0,1.0,1.0,1.0,0.0,0.0
Suj_115,Respuestas de formulario 9,AQS,Bloque_CON,3,Bloque_5,6,Opción 1,1,1.0,5.0,0,0,0,Mujer,2,6,2000.0,0,0,0,0.0,1.0,1.0,1.0,1.0,1.0,1.0,1.0,1.0,0.0,0.0
Suj_116,Respuestas de formulario 10,AEF,Dist,1,Bloque_11,1,Opción 2,0,2.1,4.0,0,-1,0,Mujer,2,6,1200.0,0,-1,0,0.0,1.0,0.6666666666666666,0.0,0.0,0.0,0.5,0.5,0.3333333333333333,0.0,0.16666666666666669
Suj_116,Respuestas de formulario 10,AGH,Dist,1,Bloque_3,2,Opción 1,1,2.1,4.0,0,-1,0,Mujer,2,6,0.0,0,-1,0,0.0,1.0,0.6666666666666666,0.0,0.0,0.0,0.5,0.5,0.3333333333333333,0.0,0.16666666666666669
Suj_116,Respuestas de formulario 10,ALM,Dist,1,Bloque_9,3,Opción 2,0,2.1,4.0,0,-1,0,Mujer,2,6,1000.0,0,-1,0,0.0,1.0,0.6666666666666666,0.0,0.0,0.0,0.5,0.5,0.3333333333333333,0.0,0.16666666666666669
Suj_116,Respuestas de formulario 10,ABC,Dist,1,Bloque_7,4,Opción 2,0,2.1,4.0,0,-1,0,Mujer,2,6,2400.0,0,-1,0,-1.0,1.0,0.6666666666666666,0.0,0.0,0.0,0.5,0.5,0.3333333333333333,0.0,0.16666666666666669
Suj_116,Respuestas de formulario 10,AQS,Dist,1,Bloque_1,5,Opción 1,1,2.1,4.0,0,-1,0,Mujer,2,6,0.0,0,-1,0,0.0,1.0,0.6666666666666666,0.0,0.0,0.0,0.5,0.5,0.3333333333333333,0.0,0.16666666666666669
Suj_116,Respuestas de formulario 10,AJK,Dist,1,Bloque_5,6,Opción 2,0,2.1,4.0,0,-1,0,Mujer,2,6,2000.0,0,-1,0,-1.0,1.0,0.6666666666666666,0.0,0.0,0.0,0.5,0.5,0.3333333333333333,0.0,0.16666666666666669
Suj_116,Respuestas de formulario 10,AEF,Bloque_SIN,2,Bloque_11,1,Opción 2,0,2.1,4.0,0,-1,0,Mujer,2,6,1200.0,0,-1,0,0.0,1.0,0.6666666666666666,0.0,0.0,0.0,0.5,0.5,0.3333333333333333,0.0,0.16666666666666669
Suj_116,Respuestas de formulario 10,AGH,Bloque_SIN,2,Bloque_3,2,Opción 1,1,2.1,4.0,0,-1,0,Mujer,2,6,0.0,0,-1,0,0.0,1.0,0.6666666666666666,0.0,0.0,0.0,0.5,0.5,0.3333333333333333,0.0,0.16666666666666669
Suj_116,Respuestas de formulario 10,ALM,Bloque_SIN,2,Bloque_9,3,Opción 1,1,2.1,4.0,0,-1,0,Mujer,2,6,1000.0,0,-1,0,0.0,1.0,0.6666666666666666,0.0,0.0,0.0,0.5,0.5,0.3333333333333333,0.0,0.16666666666666669
Suj_116,Respuestas de formulario 10,ABC,Bloque_SIN,2,Bloque_7,4,Opción 2,0,2.1,4.0,0,-1,0,Mujer,2,6,2400.0,0,-1,0,-1.0,1.0,0.6666666666666666,0.0,0.0,0.0,0.5,0.5,0.3333333333333333,0.0,0.16666666666666669
Suj_116,Respuestas de formulario 10,AQS,Bloque_SIN,2,Bloque_1,5,Opción 1,1,2.1,4.0,0,-1,0,Mujer,2,6,0.0,0,-1,0,0.0,1.0,0.6666666666666666,0.0,0.0,0.0,0.5,0.5,0.3333333333333333,0.0,0.16666666666666669
Suj_116,Respuestas de formulario 10,AJK,Bloque_SIN,2,Bloque_5,6,Opción 2,0,2.1,4.0,0,-1,0,Mujer,2,6,2000.0,0,-1,0,-1.0,1.0,0.6666666666666666,0.0,0.0,0.0,0.5,0.5,0.3333333333333333,0.0,0.16666666666666669
Suj_116,Respuestas de formulario 10,AEF,Bloque_CON,3,Bloque_11,1,Opción 2,0,2.1,4.0,0,-1,0,Mujer,2,6,1200.0,0,-1,0,0.0,1.0,0.6666666666666666,0.0,0.0,0.0,0.5,0.5,0.3333333333333333,0.0,0.16666666666666669
Suj_116,Respuestas de formulario 10,AGH,Bloque_CON,3,Bloque_3,2,Opción 1,1,2.1,4.0,0,-1,0,Mujer,2,6,0.0,0,-1,0,0.0,1.0,0.6666666666666666,0.0,0.0,0.0,0.5,0.5,0.3333333333333333,0.0,0.16666666666666669
Suj_116,Respuestas de formulario 10,ALM,Bloque_CON,3,Bloque_9,3,Opción 1,1,2.1,4.0,0,-1,0,Mujer,2,6,1000.0,0,-1,0,0.0,1.0,0.6666666666666666,0.0,0.0,0.0,0.5,0.5,0.3333333333333333,0.0,0.16666666666666669
Suj_116,Respuestas de formulario 10,ABC,Bloque_CON,3,Bloque_7,4,Opción 2,0,2.1,4.0,0,-1,0,Mujer,2,6,2400.0,0,-1,0,-1.0,1.0,0.6666666666666666,0.0,0.0,0.0,0.5,0.5,0.3333333333333333,0.0,0.16666666666666669
Suj_116,Respuestas de formulario 10,AQS,Bloque_CON,3,Bloque_1,5,Opción 1,1,2.1,4.0,0,-1,0,Mujer,2,6,0.0,0,-1,0,0.0,1.0,0.6666666666666666,0.0,0.0,0.0,0.5,0.5,0.3333333333333333,0.0,0.16666666666666669
Suj_116,Respuestas de formulario 10,AJK,Bloque_CON,3,Bloque_5,6,Opción 2,0,2.1,4.0,0,-1,0,Mujer,2,6,2000.0,0,-1,0,-1.0,1.0,0.6666666666666666,0.0,0.0,0.0,0.5,0.5,0.3333333333333333,0.0,0.16666666666666669
Suj_117,Respuestas de formulario 10,AEF,Dist,1,Bloque_11,1,Opción 2,0,1.4,4.666666666666667,-1,-1,-1,Hombre,1,7,1200.0,-1,-1,-1,-1.0,0.16666666666666666,0.0,0.0,0.0,0.0,0.0,0.16666666666666666,0.0,-0.16666666666666666,0.16666666666666666
Suj_117,Respuestas de formulario 10,AGH,Dist,1,Bloque_3,2,Opción 2,0,1.4,4.666666666666667,-1,-1,-1,Hombre,1,7,0.0,-1,-1,-1,-1.0,0.16666666666666666,0.0,0.0,0.0,0.0,0.0,0.16666666666666666,0.0,-0.16666666666666666,0.16666666666666666
Suj_117,Respuestas de formulario 10,ALM,Dist,1,Bloque_9,3,Opción 2,0,1.4,4.666666666666667,-1,-1,-1,Hombre,1,7,1000.0,-1,-1,-1,-1.0,0.16666666666666666,0.0,0.0,0.0,0.0,0.0,0.16666666666666666,0.0,-0.16666666666666666,0.16666666666666666
Suj_117,Respuestas de formulario 10,ABC,Dist,1,Bloque_7,4,Opción 2,0,1.4,4.666666666666667,-1,-1,-1,Hombre,1,7,2400.0,-1,-1,-1,-1.0,0.16666666666666666,0.0,0.0,0.0,0.0,0.0,0.16666666666666666,0.0,-0.16666666666666666,0.16666666666666666
Suj_117,Respuestas de formulario 10,AQS,Dist,1,Bloque_1,5,Opción 2,0,1.4,4.666666666666667,-1,-1,-1,Hombre,1,7,0.0,-1,-1,-1,-1.0,0.16666666666666666,0.0,0.0,0.0,0.0,0.0,0.16666666666666666,0.0,-0.16666666666666666,0.16666666666666666
Suj_117,Respuestas de formulario 10,AJK,Dist,1,Bloque_5,6,Opción 2,0,1.4,4.666666666666667,-1,-1,-1,Hombre,1,7,2000.0,-1,-1,-1,-1.0,0.16666666666666666,0.0,0.0,0.0,0.0,0.0,0.16666666666666666,0.0,-0.16666666666666666,0.16666666666666666
Suj_117,Respuestas de formulario 10,AEF,Bloque_SIN,2,Bloque_11,1,Opción 2,0,1.4,4.666666666666667,-1,-1,-1,Hombre,1,7,1200.0,-1,-1,-1,-1.0,0.16666666666666666,0.0,0.0,0.0,0.0,0.0,0.16666666666666666,0.0,-0.16666666666666666,0.16666666666666666
Suj_117,Respuestas de formulario 10,AGH,Bloque_SIN,2,Bloque_3,2,Opción 1,1,1.4,4.666666666666667,-1,-1,-1,Hombre,1,7,0.0,-1,-1,-1,-1.0,0.16666666666666666,0.0,0.0,0.0,0.0,0.0,0.16666666666666666,0.0,-0.16666666666666666,0.16666666666666666
Suj_117,Respuestas de formulario 10,ALM,Bloque_SIN,2,Bloque_9,3,Opción 2,0,1.4,4.666666666666667,-1,-1,-1,Hombre,1,7,1000.0,-1,-1,-1,-1.0,0.16666666666666666,0.0,0.0,0.0,0.0,0.0,0.16666666666666666,0.0,-0.16666666666666666,0.16666666666666666
Suj_117,Respuestas de formulario 10,ABC,Bloque_SIN,2,Bloque_7,4,Opción 2,0,1.4,4.666666666666667,-1,-1,-1,Hombre,1,7,2400.0,-1,-1,-1,-1.0,0.16666666666666666,0.0,0.0,0.0,0.0,0.0,0.16666666666666666,0.0,-0.16666666666666666,0.16666666666666666
Suj_117,Respuestas de formulario 10,AQS,Bloque_SIN,2,Bloque_1,5,Opción 2,0,1.4,4.666666666666667,-1,-1,-1,Hombre,1,7,0.0,-1,-1,-1,-1.0,0.16666666666666666,0.0,0.0,0.0,0.0,0.0,0.16666666666666666,0.0,-0.16666666666666666,0.16666666666666666
Suj_117,Respuestas de formulario 10,AJK,Bloque_SIN,2,Bloque_5,6,Opción 2,0,1.4,4.666666666666667,-1,-1,-1,Hombre,1,7,2000.0,-1,-1,-1,-1.0,0.16666666666666666,0.0,0.0,0.0,0.0,0.0,0.16666666666666666,0.0,-0.16666666666666666,0.16666666666666666
Suj_117,Respuestas de formulario 10,AEF,Bloque_CON,3,Bloque_11,1,Opción 2,0,1.4,4.666666666666667,-1,-1,-1,Hombre,1,7,1200.0,-1,-1,-1,-1.0,0.16666666666666666,0.0,0.0,0.0,0.0,0.0,0.16666666666666666,0.0,-0.16666666666666666,0.16666666666666666
Suj_117,Respuestas de formulario 10,AGH,Bloque_CON,3,Bloque_3,2,Opción 2,0,1.4,4.666666666666667,-1,-1,-1,Hombre,1,7,0.0,-1,-1,-1,-1.0,0.16666666666666666,0.0,0.0,0.0,0.0,0.0,0.16666666666666666,0.0,-0.16666666666666666,0.16666666666666666
Suj_117,Respuestas de formulario 10,ALM,Bloque_CON,3,Bloque_9,3,Opción 2,0,1.4,4.666666666666667,-1,-1,-1,Hombre,1,7,1000.0,-1,-1,-1,-1.0,0.16666666666666666,0.0,0.0,0.0,0.0,0.0,0.16666666666666666,0.0,-0.16666666666666666,0.16666666666666666
Suj_117,Respuestas de formulario 10,ABC,Bloque_CON,3,Bloque_7,4,Opción 2,0,1.4,4.666666666666667,-1,-1,-1,Hombre,1,7,2400.0,-1,-1,-1,-1.0,0.16666666666666666,0.0,0.0,0.0,0.0,0.0,0.16666666666666666,0.0,-0.16666666666666666,0.16666666666666666
Suj_117,Respuestas de formulario 10,AQS,Bloque_CON,3,Bloque_1,5,Opción 2,0,1.4,4.666666666666667,-1,-1,-1,Hombre,1,7,0.0,-1,-1,-1,-1.0,0.16666666666666666,0.0,0.0,0.0,0.0,0.0,0.16666666666666666,0.0,-0.16666666666666666,0.16666666666666666
Suj_117,Respuestas de formulario 10,AJK,Bloque_CON,3,Bloque_5,6,Opción 2,0,1.4,4.666666666666667,-1,-1,-1,Hombre,1,7,2000.0,-1,-1,-1,-1.0,0.16666666666666666,0.0,0.0,0.0,0.0,0.0,0.16666666666666666,0.0,-0.16666666666666666,0.16666666666666666
Suj_118,Respuestas de formulario 10,AEF,Dist,1,Bloque_11,1,Opción 1,1,2.4,4.5,1,1,1,Mujer,4,6,1200.0,1,1,1,1.0,1.0,1.0,1.0,1.0,0.6666666666666666,0.8333333333333334,1.0,1.0,-0.16666666666666663,0.0
Suj_118,Respuestas de formulario 10,AGH,Dist,1,Bloque_3,2,Opción 1,1,2.4,4.5,1,1,1,Mujer,4,6,0.0,1,1,1,1.0,1.0,1.0,1.0,1.0,0.6666666666666666,0.8333333333333334,1.0,1.0,-0.16666666666666663,0.0
Suj_118,Respuestas de formulario 10,ALM,Dist,1,Bloque_9,3,Opción 1,1,2.4,4.5,1,1,1,Mujer,4,6,1000.0,1,1,1,1.0,1.0,1.0,1.0,1.0,0.6666666666666666,0.8333333333333334,1.0,1.0,-0.16666666666666663,0.0
Suj_118,Respuestas de formulario 10,ABC,Dist,1,Bloque_7,4,Opción 1,1,2.4,4.5,1,1,1,Mujer,4,6,2400.0,1,1,1,1.0,1.0,1.0,1.0,1.0,0.6666666666666666,0.8333333333333334,1.0,1.0,-0.16666666666666663,0.0
Suj_118,Respuestas de formulario 10,AQS,Dist,1,Bloque_1,5,Opción 1,1,2.4,4.5,1,1,1,Mujer,4,6,0.0,1,1,1,1.0,1.0,1.0,1.0,1.0,0.6666666666666666,0.8333333333333334,1.0,1.0,-0.16666666666666663,0.0
Suj_118,Respuestas de formulario 10,AJK,Dist,1,Bloque_5,6,Opción 1,1,2.4,4.5,1,1,1,Mujer,4,6,2000.0,1,1,1,1.0,1.0,1.0,1.0,1.0,0.6666666666666666,0.8333333333333334,1.0,1.0,-0.16666666666666663,0.0
Suj_118,Respuestas de formulario 10,AEF,Bloque_SIN,2,Bloque_11,1,Opción 1,1,2.4,4.5,1,1,1,Mujer,4,6,1200.0,1,1,1,1.0,1.0,1.0,1.0,1.0,0.6666666666666666,0.8333333333333334,1.0,1.0,-0.16666666666666663,0.0
Suj_118,Respuestas de formulario 10,AGH,Bloque_SIN,2,Bloque_3,2,Opción 1,1,2.4,4.5,1,1,1,Mujer,4,6,0.0,1,1,1,1.0,1.0,1.0,1.0,1.0,0.6666666666666666,0.8333333333333334,1.0,1.0,-0.16666666666666663,0.0
Suj_118,Respuestas de formulario 10,ALM,Bloque_SIN,2,Bloque_9,3,Opción 1,1,2.4,4.5,1,1,1,Mujer,4,6,1000.0,1,1,1,1.0,1.0,1.0,1.0,1.0,0.6666666666666666,0.8333333333333334,1.0,1.0,-0.16666666666666663,0.0
Suj_118,Respuestas de formulario 10,ABC,Bloque_SIN,2,Bloque_7,4,Opción 1,1,2.4,4.5,1,1,1,Mujer,4,6,2400.0,1,1,1,1.0,1.0,1.0,1.0,1.0,0.6666666666666666,0.8333333333333334,1.0,1.0,-0.16666666666666663,0.0
Suj_118,Respuestas de formulario 10,AQS,Bloque_SIN,2,Bloque_1,5,Opción 1,1,2.4,4.5,1,1,1,Mujer,4,6,0.0,1,1,1,1.0,1.0,1.0,1.0,1.0,0.6666666666666666,0.8333333333333334,1.0,1.0,-0.16666666666666663,0.0
Suj_118,Respuestas de formulario 10,AJK,Bloque_SIN,2,Bloque_5,6,Opción 1,1,2.4,4.5,1,1,1,Mujer,4,6,2000.0,1,1,1,1.0,1.0,1.0,1.0,1.0,0.6666666666666666,0.8333333333333334,1.0,1.0,-0.16666666666666663,0.0
Suj_118,Respuestas de formulario 10,AEF,Bloque_CON,3,Bloque_11,1,Opción 1,1,2.4,4.5,1,1,1,Mujer,4,6,1200.0,1,1,1,1.0,1.0,1.0,1.0,1.0,0.6666666666666666,0.8333333333333334,1.0,1.0,-0.16666666666666663,0.0
Suj_118,Respuestas de formulario 10,AGH,Bloque_CON,3,Bloque_3,2,Opción 1,1,2.4,4.5,1,1,1,Mujer,4,6,0.0,1,1,1,1.0,1.0,1.0,1.0,1.0,0.6666666666666666,0.8333333333333334,1.0,1.0,-0.16666666666666663,0.0
Suj_118,Respuestas de formulario 10,ALM,Bloque_CON,3,Bloque_9,3,Opción 1,1,2.4,4.5,1,1,1,Mujer,4,6,1000.0,1,1,1,1.0,1.0,1.0,1.0,1.0,0.6666666666666666,0.8333333333333334,1.0,1.0,-0.16666666666666663,0.0
Suj_118,Respuestas de formulario 10,ABC,Bloque_CON,3,Bloque_7,4,Opción 2,0,2.4,4.5,1,1,1,Mujer,4,6,2400.0,1,1,1,1.0,1.0,1.0,1.0,1.0,0.6666666666666666,0.8333333333333334,1.0,1.0,-0.16666666666666663,0.0
Suj_118,Respuestas de formulario 10,AQS,Bloque_CON,3,Bloque_1,5,Opción 1,1,2.4,4.5,1,1,1,Mujer,4,6,0.0,1,1,1,1.0,1.0,1.0,1.0,1.0,0.6666666666666666,0.8333333333333334,1.0,1.0,-0.16666666666666663,0.0
Suj_118,Respuestas de formulario 10,AJK,Bloque_CON,3,Bloque_5,6,Opción 1,1,2.4,4.5,1,1,1,Mujer,4,6,2000.0,1,1,1,1.0,1.0,1.0,1.0,1.0,0.6666666666666666,0.8333333333333334,1.0,1.0,-0.16666666666666663,0.0
Suj_119,Respuestas de formulario 10,AEF,Dist,1,Bloque_11,1,Opción 2,0,2.1,3.1666666666666665,0,0,1,Mujer,3,5,1200.0,0,0,1,1.0,1.0,0.6666666666666666,0.0,0.0,0.0,0.5,0.3333333333333333,0.5,0.16666666666666669,-0.16666666666666669
Suj_119,Respuestas de formulario 10,AGH,Dist,1,Bloque_3,2,Opción 1,1,2.1,3.1666666666666665,0,0,1,Mujer,3,5,0.0,0,0,1,0.0,1.0,0.6666666666666666,0.0,0.0,0.0,0.5,0.3333333333333333,0.5,0.16666666666666669,-0.16666666666666669
Suj_119,Respuestas de formulario 10,ALM,Dist,1,Bloque_9,3,Opción 1,1,2.1,3.1666666666666665,0,0,1,Mujer,3,5,1000.0,0,0,1,1.0,1.0,0.6666666666666666,0.0,0.0,0.0,0.5,0.3333333333333333,0.5,0.16666666666666669,-0.16666666666666669
Suj_119,Respuestas de formulario 10,ABC,Dist,1,Bloque_7,4,Opción 2,0,2.1,3.1666666666666665,0,0,1,Mujer,3,5,2400.0,0,0,1,0.0,1.0,0.6666666666666666,0.0,0.0,0.0,0.5,0.3333333333333333,0.5,0.16666666666666669,-0.16666666666666669
Suj_119,Respuestas de formulario 10,AQS,Dist,1,Bloque_1,5,Opción 1,1,2.1,3.1666666666666665,0,0,1,Mujer,3,5,0.0,0,0,1,0.0,1.0,0.6666666666666666,0.0,0.0,0.0,0.5,0.3333333333333333,0.5,0.16666666666666669,-0.16666666666666669
Suj_119,Respuestas de formulario 10,AJK,Dist,1,Bloque_5,6,Opción 2,0,2.1,3.1666666666666665,0,0,1,Mujer,3,5,2000.0,0,0,1,0.0,1.0,0.6666666666666666,0.0,0.0,0.0,0.5,0.3333333333333333,0.5,0.16666666666666669,-0.16666666666666669
Suj_119,Respuestas de formulario 10,AEF,Bloque_SIN,2,Bloque_11,1,Opción 2,0,2.1,3.1666666666666665,0,0,1,Mujer,3,5,1200.0,0,0,1,1.0,1.0,0.6666666666666666,0.0,0.0,0.0,0.5,0.3333333333333333,0.5,0.16666666666666669,-0.16666666666666669
Suj_119,Respuestas de formulario 10,AGH,Bloque_SIN,2,Bloque_3,2,Opción 1,1,2.1,3.1666666666666665,0,0,1,Mujer,3,5,0.0,0,0,1,0.0,1.0,0.6666666666666666,0.0,0.0,0.0,0.5,0.3333333333333333,0.5,0.16666666666666669,-0.16666666666666669
Suj_119,Respuestas de formulario 10,ALM,Bloque_SIN,2,Bloque_9,3,Opción 2,0,2.1,3.1666666666666665,0,0,1,Mujer,3,5,1000.0,0,0,1,1.0,1.0,0.6666666666666666,0.0,0.0,0.0,0.5,0.3333333333333333,0.5,0.16666666666666669,-0.16666666666666669
Suj_119,Respuestas de formulario 10,ABC,Bloque_SIN,2,Bloque_7,4,Opción 2,0,2.1,3.1666666666666665,0,0,1,Mujer,3,5,2400.0,0,0,1,0.0,1.0,0.6666666666666666,0.0,0.0,0.0,0.5,0.3333333333333333,0.5,0.16666666666666669,-0.16666666666666669
Suj_119,Respuestas de formulario 10,AQS,Bloque_SIN,2,Bloque_1,5,Opción 1,1,2.1,3.1666666666666665,0,0,1,Mujer,3,5,0.0,0,0,1,0.0,1.0,0.6666666666666666,0.0,0.0,0.0,0.5,0.3333333333333333,0.5,0.16666666666666669,-0.16666666666666669
Suj_119,Respuestas de formulario 10,AJK,Bloque_SIN,2,Bloque_5,6,Opción 2,0,2.1,3.1666666666666665,0,0,1,Mujer,3,5,2000.0,0,0,1,0.0,1.0,0.6666666666666666,0.0,0.0,0.0,0.5,0.3333333333333333,0.5,0.16666666666666669,-0.16666666666666669
Suj_119,Respuestas de formulario 10,AEF,Bloque_CON,3,Bloque_11,1,Opción 2,0,2.1,3.1666666666666665,0,0,1,Mujer,3,5,1200.0,0,0,1,1.0,1.0,0.6666666666666666,0.0,0.0,0.0,0.5,0.3333333333333333,0.5,0.16666666666666669,-0.16666666666666669
Suj_119,Respuestas de formulario 10,AGH,Bloque_CON,3,Bloque_3,2,Opción 1,1,2.1,3.1666666666666665,0,0,1,Mujer,3,5,0.0,0,0,1,0.0,1.0,0.6666666666666666,0.0,0.0,0.0,0.5,0.3333333333333333,0.5,0.16666666666666669,-0.16666666666666669
Suj_119,Respuestas de formulario 10,ALM,Bloque_CON,3,Bloque_9,3,Opción 1,1,2.1,3.1666666666666665,0,0,1,Mujer,3,5,1000.0,0,0,1,1.0,1.0,0.6666666666666666,0.0,0.0,0.0,0.5,0.3333333333333333,0.5,0.16666666666666669,-0.16666666666666669
Suj_119,Respuestas de formulario 10,ABC,Bloque_CON,3,Bloque_7,4,Opción 2,0,2.1,3.1666666666666665,0,0,1,Mujer,3,5,2400.0,0,0,1,0.0,1.0,0.6666666666666666,0.0,0.0,0.0,0.5,0.3333333333333333,0.5,0.16666666666666669,-0.16666666666666669
Suj_119,Respuestas de formulario 10,AQS,Bloque_CON,3,Bloque_1,5,Opción 1,1,2.1,3.1666666666666665,0,0,1,Mujer,3,5,0.0,0,0,1,0.0,1.0,0.6666666666666666,0.0,0.0,0.0,0.5,0.3333333333333333,0.5,0.16666666666666669,-0.16666666666666669
Suj_119,Respuestas de formulario 10,AJK,Bloque_CON,3,Bloque_5,6,Opción 2,0,2.1,3.1666666666666665,0,0,1,Mujer,3,5,2000.0,0,0,1,0.0,1.0,0.6666666666666666,0.0,0.0,0.0,0.5,0.3333333333333333,0.5,0.16666666666666669,-0.16666666666666669
Suj_120,Respuestas de formulario 10,AEF,Dist,1,Bloque_11,1,Opción 1,1,1.2,4.5,1,1,1,Mujer,4,6,1200.0,1,1,1,1.0,0.8333333333333334,1.0,1.0,1.0,0.6666666666666666,1.0,0.8333333333333334,0.8333333333333334,0.16666666666666663,0.0
Suj_120,Respuestas de formulario 10,AGH,Dist,1,Bloque_3,2,Opción 1,1,1.2,4.5,1,1,1,Mujer,4,6,0.0,1,1,1,1.0,0.8333333333333334,1.0,1.0,1.0,0.6666666666666666,1.0,0.8333333333333334,0.8333333333333334,0.16666666666666663,0.0
Suj_120,Respuestas de formulario 10,ALM,Dist,1,Bloque_9,3,Opción 1,1,1.2,4.5,1,1,1,Mujer,4,6,1000.0,1,1,1,1.0,0.8333333333333334,1.0,1.0,1.0,0.6666666666666666,1.0,0.8333333333333334,0.8333333333333334,0.16666666666666663,0.0
Suj_120,Respuestas de formulario 10,ABC,Dist,1,Bloque_7,4,Opción 2,0,1.2,4.5,1,1,1,Mujer,4,6,2400.0,1,1,1,1.0,0.8333333333333334,1.0,1.0,1.0,0.6666666666666666,1.0,0.8333333333333334,0.8333333333333334,0.16666666666666663,0.0
Suj_120,Respuestas de formulario 10,AQS,Dist,1,Bloque_1,5,Opción 1,1,1.2,4.5,1,1,1,Mujer,4,6,0.0,1,1,1,1.0,0.8333333333333334,1.0,1.0,1.0,0.6666666666666666,1.0,0.8333333333333334,0.8333333333333334,0.16666666666666663,0.0
Suj_120,Respuestas de formulario 10,AJK,Dist,1,Bloque_5,6,Opción 1,1,1.2,4.5,1,1,1,Mujer,4,6,2000.0,1,1,1,1.0,0.8333333333333334,1.0,1.0,1.0,0.6666666666666666,1.0,0.8333333333333334,0.8333333333333334,0.16666666666666663,0.0
Suj_120,Respuestas de formulario 10,AEF,Bloque_SIN,2,Bloque_11,1,Opción 1,1,1.2,4.5,1,1,1,Mujer,4,6,1200.0,1,1,1,1.0,0.8333333333333334,1.0,1.0,1.0,0.6666666666666666,1.0,0.8333333333333334,0.8333333333333334,0.16666666666666663,0.0
Suj_120,Respuestas de formulario 10,AGH,Bloque_SIN,2,Bloque_3,2,Opción 2,0,1.2,4.5,1,1,1,Mujer,4,6,0.0,1,1,1,1.0,0.8333333333333334,1.0,1.0,1.0,0.6666666666666666,1.0,0.8333333333333334,0.8333333333333334,0.16666666666666663,0.0
Suj_120,Respuestas de formulario 10,ALM,Bloque_SIN,2,Bloque_9,3,Opción 1,1,1.2,4.5,1,1,1,Mujer,4,6,1000.0,1,1,1,1.0,0.8333333333333334,1.0,1.0,1.0,0.6666666666666666,1.0,0.8333333333333334,0.8333333333333334,0.16666666666666663,0.0
Suj_120,Respuestas de formulario 10,ABC,Bloque_SIN,2,Bloque_7,4,Opción 1,1,1.2,4.5,1,1,1,Mujer,4,6,2400.0,1,1,1,1.0,0.8333333333333334,1.0,1.0,1.0,0.6666666666666666,1.0,0.8333333333333334,0.8333333333333334,0.16666666666666663,0.0
Suj_120,Respuestas de formulario 10,AQS,Bloque_SIN,2,Bloque_1,5,Opción 1,1,1.2,4.5,1,1,1,Mujer,4,6,0.0,1,1,1,1.0,0.8333333333333334,1.0,1.0,1.0,0.6666666666666666,1.0,0.8333333333333334,0.8333333333333334,0.16666666666666663,0.0
Suj_120,Respuestas de formulario 10,AJK,Bloque_SIN,2,Bloque_5,6,Opción 1,1,1.2,4.5,1,1,1,Mujer,4,6,2000.0,1,1,1,1.0,0.8333333333333334,1.0,1.0,1.0,0.6666666666666666,1.0,0.8333333333333334,0.8333333333333334,0.16666666666666663,0.0
Suj_120,Respuestas de formulario 10,AEF,Bloque_CON,3,Bloque_11,1,Opción 1,1,1.2,4.5,1,1,1,Mujer,4,6,1200.0,1,1,1,1.0,0.8333333333333334,1.0,1.0,1.0,0.6666666666666666,1.0,0.8333333333333334,0.8333333333333334,0.16666666666666663,0.0
Suj_120,Respuestas de formulario 10,AGH,Bloque_CON,3,Bloque_3,2,Opción 1,1,1.2,4.5,1,1,1,Mujer,4,6,0.0,1,1,1,1.0,0.8333333333333334,1.0,1.0,1.0,0.6666666666666666,1.0,0.8333333333333334,0.8333333333333334,0.16666666666666663,0.0
Suj_120,Respuestas de formulario 10,ALM,Bloque_CON,3,Bloque_9,3,Opción 1,1,1.2,4.5,1,1,1,Mujer,4,6,1000.0,1,1,1,1.0,0.8333333333333334,1.0,1.0,1.0,0.6666666666666666,1.0,0.8333333333333334,0.8333333333333334,0.16666666666666663,0.0
Suj_120,Respuestas de formulario 10,ABC,Bloque_CON,3,Bloque_7,4,Opción 1,1,1.2,4.5,1,1,1,Mujer,4,6,2400.0,1,1,1,1.0,0.8333333333333334,1.0,1.0,1.0,0.6666666666666666,1.0,0.8333333333333334,0.8333333333333334,0.16666666666666663,0.0
Suj_120,Respuestas de formulario 10,AQS,Bloque_CON,3,Bloque_1,5,Opción 1,1,1.2,4.5,1,1,1,Mujer,4,6,0.0,1,1,1,1.0,0.8333333333333334,1.0,1.0,1.0,0.6666666666666666,1.0,0.8333333333333334,0.8333333333333334,0.16666666666666663,0.0
Suj_120,Respuestas de formulario 10,AJK,Bloque_CON,3,Bloque_5,6,Opción 1,1,1.2,4.5,1,1,1,Mujer,4,6,2000.0,1,1,1,1.0,0.8333333333333334,1.0,1.0,1.0,0.6666666666666666,1.0,0.8333333333333334,0.8333333333333334,0.16666666666666663,0.0
Suj_121,Respuestas de formulario 10,AEF,Dist,1,Bloque_11,1,Opción 2,0,1.8,4.0,-1,-1,-1,Hombre,3,6,1200.0,-1,-1,-1,-1.0,0.0,0.0,0.0,0.0,0.0,0.0,0.0,0.0,0.0,0.0
Suj_121,Respuestas de formulario 10,AGH,Dist,1,Bloque_3,2,Opción 2,0,1.8,4.0,-1,-1,-1,Hombre,3,6,0.0,-1,-1,-1,-1.0,0.0,0.0,0.0,0.0,0.0,0.0,0.0,0.0,0.0,0.0
Suj_121,Respuestas de formulario 10,ALM,Dist,1,Bloque_9,3,Opción 2,0,1.8,4.0,-1,-1,-1,Hombre,3,6,1000.0,-1,-1,-1,-1.0,0.0,0.0,0.0,0.0,0.0,0.0,0.0,0.0,0.0,0.0
Suj_121,Respuestas de formulario 10,ABC,Dist,1,Bloque_7,4,Opción 2,0,1.8,4.0,-1,-1,-1,Hombre,3,6,2400.0,-1,-1,-1,-1.0,0.0,0.0,0.0,0.0,0.0,0.0,0.0,0.0,0.0,0.0
Suj_121,Respuestas de formulario 10,AQS,Dist,1,Bloque_1,5,Opción 2,0,1.8,4.0,-1,-1,-1,Hombre,3,6,0.0,-1,-1,-1,-1.0,0.0,0.0,0.0,0.0,0.0,0.0,0.0,0.0,0.0,0.0
Suj_121,Respuestas de formulario 10,AJK,Dist,1,Bloque_5,6,Opción 2,0,1.8,4.0,-1,-1,-1,Hombre,3,6,2000.0,-1,-1,-1,-1.0,0.0,0.0,0.0,0.0,0.0,0.0,0.0,0.0,0.0,0.0
Suj_121,Respuestas de formulario 10,AEF,Bloque_SIN,2,Bloque_11,1,Opción 2,0,1.8,4.0,-1,-1,-1,Hombre,3,6,1200.0,-1,-1,-1,-1.0,0.0,0.0,0.0,0.0,0.0,0.0,0.0,0.0,0.0,0.0
Suj_121,Respuestas de formulario 10,AGH,Bloque_SIN,2,Bloque_3,2,Opción 2,0,1.8,4.0,-1,-1,-1,Hombre,3,6,0.0,-1,-1,-1,-1.0,0.0,0.0,0.0,0.0,0.0,0.0,0.0,0.0,0.0,0.0
Suj_121,Respuestas de formulario 10,ALM,Bloque_SIN,2,Bloque_9,3,Opción 2,0,1.8,4.0,-1,-1,-1,Hombre,3,6,1000.0,-1,-1,-1,-1.0,0.0,0.0,0.0,0.0,0.0,0.0,0.0,0.0,0.0,0.0
Suj_121,Respuestas de formulario 10,ABC,Bloque_SIN,2,Bloque_7,4,Opción 2,0,1.8,4.0,-1,-1,-1,Hombre,3,6,2400.0,-1,-1,-1,-1.0,0.0,0.0,0.0,0.0,0.0,0.0,0.0,0.0,0.0,0.0
Suj_121,Respuestas de formulario 10,AQS,Bloque_SIN,2,Bloque_1,5,Opción 2,0,1.8,4.0,-1,-1,-1,Hombre,3,6,0.0,-1,-1,-1,-1.0,0.0,0.0,0.0,0.0,0.0,0.0,0.0,0.0,0.0,0.0
Suj_121,Respuestas de formulario 10,AJK,Bloque_SIN,2,Bloque_5,6,Opción 2,0,1.8,4.0,-1,-1,-1,Hombre,3,6,2000.0,-1,-1,-1,-1.0,0.0,0.0,0.0,0.0,0.0,0.0,0.0,0.0,0.0,0.0
Suj_121,Respuestas de formulario 10,AEF,Bloque_CON,3,Bloque_11,1,Opción 2,0,1.8,4.0,-1,-1,-1,Hombre,3,6,1200.0,-1,-1,-1,-1.0,0.0,0.0,0.0,0.0,0.0,0.0,0.0,0.0,0.0,0.0
Suj_121,Respuestas de formulario 10,AGH,Bloque_CON,3,Bloque_3,2,Opción 2,0,1.8,4.0,-1,-1,-1,Hombre,3,6,0.0,-1,-1,-1,-1.0,0.0,0.0,0.0,0.0,0.0,0.0,0.0,0.0,0.0,0.0
Suj_121,Respuestas de formulario 10,ALM,Bloque_CON,3,Bloque_9,3,Opción 2,0,1.8,4.0,-1,-1,-1,Hombre,3,6,1000.0,-1,-1,-1,-1.0,0.0,0.0,0.0,0.0,0.0,0.0,0.0,0.0,0.0,0.0
Suj_121,Respuestas de formulario 10,ABC,Bloque_CON,3,Bloque_7,4,Opción 2,0,1.8,4.0,-1,-1,-1,Hombre,3,6,2400.0,-1,-1,-1,-1.0,0.0,0.0,0.0,0.0,0.0,0.0,0.0,0.0,0.0,0.0
Suj_121,Respuestas de formulario 10,AQS,Bloque_CON,3,Bloque_1,5,Opción 2,0,1.8,4.0,-1,-1,-1,Hombre,3,6,0.0,-1,-1,-1,-1.0,0.0,0.0,0.0,0.0,0.0,0.0,0.0,0.0,0.0,0.0
Suj_121,Respuestas de formulario 10,AJK,Bloque_CON,3,Bloque_5,6,Opción 2,0,1.8,4.0,-1,-1,-1,Hombre,3,6,2000.0,-1,-1,-1,-1.0,0.0,0.0,0.0,0.0,0.0,0.0,0.0,0.0,0.0,0.0
Suj_122,Respuestas de formulario 10,AEF,Dist,1,Bloque_11,1,Opción 1,1,3.3,3.6666666666666665,1,-1,1,Mujer,3,4,1200.0,1,-1,1,1.0,0.3333333333333333,0.6666666666666666,0.6666666666666666,0.0,0.0,0.3333333333333333,0.16666666666666666,0.5,0.16666666666666666,-0.33333333333333337
Suj_122,Respuestas de formulario 10,AGH,Dist,1,Bloque_3,2,Opción 2,0,3.3,3.6666666666666665,1,-1,1,Mujer,3,4,0.0,1,-1,1,1.0,0.3333333333333333,0.6666666666666666,0.6666666666666666,0.0,0.0,0.3333333333333333,0.16666666666666666,0.5,0.16666666666666666,-0.33333333333333337
Suj_122,Respuestas de formulario 10,ALM,Dist,1,Bloque_9,3,Opción 1,1,3.3,3.6666666666666665,1,-1,1,Mujer,3,4,1000.0,1,-1,1,1.0,0.3333333333333333,0.6666666666666666,0.6666666666666666,0.0,0.0,0.3333333333333333,0.16666666666666666,0.5,0.16666666666666666,-0.33333333333333337
Suj_122,Respuestas de formulario 10,ABC,Dist,1,Bloque_7,4,Opción 2,0,3.3,3.6666666666666665,1,-1,1,Mujer,3,4,2400.0,1,-1,1,-1.0,0.3333333333333333,0.6666666666666666,0.6666666666666666,0.0,0.0,0.3333333333333333,0.16666666666666666,0.5,0.16666666666666666,-0.33333333333333337
Suj_122,Respuestas de formulario 10,AQS,Dist,1,Bloque_1,5,Opción 1,1,3.3,3.6666666666666665,1,-1,1,Mujer,3,4,0.0,1,-1,1,1.0,0.3333333333333333,0.6666666666666666,0.6666666666666666,0.0,0.0,0.3333333333333333,0.16666666666666666,0.5,0.16666666666666666,-0.33333333333333337
Suj_122,Respuestas de formulario 10,AJK,Dist,1,Bloque_5,6,Opción 2,0,3.3,3.6666666666666665,1,-1,1,Mujer,3,4,2000.0,1,-1,1,-1.0,0.3333333333333333,0.6666666666666666,0.6666666666666666,0.0,0.0,0.3333333333333333,0.16666666666666666,0.5,0.16666666666666666,-0.33333333333333337
Suj_122,Respuestas de formulario 10,AEF,Bloque_SIN,2,Bloque_11,1,Opción 2,0,3.3,3.6666666666666665,1,-1,1,Mujer,3,4,1200.0,1,-1,1,1.0,0.3333333333333333,0.6666666666666666,0.6666666666666666,0.0,0.0,0.3333333333333333,0.16666666666666666,0.5,0.16666666666666666,-0.33333333333333337
Suj_122,Respuestas de formulario 10,AGH,Bloque_SIN,2,Bloque_3,2,Opción 2,0,3.3,3.6666666666666665,1,-1,1,Mujer,3,4,0.0,1,-1,1,1.0,0.3333333333333333,0.6666666666666666,0.6666666666666666,0.0,0.0,0.3333333333333333,0.16666666666666666,0.5,0.16666666666666666,-0.33333333333333337
Suj_122,Respuestas de formulario 10,ALM,Bloque_SIN,2,Bloque_9,3,Opción 1,1,3.3,3.6666666666666665,1,-1,1,Mujer,3,4,1000.0,1,-1,1,1.0,0.3333333333333333,0.6666666666666666,0.6666666666666666,0.0,0.0,0.3333333333333333,0.16666666666666666,0.5,0.16666666666666666,-0.33333333333333337
Suj_122,Respuestas de formulario 10,ABC,Bloque_SIN,2,Bloque_7,4,Opción 2,0,3.3,3.6666666666666665,1,-1,1,Mujer,3,4,2400.0,1,-1,1,-1.0,0.3333333333333333,0.6666666666666666,0.6666666666666666,0.0,0.0,0.3333333333333333,0.16666666666666666,0.5,0.16666666666666666,-0.33333333333333337
Suj_122,Respuestas de formulario 10,AQS,Bloque_SIN,2,Bloque_1,5,Opción 2,0,3.3,3.6666666666666665,1,-1,1,Mujer,3,4,0.0,1,-1,1,1.0,0.3333333333333333,0.6666666666666666,0.6666666666666666,0.0,0.0,0.3333333333333333,0.16666666666666666,0.5,0.16666666666666666,-0.33333333333333337
Suj_122,Respuestas de formulario 10,AJK,Bloque_SIN,2,Bloque_5,6,Opción 2,0,3.3,3.6666666666666665,1,-1,1,Mujer,3,4,2000.0,1,-1,1,-1.0,0.3333333333333333,0.6666666666666666,0.6666666666666666,0.0,0.0,0.3333333333333333,0.16666666666666666,0.5,0.16666666666666666,-0.33333333333333337
Suj_122,Respuestas de formulario 10,AEF,Bloque_CON,3,Bloque_11,1,Opción 1,1,3.3,3.6666666666666665,1,-1,1,Mujer,3,4,1200.0,1,-1,1,1.0,0.3333333333333333,0.6666666666666666,0.6666666666666666,0.0,0.0,0.3333333333333333,0.16666666666666666,0.5,0.16666666666666666,-0.33333333333333337
Suj_122,Respuestas de formulario 10,AGH,Bloque_CON,3,Bloque_3,2,Opción 2,0,3.3,3.6666666666666665,1,-1,1,Mujer,3,4,0.0,1,-1,1,1.0,0.3333333333333333,0.6666666666666666,0.6666666666666666,0.0,0.0,0.3333333333333333,0.16666666666666666,0.5,0.16666666666666666,-0.33333333333333337
Suj_122,Respuestas de formulario 10,ALM,Bloque_CON,3,Bloque_9,3,Opción 2,0,3.3,3.6666666666666665,1,-1,1,Mujer,3,4,1000.0,1,-1,1,1.0,0.3333333333333333,0.6666666666666666,0.6666666666666666,0.0,0.0,0.3333333333333333,0.16666666666666666,0.5,0.16666666666666666,-0.33333333333333337
Suj_122,Respuestas de formulario 10,ABC,Bloque_CON,3,Bloque_7,4,Opción 2,0,3.3,3.6666666666666665,1,-1,1,Mujer,3,4,2400.0,1,-1,1,-1.0,0.3333333333333333,0.6666666666666666,0.6666666666666666,0.0,0.0,0.3333333333333333,0.16666666666666666,0.5,0.16666666666666666,-0.33333333333333337
Suj_122,Respuestas de formulario 10,AQS,Bloque_CON,3,Bloque_1,5,Opción 1,1,3.3,3.6666666666666665,1,-1,1,Mujer,3,4,0.0,1,-1,1,1.0,0.3333333333333333,0.6666666666666666,0.6666666666666666,0.0,0.0,0.3333333333333333,0.16666666666666666,0.5,0.16666666666666666,-0.33333333333333337
Suj_122,Respuestas de formulario 10,AJK,Bloque_CON,3,Bloque_5,6,Opción 2,0,3.3,3.6666666666666665,1,-1,1,Mujer,3,4,2000.0,1,-1,1,-1.0,0.3333333333333333,0.6666666666666666,0.6666666666666666,0.0,0.0,0.3333333333333333,0.16666666666666666,0.5,0.16666666666666666,-0.33333333333333337
Suj_123,Respuestas de formulario 10,AEF,Dist,1,Bloque_11,1,Opción 2,0,3.2,4.166666666666667,0,-1,-1,Hombre,5,6,1200.0,0,-1,-1,-1.0,0.5,0.0,0.0,0.0,0.3333333333333333,0.3333333333333333,0.16666666666666666,0.16666666666666666,0.16666666666666666,0.0
Suj_123,Respuestas de formulario 10,AGH,Dist,1,Bloque_3,2,Opción 2,0,3.2,4.166666666666667,0,-1,-1,Hombre,5,6,0.0,0,-1,-1,0.0,0.5,0.0,0.0,0.0,0.3333333333333333,0.3333333333333333,0.16666666666666666,0.16666666666666666,0.16666666666666666,0.0
Suj_123,Respuestas de formulario 10,ALM,Dist,1,Bloque_9,3,Opción 2,0,3.2,4.166666666666667,0,-1,-1,Hombre,5,6,1000.0,0,-1,-1,-1.0,0.5,0.0,0.0,0.0,0.3333333333333333,0.3333333333333333,0.16666666666666666,0.16666666666666666,0.16666666666666666,0.0
Suj_123,Respuestas de formulario 10,ABC,Dist,1,Bloque_7,4,Opción 2,0,3.2,4.166666666666667,0,-1,-1,Hombre,5,6,2400.0,0,-1,-1,-1.0,0.5,0.0,0.0,0.0,0.3333333333333333,0.3333333333333333,0.16666666666666666,0.16666666666666666,0.16666666666666666,0.0
Suj_123,Respuestas de formulario 10,AQS,Dist,1,Bloque_1,5,Opción 1,1,3.2,4.166666666666667,0,-1,-1,Hombre,5,6,0.0,0,-1,-1,0.0,0.5,0.0,0.0,0.0,0.3333333333333333,0.3333333333333333,0.16666666666666666,0.16666666666666666,0.16666666666666666,0.0
Suj_123,Respuestas de formulario 10,AJK,Dist,1,Bloque_5,6,Opción 2,0,3.2,4.166666666666667,0,-1,-1,Hombre,5,6,2000.0,0,-1,-1,-1.0,0.5,0.0,0.0,0.0,0.3333333333333333,0.3333333333333333,0.16666666666666666,0.16666666666666666,0.16666666666666666,0.0
Suj_123,Respuestas de formulario 10,AEF,Bloque_SIN,2,Bloque_11,1,Opción 2,0,3.2,4.166666666666667,0,-1,-1,Hombre,5,6,1200.0,0,-1,-1,-1.0,0.5,0.0,0.0,0.0,0.3333333333333333,0.3333333333333333,0.16666666666666666,0.16666666666666666,0.16666666666666666,0.0
Suj_123,Respuestas de formulario 10,AGH,Bloque_SIN,2,Bloque_3,2,Opción 2,0,3.2,4.166666666666667,0,-1,-1,Hombre,5,6,0.0,0,-1,-1,0.0,0.5,0.0,0.0,0.0,0.3333333333333333,0.3333333333333333,0.16666666666666666,0.16666666666666666,0.16666666666666666,0.0
Suj_123,Respuestas de formulario 10,ALM,Bloque_SIN,2,Bloque_9,3,Opción 2,0,3.2,4.166666666666667,0,-1,-1,Hombre,5,6,1000.0,0,-1,-1,-1.0,0.5,0.0,0.0,0.0,0.3333333333333333,0.3333333333333333,0.16666666666666666,0.16666666666666666,0.16666666666666666,0.0
Suj_123,Respuestas de formulario 10,ABC,Bloque_SIN,2,Bloque_7,4,Opción 2,0,3.2,4.166666666666667,0,-1,-1,Hombre,5,6,2400.0,0,-1,-1,-1.0,0.5,0.0,0.0,0.0,0.3333333333333333,0.3333333333333333,0.16666666666666666,0.16666666666666666,0.16666666666666666,0.0
Suj_123,Respuestas de formulario 10,AQS,Bloque_SIN,2,Bloque_1,5,Opción 1,1,3.2,4.166666666666667,0,-1,-1,Hombre,5,6,0.0,0,-1,-1,0.0,0.5,0.0,0.0,0.0,0.3333333333333333,0.3333333333333333,0.16666666666666666,0.16666666666666666,0.16666666666666666,0.0
Suj_123,Respuestas de formulario 10,AJK,Bloque_SIN,2,Bloque_5,6,Opción 2,0,3.2,4.166666666666667,0,-1,-1,Hombre,5,6,2000.0,0,-1,-1,-1.0,0.5,0.0,0.0,0.0,0.3333333333333333,0.3333333333333333,0.16666666666666666,0.16666666666666666,0.16666666666666666,0.0
Suj_123,Respuestas de formulario 10,AEF,Bloque_CON,3,Bloque_11,1,Opción 2,0,3.2,4.166666666666667,0,-1,-1,Hombre,5,6,1200.0,0,-1,-1,-1.0,0.5,0.0,0.0,0.0,0.3333333333333333,0.3333333333333333,0.16666666666666666,0.16666666666666666,0.16666666666666666,0.0
Suj_123,Respuestas de formulario 10,AGH,Bloque_CON,3,Bloque_3,2,Opción 1,1,3.2,4.166666666666667,0,-1,-1,Hombre,5,6,0.0,0,-1,-1,0.0,0.5,0.0,0.0,0.0,0.3333333333333333,0.3333333333333333,0.16666666666666666,0.16666666666666666,0.16666666666666666,0.0
Suj_123,Respuestas de formulario 10,ALM,Bloque_CON,3,Bloque_9,3,Opción 2,0,3.2,4.166666666666667,0,-1,-1,Hombre,5,6,1000.0,0,-1,-1,-1.0,0.5,0.0,0.0,0.0,0.3333333333333333,0.3333333333333333,0.16666666666666666,0.16666666666666666,0.16666666666666666,0.0
Suj_123,Respuestas de formulario 10,ABC,Bloque_CON,3,Bloque_7,4,Opción 1,1,3.2,4.166666666666667,0,-1,-1,Hombre,5,6,2400.0,0,-1,-1,-1.0,0.5,0.0,0.0,0.0,0.3333333333333333,0.3333333333333333,0.16666666666666666,0.16666666666666666,0.16666666666666666,0.0
Suj_123,Respuestas de formulario 10,AQS,Bloque_CON,3,Bloque_1,5,Opción 2,0,3.2,4.166666666666667,0,-1,-1,Hombre,5,6,0.0,0,-1,-1,0.0,0.5,0.0,0.0,0.0,0.3333333333333333,0.3333333333333333,0.16666666666666666,0.16666666666666666,0.16666666666666666,0.0
Suj_123,Respuestas de formulario 10,AJK,Bloque_CON,3,Bloque_5,6,Opción 2,0,3.2,4.166666666666667,0,-1,-1,Hombre,5,6,2000.0,0,-1,-1,-1.0,0.5,0.0,0.0,0.0,0.3333333333333333,0.3333333333333333,0.16666666666666666,0.16666666666666666,0.16666666666666666,0.0
Suj_124,Respuestas de formulario 10,AEF,Dist,1,Bloque_11,1,Opción 1,1,2.2,4.0,-1,-1,1,Mujer,3,7,1200.0,-1,-1,1,1.0,0.16666666666666666,1.0,1.0,0.0,0.0,0.3333333333333333,0.3333333333333333,0.5,0.0,-0.16666666666666669
Suj_124,Respuestas de formulario 10,AGH,Dist,1,Bloque_3,2,Opción 2,0,2.2,4.0,-1,-1,1,Mujer,3,7,0.0,-1,-1,1,-1.0,0.16666666666666666,1.0,1.0,0.0,0.0,0.3333333333333333,0.3333333333333333,0.5,0.0,-0.16666666666666669
Suj_124,Respuestas de formulario 10,ALM,Dist,1,Bloque_9,3,Opción 1,1,2.2,4.0,-1,-1,1,Mujer,3,7,1000.0,-1,-1,1,1.0,0.16666666666666666,1.0,1.0,0.0,0.0,0.3333333333333333,0.3333333333333333,0.5,0.0,-0.16666666666666669
Suj_124,Respuestas de formulario 10,ABC,Dist,1,Bloque_7,4,Opción 2,0,2.2,4.0,-1,-1,1,Mujer,3,7,2400.0,-1,-1,1,-1.0,0.16666666666666666,1.0,1.0,0.0,0.0,0.3333333333333333,0.3333333333333333,0.5,0.0,-0.16666666666666669
Suj_124,Respuestas de formulario 10,AQS,Dist,1,Bloque_1,5,Opción 1,1,2.2,4.0,-1,-1,1,Mujer,3,7,0.0,-1,-1,1,-1.0,0.16666666666666666,1.0,1.0,0.0,0.0,0.3333333333333333,0.3333333333333333,0.5,0.0,-0.16666666666666669
Suj_124,Respuestas de formulario 10,AJK,Dist,1,Bloque_5,6,Opción 2,0,2.2,4.0,-1,-1,1,Mujer,3,7,2000.0,-1,-1,1,-1.0,0.16666666666666666,1.0,1.0,0.0,0.0,0.3333333333333333,0.3333333333333333,0.5,0.0,-0.16666666666666669
Suj_124,Respuestas de formulario 10,AEF,Bloque_SIN,2,Bloque_11,1,Opción 1,1,2.2,4.0,-1,-1,1,Mujer,3,7,1200.0,-1,-1,1,1.0,0.16666666666666666,1.0,1.0,0.0,0.0,0.3333333333333333,0.3333333333333333,0.5,0.0,-0.16666666666666669
Suj_124,Respuestas de formulario 10,AGH,Bloque_SIN,2,Bloque_3,2,Opción 2,0,2.2,4.0,-1,-1,1,Mujer,3,7,0.0,-1,-1,1,-1.0,0.16666666666666666,1.0,1.0,0.0,0.0,0.3333333333333333,0.3333333333333333,0.5,0.0,-0.16666666666666669
Suj_124,Respuestas de formulario 10,ALM,Bloque_SIN,2,Bloque_9,3,Opción 1,1,2.2,4.0,-1,-1,1,Mujer,3,7,1000.0,-1,-1,1,1.0,0.16666666666666666,1.0,1.0,0.0,0.0,0.3333333333333333,0.3333333333333333,0.5,0.0,-0.16666666666666669
Suj_124,Respuestas de formulario 10,ABC,Bloque_SIN,2,Bloque_7,4,Opción 2,0,2.2,4.0,-1,-1,1,Mujer,3,7,2400.0,-1,-1,1,-1.0,0.16666666666666666,1.0,1.0,0.0,0.0,0.3333333333333333,0.3333333333333333,0.5,0.0,-0.16666666666666669
Suj_124,Respuestas de formulario 10,AQS,Bloque_SIN,2,Bloque_1,5,Opción 2,0,2.2,4.0,-1,-1,1,Mujer,3,7,0.0,-1,-1,1,-1.0,0.16666666666666666,1.0,1.0,0.0,0.0,0.3333333333333333,0.3333333333333333,0.5,0.0,-0.16666666666666669
Suj_124,Respuestas de formulario 10,AJK,Bloque_SIN,2,Bloque_5,6,Opción 2,0,2.2,4.0,-1,-1,1,Mujer,3,7,2000.0,-1,-1,1,-1.0,0.16666666666666666,1.0,1.0,0.0,0.0,0.3333333333333333,0.3333333333333333,0.5,0.0,-0.16666666666666669
Suj_124,Respuestas de formulario 10,AEF,Bloque_CON,3,Bloque_11,1,Opción 1,1,2.2,4.0,-1,-1,1,Mujer,3,7,1200.0,-1,-1,1,1.0,0.16666666666666666,1.0,1.0,0.0,0.0,0.3333333333333333,0.3333333333333333,0.5,0.0,-0.16666666666666669
Suj_124,Respuestas de formulario 10,AGH,Bloque_CON,3,Bloque_3,2,Opción 2,0,2.2,4.0,-1,-1,1,Mujer,3,7,0.0,-1,-1,1,-1.0,0.16666666666666666,1.0,1.0,0.0,0.0,0.3333333333333333,0.3333333333333333,0.5,0.0,-0.16666666666666669
Suj_124,Respuestas de formulario 10,ALM,Bloque_CON,3,Bloque_9,3,Opción 1,1,2.2,4.0,-1,-1,1,Mujer,3,7,1000.0,-1,-1,1,1.0,0.16666666666666666,1.0,1.0,0.0,0.0,0.3333333333333333,0.3333333333333333,0.5,0.0,-0.16666666666666669
Suj_124,Respuestas de formulario 10,ABC,Bloque_CON,3,Bloque_7,4,Opción 2,0,2.2,4.0,-1,-1,1,Mujer,3,7,2400.0,-1,-1,1,-1.0,0.16666666666666666,1.0,1.0,0.0,0.0,0.3333333333333333,0.3333333333333333,0.5,0.0,-0.16666666666666669
Suj_124,Respuestas de formulario 10,AQS,Bloque_CON,3,Bloque_1,5,Opción 2,0,2.2,4.0,-1,-1,1,Mujer,3,7,0.0,-1,-1,1,-1.0,0.16666666666666666,1.0,1.0,0.0,0.0,0.3333333333333333,0.3333333333333333,0.5,0.0,-0.16666666666666669
Suj_124,Respuestas de formulario 10,AJK,Bloque_CON,3,Bloque_5,6,Opción 2,0,2.2,4.0,-1,-1,1,Mujer,3,7,2000.0,-1,-1,1,-1.0,0.16666666666666666,1.0,1.0,0.0,0.0,0.3333333333333333,0.3333333333333333,0.5,0.0,-0.16666666666666669
Suj_125,Respuestas de formulario 10,AEF,Dist,1,Bloque_11,1,Opción 1,1,2.7,3.6666666666666665,-1,1,0,Mujer,4,5,1200.0,-1,1,0,0.0,0.3333333333333333,0.3333333333333333,0.6666666666666666,1.0,0.6666666666666666,0.5,0.5,0.6666666666666666,0.0,-0.16666666666666663
Suj_125,Respuestas de formulario 10,AGH,Dist,1,Bloque_3,2,Opción 2,0,2.7,3.6666666666666665,-1,1,0,Mujer,4,5,0.0,-1,1,0,-1.0,0.3333333333333333,0.3333333333333333,0.6666666666666666,1.0,0.6666666666666666,0.5,0.5,0.6666666666666666,0.0,-0.16666666666666663
Suj_125,Respuestas de formulario 10,ALM,Dist,1,Bloque_9,3,Opción 1,1,2.7,3.6666666666666665,-1,1,0,Mujer,4,5,1000.0,-1,1,0,0.0,0.3333333333333333,0.3333333333333333,0.6666666666666666,1.0,0.6666666666666666,0.5,0.5,0.6666666666666666,0.0,-0.16666666666666663
Suj_125,Respuestas de formulario 10,ABC,Dist,1,Bloque_7,4,Opción 1,1,2.7,3.6666666666666665,-1,1,0,Mujer,4,5,2400.0,-1,1,0,1.0,0.3333333333333333,0.3333333333333333,0.6666666666666666,1.0,0.6666666666666666,0.5,0.5,0.6666666666666666,0.0,-0.16666666666666663
Suj_125,Respuestas de formulario 10,AQS,Dist,1,Bloque_1,5,Opción 2,0,2.7,3.6666666666666665,-1,1,0,Mujer,4,5,0.0,-1,1,0,-1.0,0.3333333333333333,0.3333333333333333,0.6666666666666666,1.0,0.6666666666666666,0.5,0.5,0.6666666666666666,0.0,-0.16666666666666663
Suj_125,Respuestas de formulario 10,AJK,Dist,1,Bloque_5,6,Opción 1,1,2.7,3.6666666666666665,-1,1,0,Mujer,4,5,2000.0,-1,1,0,1.0,0.3333333333333333,0.3333333333333333,0.6666666666666666,1.0,0.6666666666666666,0.5,0.5,0.6666666666666666,0.0,-0.16666666666666663
Suj_125,Respuestas de formulario 10,AEF,Bloque_SIN,2,Bloque_11,1,Opción 1,1,2.7,3.6666666666666665,-1,1,0,Mujer,4,5,1200.0,-1,1,0,0.0,0.3333333333333333,0.3333333333333333,0.6666666666666666,1.0,0.6666666666666666,0.5,0.5,0.6666666666666666,0.0,-0.16666666666666663
Suj_125,Respuestas de formulario 10,AGH,Bloque_SIN,2,Bloque_3,2,Opción 2,0,2.7,3.6666666666666665,-1,1,0,Mujer,4,5,0.0,-1,1,0,-1.0,0.3333333333333333,0.3333333333333333,0.6666666666666666,1.0,0.6666666666666666,0.5,0.5,0.6666666666666666,0.0,-0.16666666666666663
Suj_125,Respuestas de formulario 10,ALM,Bloque_SIN,2,Bloque_9,3,Opción 2,0,2.7,3.6666666666666665,-1,1,0,Mujer,4,5,1000.0,-1,1,0,0.0,0.3333333333333333,0.3333333333333333,0.6666666666666666,1.0,0.6666666666666666,0.5,0.5,0.6666666666666666,0.0,-0.16666666666666663
Suj_125,Respuestas de formulario 10,ABC,Bloque_SIN,2,Bloque_7,4,Opción 1,1,2.7,3.6666666666666665,-1,1,0,Mujer,4,5,2400.0,-1,1,0,1.0,0.3333333333333333,0.3333333333333333,0.6666666666666666,1.0,0.6666666666666666,0.5,0.5,0.6666666666666666,0.0,-0.16666666666666663
Suj_125,Respuestas de formulario 10,AQS,Bloque_SIN,2,Bloque_1,5,Opción 2,0,2.7,3.6666666666666665,-1,1,0,Mujer,4,5,0.0,-1,1,0,-1.0,0.3333333333333333,0.3333333333333333,0.6666666666666666,1.0,0.6666666666666666,0.5,0.5,0.6666666666666666,0.0,-0.16666666666666663
Suj_125,Respuestas de formulario 10,AJK,Bloque_SIN,2,Bloque_5,6,Opción 1,1,2.7,3.6666666666666665,-1,1,0,Mujer,4,5,2000.0,-1,1,0,1.0,0.3333333333333333,0.3333333333333333,0.6666666666666666,1.0,0.6666666666666666,0.5,0.5,0.6666666666666666,0.0,-0.16666666666666663
Suj_125,Respuestas de formulario 10,AEF,Bloque_CON,3,Bloque_11,1,Opción 2,0,2.7,3.6666666666666665,-1,1,0,Mujer,4,5,1200.0,-1,1,0,0.0,0.3333333333333333,0.3333333333333333,0.6666666666666666,1.0,0.6666666666666666,0.5,0.5,0.6666666666666666,0.0,-0.16666666666666663
Suj_125,Respuestas de formulario 10,AGH,Bloque_CON,3,Bloque_3,2,Opción 1,1,2.7,3.6666666666666665,-1,1,0,Mujer,4,5,0.0,-1,1,0,-1.0,0.3333333333333333,0.3333333333333333,0.6666666666666666,1.0,0.6666666666666666,0.5,0.5,0.6666666666666666,0.0,-0.16666666666666663
Suj_125,Respuestas de formulario 10,ALM,Bloque_CON,3,Bloque_9,3,Opción 2,0,2.7,3.6666666666666665,-1,1,0,Mujer,4,5,1000.0,-1,1,0,0.0,0.3333333333333333,0.3333333333333333,0.6666666666666666,1.0,0.6666666666666666,0.5,0.5,0.6666666666666666,0.0,-0.16666666666666663
Suj_125,Respuestas de formulario 10,ABC,Bloque_CON,3,Bloque_7,4,Opción 2,0,2.7,3.6666666666666665,-1,1,0,Mujer,4,5,2400.0,-1,1,0,1.0,0.3333333333333333,0.3333333333333333,0.6666666666666666,1.0,0.6666666666666666,0.5,0.5,0.6666666666666666,0.0,-0.16666666666666663
Suj_125,Respuestas de formulario 10,AQS,Bloque_CON,3,Bloque_1,5,Opción 1,1,2.7,3.6666666666666665,-1,1,0,Mujer,4,5,0.0,-1,1,0,-1.0,0.3333333333333333,0.3333333333333333,0.6666666666666666,1.0,0.6666666666666666,0.5,0.5,0.6666666666666666,0.0,-0.16666666666666663
Suj_125,Respuestas de formulario 10,AJK,Bloque_CON,3,Bloque_5,6,Opción 1,1,2.7,3.6666666666666665,-1,1,0,Mujer,4,5,2000.0,-1,1,0,1.0,0.3333333333333333,0.3333333333333333,0.6666666666666666,1.0,0.6666666666666666,0.5,0.5,0.6666666666666666,0.0,-0.16666666666666663
Suj_127,Respuestas de formulario 10,AEF,Dist,1,Bloque_11,1,Opción 2,0,1.7,4.666666666666667,-1,-1,1,Mujer,2,6,1200.0,-1,-1,1,1.0,0.0,0.0,0.0,0.0,0.0,0.0,0.0,0.0,0.0,0.0
Suj_127,Respuestas de formulario 10,AGH,Dist,1,Bloque_3,2,Opción 2,0,1.7,4.666666666666667,-1,-1,1,Mujer,2,6,0.0,-1,-1,1,-1.0,0.0,0.0,0.0,0.0,0.0,0.0,0.0,0.0,0.0,0.0
Suj_127,Respuestas de formulario 10,ALM,Dist,1,Bloque_9,3,Opción 2,0,1.7,4.666666666666667,-1,-1,1,Mujer,2,6,1000.0,-1,-1,1,1.0,0.0,0.0,0.0,0.0,0.0,0.0,0.0,0.0,0.0,0.0
Suj_127,Respuestas de formulario 10,ABC,Dist,1,Bloque_7,4,Opción 2,0,1.7,4.666666666666667,-1,-1,1,Mujer,2,6,2400.0,-1,-1,1,-1.0,0.0,0.0,0.0,0.0,0.0,0.0,0.0,0.0,0.0,0.0
Suj_127,Respuestas de formulario 10,AQS,Dist,1,Bloque_1,5,Opción 2,0,1.7,4.666666666666667,-1,-1,1,Mujer,2,6,0.0,-1,-1,1,-1.0,0.0,0.0,0.0,0.0,0.0,0.0,0.0,0.0,0.0,0.0
Suj_127,Respuestas de formulario 10,AJK,Dist,1,Bloque_5,6,Opción 2,0,1.7,4.666666666666667,-1,-1,1,Mujer,2,6,2000.0,-1,-1,1,-1.0,0.0,0.0,0.0,0.0,0.0,0.0,0.0,0.0,0.0,0.0
Suj_127,Respuestas de formulario 10,AEF,Bloque_SIN,2,Bloque_11,1,Opción 2,0,1.7,4.666666666666667,-1,-1,1,Mujer,2,6,1200.0,-1,-1,1,1.0,0.0,0.0,0.0,0.0,0.0,0.0,0.0,0.0,0.0,0.0
Suj_127,Respuestas de formulario 10,AGH,Bloque_SIN,2,Bloque_3,2,Opción 2,0,1.7,4.666666666666667,-1,-1,1,Mujer,2,6,0.0,-1,-1,1,-1.0,0.0,0.0,0.0,0.0,0.0,0.0,0.0,0.0,0.0,0.0
Suj_127,Respuestas de formulario 10,ALM,Bloque_SIN,2,Bloque_9,3,Opción 2,0,1.7,4.666666666666667,-1,-1,1,Mujer,2,6,1000.0,-1,-1,1,1.0,0.0,0.0,0.0,0.0,0.0,0.0,0.0,0.0,0.0,0.0
Suj_127,Respuestas de formulario 10,ABC,Bloque_SIN,2,Bloque_7,4,Opción 2,0,1.7,4.666666666666667,-1,-1,1,Mujer,2,6,2400.0,-1,-1,1,-1.0,0.0,0.0,0.0,0.0,0.0,0.0,0.0,0.0,0.0,0.0
Suj_127,Respuestas de formulario 10,AQS,Bloque_SIN,2,Bloque_1,5,Opción 2,0,1.7,4.666666666666667,-1,-1,1,Mujer,2,6,0.0,-1,-1,1,-1.0,0.0,0.0,0.0,0.0,0.0,0.0,0.0,0.0,0.0,0.0
Suj_127,Respuestas de formulario 10,AJK,Bloque_SIN,2,Bloque_5,6,Opción 2,0,1.7,4.666666666666667,-1,-1,1,Mujer,2,6,2000.0,-1,-1,1,-1.0,0.0,0.0,0.0,0.0,0.0,0.0,0.0,0.0,0.0,0.0
Suj_127,Respuestas de formulario 10,AEF,Bloque_CON,3,Bloque_11,1,Opción 2,0,1.7,4.666666666666667,-1,-1,1,Mujer,2,6,1200.0,-1,-1,1,1.0,0.0,0.0,0.0,0.0,0.0,0.0,0.0,0.0,0.0,0.0
Suj_127,Respuestas de formulario 10,AGH,Bloque_CON,3,Bloque_3,2,Opción 2,0,1.7,4.666666666666667,-1,-1,1,Mujer,2,6,0.0,-1,-1,1,-1.0,0.0,0.0,0.0,0.0,0.0,0.0,0.0,0.0,0.0,0.0
Suj_127,Respuestas de formulario 10,ALM,Bloque_CON,3,Bloque_9,3,Opción 2,0,1.7,4.666666666666667,-1,-1,1,Mujer,2,6,1000.0,-1,-1,1,1.0,0.0,0.0,0.0,0.0,0.0,0.0,0.0,0.0,0.0,0.0
Suj_127,Respuestas de formulario 10,ABC,Bloque_CON,3,Bloque_7,4,Opción 2,0,1.7,4.666666666666667,-1,-1,1,Mujer,2,6,2400.0,-1,-1,1,-1.0,0.0,0.0,0.0,0.0,0.0,0.0,0.0,0.0,0.0,0.0
Suj_127,Respuestas de formulario 10,AQS,Bloque_CON,3,Bloque_1,5,Opción 2,0,1.7,4.666666666666667,-1,-1,1,Mujer,2,6,0.0,-1,-1,1,-1.0,0.0,0.0,0.0,0.0,0.0,0.0,0.0,0.0,0.0,0.0
Suj_127,Respuestas de formulario 10,AJK,Bloque_CON,3,Bloque_5,6,Opción 2,0,1.7,4.666666666666667,-1,-1,1,Mujer,2,6,2000.0,-1,-1,1,-1.0,0.0,0.0,0.0,0.0,0.0,0.0,0.0,0.0,0.0,0.0
Suj_130,Respuestas de formulario 10,AEF,Dist,1,Bloque_11,1,Opción 2,0,2.5,4.333333333333333,0,0,-1,Hombre,4,7,1200.0,0,0,-1,-1.0,0.5,0.0,0.0,0.3333333333333333,0.3333333333333333,0.5,0.3333333333333333,0.0,0.16666666666666669,0.3333333333333333
Suj_130,Respuestas de formulario 10,AGH,Dist,1,Bloque_3,2,Opción 2,0,2.5,4.333333333333333,0,0,-1,Hombre,4,7,0.0,0,0,-1,0.0,0.5,0.0,0.0,0.3333333333333333,0.3333333333333333,0.5,0.3333333333333333,0.0,0.16666666666666669,0.3333333333333333
Suj_130,Respuestas de formulario 10,ALM,Dist,1,Bloque_9,3,Opción 2,0,2.5,4.333333333333333,0,0,-1,Hombre,4,7,1000.0,0,0,-1,-1.0,0.5,0.0,0.0,0.3333333333333333,0.3333333333333333,0.5,0.3333333333333333,0.0,0.16666666666666669,0.3333333333333333
Suj_130,Respuestas de formulario 10,ABC,Dist,1,Bloque_7,4,Opción 2,0,2.5,4.333333333333333,0,0,-1,Hombre,4,7,2400.0,0,0,-1,0.0,0.5,0.0,0.0,0.3333333333333333,0.3333333333333333,0.5,0.3333333333333333,0.0,0.16666666666666669,0.3333333333333333
Suj_130,Respuestas de formulario 10,AQS,Dist,1,Bloque_1,5,Opción 2,0,2.5,4.333333333333333,0,0,-1,Hombre,4,7,0.0,0,0,-1,0.0,0.5,0.0,0.0,0.3333333333333333,0.3333333333333333,0.5,0.3333333333333333,0.0,0.16666666666666669,0.3333333333333333
Suj_130,Respuestas de formulario 10,AJK,Dist,1,Bloque_5,6,Opción 2,0,2.5,4.333333333333333,0,0,-1,Hombre,4,7,2000.0,0,0,-1,0.0,0.5,0.0,0.0,0.3333333333333333,0.3333333333333333,0.5,0.3333333333333333,0.0,0.16666666666666669,0.3333333333333333
Suj_130,Respuestas de formulario 10,AEF,Bloque_SIN,2,Bloque_11,1,Opción 2,0,2.5,4.333333333333333,0,0,-1,Hombre,4,7,1200.0,0,0,-1,-1.0,0.5,0.0,0.0,0.3333333333333333,0.3333333333333333,0.5,0.3333333333333333,0.0,0.16666666666666669,0.3333333333333333
Suj_130,Respuestas de formulario 10,AGH,Bloque_SIN,2,Bloque_3,2,Opción 2,0,2.5,4.333333333333333,0,0,-1,Hombre,4,7,0.0,0,0,-1,0.0,0.5,0.0,0.0,0.3333333333333333,0.3333333333333333,0.5,0.3333333333333333,0.0,0.16666666666666669,0.3333333333333333
Suj_130,Respuestas de formulario 10,ALM,Bloque_SIN,2,Bloque_9,3,Opción 2,0,2.5,4.333333333333333,0,0,-1,Hombre,4,7,1000.0,0,0,-1,-1.0,0.5,0.0,0.0,0.3333333333333333,0.3333333333333333,0.5,0.3333333333333333,0.0,0.16666666666666669,0.3333333333333333
Suj_130,Respuestas de formulario 10,ABC,Bloque_SIN,2,Bloque_7,4,Opción 2,0,2.5,4.333333333333333,0,0,-1,Hombre,4,7,2400.0,0,0,-1,0.0,0.5,0.0,0.0,0.3333333333333333,0.3333333333333333,0.5,0.3333333333333333,0.0,0.16666666666666669,0.3333333333333333
Suj_130,Respuestas de formulario 10,AQS,Bloque_SIN,2,Bloque_1,5,Opción 1,1,2.5,4.333333333333333,0,0,-1,Hombre,4,7,0.0,0,0,-1,0.0,0.5,0.0,0.0,0.3333333333333333,0.3333333333333333,0.5,0.3333333333333333,0.0,0.16666666666666669,0.3333333333333333
Suj_130,Respuestas de formulario 10,AJK,Bloque_SIN,2,Bloque_5,6,Opción 1,1,2.5,4.333333333333333,0,0,-1,Hombre,4,7,2000.0,0,0,-1,0.0,0.5,0.0,0.0,0.3333333333333333,0.3333333333333333,0.5,0.3333333333333333,0.0,0.16666666666666669,0.3333333333333333
Suj_130,Respuestas de formulario 10,AEF,Bloque_CON,3,Bloque_11,1,Opción 2,0,2.5,4.333333333333333,0,0,-1,Hombre,4,7,1200.0,0,0,-1,-1.0,0.5,0.0,0.0,0.3333333333333333,0.3333333333333333,0.5,0.3333333333333333,0.0,0.16666666666666669,0.3333333333333333
Suj_130,Respuestas de formulario 10,AGH,Bloque_CON,3,Bloque_3,2,Opción 1,1,2.5,4.333333333333333,0,0,-1,Hombre,4,7,0.0,0,0,-1,0.0,0.5,0.0,0.0,0.3333333333333333,0.3333333333333333,0.5,0.3333333333333333,0.0,0.16666666666666669,0.3333333333333333
Suj_130,Respuestas de formulario 10,ALM,Bloque_CON,3,Bloque_9,3,Opción 2,0,2.5,4.333333333333333,0,0,-1,Hombre,4,7,1000.0,0,0,-1,-1.0,0.5,0.0,0.0,0.3333333333333333,0.3333333333333333,0.5,0.3333333333333333,0.0,0.16666666666666669,0.3333333333333333
Suj_130,Respuestas de formulario 10,ABC,Bloque_CON,3,Bloque_7,4,Opción 1,1,2.5,4.333333333333333,0,0,-1,Hombre,4,7,2400.0,0,0,-1,0.0,0.5,0.0,0.0,0.3333333333333333,0.3333333333333333,0.5,0.3333333333333333,0.0,0.16666666666666669,0.3333333333333333
Suj_130,Respuestas de formulario 10,AQS,Bloque_CON,3,Bloque_1,5,Opción 1,1,2.5,4.333333333333333,0,0,-1,Hombre,4,7,0.0,0,0,-1,0.0,0.5,0.0,0.0,0.3333333333333333,0.3333333333333333,0.5,0.3333333333333333,0.0,0.16666666666666669,0.3333333333333333
Suj_130,Respuestas de formulario 10,AJK,Bloque_CON,3,Bloque_5,6,Opción 2,0,2.5,4.333333333333333,0,0,-1,Hombre,4,7,2000.0,0,0,-1,0.0,0.5,0.0,0.0,0.3333333333333333,0.3333333333333333,0.5,0.3333333333333333,0.0,0.16666666666666669,0.3333333333333333
Suj_131,Respuestas de formulario 10,AEF,Dist,1,Bloque_11,1,Opción 1,1,2.9,3.1666666666666665,1,-1,-1,Mujer,4,4,1200.0,1,-1,-1,-1.0,0.8333333333333334,0.0,0.3333333333333333,0.0,0.0,0.3333333333333333,0.3333333333333333,0.3333333333333333,0.0,0.0
Suj_131,Respuestas de formulario 10,AGH,Dist,1,Bloque_3,2,Opción 2,0,2.9,3.1666666666666665,1,-1,-1,Mujer,4,4,0.0,1,-1,-1,1.0,0.8333333333333334,0.0,0.3333333333333333,0.0,0.0,0.3333333333333333,0.3333333333333333,0.3333333333333333,0.0,0.0
Suj_131,Respuestas de formulario 10,ALM,Dist,1,Bloque_9,3,Opción 2,0,2.9,3.1666666666666665,1,-1,-1,Mujer,4,4,1000.0,1,-1,-1,-1.0,0.8333333333333334,0.0,0.3333333333333333,0.0,0.0,0.3333333333333333,0.3333333333333333,0.3333333333333333,0.0,0.0
Suj_131,Respuestas de formulario 10,ABC,Dist,1,Bloque_7,4,Opción 2,0,2.9,3.1666666666666665,1,-1,-1,Mujer,4,4,2400.0,1,-1,-1,-1.0,0.8333333333333334,0.0,0.3333333333333333,0.0,0.0,0.3333333333333333,0.3333333333333333,0.3333333333333333,0.0,0.0
Suj_131,Respuestas de formulario 10,AQS,Dist,1,Bloque_1,5,Opción 1,1,2.9,3.1666666666666665,1,-1,-1,Mujer,4,4,0.0,1,-1,-1,1.0,0.8333333333333334,0.0,0.3333333333333333,0.0,0.0,0.3333333333333333,0.3333333333333333,0.3333333333333333,0.0,0.0
Suj_131,Respuestas de formulario 10,AJK,Dist,1,Bloque_5,6,Opción 2,0,2.9,3.1666666666666665,1,-1,-1,Mujer,4,4,2000.0,1,-1,-1,-1.0,0.8333333333333334,0.0,0.3333333333333333,0.0,0.0,0.3333333333333333,0.3333333333333333,0.3333333333333333,0.0,0.0
Suj_131,Respuestas de formulario 10,AEF,Bloque_SIN,2,Bloque_11,1,Opción 2,0,2.9,3.1666666666666665,1,-1,-1,Mujer,4,4,1200.0,1,-1,-1,-1.0,0.8333333333333334,0.0,0.3333333333333333,0.0,0.0,0.3333333333333333,0.3333333333333333,0.3333333333333333,0.0,0.0
Suj_131,Respuestas de formulario 10,AGH,Bloque_SIN,2,Bloque_3,2,Opción 1,1,2.9,3.1666666666666665,1,-1,-1,Mujer,4,4,0.0,1,-1,-1,1.0,0.8333333333333334,0.0,0.3333333333333333,0.0,0.0,0.3333333333333333,0.3333333333333333,0.3333333333333333,0.0,0.0
Suj_131,Respuestas de formulario 10,ALM,Bloque_SIN,2,Bloque_9,3,Opción 2,0,2.9,3.1666666666666665,1,-1,-1,Mujer,4,4,1000.0,1,-1,-1,-1.0,0.8333333333333334,0.0,0.3333333333333333,0.0,0.0,0.3333333333333333,0.3333333333333333,0.3333333333333333,0.0,0.0
Suj_131,Respuestas de formulario 10,ABC,Bloque_SIN,2,Bloque_7,4,Opción 2,0,2.9,3.1666666666666665,1,-1,-1,Mujer,4,4,2400.0,1,-1,-1,-1.0,0.8333333333333334,0.0,0.3333333333333333,0.0,0.0,0.3333333333333333,0.3333333333333333,0.3333333333333333,0.0,0.0
Suj_131,Respuestas de formulario 10,AQS,Bloque_SIN,2,Bloque_1,5,Opción 1,1,2.9,3.1666666666666665,1,-1,-1,Mujer,4,4,0.0,1,-1,-1,1.0,0.8333333333333334,0.0,0.3333333333333333,0.0,0.0,0.3333333333333333,0.3333333333333333,0.3333333333333333,0.0,0.0
Suj_131,Respuestas de formulario 10,AJK,Bloque_SIN,2,Bloque_5,6,Opción 2,0,2.9,3.1666666666666665,1,-1,-1,Mujer,4,4,2000.0,1,-1,-1,-1.0,0.8333333333333334,0.0,0.3333333333333333,0.0,0.0,0.3333333333333333,0.3333333333333333,0.3333333333333333,0.0,0.0
Suj_131,Respuestas de formulario 10,AEF,Bloque_CON,3,Bloque_11,1,Opción 2,0,2.9,3.1666666666666665,1,-1,-1,Mujer,4,4,1200.0,1,-1,-1,-1.0,0.8333333333333334,0.0,0.3333333333333333,0.0,0.0,0.3333333333333333,0.3333333333333333,0.3333333333333333,0.0,0.0
Suj_131,Respuestas de formulario 10,AGH,Bloque_CON,3,Bloque_3,2,Opción 1,1,2.9,3.1666666666666665,1,-1,-1,Mujer,4,4,0.0,1,-1,-1,1.0,0.8333333333333334,0.0,0.3333333333333333,0.0,0.0,0.3333333333333333,0.3333333333333333,0.3333333333333333,0.0,0.0
Suj_131,Respuestas de formulario 10,ALM,Bloque_CON,3,Bloque_9,3,Opción 2,0,2.9,3.1666666666666665,1,-1,-1,Mujer,4,4,1000.0,1,-1,-1,-1.0,0.8333333333333334,0.0,0.3333333333333333,0.0,0.0,0.3333333333333333,0.3333333333333333,0.3333333333333333,0.0,0.0
Suj_131,Respuestas de formulario 10,ABC,Bloque_CON,3,Bloque_7,4,Opción 2,0,2.9,3.1666666666666665,1,-1,-1,Mujer,4,4,2400.0,1,-1,-1,-1.0,0.8333333333333334,0.0,0.3333333333333333,0.0,0.0,0.3333333333333333,0.3333333333333333,0.3333333333333333,0.0,0.0
Suj_131,Respuestas de formulario 10,AQS,Bloque_CON,3,Bloque_1,5,Opción 1,1,2.9,3.1666666666666665,1,-1,-1,Mujer,4,4,0.0,1,-1,-1,1.0,0.8333333333333334,0.0,0.3333333333333333,0.0,0.0,0.3333333333333333,0.3333333333333333,0.3333333333333333,0.0,0.0
Suj_131,Respuestas de formulario 10,AJK,Bloque_CON,3,Bloque_5,6,Opción 2,0,2.9,3.1666666666666665,1,-1,-1,Mujer,4,4,2000.0,1,-1,-1,-1.0,0.8333333333333334,0.0,0.3333333333333333,0.0,0.0,0.3333333333333333,0.3333333333333333,0.3333333333333333,0.0,0.0
Suj_133,Respuestas de formulario 11,ALM,Dist,1,Bloque_9,1,Opción 2,0,1.4,3.6666666666666665,-1,-1,0,Hombre,4,6,1000.0,-1,-1,0,0.0,0.6666666666666666,0.0,0.0,0.0,0.0,0.3333333333333333,0.16666666666666666,0.16666666666666666,0.16666666666666666,0.0
Suj_133,Respuestas de formulario 11,ABC,Dist,1,Bloque_1,2,Opción 2,0,1.4,3.6666666666666665,-1,-1,0,Hombre,4,6,0.0,-1,-1,0,-1.0,0.6666666666666666,0.0,0.0,0.0,0.0,0.3333333333333333,0.16666666666666666,0.16666666666666666,0.16666666666666666,0.0
Suj_133,Respuestas de formulario 11,AQS,Dist,1,Bloque_5,3,Opción 2,0,1.4,3.6666666666666665,-1,-1,0,Hombre,4,6,2000.0,-1,-1,0,-1.0,0.6666666666666666,0.0,0.0,0.0,0.0,0.3333333333333333,0.16666666666666666,0.16666666666666666,0.16666666666666666,0.0
Suj_133,Respuestas de formulario 11,AEF,Dist,1,Bloque_11,4,Opción 2,0,1.4,3.6666666666666665,-1,-1,0,Hombre,4,6,1200.0,-1,-1,0,0.0,0.6666666666666666,0.0,0.0,0.0,0.0,0.3333333333333333,0.16666666666666666,0.16666666666666666,0.16666666666666666,0.0
Suj_133,Respuestas de formulario 11,AGH,Dist,1,Bloque_3,5,Opción 1,1,1.4,3.6666666666666665,-1,-1,0,Hombre,4,6,0.0,-1,-1,0,-1.0,0.6666666666666666,0.0,0.0,0.0,0.0,0.3333333333333333,0.16666666666666666,0.16666666666666666,0.16666666666666666,0.0
Suj_133,Respuestas de formulario 11,AJK,Dist,1,Bloque_7,6,Opción 2,0,1.4,3.6666666666666665,-1,-1,0,Hombre,4,6,2400.0,-1,-1,0,-1.0,0.6666666666666666,0.0,0.0,0.0,0.0,0.3333333333333333,0.16666666666666666,0.16666666666666666,0.16666666666666666,0.0
Suj_133,Respuestas de formulario 11,ALM,Bloque_CON,2,Bloque_9,1,Opción 2,0,1.4,3.6666666666666665,-1,-1,0,Hombre,4,6,1000.0,-1,-1,0,0.0,0.6666666666666666,0.0,0.0,0.0,0.0,0.3333333333333333,0.16666666666666666,0.16666666666666666,0.16666666666666666,0.0
Suj_133,Respuestas de formulario 11,ABC,Bloque_CON,2,Bloque_1,2,Opción 1,1,1.4,3.6666666666666665,-1,-1,0,Hombre,4,6,0.0,-1,-1,0,-1.0,0.6666666666666666,0.0,0.0,0.0,0.0,0.3333333333333333,0.16666666666666666,0.16666666666666666,0.16666666666666666,0.0
Suj_133,Respuestas de formulario 11,AQS,Bloque_CON,2,Bloque_5,3,Opción 2,0,1.4,3.6666666666666665,-1,-1,0,Hombre,4,6,2000.0,-1,-1,0,-1.0,0.6666666666666666,0.0,0.0,0.0,0.0,0.3333333333333333,0.16666666666666666,0.16666666666666666,0.16666666666666666,0.0
Suj_133,Respuestas de formulario 11,AEF,Bloque_CON,2,Bloque_11,4,Opción 2,0,1.4,3.6666666666666665,-1,-1,0,Hombre,4,6,1200.0,-1,-1,0,0.0,0.6666666666666666,0.0,0.0,0.0,0.0,0.3333333333333333,0.16666666666666666,0.16666666666666666,0.16666666666666666,0.0
Suj_133,Respuestas de formulario 11,AGH,Bloque_CON,2,Bloque_3,5,Opción 1,1,1.4,3.6666666666666665,-1,-1,0,Hombre,4,6,0.0,-1,-1,0,-1.0,0.6666666666666666,0.0,0.0,0.0,0.0,0.3333333333333333,0.16666666666666666,0.16666666666666666,0.16666666666666666,0.0
Suj_133,Respuestas de formulario 11,AJK,Bloque_CON,2,Bloque_7,6,Opción 2,0,1.4,3.6666666666666665,-1,-1,0,Hombre,4,6,2400.0,-1,-1,0,-1.0,0.6666666666666666,0.0,0.0,0.0,0.0,0.3333333333333333,0.16666666666666666,0.16666666666666666,0.16666666666666666,0.0
Suj_133,Respuestas de formulario 11,ALM,Bloque_SIN,3,Bloque_9,1,Opción 2,0,1.4,3.6666666666666665,-1,-1,0,Hombre,4,6,1000.0,-1,-1,0,0.0,0.6666666666666666,0.0,0.0,0.0,0.0,0.3333333333333333,0.16666666666666666,0.16666666666666666,0.16666666666666666,0.0
Suj_133,Respuestas de formulario 11,ABC,Bloque_SIN,3,Bloque_1,2,Opción 1,1,1.4,3.6666666666666665,-1,-1,0,Hombre,4,6,0.0,-1,-1,0,-1.0,0.6666666666666666,0.0,0.0,0.0,0.0,0.3333333333333333,0.16666666666666666,0.16666666666666666,0.16666666666666666,0.0
Suj_133,Respuestas de formulario 11,AQS,Bloque_SIN,3,Bloque_5,3,Opción 2,0,1.4,3.6666666666666665,-1,-1,0,Hombre,4,6,2000.0,-1,-1,0,-1.0,0.6666666666666666,0.0,0.0,0.0,0.0,0.3333333333333333,0.16666666666666666,0.16666666666666666,0.16666666666666666,0.0
Suj_133,Respuestas de formulario 11,AEF,Bloque_SIN,3,Bloque_11,4,Opción 2,0,1.4,3.6666666666666665,-1,-1,0,Hombre,4,6,1200.0,-1,-1,0,0.0,0.6666666666666666,0.0,0.0,0.0,0.0,0.3333333333333333,0.16666666666666666,0.16666666666666666,0.16666666666666666,0.0
Suj_133,Respuestas de formulario 11,AGH,Bloque_SIN,3,Bloque_3,5,Opción 2,0,1.4,3.6666666666666665,-1,-1,0,Hombre,4,6,0.0,-1,-1,0,-1.0,0.6666666666666666,0.0,0.0,0.0,0.0,0.3333333333333333,0.16666666666666666,0.16666666666666666,0.16666666666666666,0.0
Suj_133,Respuestas de formulario 11,AJK,Bloque_SIN,3,Bloque_7,6,Opción 2,0,1.4,3.6666666666666665,-1,-1,0,Hombre,4,6,2400.0,-1,-1,0,-1.0,0.6666666666666666,0.0,0.0,0.0,0.0,0.3333333333333333,0.16666666666666666,0.16666666666666666,0.16666666666666666,0.0
Suj_134,Respuestas de formulario 11,ALM,Dist,1,Bloque_9,1,Opción 1,1,2.5,3.6666666666666665,0,0,1,Mujer,3,7,1000.0,0,0,1,1.0,0.5,1.0,0.0,0.3333333333333333,0.0,0.5,0.5,0.16666666666666666,0.0,0.33333333333333337
Suj_134,Respuestas de formulario 11,ABC,Dist,1,Bloque_1,2,Opción 2,0,2.5,3.6666666666666665,0,0,1,Mujer,3,7,0.0,0,0,1,0.0,0.5,1.0,0.0,0.3333333333333333,0.0,0.5,0.5,0.16666666666666666,0.0,0.33333333333333337
Suj_134,Respuestas de formulario 11,AQS,Dist,1,Bloque_5,3,Opción 2,0,2.5,3.6666666666666665,0,0,1,Mujer,3,7,2000.0,0,0,1,0.0,0.5,1.0,0.0,0.3333333333333333,0.0,0.5,0.5,0.16666666666666666,0.0,0.33333333333333337
Suj_134,Respuestas de formulario 11,AEF,Dist,1,Bloque_11,4,Opción 2,0,2.5,3.6666666666666665,0,0,1,Mujer,3,7,1200.0,0,0,1,1.0,0.5,1.0,0.0,0.3333333333333333,0.0,0.5,0.5,0.16666666666666666,0.0,0.33333333333333337
Suj_134,Respuestas de formulario 11,AGH,Dist,1,Bloque_3,5,Opción 2,0,2.5,3.6666666666666665,0,0,1,Mujer,3,7,0.0,0,0,1,0.0,0.5,1.0,0.0,0.3333333333333333,0.0,0.5,0.5,0.16666666666666666,0.0,0.33333333333333337
Suj_134,Respuestas de formulario 11,AJK,Dist,1,Bloque_7,6,Opción 2,0,2.5,3.6666666666666665,0,0,1,Mujer,3,7,2400.0,0,0,1,0.0,0.5,1.0,0.0,0.3333333333333333,0.0,0.5,0.5,0.16666666666666666,0.0,0.33333333333333337
Suj_134,Respuestas de formulario 11,ALM,Bloque_CON,2,Bloque_9,1,Opción 1,1,2.5,3.6666666666666665,0,0,1,Mujer,3,7,1000.0,0,0,1,1.0,0.5,1.0,0.0,0.3333333333333333,0.0,0.5,0.5,0.16666666666666666,0.0,0.33333333333333337
Suj_134,Respuestas de formulario 11,ABC,Bloque_CON,2,Bloque_1,2,Opción 2,0,2.5,3.6666666666666665,0,0,1,Mujer,3,7,0.0,0,0,1,0.0,0.5,1.0,0.0,0.3333333333333333,0.0,0.5,0.5,0.16666666666666666,0.0,0.33333333333333337
Suj_134,Respuestas de formulario 11,AQS,Bloque_CON,2,Bloque_5,3,Opción 1,1,2.5,3.6666666666666665,0,0,1,Mujer,3,7,2000.0,0,0,1,0.0,0.5,1.0,0.0,0.3333333333333333,0.0,0.5,0.5,0.16666666666666666,0.0,0.33333333333333337
Suj_134,Respuestas de formulario 11,AEF,Bloque_CON,2,Bloque_11,4,Opción 2,0,2.5,3.6666666666666665,0,0,1,Mujer,3,7,1200.0,0,0,1,1.0,0.5,1.0,0.0,0.3333333333333333,0.0,0.5,0.5,0.16666666666666666,0.0,0.33333333333333337
Suj_134,Respuestas de formulario 11,AGH,Bloque_CON,2,Bloque_3,5,Opción 1,1,2.5,3.6666666666666665,0,0,1,Mujer,3,7,0.0,0,0,1,0.0,0.5,1.0,0.0,0.3333333333333333,0.0,0.5,0.5,0.16666666666666666,0.0,0.33333333333333337
Suj_134,Respuestas de formulario 11,AJK,Bloque_CON,2,Bloque_7,6,Opción 2,0,2.5,3.6666666666666665,0,0,1,Mujer,3,7,2400.0,0,0,1,0.0,0.5,1.0,0.0,0.3333333333333333,0.0,0.5,0.5,0.16666666666666666,0.0,0.33333333333333337
Suj_134,Respuestas de formulario 11,ALM,Bloque_SIN,3,Bloque_9,1,Opción 1,1,2.5,3.6666666666666665,0,0,1,Mujer,3,7,1000.0,0,0,1,1.0,0.5,1.0,0.0,0.3333333333333333,0.0,0.5,0.5,0.16666666666666666,0.0,0.33333333333333337
Suj_134,Respuestas de formulario 11,ABC,Bloque_SIN,3,Bloque_1,2,Opción 1,1,2.5,3.6666666666666665,0,0,1,Mujer,3,7,0.0,0,0,1,0.0,0.5,1.0,0.0,0.3333333333333333,0.0,0.5,0.5,0.16666666666666666,0.0,0.33333333333333337
Suj_134,Respuestas de formulario 11,AQS,Bloque_SIN,3,Bloque_5,3,Opción 2,0,2.5,3.6666666666666665,0,0,1,Mujer,3,7,2000.0,0,0,1,0.0,0.5,1.0,0.0,0.3333333333333333,0.0,0.5,0.5,0.16666666666666666,0.0,0.33333333333333337
Suj_134,Respuestas de formulario 11,AEF,Bloque_SIN,3,Bloque_11,4,Opción 2,0,2.5,3.6666666666666665,0,0,1,Mujer,3,7,1200.0,0,0,1,1.0,0.5,1.0,0.0,0.3333333333333333,0.0,0.5,0.5,0.16666666666666666,0.0,0.33333333333333337
Suj_134,Respuestas de formulario 11,AGH,Bloque_SIN,3,Bloque_3,5,Opción 1,1,2.5,3.6666666666666665,0,0,1,Mujer,3,7,0.0,0,0,1,0.0,0.5,1.0,0.0,0.3333333333333333,0.0,0.5,0.5,0.16666666666666666,0.0,0.33333333333333337
Suj_134,Respuestas de formulario 11,AJK,Bloque_SIN,3,Bloque_7,6,Opción 2,0,2.5,3.6666666666666665,0,0,1,Mujer,3,7,2400.0,0,0,1,0.0,0.5,1.0,0.0,0.3333333333333333,0.0,0.5,0.5,0.16666666666666666,0.0,0.33333333333333337
Suj_135,Respuestas de formulario 11,ALM,Dist,1,Bloque_9,1,Opción 2,0,1.8,3.8333333333333335,1,-1,1,Mujer,4,5,1000.0,1,-1,1,1.0,0.8333333333333334,0.3333333333333333,0.6666666666666666,0.0,0.3333333333333333,0.3333333333333333,0.6666666666666666,0.5,-0.3333333333333333,0.16666666666666663
Suj_135,Respuestas de formulario 11,ABC,Dist,1,Bloque_1,2,Opción 2,0,1.8,3.8333333333333335,1,-1,1,Mujer,4,5,0.0,1,-1,1,1.0,0.8333333333333334,0.3333333333333333,0.6666666666666666,0.0,0.3333333333333333,0.3333333333333333,0.6666666666666666,0.5,-0.3333333333333333,0.16666666666666663
Suj_135,Respuestas de formulario 11,AQS,Dist,1,Bloque_5,3,Opción 2,0,1.8,3.8333333333333335,1,-1,1,Mujer,4,5,2000.0,1,-1,1,-1.0,0.8333333333333334,0.3333333333333333,0.6666666666666666,0.0,0.3333333333333333,0.3333333333333333,0.6666666666666666,0.5,-0.3333333333333333,0.16666666666666663
Suj_135,Respuestas de formulario 11,AEF,Dist,1,Bloque_11,4,Opción 1,1,1.8,3.8333333333333335,1,-1,1,Mujer,4,5,1200.0,1,-1,1,1.0,0.8333333333333334,0.3333333333333333,0.6666666666666666,0.0,0.3333333333333333,0.3333333333333333,0.6666666666666666,0.5,-0.3333333333333333,0.16666666666666663
Suj_135,Respuestas de formulario 11,AGH,Dist,1,Bloque_3,5,Opción 1,1,1.8,3.8333333333333335,1,-1,1,Mujer,4,5,0.0,1,-1,1,1.0,0.8333333333333334,0.3333333333333333,0.6666666666666666,0.0,0.3333333333333333,0.3333333333333333,0.6666666666666666,0.5,-0.3333333333333333,0.16666666666666663
Suj_135,Respuestas de formulario 11,AJK,Dist,1,Bloque_7,6,Opción 1,1,1.8,3.8333333333333335,1,-1,1,Mujer,4,5,2400.0,1,-1,1,-1.0,0.8333333333333334,0.3333333333333333,0.6666666666666666,0.0,0.3333333333333333,0.3333333333333333,0.6666666666666666,0.5,-0.3333333333333333,0.16666666666666663
Suj_135,Respuestas de formulario 11,ALM,Bloque_CON,2,Bloque_9,1,Opción 2,0,1.8,3.8333333333333335,1,-1,1,Mujer,4,5,1000.0,1,-1,1,1.0,0.8333333333333334,0.3333333333333333,0.6666666666666666,0.0,0.3333333333333333,0.3333333333333333,0.6666666666666666,0.5,-0.3333333333333333,0.16666666666666663
Suj_135,Respuestas de formulario 11,ABC,Bloque_CON,2,Bloque_1,2,Opción 1,1,1.8,3.8333333333333335,1,-1,1,Mujer,4,5,0.0,1,-1,1,1.0,0.8333333333333334,0.3333333333333333,0.6666666666666666,0.0,0.3333333333333333,0.3333333333333333,0.6666666666666666,0.5,-0.3333333333333333,0.16666666666666663
Suj_135,Respuestas de formulario 11,AQS,Bloque_CON,2,Bloque_5,3,Opción 2,0,1.8,3.8333333333333335,1,-1,1,Mujer,4,5,2000.0,1,-1,1,-1.0,0.8333333333333334,0.3333333333333333,0.6666666666666666,0.0,0.3333333333333333,0.3333333333333333,0.6666666666666666,0.5,-0.3333333333333333,0.16666666666666663
Suj_135,Respuestas de formulario 11,AEF,Bloque_CON,2,Bloque_11,4,Opción 2,0,1.8,3.8333333333333335,1,-1,1,Mujer,4,5,1200.0,1,-1,1,1.0,0.8333333333333334,0.3333333333333333,0.6666666666666666,0.0,0.3333333333333333,0.3333333333333333,0.6666666666666666,0.5,-0.3333333333333333,0.16666666666666663
Suj_135,Respuestas de formulario 11,AGH,Bloque_CON,2,Bloque_3,5,Opción 1,1,1.8,3.8333333333333335,1,-1,1,Mujer,4,5,0.0,1,-1,1,1.0,0.8333333333333334,0.3333333333333333,0.6666666666666666,0.0,0.3333333333333333,0.3333333333333333,0.6666666666666666,0.5,-0.3333333333333333,0.16666666666666663
Suj_135,Respuestas de formulario 11,AJK,Bloque_CON,2,Bloque_7,6,Opción 2,0,1.8,3.8333333333333335,1,-1,1,Mujer,4,5,2400.0,1,-1,1,-1.0,0.8333333333333334,0.3333333333333333,0.6666666666666666,0.0,0.3333333333333333,0.3333333333333333,0.6666666666666666,0.5,-0.3333333333333333,0.16666666666666663
Suj_135,Respuestas de formulario 11,ALM,Bloque_SIN,3,Bloque_9,1,Opción 1,1,1.8,3.8333333333333335,1,-1,1,Mujer,4,5,1000.0,1,-1,1,1.0,0.8333333333333334,0.3333333333333333,0.6666666666666666,0.0,0.3333333333333333,0.3333333333333333,0.6666666666666666,0.5,-0.3333333333333333,0.16666666666666663
Suj_135,Respuestas de formulario 11,ABC,Bloque_SIN,3,Bloque_1,2,Opción 1,1,1.8,3.8333333333333335,1,-1,1,Mujer,4,5,0.0,1,-1,1,1.0,0.8333333333333334,0.3333333333333333,0.6666666666666666,0.0,0.3333333333333333,0.3333333333333333,0.6666666666666666,0.5,-0.3333333333333333,0.16666666666666663
Suj_135,Respuestas de formulario 11,AQS,Bloque_SIN,3,Bloque_5,3,Opción 2,0,1.8,3.8333333333333335,1,-1,1,Mujer,4,5,2000.0,1,-1,1,-1.0,0.8333333333333334,0.3333333333333333,0.6666666666666666,0.0,0.3333333333333333,0.3333333333333333,0.6666666666666666,0.5,-0.3333333333333333,0.16666666666666663
Suj_135,Respuestas de formulario 11,AEF,Bloque_SIN,3,Bloque_11,4,Opción 1,1,1.8,3.8333333333333335,1,-1,1,Mujer,4,5,1200.0,1,-1,1,1.0,0.8333333333333334,0.3333333333333333,0.6666666666666666,0.0,0.3333333333333333,0.3333333333333333,0.6666666666666666,0.5,-0.3333333333333333,0.16666666666666663
Suj_135,Respuestas de formulario 11,AGH,Bloque_SIN,3,Bloque_3,5,Opción 1,1,1.8,3.8333333333333335,1,-1,1,Mujer,4,5,0.0,1,-1,1,1.0,0.8333333333333334,0.3333333333333333,0.6666666666666666,0.0,0.3333333333333333,0.3333333333333333,0.6666666666666666,0.5,-0.3333333333333333,0.16666666666666663
Suj_135,Respuestas de formulario 11,AJK,Bloque_SIN,3,Bloque_7,6,Opción 2,0,1.8,3.8333333333333335,1,-1,1,Mujer,4,5,2400.0,1,-1,1,-1.0,0.8333333333333334,0.3333333333333333,0.6666666666666666,0.0,0.3333333333333333,0.3333333333333333,0.6666666666666666,0.5,-0.3333333333333333,0.16666666666666663
Suj_136,Respuestas de formulario 11,ALM,Dist,1,Bloque_9,1,Opción 2,0,2.2,4.666666666666667,1,-1,-1,No binario,2,6,1000.0,1,-1,-1,-1.0,1.0,0.6666666666666666,0.0,0.0,0.0,0.5,0.5,0.3333333333333333,0.0,0.16666666666666669
Suj_136,Respuestas de formulario 11,ABC,Dist,1,Bloque_1,2,Opción 1,1,2.2,4.666666666666667,1,-1,-1,No binario,2,6,0.0,1,-1,-1,1.0,1.0,0.6666666666666666,0.0,0.0,0.0,0.5,0.5,0.3333333333333333,0.0,0.16666666666666669
Suj_136,Respuestas de formulario 11,AQS,Dist,1,Bloque_5,3,Opción 2,0,2.2,4.666666666666667,1,-1,-1,No binario,2,6,2000.0,1,-1,-1,-1.0,1.0,0.6666666666666666,0.0,0.0,0.0,0.5,0.5,0.3333333333333333,0.0,0.16666666666666669
Suj_136,Respuestas de formulario 11,AEF,Dist,1,Bloque_11,4,Opción 2,0,2.2,4.666666666666667,1,-1,-1,No binario,2,6,1200.0,1,-1,-1,-1.0,1.0,0.6666666666666666,0.0,0.0,0.0,0.5,0.5,0.3333333333333333,0.0,0.16666666666666669
Suj_136,Respuestas de formulario 11,AGH,Dist,1,Bloque_3,5,Opción 1,1,2.2,4.666666666666667,1,-1,-1,No binario,2,6,0.0,1,-1,-1,1.0,1.0,0.6666666666666666,0.0,0.0,0.0,0.5,0.5,0.3333333333333333,0.0,0.16666666666666669
Suj_136,Respuestas de formulario 11,AJK,Dist,1,Bloque_7,6,Opción 2,0,2.2,4.666666666666667,1,-1,-1,No binario,2,6,2400.0,1,-1,-1,-1.0,1.0,0.6666666666666666,0.0,0.0,0.0,0.5,0.5,0.3333333333333333,0.0,0.16666666666666669
Suj_136,Respuestas de formulario 11,ALM,Bloque_CON,2,Bloque_9,1,Opción 1,1,2.2,4.666666666666667,1,-1,-1,No binario,2,6,1000.0,1,-1,-1,-1.0,1.0,0.6666666666666666,0.0,0.0,0.0,0.5,0.5,0.3333333333333333,0.0,0.16666666666666669
Suj_136,Respuestas de formulario 11,ABC,Bloque_CON,2,Bloque_1,2,Opción 1,1,2.2,4.666666666666667,1,-1,-1,No binario,2,6,0.0,1,-1,-1,1.0,1.0,0.6666666666666666,0.0,0.0,0.0,0.5,0.5,0.3333333333333333,0.0,0.16666666666666669
Suj_136,Respuestas de formulario 11,AQS,Bloque_CON,2,Bloque_5,3,Opción 2,0,2.2,4.666666666666667,1,-1,-1,No binario,2,6,2000.0,1,-1,-1,-1.0,1.0,0.6666666666666666,0.0,0.0,0.0,0.5,0.5,0.3333333333333333,0.0,0.16666666666666669
Suj_136,Respuestas de formulario 11,AEF,Bloque_CON,2,Bloque_11,4,Opción 2,0,2.2,4.666666666666667,1,-1,-1,No binario,2,6,1200.0,1,-1,-1,-1.0,1.0,0.6666666666666666,0.0,0.0,0.0,0.5,0.5,0.3333333333333333,0.0,0.16666666666666669
Suj_136,Respuestas de formulario 11,AGH,Bloque_CON,2,Bloque_3,5,Opción 1,1,2.2,4.666666666666667,1,-1,-1,No binario,2,6,0.0,1,-1,-1,1.0,1.0,0.6666666666666666,0.0,0.0,0.0,0.5,0.5,0.3333333333333333,0.0,0.16666666666666669
Suj_136,Respuestas de formulario 11,AJK,Bloque_CON,2,Bloque_7,6,Opción 2,0,2.2,4.666666666666667,1,-1,-1,No binario,2,6,2400.0,1,-1,-1,-1.0,1.0,0.6666666666666666,0.0,0.0,0.0,0.5,0.5,0.3333333333333333,0.0,0.16666666666666669
Suj_136,Respuestas de formulario 11,ALM,Bloque_SIN,3,Bloque_9,1,Opción 1,1,2.2,4.666666666666667,1,-1,-1,No binario,2,6,1000.0,1,-1,-1,-1.0,1.0,0.6666666666666666,0.0,0.0,0.0,0.5,0.5,0.3333333333333333,0.0,0.16666666666666669
Suj_136,Respuestas de formulario 11,ABC,Bloque_SIN,3,Bloque_1,2,Opción 1,1,2.2,4.666666666666667,1,-1,-1,No binario,2,6,0.0,1,-1,-1,1.0,1.0,0.6666666666666666,0.0,0.0,0.0,0.5,0.5,0.3333333333333333,0.0,0.16666666666666669
Suj_136,Respuestas de formulario 11,AQS,Bloque_SIN,3,Bloque_5,3,Opción 2,0,2.2,4.666666666666667,1,-1,-1,No binario,2,6,2000.0,1,-1,-1,-1.0,1.0,0.6666666666666666,0.0,0.0,0.0,0.5,0.5,0.3333333333333333,0.0,0.16666666666666669
Suj_136,Respuestas de formulario 11,AEF,Bloque_SIN,3,Bloque_11,4,Opción 2,0,2.2,4.666666666666667,1,-1,-1,No binario,2,6,1200.0,1,-1,-1,-1.0,1.0,0.6666666666666666,0.0,0.0,0.0,0.5,0.5,0.3333333333333333,0.0,0.16666666666666669
Suj_136,Respuestas de formulario 11,AGH,Bloque_SIN,3,Bloque_3,5,Opción 1,1,2.2,4.666666666666667,1,-1,-1,No binario,2,6,0.0,1,-1,-1,1.0,1.0,0.6666666666666666,0.0,0.0,0.0,0.5,0.5,0.3333333333333333,0.0,0.16666666666666669
Suj_136,Respuestas de formulario 11,AJK,Bloque_SIN,3,Bloque_7,6,Opción 2,0,2.2,4.666666666666667,1,-1,-1,No binario,2,6,2400.0,1,-1,-1,-1.0,1.0,0.6666666666666666,0.0,0.0,0.0,0.5,0.5,0.3333333333333333,0.0,0.16666666666666669
Suj_137,Respuestas de formulario 11,ALM,Dist,1,Bloque_9,1,Opción 2,0,1.0,4.666666666666667,1,1,1,Mujer,1,8,1000.0,1,1,1,1.0,1.0,0.6666666666666666,1.0,1.0,1.0,1.0,1.0,0.8333333333333334,0.0,0.16666666666666663
Suj_137,Respuestas de formulario 11,ABC,Dist,1,Bloque_1,2,Opción 1,1,1.0,4.666666666666667,1,1,1,Mujer,1,8,0.0,1,1,1,1.0,1.0,0.6666666666666666,1.0,1.0,1.0,1.0,1.0,0.8333333333333334,0.0,0.16666666666666663
Suj_137,Respuestas de formulario 11,AQS,Dist,1,Bloque_5,3,Opción 1,1,1.0,4.666666666666667,1,1,1,Mujer,1,8,2000.0,1,1,1,1.0,1.0,0.6666666666666666,1.0,1.0,1.0,1.0,1.0,0.8333333333333334,0.0,0.16666666666666663
Suj_137,Respuestas de formulario 11,AEF,Dist,1,Bloque_11,4,Opción 1,1,1.0,4.666666666666667,1,1,1,Mujer,1,8,1200.0,1,1,1,1.0,1.0,0.6666666666666666,1.0,1.0,1.0,1.0,1.0,0.8333333333333334,0.0,0.16666666666666663
Suj_137,Respuestas de formulario 11,AGH,Dist,1,Bloque_3,5,Opción 1,1,1.0,4.666666666666667,1,1,1,Mujer,1,8,0.0,1,1,1,1.0,1.0,0.6666666666666666,1.0,1.0,1.0,1.0,1.0,0.8333333333333334,0.0,0.16666666666666663
Suj_137,Respuestas de formulario 11,AJK,Dist,1,Bloque_7,6,Opción 1,1,1.0,4.666666666666667,1,1,1,Mujer,1,8,2400.0,1,1,1,1.0,1.0,0.6666666666666666,1.0,1.0,1.0,1.0,1.0,0.8333333333333334,0.0,0.16666666666666663
Suj_137,Respuestas de formulario 11,ALM,Bloque_CON,2,Bloque_9,1,Opción 1,1,1.0,4.666666666666667,1,1,1,Mujer,1,8,1000.0,1,1,1,1.0,1.0,0.6666666666666666,1.0,1.0,1.0,1.0,1.0,0.8333333333333334,0.0,0.16666666666666663
Suj_137,Respuestas de formulario 11,ABC,Bloque_CON,2,Bloque_1,2,Opción 1,1,1.0,4.666666666666667,1,1,1,Mujer,1,8,0.0,1,1,1,1.0,1.0,0.6666666666666666,1.0,1.0,1.0,1.0,1.0,0.8333333333333334,0.0,0.16666666666666663
Suj_137,Respuestas de formulario 11,AQS,Bloque_CON,2,Bloque_5,3,Opción 1,1,1.0,4.666666666666667,1,1,1,Mujer,1,8,2000.0,1,1,1,1.0,1.0,0.6666666666666666,1.0,1.0,1.0,1.0,1.0,0.8333333333333334,0.0,0.16666666666666663
Suj_137,Respuestas de formulario 11,AEF,Bloque_CON,2,Bloque_11,4,Opción 1,1,1.0,4.666666666666667,1,1,1,Mujer,1,8,1200.0,1,1,1,1.0,1.0,0.6666666666666666,1.0,1.0,1.0,1.0,1.0,0.8333333333333334,0.0,0.16666666666666663
Suj_137,Respuestas de formulario 11,AGH,Bloque_CON,2,Bloque_3,5,Opción 1,1,1.0,4.666666666666667,1,1,1,Mujer,1,8,0.0,1,1,1,1.0,1.0,0.6666666666666666,1.0,1.0,1.0,1.0,1.0,0.8333333333333334,0.0,0.16666666666666663
Suj_137,Respuestas de formulario 11,AJK,Bloque_CON,2,Bloque_7,6,Opción 1,1,1.0,4.666666666666667,1,1,1,Mujer,1,8,2400.0,1,1,1,1.0,1.0,0.6666666666666666,1.0,1.0,1.0,1.0,1.0,0.8333333333333334,0.0,0.16666666666666663
Suj_137,Respuestas de formulario 11,ALM,Bloque_SIN,3,Bloque_9,1,Opción 1,1,1.0,4.666666666666667,1,1,1,Mujer,1,8,1000.0,1,1,1,1.0,1.0,0.6666666666666666,1.0,1.0,1.0,1.0,1.0,0.8333333333333334,0.0,0.16666666666666663
Suj_137,Respuestas de formulario 11,ABC,Bloque_SIN,3,Bloque_1,2,Opción 1,1,1.0,4.666666666666667,1,1,1,Mujer,1,8,0.0,1,1,1,1.0,1.0,0.6666666666666666,1.0,1.0,1.0,1.0,1.0,0.8333333333333334,0.0,0.16666666666666663
Suj_137,Respuestas de formulario 11,AQS,Bloque_SIN,3,Bloque_5,3,Opción 1,1,1.0,4.666666666666667,1,1,1,Mujer,1,8,2000.0,1,1,1,1.0,1.0,0.6666666666666666,1.0,1.0,1.0,1.0,1.0,0.8333333333333334,0.0,0.16666666666666663
Suj_137,Respuestas de formulario 11,AEF,Bloque_SIN,3,Bloque_11,4,Opción 1,1,1.0,4.666666666666667,1,1,1,Mujer,1,8,1200.0,1,1,1,1.0,1.0,0.6666666666666666,1.0,1.0,1.0,1.0,1.0,0.8333333333333334,0.0,0.16666666666666663
Suj_137,Respuestas de formulario 11,AGH,Bloque_SIN,3,Bloque_3,5,Opción 1,1,1.0,4.666666666666667,1,1,1,Mujer,1,8,0.0,1,1,1,1.0,1.0,0.6666666666666666,1.0,1.0,1.0,1.0,1.0,0.8333333333333334,0.0,0.16666666666666663
Suj_137,Respuestas de formulario 11,AJK,Bloque_SIN,3,Bloque_7,6,Opción 1,1,1.0,4.666666666666667,1,1,1,Mujer,1,8,2400.0,1,1,1,1.0,1.0,0.6666666666666666,1.0,1.0,1.0,1.0,1.0,0.8333333333333334,0.0,0.16666666666666663
Suj_138,Respuestas de formulario 11,ALM,Dist,1,Bloque_9,1,Opción 2,0,2.5,4.0,-1,-1,-1,Mujer,6,6,1000.0,-1,-1,-1,-1.0,0.16666666666666666,0.0,0.3333333333333333,0.0,0.0,0.3333333333333333,0.0,0.0,0.3333333333333333,0.0
Suj_138,Respuestas de formulario 11,ABC,Dist,1,Bloque_1,2,Opción 2,0,2.5,4.0,-1,-1,-1,Mujer,6,6,0.0,-1,-1,-1,-1.0,0.16666666666666666,0.0,0.3333333333333333,0.0,0.0,0.3333333333333333,0.0,0.0,0.3333333333333333,0.0
Suj_138,Respuestas de formulario 11,AQS,Dist,1,Bloque_5,3,Opción 2,0,2.5,4.0,-1,-1,-1,Mujer,6,6,2000.0,-1,-1,-1,-1.0,0.16666666666666666,0.0,0.3333333333333333,0.0,0.0,0.3333333333333333,0.0,0.0,0.3333333333333333,0.0
Suj_138,Respuestas de formulario 11,AEF,Dist,1,Bloque_11,4,Opción 2,0,2.5,4.0,-1,-1,-1,Mujer,6,6,1200.0,-1,-1,-1,-1.0,0.16666666666666666,0.0,0.3333333333333333,0.0,0.0,0.3333333333333333,0.0,0.0,0.3333333333333333,0.0
Suj_138,Respuestas de formulario 11,AGH,Dist,1,Bloque_3,5,Opción 2,0,2.5,4.0,-1,-1,-1,Mujer,6,6,0.0,-1,-1,-1,-1.0,0.16666666666666666,0.0,0.3333333333333333,0.0,0.0,0.3333333333333333,0.0,0.0,0.3333333333333333,0.0
Suj_138,Respuestas de formulario 11,AJK,Dist,1,Bloque_7,6,Opción 2,0,2.5,4.0,-1,-1,-1,Mujer,6,6,2400.0,-1,-1,-1,-1.0,0.16666666666666666,0.0,0.3333333333333333,0.0,0.0,0.3333333333333333,0.0,0.0,0.3333333333333333,0.0
Suj_138,Respuestas de formulario 11,ALM,Bloque_CON,2,Bloque_9,1,Opción 2,0,2.5,4.0,-1,-1,-1,Mujer,6,6,1000.0,-1,-1,-1,-1.0,0.16666666666666666,0.0,0.3333333333333333,0.0,0.0,0.3333333333333333,0.0,0.0,0.3333333333333333,0.0
Suj_138,Respuestas de formulario 11,ABC,Bloque_CON,2,Bloque_1,2,Opción 2,0,2.5,4.0,-1,-1,-1,Mujer,6,6,0.0,-1,-1,-1,-1.0,0.16666666666666666,0.0,0.3333333333333333,0.0,0.0,0.3333333333333333,0.0,0.0,0.3333333333333333,0.0
Suj_138,Respuestas de formulario 11,AQS,Bloque_CON,2,Bloque_5,3,Opción 2,0,2.5,4.0,-1,-1,-1,Mujer,6,6,2000.0,-1,-1,-1,-1.0,0.16666666666666666,0.0,0.3333333333333333,0.0,0.0,0.3333333333333333,0.0,0.0,0.3333333333333333,0.0
Suj_138,Respuestas de formulario 11,AEF,Bloque_CON,2,Bloque_11,4,Opción 1,1,2.5,4.0,-1,-1,-1,Mujer,6,6,1200.0,-1,-1,-1,-1.0,0.16666666666666666,0.0,0.3333333333333333,0.0,0.0,0.3333333333333333,0.0,0.0,0.3333333333333333,0.0
Suj_138,Respuestas de formulario 11,AGH,Bloque_CON,2,Bloque_3,5,Opción 1,1,2.5,4.0,-1,-1,-1,Mujer,6,6,0.0,-1,-1,-1,-1.0,0.16666666666666666,0.0,0.3333333333333333,0.0,0.0,0.3333333333333333,0.0,0.0,0.3333333333333333,0.0
Suj_138,Respuestas de formulario 11,AJK,Bloque_CON,2,Bloque_7,6,Opción 2,0,2.5,4.0,-1,-1,-1,Mujer,6,6,2400.0,-1,-1,-1,-1.0,0.16666666666666666,0.0,0.3333333333333333,0.0,0.0,0.3333333333333333,0.0,0.0,0.3333333333333333,0.0
Suj_138,Respuestas de formulario 11,ALM,Bloque_SIN,3,Bloque_9,1,Opción 2,0,2.5,4.0,-1,-1,-1,Mujer,6,6,1000.0,-1,-1,-1,-1.0,0.16666666666666666,0.0,0.3333333333333333,0.0,0.0,0.3333333333333333,0.0,0.0,0.3333333333333333,0.0
Suj_138,Respuestas de formulario 11,ABC,Bloque_SIN,3,Bloque_1,2,Opción 2,0,2.5,4.0,-1,-1,-1,Mujer,6,6,0.0,-1,-1,-1,-1.0,0.16666666666666666,0.0,0.3333333333333333,0.0,0.0,0.3333333333333333,0.0,0.0,0.3333333333333333,0.0
Suj_138,Respuestas de formulario 11,AQS,Bloque_SIN,3,Bloque_5,3,Opción 2,0,2.5,4.0,-1,-1,-1,Mujer,6,6,2000.0,-1,-1,-1,-1.0,0.16666666666666666,0.0,0.3333333333333333,0.0,0.0,0.3333333333333333,0.0,0.0,0.3333333333333333,0.0
Suj_138,Respuestas de formulario 11,AEF,Bloque_SIN,3,Bloque_11,4,Opción 2,0,2.5,4.0,-1,-1,-1,Mujer,6,6,1200.0,-1,-1,-1,-1.0,0.16666666666666666,0.0,0.3333333333333333,0.0,0.0,0.3333333333333333,0.0,0.0,0.3333333333333333,0.0
Suj_138,Respuestas de formulario 11,AGH,Bloque_SIN,3,Bloque_3,5,Opción 2,0,2.5,4.0,-1,-1,-1,Mujer,6,6,0.0,-1,-1,-1,-1.0,0.16666666666666666,0.0,0.3333333333333333,0.0,0.0,0.3333333333333333,0.0,0.0,0.3333333333333333,0.0
Suj_138,Respuestas de formulario 11,AJK,Bloque_SIN,3,Bloque_7,6,Opción 2,0,2.5,4.0,-1,-1,-1,Mujer,6,6,2400.0,-1,-1,-1,-1.0,0.16666666666666666,0.0,0.3333333333333333,0.0,0.0,0.3333333333333333,0.0,0.0,0.3333333333333333,0.0
Suj_139,Respuestas de formulario 11,ALM,Bloque_SIN,3,Bloque_9,1,Opción 1,1,1.0,3.5,1,1,-1,Mujer,4,6,1000.0,1,1,-1,-1.0,0.8333333333333334,0.6666666666666666,0.0,0.3333333333333333,0.3333333333333333,0.5,0.6666666666666666,0.3333333333333333,-0.16666666666666663,0.3333333333333333
Suj_139,Respuestas de formulario 11,ABC,Bloque_SIN,3,Bloque_1,2,Opción 1,1,1.0,3.5,1,1,-1,Mujer,4,6,0.0,1,1,-1,1.0,0.8333333333333334,0.6666666666666666,0.0,0.3333333333333333,0.3333333333333333,0.5,0.6666666666666666,0.3333333333333333,-0.16666666666666663,0.3333333333333333
Suj_139,Respuestas de formulario 11,AQS,Bloque_SIN,3,Bloque_5,3,Opción 2,0,1.0,3.5,1,1,-1,Mujer,4,6,2000.0,1,1,-1,1.0,0.8333333333333334,0.6666666666666666,0.0,0.3333333333333333,0.3333333333333333,0.5,0.6666666666666666,0.3333333333333333,-0.16666666666666663,0.3333333333333333
Suj_139,Respuestas de formulario 11,AEF,Bloque_SIN,3,Bloque_11,4,Opción 2,0,1.0,3.5,1,1,-1,Mujer,4,6,1200.0,1,1,-1,-1.0,0.8333333333333334,0.6666666666666666,0.0,0.3333333333333333,0.3333333333333333,0.5,0.6666666666666666,0.3333333333333333,-0.16666666666666663,0.3333333333333333
Suj_139,Respuestas de formulario 11,AGH,Bloque_SIN,3,Bloque_3,5,Opción 1,1,1.0,3.5,1,1,-1,Mujer,4,6,0.0,1,1,-1,1.0,0.8333333333333334,0.6666666666666666,0.0,0.3333333333333333,0.3333333333333333,0.5,0.6666666666666666,0.3333333333333333,-0.16666666666666663,0.3333333333333333
Suj_139,Respuestas de formulario 11,AJK,Bloque_SIN,3,Bloque_7,6,Opción 1,1,1.0,3.5,1,1,-1,Mujer,4,6,2400.0,1,1,-1,1.0,0.8333333333333334,0.6666666666666666,0.0,0.3333333333333333,0.3333333333333333,0.5,0.6666666666666666,0.3333333333333333,-0.16666666666666663,0.3333333333333333
Suj_140,Respuestas de formulario 11,ALM,Dist,1,Bloque_9,1,Opción 2,0,1.4,4.333333333333333,1,1,1,Hombre,3,4,1000.0,1,1,1,1.0,0.8333333333333334,0.3333333333333333,0.3333333333333333,0.0,0.3333333333333333,0.3333333333333333,0.6666666666666666,0.3333333333333333,-0.3333333333333333,0.3333333333333333
Suj_140,Respuestas de formulario 11,ABC,Dist,1,Bloque_1,2,Opción 1,1,1.4,4.333333333333333,1,1,1,Hombre,3,4,0.0,1,1,1,1.0,0.8333333333333334,0.3333333333333333,0.3333333333333333,0.0,0.3333333333333333,0.3333333333333333,0.6666666666666666,0.3333333333333333,-0.3333333333333333,0.3333333333333333
Suj_140,Respuestas de formulario 11,AQS,Dist,1,Bloque_5,3,Opción 2,0,1.4,4.333333333333333,1,1,1,Hombre,3,4,2000.0,1,1,1,1.0,0.8333333333333334,0.3333333333333333,0.3333333333333333,0.0,0.3333333333333333,0.3333333333333333,0.6666666666666666,0.3333333333333333,-0.3333333333333333,0.3333333333333333
Suj_140,Respuestas de formulario 11,AEF,Dist,1,Bloque_11,4,Opción 2,0,1.4,4.333333333333333,1,1,1,Hombre,3,4,1200.0,1,1,1,1.0,0.8333333333333334,0.3333333333333333,0.3333333333333333,0.0,0.3333333333333333,0.3333333333333333,0.6666666666666666,0.3333333333333333,-0.3333333333333333,0.3333333333333333
Suj_140,Respuestas de formulario 11,AGH,Dist,1,Bloque_3,5,Opción 1,1,1.4,4.333333333333333,1,1,1,Hombre,3,4,0.0,1,1,1,1.0,0.8333333333333334,0.3333333333333333,0.3333333333333333,0.0,0.3333333333333333,0.3333333333333333,0.6666666666666666,0.3333333333333333,-0.3333333333333333,0.3333333333333333
Suj_140,Respuestas de formulario 11,AJK,Dist,1,Bloque_7,6,Opción 2,0,1.4,4.333333333333333,1,1,1,Hombre,3,4,2400.0,1,1,1,1.0,0.8333333333333334,0.3333333333333333,0.3333333333333333,0.0,0.3333333333333333,0.3333333333333333,0.6666666666666666,0.3333333333333333,-0.3333333333333333,0.3333333333333333
Suj_140,Respuestas de formulario 11,ALM,Bloque_CON,2,Bloque_9,1,Opción 2,0,1.4,4.333333333333333,1,1,1,Hombre,3,4,1000.0,1,1,1,1.0,0.8333333333333334,0.3333333333333333,0.3333333333333333,0.0,0.3333333333333333,0.3333333333333333,0.6666666666666666,0.3333333333333333,-0.3333333333333333,0.3333333333333333
Suj_140,Respuestas de formulario 11,ABC,Bloque_CON,2,Bloque_1,2,Opción 1,1,1.4,4.333333333333333,1,1,1,Hombre,3,4,0.0,1,1,1,1.0,0.8333333333333334,0.3333333333333333,0.3333333333333333,0.0,0.3333333333333333,0.3333333333333333,0.6666666666666666,0.3333333333333333,-0.3333333333333333,0.3333333333333333
Suj_140,Respuestas de formulario 11,AQS,Bloque_CON,2,Bloque_5,3,Opción 2,0,1.4,4.333333333333333,1,1,1,Hombre,3,4,2000.0,1,1,1,1.0,0.8333333333333334,0.3333333333333333,0.3333333333333333,0.0,0.3333333333333333,0.3333333333333333,0.6666666666666666,0.3333333333333333,-0.3333333333333333,0.3333333333333333
Suj_140,Respuestas de formulario 11,AEF,Bloque_CON,2,Bloque_11,4,Opción 2,0,1.4,4.333333333333333,1,1,1,Hombre,3,4,1200.0,1,1,1,1.0,0.8333333333333334,0.3333333333333333,0.3333333333333333,0.0,0.3333333333333333,0.3333333333333333,0.6666666666666666,0.3333333333333333,-0.3333333333333333,0.3333333333333333
Suj_140,Respuestas de formulario 11,AGH,Bloque_CON,2,Bloque_3,5,Opción 1,1,1.4,4.333333333333333,1,1,1,Hombre,3,4,0.0,1,1,1,1.0,0.8333333333333334,0.3333333333333333,0.3333333333333333,0.0,0.3333333333333333,0.3333333333333333,0.6666666666666666,0.3333333333333333,-0.3333333333333333,0.3333333333333333
Suj_140,Respuestas de formulario 11,AJK,Bloque_CON,2,Bloque_7,6,Opción 2,0,1.4,4.333333333333333,1,1,1,Hombre,3,4,2400.0,1,1,1,1.0,0.8333333333333334,0.3333333333333333,0.3333333333333333,0.0,0.3333333333333333,0.3333333333333333,0.6666666666666666,0.3333333333333333,-0.3333333333333333,0.3333333333333333
Suj_140,Respuestas de formulario 11,ALM,Bloque_SIN,3,Bloque_9,1,Opción 1,1,1.4,4.333333333333333,1,1,1,Hombre,3,4,1000.0,1,1,1,1.0,0.8333333333333334,0.3333333333333333,0.3333333333333333,0.0,0.3333333333333333,0.3333333333333333,0.6666666666666666,0.3333333333333333,-0.3333333333333333,0.3333333333333333
Suj_140,Respuestas de formulario 11,ABC,Bloque_SIN,3,Bloque_1,2,Opción 1,1,1.4,4.333333333333333,1,1,1,Hombre,3,4,0.0,1,1,1,1.0,0.8333333333333334,0.3333333333333333,0.3333333333333333,0.0,0.3333333333333333,0.3333333333333333,0.6666666666666666,0.3333333333333333,-0.3333333333333333,0.3333333333333333
Suj_140,Respuestas de formulario 11,AQS,Bloque_SIN,3,Bloque_5,3,Opción 2,0,1.4,4.333333333333333,1,1,1,Hombre,3,4,2000.0,1,1,1,1.0,0.8333333333333334,0.3333333333333333,0.3333333333333333,0.0,0.3333333333333333,0.3333333333333333,0.6666666666666666,0.3333333333333333,-0.3333333333333333,0.3333333333333333
Suj_140,Respuestas de formulario 11,AEF,Bloque_SIN,3,Bloque_11,4,Opción 1,1,1.4,4.333333333333333,1,1,1,Hombre,3,4,1200.0,1,1,1,1.0,0.8333333333333334,0.3333333333333333,0.3333333333333333,0.0,0.3333333333333333,0.3333333333333333,0.6666666666666666,0.3333333333333333,-0.3333333333333333,0.3333333333333333
Suj_140,Respuestas de formulario 11,AGH,Bloque_SIN,3,Bloque_3,5,Opción 2,0,1.4,4.333333333333333,1,1,1,Hombre,3,4,0.0,1,1,1,1.0,0.8333333333333334,0.3333333333333333,0.3333333333333333,0.0,0.3333333333333333,0.3333333333333333,0.6666666666666666,0.3333333333333333,-0.3333333333333333,0.3333333333333333
Suj_140,Respuestas de formulario 11,AJK,Bloque_SIN,3,Bloque_7,6,Opción 1,1,1.4,4.333333333333333,1,1,1,Hombre,3,4,2400.0,1,1,1,1.0,0.8333333333333334,0.3333333333333333,0.3333333333333333,0.0,0.3333333333333333,0.3333333333333333,0.6666666666666666,0.3333333333333333,-0.3333333333333333,0.3333333333333333
Suj_141,Respuestas de formulario 11,ALM,Dist,1,Bloque_9,1,Opción 2,0,2.2,4.0,0,-1,-1,Hombre,3,9,1000.0,0,-1,-1,-1.0,0.5,0.0,0.6666666666666666,0.0,0.0,0.5,0.16666666666666666,0.16666666666666666,0.33333333333333337,0.0
Suj_141,Respuestas de formulario 11,ABC,Dist,1,Bloque_1,2,Opción 2,0,2.2,4.0,0,-1,-1,Hombre,3,9,0.0,0,-1,-1,0.0,0.5,0.0,0.6666666666666666,0.0,0.0,0.5,0.16666666666666666,0.16666666666666666,0.33333333333333337,0.0
Suj_141,Respuestas de formulario 11,AQS,Dist,1,Bloque_5,3,Opción 2,0,2.2,4.0,0,-1,-1,Hombre,3,9,2000.0,0,-1,-1,-1.0,0.5,0.0,0.6666666666666666,0.0,0.0,0.5,0.16666666666666666,0.16666666666666666,0.33333333333333337,0.0
Suj_141,Respuestas de formulario 11,AEF,Dist,1,Bloque_11,4,Opción 2,0,2.2,4.0,0,-1,-1,Hombre,3,9,1200.0,0,-1,-1,-1.0,0.5,0.0,0.6666666666666666,0.0,0.0,0.5,0.16666666666666666,0.16666666666666666,0.33333333333333337,0.0
Suj_141,Respuestas de formulario 11,AGH,Dist,1,Bloque_3,5,Opción 1,1,2.2,4.0,0,-1,-1,Hombre,3,9,0.0,0,-1,-1,0.0,0.5,0.0,0.6666666666666666,0.0,0.0,0.5,0.16666666666666666,0.16666666666666666,0.33333333333333337,0.0
Suj_141,Respuestas de formulario 11,AJK,Dist,1,Bloque_7,6,Opción 2,0,2.2,4.0,0,-1,-1,Hombre,3,9,2400.0,0,-1,-1,-1.0,0.5,0.0,0.6666666666666666,0.0,0.0,0.5,0.16666666666666666,0.16666666666666666,0.33333333333333337,0.0
Suj_141,Respuestas de formulario 11,ALM,Bloque_CON,2,Bloque_9,1,Opción 2,0,2.2,4.0,0,-1,-1,Hombre,3,9,1000.0,0,-1,-1,-1.0,0.5,0.0,0.6666666666666666,0.0,0.0,0.5,0.16666666666666666,0.16666666666666666,0.33333333333333337,0.0
Suj_141,Respuestas de formulario 11,ABC,Bloque_CON,2,Bloque_1,2,Opción 1,1,2.2,4.0,0,-1,-1,Hombre,3,9,0.0,0,-1,-1,0.0,0.5,0.0,0.6666666666666666,0.0,0.0,0.5,0.16666666666666666,0.16666666666666666,0.33333333333333337,0.0
Suj_141,Respuestas de formulario 11,AQS,Bloque_CON,2,Bloque_5,3,Opción 2,0,2.2,4.0,0,-1,-1,Hombre,3,9,2000.0,0,-1,-1,-1.0,0.5,0.0,0.6666666666666666,0.0,0.0,0.5,0.16666666666666666,0.16666666666666666,0.33333333333333337,0.0
Suj_141,Respuestas de formulario 11,AEF,Bloque_CON,2,Bloque_11,4,Opción 1,1,2.2,4.0,0,-1,-1,Hombre,3,9,1200.0,0,-1,-1,-1.0,0.5,0.0,0.6666666666666666,0.0,0.0,0.5,0.16666666666666666,0.16666666666666666,0.33333333333333337,0.0
Suj_141,Respuestas de formulario 11,AGH,Bloque_CON,2,Bloque_3,5,Opción 1,1,2.2,4.0,0,-1,-1,Hombre,3,9,0.0,0,-1,-1,0.0,0.5,0.0,0.6666666666666666,0.0,0.0,0.5,0.16666666666666666,0.16666666666666666,0.33333333333333337,0.0
Suj_141,Respuestas de formulario 11,AJK,Bloque_CON,2,Bloque_7,6,Opción 2,0,2.2,4.0,0,-1,-1,Hombre,3,9,2400.0,0,-1,-1,-1.0,0.5,0.0,0.6666666666666666,0.0,0.0,0.5,0.16666666666666666,0.16666666666666666,0.33333333333333337,0.0
Suj_141,Respuestas de formulario 11,ALM,Bloque_SIN,3,Bloque_9,1,Opción 2,0,2.2,4.0,0,-1,-1,Hombre,3,9,1000.0,0,-1,-1,-1.0,0.5,0.0,0.6666666666666666,0.0,0.0,0.5,0.16666666666666666,0.16666666666666666,0.33333333333333337,0.0
Suj_141,Respuestas de formulario 11,ABC,Bloque_SIN,3,Bloque_1,2,Opción 2,0,2.2,4.0,0,-1,-1,Hombre,3,9,0.0,0,-1,-1,0.0,0.5,0.0,0.6666666666666666,0.0,0.0,0.5,0.16666666666666666,0.16666666666666666,0.33333333333333337,0.0
Suj_141,Respuestas de formulario 11,AQS,Bloque_SIN,3,Bloque_5,3,Opción 2,0,2.2,4.0,0,-1,-1,Hombre,3,9,2000.0,0,-1,-1,-1.0,0.5,0.0,0.6666666666666666,0.0,0.0,0.5,0.16666666666666666,0.16666666666666666,0.33333333333333337,0.0
Suj_141,Respuestas de formulario 11,AEF,Bloque_SIN,3,Bloque_11,4,Opción 1,1,2.2,4.0,0,-1,-1,Hombre,3,9,1200.0,0,-1,-1,-1.0,0.5,0.0,0.6666666666666666,0.0,0.0,0.5,0.16666666666666666,0.16666666666666666,0.33333333333333337,0.0
Suj_141,Respuestas de formulario 11,AGH,Bloque_SIN,3,Bloque_3,5,Opción 2,0,2.2,4.0,0,-1,-1,Hombre,3,9,0.0,0,-1,-1,0.0,0.5,0.0,0.6666666666666666,0.0,0.0,0.5,0.16666666666666666,0.16666666666666666,0.33333333333333337,0.0
Suj_141,Respuestas de formulario 11,AJK,Bloque_SIN,3,Bloque_7,6,Opción 2,0,2.2,4.0,0,-1,-1,Hombre,3,9,2400.0,0,-1,-1,-1.0,0.5,0.0,0.6666666666666666,0.0,0.0,0.5,0.16666666666666666,0.16666666666666666,0.33333333333333337,0.0
Suj_142,Respuestas de formulario 11,ALM,Bloque_SIN,3,Bloque_9,1,Opción 2,0,2.4,2.5,1,-1,-1,Mujer,3,2,1000.0,1,-1,-1,-1.0,0.8333333333333334,0.3333333333333333,0.0,0.3333333333333333,0.6666666666666666,0.3333333333333333,0.5,0.6666666666666666,-0.16666666666666669,-0.16666666666666663
Suj_142,Respuestas de formulario 11,ABC,Bloque_SIN,3,Bloque_1,2,Opción 1,1,2.4,2.5,1,-1,-1,Mujer,3,2,0.0,1,-1,-1,1.0,0.8333333333333334,0.3333333333333333,0.0,0.3333333333333333,0.6666666666666666,0.3333333333333333,0.5,0.6666666666666666,-0.16666666666666669,-0.16666666666666663
Suj_142,Respuestas de formulario 11,AQS,Bloque_SIN,3,Bloque_5,3,Opción 2,0,2.4,2.5,1,-1,-1,Mujer,3,2,2000.0,1,-1,-1,-1.0,0.8333333333333334,0.3333333333333333,0.0,0.3333333333333333,0.6666666666666666,0.3333333333333333,0.5,0.6666666666666666,-0.16666666666666669,-0.16666666666666663
Suj_142,Respuestas de formulario 11,AEF,Bloque_SIN,3,Bloque_11,4,Opción 2,0,2.4,2.5,1,-1,-1,Mujer,3,2,1200.0,1,-1,-1,-1.0,0.8333333333333334,0.3333333333333333,0.0,0.3333333333333333,0.6666666666666666,0.3333333333333333,0.5,0.6666666666666666,-0.16666666666666669,-0.16666666666666663
Suj_142,Respuestas de formulario 11,AGH,Bloque_SIN,3,Bloque_3,5,Opción 1,1,2.4,2.5,1,-1,-1,Mujer,3,2,0.0,1,-1,-1,1.0,0.8333333333333334,0.3333333333333333,0.0,0.3333333333333333,0.6666666666666666,0.3333333333333333,0.5,0.6666666666666666,-0.16666666666666669,-0.16666666666666663
Suj_142,Respuestas de formulario 11,AJK,Bloque_SIN,3,Bloque_7,6,Opción 1,1,2.4,2.5,1,-1,-1,Mujer,3,2,2400.0,1,-1,-1,-1.0,0.8333333333333334,0.3333333333333333,0.0,0.3333333333333333,0.6666666666666666,0.3333333333333333,0.5,0.6666666666666666,-0.16666666666666669,-0.16666666666666663
Suj_143,Respuestas de formulario 11,ALM,Dist,1,Bloque_9,1,Opción 2,0,2.0,3.6666666666666665,1,-1,1,Mujer,4,5,1000.0,1,-1,1,1.0,0.16666666666666666,0.0,0.3333333333333333,0.0,0.0,0.16666666666666666,0.16666666666666666,0.0,0.0,0.16666666666666666
Suj_143,Respuestas de formulario 11,ABC,Dist,1,Bloque_1,2,Opción 2,0,2.0,3.6666666666666665,1,-1,1,Mujer,4,5,0.0,1,-1,1,1.0,0.16666666666666666,0.0,0.3333333333333333,0.0,0.0,0.16666666666666666,0.16666666666666666,0.0,0.0,0.16666666666666666
Suj_143,Respuestas de formulario 11,AQS,Dist,1,Bloque_5,3,Opción 2,0,2.0,3.6666666666666665,1,-1,1,Mujer,4,5,2000.0,1,-1,1,-1.0,0.16666666666666666,0.0,0.3333333333333333,0.0,0.0,0.16666666666666666,0.16666666666666666,0.0,0.0,0.16666666666666666
Suj_143,Respuestas de formulario 11,AEF,Dist,1,Bloque_11,4,Opción 2,0,2.0,3.6666666666666665,1,-1,1,Mujer,4,5,1200.0,1,-1,1,1.0,0.16666666666666666,0.0,0.3333333333333333,0.0,0.0,0.16666666666666666,0.16666666666666666,0.0,0.0,0.16666666666666666
Suj_143,Respuestas de formulario 11,AGH,Dist,1,Bloque_3,5,Opción 2,0,2.0,3.6666666666666665,1,-1,1,Mujer,4,5,0.0,1,-1,1,1.0,0.16666666666666666,0.0,0.3333333333333333,0.0,0.0,0.16666666666666666,0.16666666666666666,0.0,0.0,0.16666666666666666
Suj_143,Respuestas de formulario 11,AJK,Dist,1,Bloque_7,6,Opción 2,0,2.0,3.6666666666666665,1,-1,1,Mujer,4,5,2400.0,1,-1,1,-1.0,0.16666666666666666,0.0,0.3333333333333333,0.0,0.0,0.16666666666666666,0.16666666666666666,0.0,0.0,0.16666666666666666
Suj_143,Respuestas de formulario 11,ALM,Bloque_CON,2,Bloque_9,1,Opción 2,0,2.0,3.6666666666666665,1,-1,1,Mujer,4,5,1000.0,1,-1,1,1.0,0.16666666666666666,0.0,0.3333333333333333,0.0,0.0,0.16666666666666666,0.16666666666666666,0.0,0.0,0.16666666666666666
Suj_143,Respuestas de formulario 11,ABC,Bloque_CON,2,Bloque_1,2,Opción 2,0,2.0,3.6666666666666665,1,-1,1,Mujer,4,5,0.0,1,-1,1,1.0,0.16666666666666666,0.0,0.3333333333333333,0.0,0.0,0.16666666666666666,0.16666666666666666,0.0,0.0,0.16666666666666666
Suj_143,Respuestas de formulario 11,AQS,Bloque_CON,2,Bloque_5,3,Opción 2,0,2.0,3.6666666666666665,1,-1,1,Mujer,4,5,2000.0,1,-1,1,-1.0,0.16666666666666666,0.0,0.3333333333333333,0.0,0.0,0.16666666666666666,0.16666666666666666,0.0,0.0,0.16666666666666666
Suj_143,Respuestas de formulario 11,AEF,Bloque_CON,2,Bloque_11,4,Opción 1,1,2.0,3.6666666666666665,1,-1,1,Mujer,4,5,1200.0,1,-1,1,1.0,0.16666666666666666,0.0,0.3333333333333333,0.0,0.0,0.16666666666666666,0.16666666666666666,0.0,0.0,0.16666666666666666
Suj_143,Respuestas de formulario 11,AGH,Bloque_CON,2,Bloque_3,5,Opción 2,0,2.0,3.6666666666666665,1,-1,1,Mujer,4,5,0.0,1,-1,1,1.0,0.16666666666666666,0.0,0.3333333333333333,0.0,0.0,0.16666666666666666,0.16666666666666666,0.0,0.0,0.16666666666666666
Suj_143,Respuestas de formulario 11,AJK,Bloque_CON,2,Bloque_7,6,Opción 2,0,2.0,3.6666666666666665,1,-1,1,Mujer,4,5,2400.0,1,-1,1,-1.0,0.16666666666666666,0.0,0.3333333333333333,0.0,0.0,0.16666666666666666,0.16666666666666666,0.0,0.0,0.16666666666666666
Suj_143,Respuestas de formulario 11,ALM,Bloque_SIN,3,Bloque_9,1,Opción 2,0,2.0,3.6666666666666665,1,-1,1,Mujer,4,5,1000.0,1,-1,1,1.0,0.16666666666666666,0.0,0.3333333333333333,0.0,0.0,0.16666666666666666,0.16666666666666666,0.0,0.0,0.16666666666666666
Suj_143,Respuestas de formulario 11,ABC,Bloque_SIN,3,Bloque_1,2,Opción 2,0,2.0,3.6666666666666665,1,-1,1,Mujer,4,5,0.0,1,-1,1,1.0,0.16666666666666666,0.0,0.3333333333333333,0.0,0.0,0.16666666666666666,0.16666666666666666,0.0,0.0,0.16666666666666666
Suj_143,Respuestas de formulario 11,AQS,Bloque_SIN,3,Bloque_5,3,Opción 2,0,2.0,3.6666666666666665,1,-1,1,Mujer,4,5,2000.0,1,-1,1,-1.0,0.16666666666666666,0.0,0.3333333333333333,0.0,0.0,0.16666666666666666,0.16666666666666666,0.0,0.0,0.16666666666666666
Suj_143,Respuestas de formulario 11,AEF,Bloque_SIN,3,Bloque_11,4,Opción 2,0,2.0,3.6666666666666665,1,-1,1,Mujer,4,5,1200.0,1,-1,1,1.0,0.16666666666666666,0.0,0.3333333333333333,0.0,0.0,0.16666666666666666,0.16666666666666666,0.0,0.0,0.16666666666666666
Suj_143,Respuestas de formulario 11,AGH,Bloque_SIN,3,Bloque_3,5,Opción 1,1,2.0,3.6666666666666665,1,-1,1,Mujer,4,5,0.0,1,-1,1,1.0,0.16666666666666666,0.0,0.3333333333333333,0.0,0.0,0.16666666666666666,0.16666666666666666,0.0,0.0,0.16666666666666666
Suj_143,Respuestas de formulario 11,AJK,Bloque_SIN,3,Bloque_7,6,Opción 2,0,2.0,3.6666666666666665,1,-1,1,Mujer,4,5,2400.0,1,-1,1,-1.0,0.16666666666666666,0.0,0.3333333333333333,0.0,0.0,0.16666666666666666,0.16666666666666666,0.0,0.0,0.16666666666666666
Suj_144,Respuestas de formulario 11,ALM,Dist,1,Bloque_9,1,Opción 1,1,3.0,5.0,1,1,1,Mujer,5,7,1000.0,1,1,1,1.0,1.0,1.0,1.0,1.0,1.0,1.0,1.0,1.0,0.0,0.0
Suj_144,Respuestas de formulario 11,ABC,Dist,1,Bloque_1,2,Opción 1,1,3.0,5.0,1,1,1,Mujer,5,7,0.0,1,1,1,1.0,1.0,1.0,1.0,1.0,1.0,1.0,1.0,1.0,0.0,0.0
Suj_144,Respuestas de formulario 11,AQS,Dist,1,Bloque_5,3,Opción 1,1,3.0,5.0,1,1,1,Mujer,5,7,2000.0,1,1,1,1.0,1.0,1.0,1.0,1.0,1.0,1.0,1.0,1.0,0.0,0.0
Suj_144,Respuestas de formulario 11,AEF,Dist,1,Bloque_11,4,Opción 1,1,3.0,5.0,1,1,1,Mujer,5,7,1200.0,1,1,1,1.0,1.0,1.0,1.0,1.0,1.0,1.0,1.0,1.0,0.0,0.0
Suj_144,Respuestas de formulario 11,AGH,Dist,1,Bloque_3,5,Opción 1,1,3.0,5.0,1,1,1,Mujer,5,7,0.0,1,1,1,1.0,1.0,1.0,1.0,1.0,1.0,1.0,1.0,1.0,0.0,0.0
Suj_144,Respuestas de formulario 11,AJK,Dist,1,Bloque_7,6,Opción 1,1,3.0,5.0,1,1,1,Mujer,5,7,2400.0,1,1,1,1.0,1.0,1.0,1.0,1.0,1.0,1.0,1.0,1.0,0.0,0.0
Suj_144,Respuestas de formulario 11,ALM,Bloque_CON,2,Bloque_9,1,Opción 1,1,3.0,5.0,1,1,1,Mujer,5,7,1000.0,1,1,1,1.0,1.0,1.0,1.0,1.0,1.0,1.0,1.0,1.0,0.0,0.0
Suj_144,Respuestas de formulario 11,ABC,Bloque_CON,2,Bloque_1,2,Opción 1,1,3.0,5.0,1,1,1,Mujer,5,7,0.0,1,1,1,1.0,1.0,1.0,1.0,1.0,1.0,1.0,1.0,1.0,0.0,0.0
Suj_144,Respuestas de formulario 11,AQS,Bloque_CON,2,Bloque_5,3,Opción 1,1,3.0,5.0,1,1,1,Mujer,5,7,2000.0,1,1,1,1.0,1.0,1.0,1.0,1.0,1.0,1.0,1.0,1.0,0.0,0.0
Suj_144,Respuestas de formulario 11,AEF,Bloque_CON,2,Bloque_11,4,Opción 1,1,3.0,5.0,1,1,1,Mujer,5,7,1200.0,1,1,1,1.0,1.0,1.0,1.0,1.0,1.0,1.0,1.0,1.0,0.0,0.0
Suj_144,Respuestas de formulario 11,AGH,Bloque_CON,2,Bloque_3,5,Opción 1,1,3.0,5.0,1,1,1,Mujer,5,7,0.0,1,1,1,1.0,1.0,1.0,1.0,1.0,1.0,1.0,1.0,1.0,0.0,0.0
Suj_144,Respuestas de formulario 11,AJK,Bloque_CON,2,Bloque_7,6,Opción 1,1,3.0,5.0,1,1,1,Mujer,5,7,2400.0,1,1,1,1.0,1.0,1.0,1.0,1.0,1.0,1.0,1.0,1.0,0.0,0.0
Suj_144,Respuestas de formulario 11,ALM,Bloque_SIN,3,Bloque_9,1,Opción 1,1,3.0,5.0,1,1,1,Mujer,5,7,1000.0,1,1,1,1.0,1.0,1.0,1.0,1.0,1.0,1.0,1.0,1.0,0.0,0.0
Suj_144,Respuestas de formulario 11,ABC,Bloque_SIN,3,Bloque_1,2,Opción 1,1,3.0,5.0,1,1,1,Mujer,5,7,0.0,1,1,1,1.0,1.0,1.0,1.0,1.0,1.0,1.0,1.0,1.0,0.0,0.0
Suj_144,Respuestas de formulario 11,AQS,Bloque_SIN,3,Bloque_5,3,Opción 1,1,3.0,5.0,1,1,1,Mujer,5,7,2000.0,1,1,1,1.0,1.0,1.0,1.0,1.0,1.0,1.0,1.0,1.0,0.0,0.0
Suj_144,Respuestas de formulario 11,AEF,Bloque_SIN,3,Bloque_11,4,Opción 1,1,3.0,5.0,1,1,1,Mujer,5,7,1200.0,1,1,1,1.0,1.0,1.0,1.0,1.0,1.0,1.0,1.0,1.0,0.0,0.0
Suj_144,Respuestas de formulario 11,AGH,Bloque_SIN,3,Bloque_3,5,Opción 1,1,3.0,5.0,1,1,1,Mujer,5,7,0.0,1,1,1,1.0,1.0,1.0,1.0,1.0,1.0,1.0,1.0,1.0,0.0,0.0
Suj_144,Respuestas de formulario 11,AJK,Bloque_SIN,3,Bloque_7,6,Opción 1,1,3.0,5.0,1,1,1,Mujer,5,7,2400.0,1,1,1,1.0,1.0,1.0,1.0,1.0,1.0,1.0,1.0,1.0,0.0,0.0
Suj_145,Respuestas de formulario 11,ALM,Dist,1,Bloque_9,1,Opción 2,0,1.3,5.0,0,-1,-1,Mujer,2,5,1000.0,0,-1,-1,-1.0,0.3333333333333333,0.0,0.0,0.0,0.0,0.16666666666666666,0.0,0.16666666666666666,0.16666666666666666,-0.16666666666666666
Suj_145,Respuestas de formulario 11,ABC,Dist,1,Bloque_1,2,Opción 1,1,1.3,5.0,0,-1,-1,Mujer,2,5,0.0,0,-1,-1,0.0,0.3333333333333333,0.0,0.0,0.0,0.0,0.16666666666666666,0.0,0.16666666666666666,0.16666666666666666,-0.16666666666666666
Suj_145,Respuestas de formulario 11,AQS,Dist,1,Bloque_5,3,Opción 2,0,1.3,5.0,0,-1,-1,Mujer,2,5,2000.0,0,-1,-1,-1.0,0.3333333333333333,0.0,0.0,0.0,0.0,0.16666666666666666,0.0,0.16666666666666666,0.16666666666666666,-0.16666666666666666
Suj_145,Respuestas de formulario 11,AEF,Dist,1,Bloque_11,4,Opción 2,0,1.3,5.0,0,-1,-1,Mujer,2,5,1200.0,0,-1,-1,-1.0,0.3333333333333333,0.0,0.0,0.0,0.0,0.16666666666666666,0.0,0.16666666666666666,0.16666666666666666,-0.16666666666666666
Suj_145,Respuestas de formulario 11,AGH,Dist,1,Bloque_3,5,Opción 2,0,1.3,5.0,0,-1,-1,Mujer,2,5,0.0,0,-1,-1,0.0,0.3333333333333333,0.0,0.0,0.0,0.0,0.16666666666666666,0.0,0.16666666666666666,0.16666666666666666,-0.16666666666666666
Suj_145,Respuestas de formulario 11,AJK,Dist,1,Bloque_7,6,Opción 2,0,1.3,5.0,0,-1,-1,Mujer,2,5,2400.0,0,-1,-1,-1.0,0.3333333333333333,0.0,0.0,0.0,0.0,0.16666666666666666,0.0,0.16666666666666666,0.16666666666666666,-0.16666666666666666
Suj_145,Respuestas de formulario 11,ALM,Bloque_CON,2,Bloque_9,1,Opción 2,0,1.3,5.0,0,-1,-1,Mujer,2,5,1000.0,0,-1,-1,-1.0,0.3333333333333333,0.0,0.0,0.0,0.0,0.16666666666666666,0.0,0.16666666666666666,0.16666666666666666,-0.16666666666666666
Suj_145,Respuestas de formulario 11,ABC,Bloque_CON,2,Bloque_1,2,Opción 1,1,1.3,5.0,0,-1,-1,Mujer,2,5,0.0,0,-1,-1,0.0,0.3333333333333333,0.0,0.0,0.0,0.0,0.16666666666666666,0.0,0.16666666666666666,0.16666666666666666,-0.16666666666666666
Suj_145,Respuestas de formulario 11,AQS,Bloque_CON,2,Bloque_5,3,Opción 2,0,1.3,5.0,0,-1,-1,Mujer,2,5,2000.0,0,-1,-1,-1.0,0.3333333333333333,0.0,0.0,0.0,0.0,0.16666666666666666,0.0,0.16666666666666666,0.16666666666666666,-0.16666666666666666
Suj_145,Respuestas de formulario 11,AEF,Bloque_CON,2,Bloque_11,4,Opción 2,0,1.3,5.0,0,-1,-1,Mujer,2,5,1200.0,0,-1,-1,-1.0,0.3333333333333333,0.0,0.0,0.0,0.0,0.16666666666666666,0.0,0.16666666666666666,0.16666666666666666,-0.16666666666666666
Suj_145,Respuestas de formulario 11,AGH,Bloque_CON,2,Bloque_3,5,Opción 2,0,1.3,5.0,0,-1,-1,Mujer,2,5,0.0,0,-1,-1,0.0,0.3333333333333333,0.0,0.0,0.0,0.0,0.16666666666666666,0.0,0.16666666666666666,0.16666666666666666,-0.16666666666666666
Suj_145,Respuestas de formulario 11,AJK,Bloque_CON,2,Bloque_7,6,Opción 2,0,1.3,5.0,0,-1,-1,Mujer,2,5,2400.0,0,-1,-1,-1.0,0.3333333333333333,0.0,0.0,0.0,0.0,0.16666666666666666,0.0,0.16666666666666666,0.16666666666666666,-0.16666666666666666
Suj_145,Respuestas de formulario 11,ALM,Bloque_SIN,3,Bloque_9,1,Opción 2,0,1.3,5.0,0,-1,-1,Mujer,2,5,1000.0,0,-1,-1,-1.0,0.3333333333333333,0.0,0.0,0.0,0.0,0.16666666666666666,0.0,0.16666666666666666,0.16666666666666666,-0.16666666666666666
Suj_145,Respuestas de formulario 11,ABC,Bloque_SIN,3,Bloque_1,2,Opción 2,0,1.3,5.0,0,-1,-1,Mujer,2,5,0.0,0,-1,-1,0.0,0.3333333333333333,0.0,0.0,0.0,0.0,0.16666666666666666,0.0,0.16666666666666666,0.16666666666666666,-0.16666666666666666
Suj_145,Respuestas de formulario 11,AQS,Bloque_SIN,3,Bloque_5,3,Opción 2,0,1.3,5.0,0,-1,-1,Mujer,2,5,2000.0,0,-1,-1,-1.0,0.3333333333333333,0.0,0.0,0.0,0.0,0.16666666666666666,0.0,0.16666666666666666,0.16666666666666666,-0.16666666666666666
Suj_145,Respuestas de formulario 11,AEF,Bloque_SIN,3,Bloque_11,4,Opción 2,0,1.3,5.0,0,-1,-1,Mujer,2,5,1200.0,0,-1,-1,-1.0,0.3333333333333333,0.0,0.0,0.0,0.0,0.16666666666666666,0.0,0.16666666666666666,0.16666666666666666,-0.16666666666666666
Suj_145,Respuestas de formulario 11,AGH,Bloque_SIN,3,Bloque_3,5,Opción 2,0,1.3,5.0,0,-1,-1,Mujer,2,5,0.0,0,-1,-1,0.0,0.3333333333333333,0.0,0.0,0.0,0.0,0.16666666666666666,0.0,0.16666666666666666,0.16666666666666666,-0.16666666666666666
Suj_145,Respuestas de formulario 11,AJK,Bloque_SIN,3,Bloque_7,6,Opción 2,0,1.3,5.0,0,-1,-1,Mujer,2,5,2400.0,0,-1,-1,-1.0,0.3333333333333333,0.0,0.0,0.0,0.0,0.16666666666666666,0.0,0.16666666666666666,0.16666666666666666,-0.16666666666666666
Suj_146,Respuestas de formulario 11,ALM,Dist,1,Bloque_9,1,Opción 2,0,2.2,4.0,1,-1,0,Mujer,4,5,1000.0,1,-1,0,0.0,1.0,0.3333333333333333,0.0,0.0,0.0,0.3333333333333333,0.5,0.3333333333333333,-0.16666666666666669,0.16666666666666669
Suj_146,Respuestas de formulario 11,ABC,Dist,1,Bloque_1,2,Opción 1,1,2.2,4.0,1,-1,0,Mujer,4,5,0.0,1,-1,0,1.0,1.0,0.3333333333333333,0.0,0.0,0.0,0.3333333333333333,0.5,0.3333333333333333,-0.16666666666666669,0.16666666666666669
Suj_146,Respuestas de formulario 11,AQS,Dist,1,Bloque_5,3,Opción 2,0,2.2,4.0,1,-1,0,Mujer,4,5,2000.0,1,-1,0,-1.0,1.0,0.3333333333333333,0.0,0.0,0.0,0.3333333333333333,0.5,0.3333333333333333,-0.16666666666666669,0.16666666666666669
Suj_146,Respuestas de formulario 11,AEF,Dist,1,Bloque_11,4,Opción 2,0,2.2,4.0,1,-1,0,Mujer,4,5,1200.0,1,-1,0,0.0,1.0,0.3333333333333333,0.0,0.0,0.0,0.3333333333333333,0.5,0.3333333333333333,-0.16666666666666669,0.16666666666666669
Suj_146,Respuestas de formulario 11,AGH,Dist,1,Bloque_3,5,Opción 1,1,2.2,4.0,1,-1,0,Mujer,4,5,0.0,1,-1,0,1.0,1.0,0.3333333333333333,0.0,0.0,0.0,0.3333333333333333,0.5,0.3333333333333333,-0.16666666666666669,0.16666666666666669
Suj_146,Respuestas de formulario 11,AJK,Dist,1,Bloque_7,6,Opción 2,0,2.2,4.0,1,-1,0,Mujer,4,5,2400.0,1,-1,0,-1.0,1.0,0.3333333333333333,0.0,0.0,0.0,0.3333333333333333,0.5,0.3333333333333333,-0.16666666666666669,0.16666666666666669
Suj_146,Respuestas de formulario 11,ALM,Bloque_CON,2,Bloque_9,1,Opción 2,0,2.2,4.0,1,-1,0,Mujer,4,5,1000.0,1,-1,0,0.0,1.0,0.3333333333333333,0.0,0.0,0.0,0.3333333333333333,0.5,0.3333333333333333,-0.16666666666666669,0.16666666666666669
Suj_146,Respuestas de formulario 11,ABC,Bloque_CON,2,Bloque_1,2,Opción 1,1,2.2,4.0,1,-1,0,Mujer,4,5,0.0,1,-1,0,1.0,1.0,0.3333333333333333,0.0,0.0,0.0,0.3333333333333333,0.5,0.3333333333333333,-0.16666666666666669,0.16666666666666669
Suj_146,Respuestas de formulario 11,AQS,Bloque_CON,2,Bloque_5,3,Opción 2,0,2.2,4.0,1,-1,0,Mujer,4,5,2000.0,1,-1,0,-1.0,1.0,0.3333333333333333,0.0,0.0,0.0,0.3333333333333333,0.5,0.3333333333333333,-0.16666666666666669,0.16666666666666669
Suj_146,Respuestas de formulario 11,AEF,Bloque_CON,2,Bloque_11,4,Opción 2,0,2.2,4.0,1,-1,0,Mujer,4,5,1200.0,1,-1,0,0.0,1.0,0.3333333333333333,0.0,0.0,0.0,0.3333333333333333,0.5,0.3333333333333333,-0.16666666666666669,0.16666666666666669
Suj_146,Respuestas de formulario 11,AGH,Bloque_CON,2,Bloque_3,5,Opción 1,1,2.2,4.0,1,-1,0,Mujer,4,5,0.0,1,-1,0,1.0,1.0,0.3333333333333333,0.0,0.0,0.0,0.3333333333333333,0.5,0.3333333333333333,-0.16666666666666669,0.16666666666666669
Suj_146,Respuestas de formulario 11,AJK,Bloque_CON,2,Bloque_7,6,Opción 2,0,2.2,4.0,1,-1,0,Mujer,4,5,2400.0,1,-1,0,-1.0,1.0,0.3333333333333333,0.0,0.0,0.0,0.3333333333333333,0.5,0.3333333333333333,-0.16666666666666669,0.16666666666666669
Suj_146,Respuestas de formulario 11,ALM,Bloque_SIN,3,Bloque_9,1,Opción 1,1,2.2,4.0,1,-1,0,Mujer,4,5,1000.0,1,-1,0,0.0,1.0,0.3333333333333333,0.0,0.0,0.0,0.3333333333333333,0.5,0.3333333333333333,-0.16666666666666669,0.16666666666666669
Suj_146,Respuestas de formulario 11,ABC,Bloque_SIN,3,Bloque_1,2,Opción 1,1,2.2,4.0,1,-1,0,Mujer,4,5,0.0,1,-1,0,1.0,1.0,0.3333333333333333,0.0,0.0,0.0,0.3333333333333333,0.5,0.3333333333333333,-0.16666666666666669,0.16666666666666669
Suj_146,Respuestas de formulario 11,AQS,Bloque_SIN,3,Bloque_5,3,Opción 2,0,2.2,4.0,1,-1,0,Mujer,4,5,2000.0,1,-1,0,-1.0,1.0,0.3333333333333333,0.0,0.0,0.0,0.3333333333333333,0.5,0.3333333333333333,-0.16666666666666669,0.16666666666666669
Suj_146,Respuestas de formulario 11,AEF,Bloque_SIN,3,Bloque_11,4,Opción 2,0,2.2,4.0,1,-1,0,Mujer,4,5,1200.0,1,-1,0,0.0,1.0,0.3333333333333333,0.0,0.0,0.0,0.3333333333333333,0.5,0.3333333333333333,-0.16666666666666669,0.16666666666666669
Suj_146,Respuestas de formulario 11,AGH,Bloque_SIN,3,Bloque_3,5,Opción 1,1,2.2,4.0,1,-1,0,Mujer,4,5,0.0,1,-1,0,1.0,1.0,0.3333333333333333,0.0,0.0,0.0,0.3333333333333333,0.5,0.3333333333333333,-0.16666666666666669,0.16666666666666669
Suj_146,Respuestas de formulario 11,AJK,Bloque_SIN,3,Bloque_7,6,Opción 2,0,2.2,4.0,1,-1,0,Mujer,4,5,2400.0,1,-1,0,-1.0,1.0,0.3333333333333333,0.0,0.0,0.0,0.3333333333333333,0.5,0.3333333333333333,-0.16666666666666669,0.16666666666666669
Suj_147,Respuestas de formulario 11,ALM,Dist,1,Bloque_9,1,Opción 2,0,2.3,4.333333333333333,1,-1,-1,Hombre,6,8,1000.0,1,-1,-1,-1.0,1.0,0.3333333333333333,0.0,0.0,0.0,0.5,0.3333333333333333,0.3333333333333333,0.16666666666666669,0.0
Suj_147,Respuestas de formulario 11,ABC,Dist,1,Bloque_1,2,Opción 1,1,2.3,4.333333333333333,1,-1,-1,Hombre,6,8,0.0,1,-1,-1,1.0,1.0,0.3333333333333333,0.0,0.0,0.0,0.5,0.3333333333333333,0.3333333333333333,0.16666666666666669,0.0
Suj_147,Respuestas de formulario 11,AQS,Dist,1,Bloque_5,3,Opción 2,0,2.3,4.333333333333333,1,-1,-1,Hombre,6,8,2000.0,1,-1,-1,-1.0,1.0,0.3333333333333333,0.0,0.0,0.0,0.5,0.3333333333333333,0.3333333333333333,0.16666666666666669,0.0
Suj_147,Respuestas de formulario 11,AEF,Dist,1,Bloque_11,4,Opción 2,0,2.3,4.333333333333333,1,-1,-1,Hombre,6,8,1200.0,1,-1,-1,-1.0,1.0,0.3333333333333333,0.0,0.0,0.0,0.5,0.3333333333333333,0.3333333333333333,0.16666666666666669,0.0
Suj_147,Respuestas de formulario 11,AGH,Dist,1,Bloque_3,5,Opción 1,1,2.3,4.333333333333333,1,-1,-1,Hombre,6,8,0.0,1,-1,-1,1.0,1.0,0.3333333333333333,0.0,0.0,0.0,0.5,0.3333333333333333,0.3333333333333333,0.16666666666666669,0.0
Suj_147,Respuestas de formulario 11,AJK,Dist,1,Bloque_7,6,Opción 2,0,2.3,4.333333333333333,1,-1,-1,Hombre,6,8,2400.0,1,-1,-1,-1.0,1.0,0.3333333333333333,0.0,0.0,0.0,0.5,0.3333333333333333,0.3333333333333333,0.16666666666666669,0.0
Suj_147,Respuestas de formulario 11,ALM,Bloque_CON,2,Bloque_9,1,Opción 1,1,2.3,4.333333333333333,1,-1,-1,Hombre,6,8,1000.0,1,-1,-1,-1.0,1.0,0.3333333333333333,0.0,0.0,0.0,0.5,0.3333333333333333,0.3333333333333333,0.16666666666666669,0.0
Suj_147,Respuestas de formulario 11,ABC,Bloque_CON,2,Bloque_1,2,Opción 1,1,2.3,4.333333333333333,1,-1,-1,Hombre,6,8,0.0,1,-1,-1,1.0,1.0,0.3333333333333333,0.0,0.0,0.0,0.5,0.3333333333333333,0.3333333333333333,0.16666666666666669,0.0
Suj_147,Respuestas de formulario 11,AQS,Bloque_CON,2,Bloque_5,3,Opción 2,0,2.3,4.333333333333333,1,-1,-1,Hombre,6,8,2000.0,1,-1,-1,-1.0,1.0,0.3333333333333333,0.0,0.0,0.0,0.5,0.3333333333333333,0.3333333333333333,0.16666666666666669,0.0
Suj_147,Respuestas de formulario 11,AEF,Bloque_CON,2,Bloque_11,4,Opción 2,0,2.3,4.333333333333333,1,-1,-1,Hombre,6,8,1200.0,1,-1,-1,-1.0,1.0,0.3333333333333333,0.0,0.0,0.0,0.5,0.3333333333333333,0.3333333333333333,0.16666666666666669,0.0
Suj_147,Respuestas de formulario 11,AGH,Bloque_CON,2,Bloque_3,5,Opción 1,1,2.3,4.333333333333333,1,-1,-1,Hombre,6,8,0.0,1,-1,-1,1.0,1.0,0.3333333333333333,0.0,0.0,0.0,0.5,0.3333333333333333,0.3333333333333333,0.16666666666666669,0.0
Suj_147,Respuestas de formulario 11,AJK,Bloque_CON,2,Bloque_7,6,Opción 2,0,2.3,4.333333333333333,1,-1,-1,Hombre,6,8,2400.0,1,-1,-1,-1.0,1.0,0.3333333333333333,0.0,0.0,0.0,0.5,0.3333333333333333,0.3333333333333333,0.16666666666666669,0.0
Suj_147,Respuestas de formulario 11,ALM,Bloque_SIN,3,Bloque_9,1,Opción 2,0,2.3,4.333333333333333,1,-1,-1,Hombre,6,8,1000.0,1,-1,-1,-1.0,1.0,0.3333333333333333,0.0,0.0,0.0,0.5,0.3333333333333333,0.3333333333333333,0.16666666666666669,0.0
Suj_147,Respuestas de formulario 11,ABC,Bloque_SIN,3,Bloque_1,2,Opción 1,1,2.3,4.333333333333333,1,-1,-1,Hombre,6,8,0.0,1,-1,-1,1.0,1.0,0.3333333333333333,0.0,0.0,0.0,0.5,0.3333333333333333,0.3333333333333333,0.16666666666666669,0.0
Suj_147,Respuestas de formulario 11,AQS,Bloque_SIN,3,Bloque_5,3,Opción 2,0,2.3,4.333333333333333,1,-1,-1,Hombre,6,8,2000.0,1,-1,-1,-1.0,1.0,0.3333333333333333,0.0,0.0,0.0,0.5,0.3333333333333333,0.3333333333333333,0.16666666666666669,0.0
Suj_147,Respuestas de formulario 11,AEF,Bloque_SIN,3,Bloque_11,4,Opción 2,0,2.3,4.333333333333333,1,-1,-1,Hombre,6,8,1200.0,1,-1,-1,-1.0,1.0,0.3333333333333333,0.0,0.0,0.0,0.5,0.3333333333333333,0.3333333333333333,0.16666666666666669,0.0
Suj_147,Respuestas de formulario 11,AGH,Bloque_SIN,3,Bloque_3,5,Opción 1,1,2.3,4.333333333333333,1,-1,-1,Hombre,6,8,0.0,1,-1,-1,1.0,1.0,0.3333333333333333,0.0,0.0,0.0,0.5,0.3333333333333333,0.3333333333333333,0.16666666666666669,0.0
Suj_147,Respuestas de formulario 11,AJK,Bloque_SIN,3,Bloque_7,6,Opción 2,0,2.3,4.333333333333333,1,-1,-1,Hombre,6,8,2400.0,1,-1,-1,-1.0,1.0,0.3333333333333333,0.0,0.0,0.0,0.5,0.3333333333333333,0.3333333333333333,0.16666666666666669,0.0
Suj_148,Respuestas de formulario 11,ALM,Dist,1,Bloque_9,1,Opción 2,0,2.4,3.3333333333333335,-1,-1,-1,Hombre,5,5,1000.0,-1,-1,-1,-1.0,0.8333333333333334,0.3333333333333333,0.3333333333333333,0.3333333333333333,0.0,0.5,0.3333333333333333,0.5,0.16666666666666669,-0.16666666666666669
Suj_148,Respuestas de formulario 11,ABC,Dist,1,Bloque_1,2,Opción 1,1,2.4,3.3333333333333335,-1,-1,-1,Hombre,5,5,0.0,-1,-1,-1,-1.0,0.8333333333333334,0.3333333333333333,0.3333333333333333,0.3333333333333333,0.0,0.5,0.3333333333333333,0.5,0.16666666666666669,-0.16666666666666669
Suj_148,Respuestas de formulario 11,AQS,Dist,1,Bloque_5,3,Opción 2,0,2.4,3.3333333333333335,-1,-1,-1,Hombre,5,5,2000.0,-1,-1,-1,-1.0,0.8333333333333334,0.3333333333333333,0.3333333333333333,0.3333333333333333,0.0,0.5,0.3333333333333333,0.5,0.16666666666666669,-0.16666666666666669
Suj_148,Respuestas de formulario 11,AEF,Dist,1,Bloque_11,4,Opción 1,1,2.4,3.3333333333333335,-1,-1,-1,Hombre,5,5,1200.0,-1,-1,-1,-1.0,0.8333333333333334,0.3333333333333333,0.3333333333333333,0.3333333333333333,0.0,0.5,0.3333333333333333,0.5,0.16666666666666669,-0.16666666666666669
Suj_148,Respuestas de formulario 11,AGH,Dist,1,Bloque_3,5,Opción 1,1,2.4,3.3333333333333335,-1,-1,-1,Hombre,5,5,0.0,-1,-1,-1,-1.0,0.8333333333333334,0.3333333333333333,0.3333333333333333,0.3333333333333333,0.0,0.5,0.3333333333333333,0.5,0.16666666666666669,-0.16666666666666669
Suj_148,Respuestas de formulario 11,AJK,Dist,1,Bloque_7,6,Opción 2,0,2.4,3.3333333333333335,-1,-1,-1,Hombre,5,5,2400.0,-1,-1,-1,-1.0,0.8333333333333334,0.3333333333333333,0.3333333333333333,0.3333333333333333,0.0,0.5,0.3333333333333333,0.5,0.16666666666666669,-0.16666666666666669
Suj_149,Respuestas de formulario 11,ALM,Dist,1,Bloque_9,1,Opción 2,0,2.4,4.333333333333333,-1,-1,-1,Mujer,6,6,1000.0,-1,-1,-1,-1.0,0.0,0.0,0.0,0.0,0.0,0.0,0.0,0.0,0.0,0.0
Suj_149,Respuestas de formulario 11,ABC,Dist,1,Bloque_1,2,Opción 2,0,2.4,4.333333333333333,-1,-1,-1,Mujer,6,6,0.0,-1,-1,-1,-1.0,0.0,0.0,0.0,0.0,0.0,0.0,0.0,0.0,0.0,0.0
Suj_149,Respuestas de formulario 11,AQS,Dist,1,Bloque_5,3,Opción 2,0,2.4,4.333333333333333,-1,-1,-1,Mujer,6,6,2000.0,-1,-1,-1,-1.0,0.0,0.0,0.0,0.0,0.0,0.0,0.0,0.0,0.0,0.0
Suj_149,Respuestas de formulario 11,AEF,Dist,1,Bloque_11,4,Opción 2,0,2.4,4.333333333333333,-1,-1,-1,Mujer,6,6,1200.0,-1,-1,-1,-1.0,0.0,0.0,0.0,0.0,0.0,0.0,0.0,0.0,0.0,0.0
Suj_149,Respuestas de formulario 11,AGH,Dist,1,Bloque_3,5,Opción 2,0,2.4,4.333333333333333,-1,-1,-1,Mujer,6,6,0.0,-1,-1,-1,-1.0,0.0,0.0,0.0,0.0,0.0,0.0,0.0,0.0,0.0,0.0
Suj_149,Respuestas de formulario 11,AJK,Dist,1,Bloque_7,6,Opción 2,0,2.4,4.333333333333333,-1,-1,-1,Mujer,6,6,2400.0,-1,-1,-1,-1.0,0.0,0.0,0.0,0.0,0.0,0.0,0.0,0.0,0.0,0.0
Suj_149,Respuestas de formulario 11,ALM,Bloque_CON,2,Bloque_9,1,Opción 2,0,2.4,4.333333333333333,-1,-1,-1,Mujer,6,6,1000.0,-1,-1,-1,-1.0,0.0,0.0,0.0,0.0,0.0,0.0,0.0,0.0,0.0,0.0
Suj_149,Respuestas de formulario 11,ABC,Bloque_CON,2,Bloque_1,2,Opción 2,0,2.4,4.333333333333333,-1,-1,-1,Mujer,6,6,0.0,-1,-1,-1,-1.0,0.0,0.0,0.0,0.0,0.0,0.0,0.0,0.0,0.0,0.0
Suj_149,Respuestas de formulario 11,AQS,Bloque_CON,2,Bloque_5,3,Opción 2,0,2.4,4.333333333333333,-1,-1,-1,Mujer,6,6,2000.0,-1,-1,-1,-1.0,0.0,0.0,0.0,0.0,0.0,0.0,0.0,0.0,0.0,0.0
Suj_149,Respuestas de formulario 11,AEF,Bloque_CON,2,Bloque_11,4,Opción 2,0,2.4,4.333333333333333,-1,-1,-1,Mujer,6,6,1200.0,-1,-1,-1,-1.0,0.0,0.0,0.0,0.0,0.0,0.0,0.0,0.0,0.0,0.0
Suj_149,Respuestas de formulario 11,AGH,Bloque_CON,2,Bloque_3,5,Opción 2,0,2.4,4.333333333333333,-1,-1,-1,Mujer,6,6,0.0,-1,-1,-1,-1.0,0.0,0.0,0.0,0.0,0.0,0.0,0.0,0.0,0.0,0.0
Suj_149,Respuestas de formulario 11,AJK,Bloque_CON,2,Bloque_7,6,Opción 2,0,2.4,4.333333333333333,-1,-1,-1,Mujer,6,6,2400.0,-1,-1,-1,-1.0,0.0,0.0,0.0,0.0,0.0,0.0,0.0,0.0,0.0,0.0
Suj_149,Respuestas de formulario 11,ALM,Bloque_SIN,3,Bloque_9,1,Opción 2,0,2.4,4.333333333333333,-1,-1,-1,Mujer,6,6,1000.0,-1,-1,-1,-1.0,0.0,0.0,0.0,0.0,0.0,0.0,0.0,0.0,0.0,0.0
Suj_149,Respuestas de formulario 11,ABC,Bloque_SIN,3,Bloque_1,2,Opción 2,0,2.4,4.333333333333333,-1,-1,-1,Mujer,6,6,0.0,-1,-1,-1,-1.0,0.0,0.0,0.0,0.0,0.0,0.0,0.0,0.0,0.0,0.0
Suj_149,Respuestas de formulario 11,AQS,Bloque_SIN,3,Bloque_5,3,Opción 2,0,2.4,4.333333333333333,-1,-1,-1,Mujer,6,6,2000.0,-1,-1,-1,-1.0,0.0,0.0,0.0,0.0,0.0,0.0,0.0,0.0,0.0,0.0
Suj_149,Respuestas de formulario 11,AEF,Bloque_SIN,3,Bloque_11,4,Opción 2,0,2.4,4.333333333333333,-1,-1,-1,Mujer,6,6,1200.0,-1,-1,-1,-1.0,0.0,0.0,0.0,0.0,0.0,0.0,0.0,0.0,0.0,0.0
Suj_149,Respuestas de formulario 11,AGH,Bloque_SIN,3,Bloque_3,5,Opción 2,0,2.4,4.333333333333333,-1,-1,-1,Mujer,6,6,0.0,-1,-1,-1,-1.0,0.0,0.0,0.0,0.0,0.0,0.0,0.0,0.0,0.0,0.0
Suj_149,Respuestas de formulario 11,AJK,Bloque_SIN,3,Bloque_7,6,Opción 2,0,2.4,4.333333333333333,-1,-1,-1,Mujer,6,6,2400.0,-1,-1,-1,-1.0,0.0,0.0,0.0,0.0,0.0,0.0,0.0,0.0,0.0,0.0
Suj_150,Respuestas de formulario 11,ALM,Dist,1,Bloque_9,1,Opción 2,0,2.9,2.6666666666666665,1,-1,1,No binario,3,6,1000.0,1,-1,1,1.0,0.5,0.0,0.6666666666666666,0.3333333333333333,1.0,0.6666666666666666,0.5,0.3333333333333333,0.16666666666666663,0.16666666666666669
Suj_150,Respuestas de formulario 11,ABC,Dist,1,Bloque_1,2,Opción 1,1,2.9,2.6666666666666665,1,-1,1,No binario,3,6,0.0,1,-1,1,1.0,0.5,0.0,0.6666666666666666,0.3333333333333333,1.0,0.6666666666666666,0.5,0.3333333333333333,0.16666666666666663,0.16666666666666669
Suj_150,Respuestas de formulario 11,AQS,Dist,1,Bloque_5,3,Opción 2,0,2.9,2.6666666666666665,1,-1,1,No binario,3,6,2000.0,1,-1,1,-1.0,0.5,0.0,0.6666666666666666,0.3333333333333333,1.0,0.6666666666666666,0.5,0.3333333333333333,0.16666666666666663,0.16666666666666669
Suj_150,Respuestas de formulario 11,AEF,Dist,1,Bloque_11,4,Opción 2,0,2.9,2.6666666666666665,1,-1,1,No binario,3,6,1200.0,1,-1,1,1.0,0.5,0.0,0.6666666666666666,0.3333333333333333,1.0,0.6666666666666666,0.5,0.3333333333333333,0.16666666666666663,0.16666666666666669
Suj_150,Respuestas de formulario 11,AGH,Dist,1,Bloque_3,5,Opción 2,0,2.9,2.6666666666666665,1,-1,1,No binario,3,6,0.0,1,-1,1,1.0,0.5,0.0,0.6666666666666666,0.3333333333333333,1.0,0.6666666666666666,0.5,0.3333333333333333,0.16666666666666663,0.16666666666666669
Suj_150,Respuestas de formulario 11,AJK,Dist,1,Bloque_7,6,Opción 1,1,2.9,2.6666666666666665,1,-1,1,No binario,3,6,2400.0,1,-1,1,-1.0,0.5,0.0,0.6666666666666666,0.3333333333333333,1.0,0.6666666666666666,0.5,0.3333333333333333,0.16666666666666663,0.16666666666666669
Suj_150,Respuestas de formulario 11,ALM,Bloque_SIN,3,Bloque_9,1,Opción 2,0,2.9,2.6666666666666665,1,-1,1,No binario,3,6,1000.0,1,-1,1,1.0,0.5,0.0,0.6666666666666666,0.3333333333333333,1.0,0.6666666666666666,0.5,0.3333333333333333,0.16666666666666663,0.16666666666666669
Suj_150,Respuestas de formulario 11,ABC,Bloque_SIN,3,Bloque_1,2,Opción 1,1,2.9,2.6666666666666665,1,-1,1,No binario,3,6,0.0,1,-1,1,1.0,0.5,0.0,0.6666666666666666,0.3333333333333333,1.0,0.6666666666666666,0.5,0.3333333333333333,0.16666666666666663,0.16666666666666669
Suj_150,Respuestas de formulario 11,AQS,Bloque_SIN,3,Bloque_5,3,Opción 2,0,2.9,2.6666666666666665,1,-1,1,No binario,3,6,2000.0,1,-1,1,-1.0,0.5,0.0,0.6666666666666666,0.3333333333333333,1.0,0.6666666666666666,0.5,0.3333333333333333,0.16666666666666663,0.16666666666666669
Suj_150,Respuestas de formulario 11,AEF,Bloque_SIN,3,Bloque_11,4,Opción 1,1,2.9,2.6666666666666665,1,-1,1,No binario,3,6,1200.0,1,-1,1,1.0,0.5,0.0,0.6666666666666666,0.3333333333333333,1.0,0.6666666666666666,0.5,0.3333333333333333,0.16666666666666663,0.16666666666666669
Suj_150,Respuestas de formulario 11,AGH,Bloque_SIN,3,Bloque_3,5,Opción 2,0,2.9,2.6666666666666665,1,-1,1,No binario,3,6,0.0,1,-1,1,1.0,0.5,0.0,0.6666666666666666,0.3333333333333333,1.0,0.6666666666666666,0.5,0.3333333333333333,0.16666666666666663,0.16666666666666669
Suj_150,Respuestas de formulario 11,AJK,Bloque_SIN,3,Bloque_7,6,Opción 1,1,2.9,2.6666666666666665,1,-1,1,No binario,3,6,2400.0,1,-1,1,-1.0,0.5,0.0,0.6666666666666666,0.3333333333333333,1.0,0.6666666666666666,0.5,0.3333333333333333,0.16666666666666663,0.16666666666666669
Suj_151,Respuestas de formulario 11,ALM,Dist,1,Bloque_9,1,Opción 2,0,1.9,3.8333333333333335,-1,-1,-1,Hombre,5,4,1000.0,-1,-1,-1,-1.0,0.3333333333333333,0.0,0.0,0.0,0.0,0.16666666666666666,0.0,0.16666666666666666,0.16666666666666666,-0.16666666666666666
Suj_151,Respuestas de formulario 11,ABC,Dist,1,Bloque_1,2,Opción 2,0,1.9,3.8333333333333335,-1,-1,-1,Hombre,5,4,0.0,-1,-1,-1,-1.0,0.3333333333333333,0.0,0.0,0.0,0.0,0.16666666666666666,0.0,0.16666666666666666,0.16666666666666666,-0.16666666666666666
Suj_151,Respuestas de formulario 11,AQS,Dist,1,Bloque_5,3,Opción 2,0,1.9,3.8333333333333335,-1,-1,-1,Hombre,5,4,2000.0,-1,-1,-1,-1.0,0.3333333333333333,0.0,0.0,0.0,0.0,0.16666666666666666,0.0,0.16666666666666666,0.16666666666666666,-0.16666666666666666
Suj_151,Respuestas de formulario 11,AEF,Dist,1,Bloque_11,4,Opción 2,0,1.9,3.8333333333333335,-1,-1,-1,Hombre,5,4,1200.0,-1,-1,-1,-1.0,0.3333333333333333,0.0,0.0,0.0,0.0,0.16666666666666666,0.0,0.16666666666666666,0.16666666666666666,-0.16666666666666666
Suj_151,Respuestas de formulario 11,AGH,Dist,1,Bloque_3,5,Opción 1,1,1.9,3.8333333333333335,-1,-1,-1,Hombre,5,4,0.0,-1,-1,-1,-1.0,0.3333333333333333,0.0,0.0,0.0,0.0,0.16666666666666666,0.0,0.16666666666666666,0.16666666666666666,-0.16666666666666666
Suj_151,Respuestas de formulario 11,AJK,Dist,1,Bloque_7,6,Opción 2,0,1.9,3.8333333333333335,-1,-1,-1,Hombre,5,4,2400.0,-1,-1,-1,-1.0,0.3333333333333333,0.0,0.0,0.0,0.0,0.16666666666666666,0.0,0.16666666666666666,0.16666666666666666,-0.16666666666666666
Suj_151,Respuestas de formulario 11,ALM,Bloque_CON,2,Bloque_9,1,Opción 2,0,1.9,3.8333333333333335,-1,-1,-1,Hombre,5,4,1000.0,-1,-1,-1,-1.0,0.3333333333333333,0.0,0.0,0.0,0.0,0.16666666666666666,0.0,0.16666666666666666,0.16666666666666666,-0.16666666666666666
Suj_151,Respuestas de formulario 11,ABC,Bloque_CON,2,Bloque_1,2,Opción 1,1,1.9,3.8333333333333335,-1,-1,-1,Hombre,5,4,0.0,-1,-1,-1,-1.0,0.3333333333333333,0.0,0.0,0.0,0.0,0.16666666666666666,0.0,0.16666666666666666,0.16666666666666666,-0.16666666666666666
Suj_151,Respuestas de formulario 11,AQS,Bloque_CON,2,Bloque_5,3,Opción 2,0,1.9,3.8333333333333335,-1,-1,-1,Hombre,5,4,2000.0,-1,-1,-1,-1.0,0.3333333333333333,0.0,0.0,0.0,0.0,0.16666666666666666,0.0,0.16666666666666666,0.16666666666666666,-0.16666666666666666
Suj_151,Respuestas de formulario 11,AEF,Bloque_CON,2,Bloque_11,4,Opción 2,0,1.9,3.8333333333333335,-1,-1,-1,Hombre,5,4,1200.0,-1,-1,-1,-1.0,0.3333333333333333,0.0,0.0,0.0,0.0,0.16666666666666666,0.0,0.16666666666666666,0.16666666666666666,-0.16666666666666666
Suj_151,Respuestas de formulario 11,AGH,Bloque_CON,2,Bloque_3,5,Opción 2,0,1.9,3.8333333333333335,-1,-1,-1,Hombre,5,4,0.0,-1,-1,-1,-1.0,0.3333333333333333,0.0,0.0,0.0,0.0,0.16666666666666666,0.0,0.16666666666666666,0.16666666666666666,-0.16666666666666666
Suj_151,Respuestas de formulario 11,AJK,Bloque_CON,2,Bloque_7,6,Opción 2,0,1.9,3.8333333333333335,-1,-1,-1,Hombre,5,4,2400.0,-1,-1,-1,-1.0,0.3333333333333333,0.0,0.0,0.0,0.0,0.16666666666666666,0.0,0.16666666666666666,0.16666666666666666,-0.16666666666666666
Suj_151,Respuestas de formulario 11,ALM,Bloque_SIN,3,Bloque_9,1,Opción 2,0,1.9,3.8333333333333335,-1,-1,-1,Hombre,5,4,1000.0,-1,-1,-1,-1.0,0.3333333333333333,0.0,0.0,0.0,0.0,0.16666666666666666,0.0,0.16666666666666666,0.16666666666666666,-0.16666666666666666
Suj_151,Respuestas de formulario 11,ABC,Bloque_SIN,3,Bloque_1,2,Opción 2,0,1.9,3.8333333333333335,-1,-1,-1,Hombre,5,4,0.0,-1,-1,-1,-1.0,0.3333333333333333,0.0,0.0,0.0,0.0,0.16666666666666666,0.0,0.16666666666666666,0.16666666666666666,-0.16666666666666666
Suj_151,Respuestas de formulario 11,AQS,Bloque_SIN,3,Bloque_5,3,Opción 2,0,1.9,3.8333333333333335,-1,-1,-1,Hombre,5,4,2000.0,-1,-1,-1,-1.0,0.3333333333333333,0.0,0.0,0.0,0.0,0.16666666666666666,0.0,0.16666666666666666,0.16666666666666666,-0.16666666666666666
Suj_151,Respuestas de formulario 11,AEF,Bloque_SIN,3,Bloque_11,4,Opción 2,0,1.9,3.8333333333333335,-1,-1,-1,Hombre,5,4,1200.0,-1,-1,-1,-1.0,0.3333333333333333,0.0,0.0,0.0,0.0,0.16666666666666666,0.0,0.16666666666666666,0.16666666666666666,-0.16666666666666666
Suj_151,Respuestas de formulario 11,AGH,Bloque_SIN,3,Bloque_3,5,Opción 2,0,1.9,3.8333333333333335,-1,-1,-1,Hombre,5,4,0.0,-1,-1,-1,-1.0,0.3333333333333333,0.0,0.0,0.0,0.0,0.16666666666666666,0.0,0.16666666666666666,0.16666666666666666,-0.16666666666666666
Suj_151,Respuestas de formulario 11,AJK,Bloque_SIN,3,Bloque_7,6,Opción 2,0,1.9,3.8333333333333335,-1,-1,-1,Hombre,5,4,2400.0,-1,-1,-1,-1.0,0.3333333333333333,0.0,0.0,0.0,0.0,0.16666666666666666,0.0,0.16666666666666666,0.16666666666666666,-0.16666666666666666
Suj_152,Respuestas de formulario 12,AQS,Dist,1,Bloque_11,1,Opción 2,0,1.8,4.0,0,-1,-1,Mujer,3,7,1200.0,0,-1,-1,-1.0,0.3333333333333333,0.3333333333333333,0.0,0.3333333333333333,0.3333333333333333,0.3333333333333333,0.5,0.0,-0.16666666666666669,0.5
Suj_152,Respuestas de formulario 12,AJK,Dist,1,Bloque_3,2,Opción 2,0,1.8,4.0,0,-1,-1,Mujer,3,7,0.0,0,-1,-1,0.0,0.3333333333333333,0.3333333333333333,0.0,0.3333333333333333,0.3333333333333333,0.3333333333333333,0.5,0.0,-0.16666666666666669,0.5
Suj_152,Respuestas de formulario 12,ABC,Dist,1,Bloque_9,3,Opción 2,0,1.8,4.0,0,-1,-1,Mujer,3,7,1000.0,0,-1,-1,-1.0,0.3333333333333333,0.3333333333333333,0.0,0.3333333333333333,0.3333333333333333,0.3333333333333333,0.5,0.0,-0.16666666666666669,0.5
Suj_152,Respuestas de formulario 12,ALM,Dist,1,Bloque_7,4,Opción 2,0,1.8,4.0,0,-1,-1,Mujer,3,7,2400.0,0,-1,-1,-1.0,0.3333333333333333,0.3333333333333333,0.0,0.3333333333333333,0.3333333333333333,0.3333333333333333,0.5,0.0,-0.16666666666666669,0.5
Suj_152,Respuestas de formulario 12,AEF,Dist,1,Bloque_1,5,Opción 2,0,1.8,4.0,0,-1,-1,Mujer,3,7,0.0,0,-1,-1,0.0,0.3333333333333333,0.3333333333333333,0.0,0.3333333333333333,0.3333333333333333,0.3333333333333333,0.5,0.0,-0.16666666666666669,0.5
Suj_152,Respuestas de formulario 12,AGH,Dist,1,Bloque_5,6,Opción 2,0,1.8,4.0,0,-1,-1,Mujer,3,7,2000.0,0,-1,-1,-1.0,0.3333333333333333,0.3333333333333333,0.0,0.3333333333333333,0.3333333333333333,0.3333333333333333,0.5,0.0,-0.16666666666666669,0.5
Suj_152,Respuestas de formulario 12,AQS,Bloque_CON,2,Bloque_11,1,Opción 2,0,1.8,4.0,0,-1,-1,Mujer,3,7,1200.0,0,-1,-1,-1.0,0.3333333333333333,0.3333333333333333,0.0,0.3333333333333333,0.3333333333333333,0.3333333333333333,0.5,0.0,-0.16666666666666669,0.5
Suj_152,Respuestas de formulario 12,AJK,Bloque_CON,2,Bloque_3,2,Opción 2,0,1.8,4.0,0,-1,-1,Mujer,3,7,0.0,0,-1,-1,0.0,0.3333333333333333,0.3333333333333333,0.0,0.3333333333333333,0.3333333333333333,0.3333333333333333,0.5,0.0,-0.16666666666666669,0.5
Suj_152,Respuestas de formulario 12,ABC,Bloque_CON,2,Bloque_9,3,Opción 1,1,1.8,4.0,0,-1,-1,Mujer,3,7,1000.0,0,-1,-1,-1.0,0.3333333333333333,0.3333333333333333,0.0,0.3333333333333333,0.3333333333333333,0.3333333333333333,0.5,0.0,-0.16666666666666669,0.5
Suj_152,Respuestas de formulario 12,ALM,Bloque_CON,2,Bloque_7,4,Opción 2,0,1.8,4.0,0,-1,-1,Mujer,3,7,2400.0,0,-1,-1,-1.0,0.3333333333333333,0.3333333333333333,0.0,0.3333333333333333,0.3333333333333333,0.3333333333333333,0.5,0.0,-0.16666666666666669,0.5
Suj_152,Respuestas de formulario 12,AEF,Bloque_CON,2,Bloque_1,5,Opción 1,1,1.8,4.0,0,-1,-1,Mujer,3,7,0.0,0,-1,-1,0.0,0.3333333333333333,0.3333333333333333,0.0,0.3333333333333333,0.3333333333333333,0.3333333333333333,0.5,0.0,-0.16666666666666669,0.5
Suj_152,Respuestas de formulario 12,AGH,Bloque_CON,2,Bloque_5,6,Opción 2,0,1.8,4.0,0,-1,-1,Mujer,3,7,2000.0,0,-1,-1,-1.0,0.3333333333333333,0.3333333333333333,0.0,0.3333333333333333,0.3333333333333333,0.3333333333333333,0.5,0.0,-0.16666666666666669,0.5
Suj_152,Respuestas de formulario 12,AQS,Bloque_SIN,3,Bloque_11,1,Opción 2,0,1.8,4.0,0,-1,-1,Mujer,3,7,1200.0,0,-1,-1,-1.0,0.3333333333333333,0.3333333333333333,0.0,0.3333333333333333,0.3333333333333333,0.3333333333333333,0.5,0.0,-0.16666666666666669,0.5
Suj_152,Respuestas de formulario 12,AJK,Bloque_SIN,3,Bloque_3,2,Opción 1,1,1.8,4.0,0,-1,-1,Mujer,3,7,0.0,0,-1,-1,0.0,0.3333333333333333,0.3333333333333333,0.0,0.3333333333333333,0.3333333333333333,0.3333333333333333,0.5,0.0,-0.16666666666666669,0.5
Suj_152,Respuestas de formulario 12,ABC,Bloque_SIN,3,Bloque_9,3,Opción 2,0,1.8,4.0,0,-1,-1,Mujer,3,7,1000.0,0,-1,-1,-1.0,0.3333333333333333,0.3333333333333333,0.0,0.3333333333333333,0.3333333333333333,0.3333333333333333,0.5,0.0,-0.16666666666666669,0.5
Suj_152,Respuestas de formulario 12,ALM,Bloque_SIN,3,Bloque_7,4,Opción 1,1,1.8,4.0,0,-1,-1,Mujer,3,7,2400.0,0,-1,-1,-1.0,0.3333333333333333,0.3333333333333333,0.0,0.3333333333333333,0.3333333333333333,0.3333333333333333,0.5,0.0,-0.16666666666666669,0.5
Suj_152,Respuestas de formulario 12,AEF,Bloque_SIN,3,Bloque_1,5,Opción 2,0,1.8,4.0,0,-1,-1,Mujer,3,7,0.0,0,-1,-1,0.0,0.3333333333333333,0.3333333333333333,0.0,0.3333333333333333,0.3333333333333333,0.3333333333333333,0.5,0.0,-0.16666666666666669,0.5
Suj_152,Respuestas de formulario 12,AGH,Bloque_SIN,3,Bloque_5,6,Opción 1,1,1.8,4.0,0,-1,-1,Mujer,3,7,2000.0,0,-1,-1,-1.0,0.3333333333333333,0.3333333333333333,0.0,0.3333333333333333,0.3333333333333333,0.3333333333333333,0.5,0.0,-0.16666666666666669,0.5
Suj_153,Respuestas de formulario 12,AQS,Dist,1,Bloque_11,1,Opción 1,1,1.8,3.3333333333333335,1,-1,1,Hombre,1,5,1200.0,1,-1,1,1.0,0.5,1.0,1.0,0.0,0.0,0.6666666666666666,0.5,0.3333333333333333,0.16666666666666663,0.16666666666666669
Suj_153,Respuestas de formulario 12,AJK,Dist,1,Bloque_3,2,Opción 2,0,1.8,3.3333333333333335,1,-1,1,Hombre,1,5,0.0,1,-1,1,1.0,0.5,1.0,1.0,0.0,0.0,0.6666666666666666,0.5,0.3333333333333333,0.16666666666666663,0.16666666666666669
Suj_153,Respuestas de formulario 12,ABC,Dist,1,Bloque_9,3,Opción 1,1,1.8,3.3333333333333335,1,-1,1,Hombre,1,5,1000.0,1,-1,1,1.0,0.5,1.0,1.0,0.0,0.0,0.6666666666666666,0.5,0.3333333333333333,0.16666666666666663,0.16666666666666669
Suj_153,Respuestas de formulario 12,ALM,Dist,1,Bloque_7,4,Opción 2,0,1.8,3.3333333333333335,1,-1,1,Hombre,1,5,2400.0,1,-1,1,-1.0,0.5,1.0,1.0,0.0,0.0,0.6666666666666666,0.5,0.3333333333333333,0.16666666666666663,0.16666666666666669
Suj_153,Respuestas de formulario 12,AEF,Dist,1,Bloque_1,5,Opción 2,0,1.8,3.3333333333333335,1,-1,1,Hombre,1,5,0.0,1,-1,1,1.0,0.5,1.0,1.0,0.0,0.0,0.6666666666666666,0.5,0.3333333333333333,0.16666666666666663,0.16666666666666669
Suj_153,Respuestas de formulario 12,AGH,Dist,1,Bloque_5,6,Opción 2,0,1.8,3.3333333333333335,1,-1,1,Hombre,1,5,2000.0,1,-1,1,-1.0,0.5,1.0,1.0,0.0,0.0,0.6666666666666666,0.5,0.3333333333333333,0.16666666666666663,0.16666666666666669
Suj_153,Respuestas de formulario 12,AQS,Bloque_CON,2,Bloque_11,1,Opción 1,1,1.8,3.3333333333333335,1,-1,1,Hombre,1,5,1200.0,1,-1,1,1.0,0.5,1.0,1.0,0.0,0.0,0.6666666666666666,0.5,0.3333333333333333,0.16666666666666663,0.16666666666666669
Suj_153,Respuestas de formulario 12,AJK,Bloque_CON,2,Bloque_3,2,Opción 1,1,1.8,3.3333333333333335,1,-1,1,Hombre,1,5,0.0,1,-1,1,1.0,0.5,1.0,1.0,0.0,0.0,0.6666666666666666,0.5,0.3333333333333333,0.16666666666666663,0.16666666666666669
Suj_153,Respuestas de formulario 12,ABC,Bloque_CON,2,Bloque_9,3,Opción 1,1,1.8,3.3333333333333335,1,-1,1,Hombre,1,5,1000.0,1,-1,1,1.0,0.5,1.0,1.0,0.0,0.0,0.6666666666666666,0.5,0.3333333333333333,0.16666666666666663,0.16666666666666669
Suj_153,Respuestas de formulario 12,ALM,Bloque_CON,2,Bloque_7,4,Opción 2,0,1.8,3.3333333333333335,1,-1,1,Hombre,1,5,2400.0,1,-1,1,-1.0,0.5,1.0,1.0,0.0,0.0,0.6666666666666666,0.5,0.3333333333333333,0.16666666666666663,0.16666666666666669
Suj_153,Respuestas de formulario 12,AEF,Bloque_CON,2,Bloque_1,5,Opción 1,1,1.8,3.3333333333333335,1,-1,1,Hombre,1,5,0.0,1,-1,1,1.0,0.5,1.0,1.0,0.0,0.0,0.6666666666666666,0.5,0.3333333333333333,0.16666666666666663,0.16666666666666669
Suj_153,Respuestas de formulario 12,AGH,Bloque_CON,2,Bloque_5,6,Opción 2,0,1.8,3.3333333333333335,1,-1,1,Hombre,1,5,2000.0,1,-1,1,-1.0,0.5,1.0,1.0,0.0,0.0,0.6666666666666666,0.5,0.3333333333333333,0.16666666666666663,0.16666666666666669
Suj_153,Respuestas de formulario 12,AQS,Bloque_SIN,3,Bloque_11,1,Opción 1,1,1.8,3.3333333333333335,1,-1,1,Hombre,1,5,1200.0,1,-1,1,1.0,0.5,1.0,1.0,0.0,0.0,0.6666666666666666,0.5,0.3333333333333333,0.16666666666666663,0.16666666666666669
Suj_153,Respuestas de formulario 12,AJK,Bloque_SIN,3,Bloque_3,2,Opción 1,1,1.8,3.3333333333333335,1,-1,1,Hombre,1,5,0.0,1,-1,1,1.0,0.5,1.0,1.0,0.0,0.0,0.6666666666666666,0.5,0.3333333333333333,0.16666666666666663,0.16666666666666669
Suj_153,Respuestas de formulario 12,ABC,Bloque_SIN,3,Bloque_9,3,Opción 1,1,1.8,3.3333333333333335,1,-1,1,Hombre,1,5,1000.0,1,-1,1,1.0,0.5,1.0,1.0,0.0,0.0,0.6666666666666666,0.5,0.3333333333333333,0.16666666666666663,0.16666666666666669
Suj_153,Respuestas de formulario 12,ALM,Bloque_SIN,3,Bloque_7,4,Opción 2,0,1.8,3.3333333333333335,1,-1,1,Hombre,1,5,2400.0,1,-1,1,-1.0,0.5,1.0,1.0,0.0,0.0,0.6666666666666666,0.5,0.3333333333333333,0.16666666666666663,0.16666666666666669
Suj_153,Respuestas de formulario 12,AEF,Bloque_SIN,3,Bloque_1,5,Opción 2,0,1.8,3.3333333333333335,1,-1,1,Hombre,1,5,0.0,1,-1,1,1.0,0.5,1.0,1.0,0.0,0.0,0.6666666666666666,0.5,0.3333333333333333,0.16666666666666663,0.16666666666666669
Suj_153,Respuestas de formulario 12,AGH,Bloque_SIN,3,Bloque_5,6,Opción 2,0,1.8,3.3333333333333335,1,-1,1,Hombre,1,5,2000.0,1,-1,1,-1.0,0.5,1.0,1.0,0.0,0.0,0.6666666666666666,0.5,0.3333333333333333,0.16666666666666663,0.16666666666666669
Suj_154,Respuestas de formulario 12,AQS,Bloque_CON,2,Bloque_11,1,Opción 2,0,1.1,3.3333333333333335,0,0,0,Mujer,1,4,1200.0,0,0,0,0.0,0.3333333333333333,0.0,0.0,0.0,0.0,0.16666666666666666,0.16666666666666666,0.0,0.0,0.16666666666666666
Suj_154,Respuestas de formulario 12,AJK,Bloque_CON,2,Bloque_3,2,Opción 2,0,1.1,3.3333333333333335,0,0,0,Mujer,1,4,0.0,0,0,0,0.0,0.3333333333333333,0.0,0.0,0.0,0.0,0.16666666666666666,0.16666666666666666,0.0,0.0,0.16666666666666666
Suj_154,Respuestas de formulario 12,ABC,Bloque_CON,2,Bloque_9,3,Opción 2,0,1.1,3.3333333333333335,0,0,0,Mujer,1,4,1000.0,0,0,0,0.0,0.3333333333333333,0.0,0.0,0.0,0.0,0.16666666666666666,0.16666666666666666,0.0,0.0,0.16666666666666666
Suj_154,Respuestas de formulario 12,ALM,Bloque_CON,2,Bloque_7,4,Opción 2,0,1.1,3.3333333333333335,0,0,0,Mujer,1,4,2400.0,0,0,0,0.0,0.3333333333333333,0.0,0.0,0.0,0.0,0.16666666666666666,0.16666666666666666,0.0,0.0,0.16666666666666666
Suj_154,Respuestas de formulario 12,AEF,Bloque_CON,2,Bloque_1,5,Opción 1,1,1.1,3.3333333333333335,0,0,0,Mujer,1,4,0.0,0,0,0,0.0,0.3333333333333333,0.0,0.0,0.0,0.0,0.16666666666666666,0.16666666666666666,0.0,0.0,0.16666666666666666
Suj_154,Respuestas de formulario 12,AGH,Bloque_CON,2,Bloque_5,6,Opción 2,0,1.1,3.3333333333333335,0,0,0,Mujer,1,4,2000.0,0,0,0,0.0,0.3333333333333333,0.0,0.0,0.0,0.0,0.16666666666666666,0.16666666666666666,0.0,0.0,0.16666666666666666
Suj_154,Respuestas de formulario 12,AQS,Bloque_SIN,3,Bloque_11,1,Opción 2,0,1.1,3.3333333333333335,0,0,0,Mujer,1,4,1200.0,0,0,0,0.0,0.3333333333333333,0.0,0.0,0.0,0.0,0.16666666666666666,0.16666666666666666,0.0,0.0,0.16666666666666666
Suj_154,Respuestas de formulario 12,AJK,Bloque_SIN,3,Bloque_3,2,Opción 1,1,1.1,3.3333333333333335,0,0,0,Mujer,1,4,0.0,0,0,0,0.0,0.3333333333333333,0.0,0.0,0.0,0.0,0.16666666666666666,0.16666666666666666,0.0,0.0,0.16666666666666666
Suj_154,Respuestas de formulario 12,ABC,Bloque_SIN,3,Bloque_9,3,Opción 2,0,1.1,3.3333333333333335,0,0,0,Mujer,1,4,1000.0,0,0,0,0.0,0.3333333333333333,0.0,0.0,0.0,0.0,0.16666666666666666,0.16666666666666666,0.0,0.0,0.16666666666666666
Suj_154,Respuestas de formulario 12,ALM,Bloque_SIN,3,Bloque_7,4,Opción 2,0,1.1,3.3333333333333335,0,0,0,Mujer,1,4,2400.0,0,0,0,0.0,0.3333333333333333,0.0,0.0,0.0,0.0,0.16666666666666666,0.16666666666666666,0.0,0.0,0.16666666666666666
Suj_154,Respuestas de formulario 12,AEF,Bloque_SIN,3,Bloque_1,5,Opción 2,0,1.1,3.3333333333333335,0,0,0,Mujer,1,4,0.0,0,0,0,0.0,0.3333333333333333,0.0,0.0,0.0,0.0,0.16666666666666666,0.16666666666666666,0.0,0.0,0.16666666666666666
Suj_154,Respuestas de formulario 12,AGH,Bloque_SIN,3,Bloque_5,6,Opción 2,0,1.1,3.3333333333333335,0,0,0,Mujer,1,4,2000.0,0,0,0,0.0,0.3333333333333333,0.0,0.0,0.0,0.0,0.16666666666666666,0.16666666666666666,0.0,0.0,0.16666666666666666
Suj_155,Respuestas de formulario 12,AQS,Dist,1,Bloque_11,1,Opción 1,1,1.7,3.6666666666666665,-1,0,0,Mujer,4,4,1200.0,-1,0,0,0.0,0.16666666666666666,0.6666666666666666,0.6666666666666666,0.6666666666666666,0.0,0.3333333333333333,0.5,0.3333333333333333,-0.16666666666666669,0.16666666666666669
Suj_155,Respuestas de formulario 12,AJK,Dist,1,Bloque_3,2,Opción 2,0,1.7,3.6666666666666665,-1,0,0,Mujer,4,4,0.0,-1,0,0,-1.0,0.16666666666666666,0.6666666666666666,0.6666666666666666,0.6666666666666666,0.0,0.3333333333333333,0.5,0.3333333333333333,-0.16666666666666669,0.16666666666666669
Suj_155,Respuestas de formulario 12,ABC,Dist,1,Bloque_9,3,Opción 2,0,1.7,3.6666666666666665,-1,0,0,Mujer,4,4,1000.0,-1,0,0,0.0,0.16666666666666666,0.6666666666666666,0.6666666666666666,0.6666666666666666,0.0,0.3333333333333333,0.5,0.3333333333333333,-0.16666666666666669,0.16666666666666669
Suj_155,Respuestas de formulario 12,ALM,Dist,1,Bloque_7,4,Opción 2,0,1.7,3.6666666666666665,-1,0,0,Mujer,4,4,2400.0,-1,0,0,0.0,0.16666666666666666,0.6666666666666666,0.6666666666666666,0.6666666666666666,0.0,0.3333333333333333,0.5,0.3333333333333333,-0.16666666666666669,0.16666666666666669
Suj_155,Respuestas de formulario 12,AEF,Dist,1,Bloque_1,5,Opción 1,1,1.7,3.6666666666666665,-1,0,0,Mujer,4,4,0.0,-1,0,0,-1.0,0.16666666666666666,0.6666666666666666,0.6666666666666666,0.6666666666666666,0.0,0.3333333333333333,0.5,0.3333333333333333,-0.16666666666666669,0.16666666666666669
Suj_155,Respuestas de formulario 12,AGH,Dist,1,Bloque_5,6,Opción 2,0,1.7,3.6666666666666665,-1,0,0,Mujer,4,4,2000.0,-1,0,0,0.0,0.16666666666666666,0.6666666666666666,0.6666666666666666,0.6666666666666666,0.0,0.3333333333333333,0.5,0.3333333333333333,-0.16666666666666669,0.16666666666666669
Suj_155,Respuestas de formulario 12,AQS,Bloque_CON,2,Bloque_11,1,Opción 2,0,1.7,3.6666666666666665,-1,0,0,Mujer,4,4,1200.0,-1,0,0,0.0,0.16666666666666666,0.6666666666666666,0.6666666666666666,0.6666666666666666,0.0,0.3333333333333333,0.5,0.3333333333333333,-0.16666666666666669,0.16666666666666669
Suj_155,Respuestas de formulario 12,AJK,Bloque_CON,2,Bloque_3,2,Opción 2,0,1.7,3.6666666666666665,-1,0,0,Mujer,4,4,0.0,-1,0,0,-1.0,0.16666666666666666,0.6666666666666666,0.6666666666666666,0.6666666666666666,0.0,0.3333333333333333,0.5,0.3333333333333333,-0.16666666666666669,0.16666666666666669
Suj_155,Respuestas de formulario 12,ABC,Bloque_CON,2,Bloque_9,3,Opción 1,1,1.7,3.6666666666666665,-1,0,0,Mujer,4,4,1000.0,-1,0,0,0.0,0.16666666666666666,0.6666666666666666,0.6666666666666666,0.6666666666666666,0.0,0.3333333333333333,0.5,0.3333333333333333,-0.16666666666666669,0.16666666666666669
Suj_155,Respuestas de formulario 12,ALM,Bloque_CON,2,Bloque_7,4,Opción 2,0,1.7,3.6666666666666665,-1,0,0,Mujer,4,4,2400.0,-1,0,0,0.0,0.16666666666666666,0.6666666666666666,0.6666666666666666,0.6666666666666666,0.0,0.3333333333333333,0.5,0.3333333333333333,-0.16666666666666669,0.16666666666666669
Suj_155,Respuestas de formulario 12,AEF,Bloque_CON,2,Bloque_1,5,Opción 2,0,1.7,3.6666666666666665,-1,0,0,Mujer,4,4,0.0,-1,0,0,-1.0,0.16666666666666666,0.6666666666666666,0.6666666666666666,0.6666666666666666,0.0,0.3333333333333333,0.5,0.3333333333333333,-0.16666666666666669,0.16666666666666669
Suj_155,Respuestas de formulario 12,AGH,Bloque_CON,2,Bloque_5,6,Opción 1,1,1.7,3.6666666666666665,-1,0,0,Mujer,4,4,2000.0,-1,0,0,0.0,0.16666666666666666,0.6666666666666666,0.6666666666666666,0.6666666666666666,0.0,0.3333333333333333,0.5,0.3333333333333333,-0.16666666666666669,0.16666666666666669
Suj_155,Respuestas de formulario 12,AQS,Bloque_SIN,3,Bloque_11,1,Opción 1,1,1.7,3.6666666666666665,-1,0,0,Mujer,4,4,1200.0,-1,0,0,0.0,0.16666666666666666,0.6666666666666666,0.6666666666666666,0.6666666666666666,0.0,0.3333333333333333,0.5,0.3333333333333333,-0.16666666666666669,0.16666666666666669
Suj_155,Respuestas de formulario 12,AJK,Bloque_SIN,3,Bloque_3,2,Opción 2,0,1.7,3.6666666666666665,-1,0,0,Mujer,4,4,0.0,-1,0,0,-1.0,0.16666666666666666,0.6666666666666666,0.6666666666666666,0.6666666666666666,0.0,0.3333333333333333,0.5,0.3333333333333333,-0.16666666666666669,0.16666666666666669
Suj_155,Respuestas de formulario 12,ABC,Bloque_SIN,3,Bloque_9,3,Opción 1,1,1.7,3.6666666666666665,-1,0,0,Mujer,4,4,1000.0,-1,0,0,0.0,0.16666666666666666,0.6666666666666666,0.6666666666666666,0.6666666666666666,0.0,0.3333333333333333,0.5,0.3333333333333333,-0.16666666666666669,0.16666666666666669
Suj_155,Respuestas de formulario 12,ALM,Bloque_SIN,3,Bloque_7,4,Opción 2,0,1.7,3.6666666666666665,-1,0,0,Mujer,4,4,2400.0,-1,0,0,0.0,0.16666666666666666,0.6666666666666666,0.6666666666666666,0.6666666666666666,0.0,0.3333333333333333,0.5,0.3333333333333333,-0.16666666666666669,0.16666666666666669
Suj_155,Respuestas de formulario 12,AEF,Bloque_SIN,3,Bloque_1,5,Opción 2,0,1.7,3.6666666666666665,-1,0,0,Mujer,4,4,0.0,-1,0,0,-1.0,0.16666666666666666,0.6666666666666666,0.6666666666666666,0.6666666666666666,0.0,0.3333333333333333,0.5,0.3333333333333333,-0.16666666666666669,0.16666666666666669
Suj_155,Respuestas de formulario 12,AGH,Bloque_SIN,3,Bloque_5,6,Opción 1,1,1.7,3.6666666666666665,-1,0,0,Mujer,4,4,2000.0,-1,0,0,0.0,0.16666666666666666,0.6666666666666666,0.6666666666666666,0.6666666666666666,0.0,0.3333333333333333,0.5,0.3333333333333333,-0.16666666666666669,0.16666666666666669
Suj_156,Respuestas de formulario 12,AQS,Dist,1,Bloque_11,1,Opción 2,0,1.6,4.333333333333333,1,-1,-1,Hombre,4,7,1200.0,1,-1,-1,-1.0,0.8333333333333334,0.0,0.0,0.0,0.0,0.3333333333333333,0.3333333333333333,0.16666666666666666,0.0,0.16666666666666666
Suj_156,Respuestas de formulario 12,AJK,Dist,1,Bloque_3,2,Opción 1,1,1.6,4.333333333333333,1,-1,-1,Hombre,4,7,0.0,1,-1,-1,1.0,0.8333333333333334,0.0,0.0,0.0,0.0,0.3333333333333333,0.3333333333333333,0.16666666666666666,0.0,0.16666666666666666
Suj_156,Respuestas de formulario 12,ABC,Dist,1,Bloque_9,3,Opción 2,0,1.6,4.333333333333333,1,-1,-1,Hombre,4,7,1000.0,1,-1,-1,-1.0,0.8333333333333334,0.0,0.0,0.0,0.0,0.3333333333333333,0.3333333333333333,0.16666666666666666,0.0,0.16666666666666666
Suj_156,Respuestas de formulario 12,ALM,Dist,1,Bloque_7,4,Opción 2,0,1.6,4.333333333333333,1,-1,-1,Hombre,4,7,2400.0,1,-1,-1,-1.0,0.8333333333333334,0.0,0.0,0.0,0.0,0.3333333333333333,0.3333333333333333,0.16666666666666666,0.0,0.16666666666666666
Suj_156,Respuestas de formulario 12,AEF,Dist,1,Bloque_1,5,Opción 2,0,1.6,4.333333333333333,1,-1,-1,Hombre,4,7,0.0,1,-1,-1,1.0,0.8333333333333334,0.0,0.0,0.0,0.0,0.3333333333333333,0.3333333333333333,0.16666666666666666,0.0,0.16666666666666666
Suj_156,Respuestas de formulario 12,AGH,Dist,1,Bloque_5,6,Opción 2,0,1.6,4.333333333333333,1,-1,-1,Hombre,4,7,2000.0,1,-1,-1,-1.0,0.8333333333333334,0.0,0.0,0.0,0.0,0.3333333333333333,0.3333333333333333,0.16666666666666666,0.0,0.16666666666666666
Suj_156,Respuestas de formulario 12,AQS,Bloque_CON,2,Bloque_11,1,Opción 2,0,1.6,4.333333333333333,1,-1,-1,Hombre,4,7,1200.0,1,-1,-1,-1.0,0.8333333333333334,0.0,0.0,0.0,0.0,0.3333333333333333,0.3333333333333333,0.16666666666666666,0.0,0.16666666666666666
Suj_156,Respuestas de formulario 12,AJK,Bloque_CON,2,Bloque_3,2,Opción 1,1,1.6,4.333333333333333,1,-1,-1,Hombre,4,7,0.0,1,-1,-1,1.0,0.8333333333333334,0.0,0.0,0.0,0.0,0.3333333333333333,0.3333333333333333,0.16666666666666666,0.0,0.16666666666666666
Suj_156,Respuestas de formulario 12,ABC,Bloque_CON,2,Bloque_9,3,Opción 2,0,1.6,4.333333333333333,1,-1,-1,Hombre,4,7,1000.0,1,-1,-1,-1.0,0.8333333333333334,0.0,0.0,0.0,0.0,0.3333333333333333,0.3333333333333333,0.16666666666666666,0.0,0.16666666666666666
Suj_156,Respuestas de formulario 12,ALM,Bloque_CON,2,Bloque_7,4,Opción 2,0,1.6,4.333333333333333,1,-1,-1,Hombre,4,7,2400.0,1,-1,-1,-1.0,0.8333333333333334,0.0,0.0,0.0,0.0,0.3333333333333333,0.3333333333333333,0.16666666666666666,0.0,0.16666666666666666
Suj_156,Respuestas de formulario 12,AEF,Bloque_CON,2,Bloque_1,5,Opción 1,1,1.6,4.333333333333333,1,-1,-1,Hombre,4,7,0.0,1,-1,-1,1.0,0.8333333333333334,0.0,0.0,0.0,0.0,0.3333333333333333,0.3333333333333333,0.16666666666666666,0.0,0.16666666666666666
Suj_156,Respuestas de formulario 12,AGH,Bloque_CON,2,Bloque_5,6,Opción 2,0,1.6,4.333333333333333,1,-1,-1,Hombre,4,7,2000.0,1,-1,-1,-1.0,0.8333333333333334,0.0,0.0,0.0,0.0,0.3333333333333333,0.3333333333333333,0.16666666666666666,0.0,0.16666666666666666
Suj_156,Respuestas de formulario 12,AQS,Bloque_SIN,3,Bloque_11,1,Opción 2,0,1.6,4.333333333333333,1,-1,-1,Hombre,4,7,1200.0,1,-1,-1,-1.0,0.8333333333333334,0.0,0.0,0.0,0.0,0.3333333333333333,0.3333333333333333,0.16666666666666666,0.0,0.16666666666666666
Suj_156,Respuestas de formulario 12,AJK,Bloque_SIN,3,Bloque_3,2,Opción 1,1,1.6,4.333333333333333,1,-1,-1,Hombre,4,7,0.0,1,-1,-1,1.0,0.8333333333333334,0.0,0.0,0.0,0.0,0.3333333333333333,0.3333333333333333,0.16666666666666666,0.0,0.16666666666666666
Suj_156,Respuestas de formulario 12,ABC,Bloque_SIN,3,Bloque_9,3,Opción 2,0,1.6,4.333333333333333,1,-1,-1,Hombre,4,7,1000.0,1,-1,-1,-1.0,0.8333333333333334,0.0,0.0,0.0,0.0,0.3333333333333333,0.3333333333333333,0.16666666666666666,0.0,0.16666666666666666
Suj_156,Respuestas de formulario 12,ALM,Bloque_SIN,3,Bloque_7,4,Opción 2,0,1.6,4.333333333333333,1,-1,-1,Hombre,4,7,2400.0,1,-1,-1,-1.0,0.8333333333333334,0.0,0.0,0.0,0.0,0.3333333333333333,0.3333333333333333,0.16666666666666666,0.0,0.16666666666666666
Suj_156,Respuestas de formulario 12,AEF,Bloque_SIN,3,Bloque_1,5,Opción 1,1,1.6,4.333333333333333,1,-1,-1,Hombre,4,7,0.0,1,-1,-1,1.0,0.8333333333333334,0.0,0.0,0.0,0.0,0.3333333333333333,0.3333333333333333,0.16666666666666666,0.0,0.16666666666666666
Suj_156,Respuestas de formulario 12,AGH,Bloque_SIN,3,Bloque_5,6,Opción 2,0,1.6,4.333333333333333,1,-1,-1,Hombre,4,7,2000.0,1,-1,-1,-1.0,0.8333333333333334,0.0,0.0,0.0,0.0,0.3333333333333333,0.3333333333333333,0.16666666666666666,0.0,0.16666666666666666
Suj_157,Respuestas de formulario 12,AQS,Dist,1,Bloque_11,1,Opción 2,0,1.1,3.6666666666666665,0,-1,-1,Hombre,3,4,1200.0,0,-1,-1,-1.0,0.3333333333333333,0.0,0.0,0.0,0.0,0.16666666666666666,0.0,0.16666666666666666,0.16666666666666666,-0.16666666666666666
Suj_157,Respuestas de formulario 12,AJK,Dist,1,Bloque_3,2,Opción 2,0,1.1,3.6666666666666665,0,-1,-1,Hombre,3,4,0.0,0,-1,-1,0.0,0.3333333333333333,0.0,0.0,0.0,0.0,0.16666666666666666,0.0,0.16666666666666666,0.16666666666666666,-0.16666666666666666
Suj_157,Respuestas de formulario 12,ABC,Dist,1,Bloque_9,3,Opción 2,0,1.1,3.6666666666666665,0,-1,-1,Hombre,3,4,1000.0,0,-1,-1,-1.0,0.3333333333333333,0.0,0.0,0.0,0.0,0.16666666666666666,0.0,0.16666666666666666,0.16666666666666666,-0.16666666666666666
Suj_157,Respuestas de formulario 12,ALM,Dist,1,Bloque_7,4,Opción 2,0,1.1,3.6666666666666665,0,-1,-1,Hombre,3,4,2400.0,0,-1,-1,-1.0,0.3333333333333333,0.0,0.0,0.0,0.0,0.16666666666666666,0.0,0.16666666666666666,0.16666666666666666,-0.16666666666666666
Suj_157,Respuestas de formulario 12,AEF,Dist,1,Bloque_1,5,Opción 1,1,1.1,3.6666666666666665,0,-1,-1,Hombre,3,4,0.0,0,-1,-1,0.0,0.3333333333333333,0.0,0.0,0.0,0.0,0.16666666666666666,0.0,0.16666666666666666,0.16666666666666666,-0.16666666666666666
Suj_157,Respuestas de formulario 12,AGH,Dist,1,Bloque_5,6,Opción 2,0,1.1,3.6666666666666665,0,-1,-1,Hombre,3,4,2000.0,0,-1,-1,-1.0,0.3333333333333333,0.0,0.0,0.0,0.0,0.16666666666666666,0.0,0.16666666666666666,0.16666666666666666,-0.16666666666666666
Suj_157,Respuestas de formulario 12,AQS,Bloque_CON,2,Bloque_11,1,Opción 2,0,1.1,3.6666666666666665,0,-1,-1,Hombre,3,4,1200.0,0,-1,-1,-1.0,0.3333333333333333,0.0,0.0,0.0,0.0,0.16666666666666666,0.0,0.16666666666666666,0.16666666666666666,-0.16666666666666666
Suj_157,Respuestas de formulario 12,AJK,Bloque_CON,2,Bloque_3,2,Opción 1,1,1.1,3.6666666666666665,0,-1,-1,Hombre,3,4,0.0,0,-1,-1,0.0,0.3333333333333333,0.0,0.0,0.0,0.0,0.16666666666666666,0.0,0.16666666666666666,0.16666666666666666,-0.16666666666666666
Suj_157,Respuestas de formulario 12,ABC,Bloque_CON,2,Bloque_9,3,Opción 2,0,1.1,3.6666666666666665,0,-1,-1,Hombre,3,4,1000.0,0,-1,-1,-1.0,0.3333333333333333,0.0,0.0,0.0,0.0,0.16666666666666666,0.0,0.16666666666666666,0.16666666666666666,-0.16666666666666666
Suj_157,Respuestas de formulario 12,ALM,Bloque_CON,2,Bloque_7,4,Opción 2,0,1.1,3.6666666666666665,0,-1,-1,Hombre,3,4,2400.0,0,-1,-1,-1.0,0.3333333333333333,0.0,0.0,0.0,0.0,0.16666666666666666,0.0,0.16666666666666666,0.16666666666666666,-0.16666666666666666
Suj_157,Respuestas de formulario 12,AEF,Bloque_CON,2,Bloque_1,5,Opción 2,0,1.1,3.6666666666666665,0,-1,-1,Hombre,3,4,0.0,0,-1,-1,0.0,0.3333333333333333,0.0,0.0,0.0,0.0,0.16666666666666666,0.0,0.16666666666666666,0.16666666666666666,-0.16666666666666666
Suj_157,Respuestas de formulario 12,AGH,Bloque_CON,2,Bloque_5,6,Opción 2,0,1.1,3.6666666666666665,0,-1,-1,Hombre,3,4,2000.0,0,-1,-1,-1.0,0.3333333333333333,0.0,0.0,0.0,0.0,0.16666666666666666,0.0,0.16666666666666666,0.16666666666666666,-0.16666666666666666
Suj_157,Respuestas de formulario 12,AQS,Bloque_SIN,3,Bloque_11,1,Opción 2,0,1.1,3.6666666666666665,0,-1,-1,Hombre,3,4,1200.0,0,-1,-1,-1.0,0.3333333333333333,0.0,0.0,0.0,0.0,0.16666666666666666,0.0,0.16666666666666666,0.16666666666666666,-0.16666666666666666
Suj_157,Respuestas de formulario 12,AJK,Bloque_SIN,3,Bloque_3,2,Opción 2,0,1.1,3.6666666666666665,0,-1,-1,Hombre,3,4,0.0,0,-1,-1,0.0,0.3333333333333333,0.0,0.0,0.0,0.0,0.16666666666666666,0.0,0.16666666666666666,0.16666666666666666,-0.16666666666666666
Suj_157,Respuestas de formulario 12,ABC,Bloque_SIN,3,Bloque_9,3,Opción 2,0,1.1,3.6666666666666665,0,-1,-1,Hombre,3,4,1000.0,0,-1,-1,-1.0,0.3333333333333333,0.0,0.0,0.0,0.0,0.16666666666666666,0.0,0.16666666666666666,0.16666666666666666,-0.16666666666666666
Suj_157,Respuestas de formulario 12,ALM,Bloque_SIN,3,Bloque_7,4,Opción 2,0,1.1,3.6666666666666665,0,-1,-1,Hombre,3,4,2400.0,0,-1,-1,-1.0,0.3333333333333333,0.0,0.0,0.0,0.0,0.16666666666666666,0.0,0.16666666666666666,0.16666666666666666,-0.16666666666666666
Suj_157,Respuestas de formulario 12,AEF,Bloque_SIN,3,Bloque_1,5,Opción 2,0,1.1,3.6666666666666665,0,-1,-1,Hombre,3,4,0.0,0,-1,-1,0.0,0.3333333333333333,0.0,0.0,0.0,0.0,0.16666666666666666,0.0,0.16666666666666666,0.16666666666666666,-0.16666666666666666
Suj_157,Respuestas de formulario 12,AGH,Bloque_SIN,3,Bloque_5,6,Opción 2,0,1.1,3.6666666666666665,0,-1,-1,Hombre,3,4,2000.0,0,-1,-1,-1.0,0.3333333333333333,0.0,0.0,0.0,0.0,0.16666666666666666,0.0,0.16666666666666666,0.16666666666666666,-0.16666666666666666
Suj_158,Respuestas de formulario 12,AQS,Dist,1,Bloque_11,1,Opción 1,1,1.2,4.833333333333333,1,0,1,Mujer,3,6,1200.0,1,0,1,1.0,1.0,1.0,1.0,1.0,0.6666666666666666,1.0,1.0,0.8333333333333334,0.0,0.16666666666666663
Suj_158,Respuestas de formulario 12,AJK,Dist,1,Bloque_3,2,Opción 1,1,1.2,4.833333333333333,1,0,1,Mujer,3,6,0.0,1,0,1,1.0,1.0,1.0,1.0,1.0,0.6666666666666666,1.0,1.0,0.8333333333333334,0.0,0.16666666666666663
Suj_158,Respuestas de formulario 12,ABC,Dist,1,Bloque_9,3,Opción 1,1,1.2,4.833333333333333,1,0,1,Mujer,3,6,1000.0,1,0,1,1.0,1.0,1.0,1.0,1.0,0.6666666666666666,1.0,1.0,0.8333333333333334,0.0,0.16666666666666663
Suj_158,Respuestas de formulario 12,ALM,Dist,1,Bloque_7,4,Opción 2,0,1.2,4.833333333333333,1,0,1,Mujer,3,6,2400.0,1,0,1,0.0,1.0,1.0,1.0,1.0,0.6666666666666666,1.0,1.0,0.8333333333333334,0.0,0.16666666666666663
Suj_158,Respuestas de formulario 12,AEF,Dist,1,Bloque_1,5,Opción 1,1,1.2,4.833333333333333,1,0,1,Mujer,3,6,0.0,1,0,1,1.0,1.0,1.0,1.0,1.0,0.6666666666666666,1.0,1.0,0.8333333333333334,0.0,0.16666666666666663
Suj_158,Respuestas de formulario 12,AGH,Dist,1,Bloque_5,6,Opción 1,1,1.2,4.833333333333333,1,0,1,Mujer,3,6,2000.0,1,0,1,0.0,1.0,1.0,1.0,1.0,0.6666666666666666,1.0,1.0,0.8333333333333334,0.0,0.16666666666666663
Suj_158,Respuestas de formulario 12,AQS,Bloque_CON,2,Bloque_11,1,Opción 1,1,1.2,4.833333333333333,1,0,1,Mujer,3,6,1200.0,1,0,1,1.0,1.0,1.0,1.0,1.0,0.6666666666666666,1.0,1.0,0.8333333333333334,0.0,0.16666666666666663
Suj_158,Respuestas de formulario 12,AJK,Bloque_CON,2,Bloque_3,2,Opción 1,1,1.2,4.833333333333333,1,0,1,Mujer,3,6,0.0,1,0,1,1.0,1.0,1.0,1.0,1.0,0.6666666666666666,1.0,1.0,0.8333333333333334,0.0,0.16666666666666663
Suj_158,Respuestas de formulario 12,ABC,Bloque_CON,2,Bloque_9,3,Opción 1,1,1.2,4.833333333333333,1,0,1,Mujer,3,6,1000.0,1,0,1,1.0,1.0,1.0,1.0,1.0,0.6666666666666666,1.0,1.0,0.8333333333333334,0.0,0.16666666666666663
Suj_158,Respuestas de formulario 12,ALM,Bloque_CON,2,Bloque_7,4,Opción 1,1,1.2,4.833333333333333,1,0,1,Mujer,3,6,2400.0,1,0,1,0.0,1.0,1.0,1.0,1.0,0.6666666666666666,1.0,1.0,0.8333333333333334,0.0,0.16666666666666663
Suj_158,Respuestas de formulario 12,AEF,Bloque_CON,2,Bloque_1,5,Opción 1,1,1.2,4.833333333333333,1,0,1,Mujer,3,6,0.0,1,0,1,1.0,1.0,1.0,1.0,1.0,0.6666666666666666,1.0,1.0,0.8333333333333334,0.0,0.16666666666666663
Suj_158,Respuestas de formulario 12,AGH,Bloque_CON,2,Bloque_5,6,Opción 1,1,1.2,4.833333333333333,1,0,1,Mujer,3,6,2000.0,1,0,1,0.0,1.0,1.0,1.0,1.0,0.6666666666666666,1.0,1.0,0.8333333333333334,0.0,0.16666666666666663
Suj_158,Respuestas de formulario 12,AQS,Bloque_SIN,3,Bloque_11,1,Opción 1,1,1.2,4.833333333333333,1,0,1,Mujer,3,6,1200.0,1,0,1,1.0,1.0,1.0,1.0,1.0,0.6666666666666666,1.0,1.0,0.8333333333333334,0.0,0.16666666666666663
Suj_158,Respuestas de formulario 12,AJK,Bloque_SIN,3,Bloque_3,2,Opción 1,1,1.2,4.833333333333333,1,0,1,Mujer,3,6,0.0,1,0,1,1.0,1.0,1.0,1.0,1.0,0.6666666666666666,1.0,1.0,0.8333333333333334,0.0,0.16666666666666663
Suj_158,Respuestas de formulario 12,ABC,Bloque_SIN,3,Bloque_9,3,Opción 1,1,1.2,4.833333333333333,1,0,1,Mujer,3,6,1000.0,1,0,1,1.0,1.0,1.0,1.0,1.0,0.6666666666666666,1.0,1.0,0.8333333333333334,0.0,0.16666666666666663
Suj_158,Respuestas de formulario 12,ALM,Bloque_SIN,3,Bloque_7,4,Opción 1,1,1.2,4.833333333333333,1,0,1,Mujer,3,6,2400.0,1,0,1,0.0,1.0,1.0,1.0,1.0,0.6666666666666666,1.0,1.0,0.8333333333333334,0.0,0.16666666666666663
Suj_158,Respuestas de formulario 12,AEF,Bloque_SIN,3,Bloque_1,5,Opción 1,1,1.2,4.833333333333333,1,0,1,Mujer,3,6,0.0,1,0,1,1.0,1.0,1.0,1.0,1.0,0.6666666666666666,1.0,1.0,0.8333333333333334,0.0,0.16666666666666663
Suj_158,Respuestas de formulario 12,AGH,Bloque_SIN,3,Bloque_5,6,Opción 1,1,1.2,4.833333333333333,1,0,1,Mujer,3,6,2000.0,1,0,1,0.0,1.0,1.0,1.0,1.0,0.6666666666666666,1.0,1.0,0.8333333333333334,0.0,0.16666666666666663
Suj_159,Respuestas de formulario 12,AQS,Dist,1,Bloque_11,1,Opción 1,1,3.8,3.5,1,1,1,Hombre,6,4,1200.0,1,1,1,1.0,0.8333333333333334,0.3333333333333333,0.3333333333333333,0.0,0.0,0.3333333333333333,0.3333333333333333,0.5,0.0,-0.16666666666666669
Suj_159,Respuestas de formulario 12,AJK,Dist,1,Bloque_3,2,Opción 2,0,3.8,3.5,1,1,1,Hombre,6,4,0.0,1,1,1,1.0,0.8333333333333334,0.3333333333333333,0.3333333333333333,0.0,0.0,0.3333333333333333,0.3333333333333333,0.5,0.0,-0.16666666666666669
Suj_159,Respuestas de formulario 12,ABC,Dist,1,Bloque_9,3,Opción 1,1,3.8,3.5,1,1,1,Hombre,6,4,1000.0,1,1,1,1.0,0.8333333333333334,0.3333333333333333,0.3333333333333333,0.0,0.0,0.3333333333333333,0.3333333333333333,0.5,0.0,-0.16666666666666669
Suj_159,Respuestas de formulario 12,ALM,Dist,1,Bloque_7,4,Opción 2,0,3.8,3.5,1,1,1,Hombre,6,4,2400.0,1,1,1,1.0,0.8333333333333334,0.3333333333333333,0.3333333333333333,0.0,0.0,0.3333333333333333,0.3333333333333333,0.5,0.0,-0.16666666666666669
Suj_159,Respuestas de formulario 12,AEF,Dist,1,Bloque_1,5,Opción 1,1,3.8,3.5,1,1,1,Hombre,6,4,0.0,1,1,1,1.0,0.8333333333333334,0.3333333333333333,0.3333333333333333,0.0,0.0,0.3333333333333333,0.3333333333333333,0.5,0.0,-0.16666666666666669
Suj_159,Respuestas de formulario 12,AGH,Dist,1,Bloque_5,6,Opción 2,0,3.8,3.5,1,1,1,Hombre,6,4,2000.0,1,1,1,1.0,0.8333333333333334,0.3333333333333333,0.3333333333333333,0.0,0.0,0.3333333333333333,0.3333333333333333,0.5,0.0,-0.16666666666666669
Suj_159,Respuestas de formulario 12,AQS,Bloque_CON,2,Bloque_11,1,Opción 2,0,3.8,3.5,1,1,1,Hombre,6,4,1200.0,1,1,1,1.0,0.8333333333333334,0.3333333333333333,0.3333333333333333,0.0,0.0,0.3333333333333333,0.3333333333333333,0.5,0.0,-0.16666666666666669
Suj_159,Respuestas de formulario 12,AJK,Bloque_CON,2,Bloque_3,2,Opción 1,1,3.8,3.5,1,1,1,Hombre,6,4,0.0,1,1,1,1.0,0.8333333333333334,0.3333333333333333,0.3333333333333333,0.0,0.0,0.3333333333333333,0.3333333333333333,0.5,0.0,-0.16666666666666669
Suj_159,Respuestas de formulario 12,ABC,Bloque_CON,2,Bloque_9,3,Opción 2,0,3.8,3.5,1,1,1,Hombre,6,4,1000.0,1,1,1,1.0,0.8333333333333334,0.3333333333333333,0.3333333333333333,0.0,0.0,0.3333333333333333,0.3333333333333333,0.5,0.0,-0.16666666666666669
Suj_159,Respuestas de formulario 12,ALM,Bloque_CON,2,Bloque_7,4,Opción 2,0,3.8,3.5,1,1,1,Hombre,6,4,2400.0,1,1,1,1.0,0.8333333333333334,0.3333333333333333,0.3333333333333333,0.0,0.0,0.3333333333333333,0.3333333333333333,0.5,0.0,-0.16666666666666669
Suj_159,Respuestas de formulario 12,AEF,Bloque_CON,2,Bloque_1,5,Opción 1,1,3.8,3.5,1,1,1,Hombre,6,4,0.0,1,1,1,1.0,0.8333333333333334,0.3333333333333333,0.3333333333333333,0.0,0.0,0.3333333333333333,0.3333333333333333,0.5,0.0,-0.16666666666666669
Suj_159,Respuestas de formulario 12,AGH,Bloque_CON,2,Bloque_5,6,Opción 2,0,3.8,3.5,1,1,1,Hombre,6,4,2000.0,1,1,1,1.0,0.8333333333333334,0.3333333333333333,0.3333333333333333,0.0,0.0,0.3333333333333333,0.3333333333333333,0.5,0.0,-0.16666666666666669
Suj_159,Respuestas de formulario 12,AQS,Bloque_SIN,3,Bloque_11,1,Opción 2,0,3.8,3.5,1,1,1,Hombre,6,4,1200.0,1,1,1,1.0,0.8333333333333334,0.3333333333333333,0.3333333333333333,0.0,0.0,0.3333333333333333,0.3333333333333333,0.5,0.0,-0.16666666666666669
Suj_159,Respuestas de formulario 12,AJK,Bloque_SIN,3,Bloque_3,2,Opción 1,1,3.8,3.5,1,1,1,Hombre,6,4,0.0,1,1,1,1.0,0.8333333333333334,0.3333333333333333,0.3333333333333333,0.0,0.0,0.3333333333333333,0.3333333333333333,0.5,0.0,-0.16666666666666669
Suj_159,Respuestas de formulario 12,ABC,Bloque_SIN,3,Bloque_9,3,Opción 2,0,3.8,3.5,1,1,1,Hombre,6,4,1000.0,1,1,1,1.0,0.8333333333333334,0.3333333333333333,0.3333333333333333,0.0,0.0,0.3333333333333333,0.3333333333333333,0.5,0.0,-0.16666666666666669
Suj_159,Respuestas de formulario 12,ALM,Bloque_SIN,3,Bloque_7,4,Opción 2,0,3.8,3.5,1,1,1,Hombre,6,4,2400.0,1,1,1,1.0,0.8333333333333334,0.3333333333333333,0.3333333333333333,0.0,0.0,0.3333333333333333,0.3333333333333333,0.5,0.0,-0.16666666666666669
Suj_159,Respuestas de formulario 12,AEF,Bloque_SIN,3,Bloque_1,5,Opción 1,1,3.8,3.5,1,1,1,Hombre,6,4,0.0,1,1,1,1.0,0.8333333333333334,0.3333333333333333,0.3333333333333333,0.0,0.0,0.3333333333333333,0.3333333333333333,0.5,0.0,-0.16666666666666669
Suj_159,Respuestas de formulario 12,AGH,Bloque_SIN,3,Bloque_5,6,Opción 2,0,3.8,3.5,1,1,1,Hombre,6,4,2000.0,1,1,1,1.0,0.8333333333333334,0.3333333333333333,0.3333333333333333,0.0,0.0,0.3333333333333333,0.3333333333333333,0.5,0.0,-0.16666666666666669
Suj_160,Respuestas de formulario 12,AQS,Dist,1,Bloque_11,1,Opción 2,0,1.3,4.166666666666667,-1,-1,-1,Hombre,3,6,1200.0,-1,-1,-1,-1.0,0.16666666666666666,0.0,0.0,0.0,0.0,0.0,0.0,0.16666666666666666,0.0,-0.16666666666666666
Suj_160,Respuestas de formulario 12,AJK,Dist,1,Bloque_3,2,Opción 2,0,1.3,4.166666666666667,-1,-1,-1,Hombre,3,6,0.0,-1,-1,-1,-1.0,0.16666666666666666,0.0,0.0,0.0,0.0,0.0,0.0,0.16666666666666666,0.0,-0.16666666666666666
Suj_160,Respuestas de formulario 12,ABC,Dist,1,Bloque_9,3,Opción 2,0,1.3,4.166666666666667,-1,-1,-1,Hombre,3,6,1000.0,-1,-1,-1,-1.0,0.16666666666666666,0.0,0.0,0.0,0.0,0.0,0.0,0.16666666666666666,0.0,-0.16666666666666666
Suj_160,Respuestas de formulario 12,ALM,Dist,1,Bloque_7,4,Opción 2,0,1.3,4.166666666666667,-1,-1,-1,Hombre,3,6,2400.0,-1,-1,-1,-1.0,0.16666666666666666,0.0,0.0,0.0,0.0,0.0,0.0,0.16666666666666666,0.0,-0.16666666666666666
Suj_160,Respuestas de formulario 12,AEF,Dist,1,Bloque_1,5,Opción 1,1,1.3,4.166666666666667,-1,-1,-1,Hombre,3,6,0.0,-1,-1,-1,-1.0,0.16666666666666666,0.0,0.0,0.0,0.0,0.0,0.0,0.16666666666666666,0.0,-0.16666666666666666
Suj_160,Respuestas de formulario 12,AGH,Dist,1,Bloque_5,6,Opción 2,0,1.3,4.166666666666667,-1,-1,-1,Hombre,3,6,2000.0,-1,-1,-1,-1.0,0.16666666666666666,0.0,0.0,0.0,0.0,0.0,0.0,0.16666666666666666,0.0,-0.16666666666666666
Suj_160,Respuestas de formulario 12,AQS,Bloque_CON,2,Bloque_11,1,Opción 2,0,1.3,4.166666666666667,-1,-1,-1,Hombre,3,6,1200.0,-1,-1,-1,-1.0,0.16666666666666666,0.0,0.0,0.0,0.0,0.0,0.0,0.16666666666666666,0.0,-0.16666666666666666
Suj_160,Respuestas de formulario 12,AJK,Bloque_CON,2,Bloque_3,2,Opción 2,0,1.3,4.166666666666667,-1,-1,-1,Hombre,3,6,0.0,-1,-1,-1,-1.0,0.16666666666666666,0.0,0.0,0.0,0.0,0.0,0.0,0.16666666666666666,0.0,-0.16666666666666666
Suj_160,Respuestas de formulario 12,ABC,Bloque_CON,2,Bloque_9,3,Opción 2,0,1.3,4.166666666666667,-1,-1,-1,Hombre,3,6,1000.0,-1,-1,-1,-1.0,0.16666666666666666,0.0,0.0,0.0,0.0,0.0,0.0,0.16666666666666666,0.0,-0.16666666666666666
Suj_160,Respuestas de formulario 12,ALM,Bloque_CON,2,Bloque_7,4,Opción 2,0,1.3,4.166666666666667,-1,-1,-1,Hombre,3,6,2400.0,-1,-1,-1,-1.0,0.16666666666666666,0.0,0.0,0.0,0.0,0.0,0.0,0.16666666666666666,0.0,-0.16666666666666666
Suj_160,Respuestas de formulario 12,AEF,Bloque_CON,2,Bloque_1,5,Opción 2,0,1.3,4.166666666666667,-1,-1,-1,Hombre,3,6,0.0,-1,-1,-1,-1.0,0.16666666666666666,0.0,0.0,0.0,0.0,0.0,0.0,0.16666666666666666,0.0,-0.16666666666666666
Suj_160,Respuestas de formulario 12,AGH,Bloque_CON,2,Bloque_5,6,Opción 2,0,1.3,4.166666666666667,-1,-1,-1,Hombre,3,6,2000.0,-1,-1,-1,-1.0,0.16666666666666666,0.0,0.0,0.0,0.0,0.0,0.0,0.16666666666666666,0.0,-0.16666666666666666
Suj_160,Respuestas de formulario 12,AQS,Bloque_SIN,3,Bloque_11,1,Opción 2,0,1.3,4.166666666666667,-1,-1,-1,Hombre,3,6,1200.0,-1,-1,-1,-1.0,0.16666666666666666,0.0,0.0,0.0,0.0,0.0,0.0,0.16666666666666666,0.0,-0.16666666666666666
Suj_160,Respuestas de formulario 12,AJK,Bloque_SIN,3,Bloque_3,2,Opción 2,0,1.3,4.166666666666667,-1,-1,-1,Hombre,3,6,0.0,-1,-1,-1,-1.0,0.16666666666666666,0.0,0.0,0.0,0.0,0.0,0.0,0.16666666666666666,0.0,-0.16666666666666666
Suj_160,Respuestas de formulario 12,ABC,Bloque_SIN,3,Bloque_9,3,Opción 2,0,1.3,4.166666666666667,-1,-1,-1,Hombre,3,6,1000.0,-1,-1,-1,-1.0,0.16666666666666666,0.0,0.0,0.0,0.0,0.0,0.0,0.16666666666666666,0.0,-0.16666666666666666
Suj_160,Respuestas de formulario 12,ALM,Bloque_SIN,3,Bloque_7,4,Opción 2,0,1.3,4.166666666666667,-1,-1,-1,Hombre,3,6,2400.0,-1,-1,-1,-1.0,0.16666666666666666,0.0,0.0,0.0,0.0,0.0,0.0,0.16666666666666666,0.0,-0.16666666666666666
Suj_160,Respuestas de formulario 12,AEF,Bloque_SIN,3,Bloque_1,5,Opción 2,0,1.3,4.166666666666667,-1,-1,-1,Hombre,3,6,0.0,-1,-1,-1,-1.0,0.16666666666666666,0.0,0.0,0.0,0.0,0.0,0.0,0.16666666666666666,0.0,-0.16666666666666666
Suj_160,Respuestas de formulario 12,AGH,Bloque_SIN,3,Bloque_5,6,Opción 2,0,1.3,4.166666666666667,-1,-1,-1,Hombre,3,6,2000.0,-1,-1,-1,-1.0,0.16666666666666666,0.0,0.0,0.0,0.0,0.0,0.0,0.16666666666666666,0.0,-0.16666666666666666
Suj_161,Respuestas de formulario 12,AQS,Dist,1,Bloque_11,1,Opción 2,0,1.2,4.333333333333333,0,-1,-1,Mujer,2,3,1200.0,0,-1,-1,-1.0,0.5,0.0,0.0,0.0,0.0,0.16666666666666666,0.16666666666666666,0.16666666666666666,0.0,0.0
Suj_161,Respuestas de formulario 12,AJK,Dist,1,Bloque_3,2,Opción 2,0,1.2,4.333333333333333,0,-1,-1,Mujer,2,3,0.0,0,-1,-1,0.0,0.5,0.0,0.0,0.0,0.0,0.16666666666666666,0.16666666666666666,0.16666666666666666,0.0,0.0
Suj_161,Respuestas de formulario 12,ABC,Dist,1,Bloque_9,3,Opción 2,0,1.2,4.333333333333333,0,-1,-1,Mujer,2,3,1000.0,0,-1,-1,-1.0,0.5,0.0,0.0,0.0,0.0,0.16666666666666666,0.16666666666666666,0.16666666666666666,0.0,0.0
Suj_161,Respuestas de formulario 12,ALM,Dist,1,Bloque_7,4,Opción 2,0,1.2,4.333333333333333,0,-1,-1,Mujer,2,3,2400.0,0,-1,-1,-1.0,0.5,0.0,0.0,0.0,0.0,0.16666666666666666,0.16666666666666666,0.16666666666666666,0.0,0.0
Suj_161,Respuestas de formulario 12,AEF,Dist,1,Bloque_1,5,Opción 1,1,1.2,4.333333333333333,0,-1,-1,Mujer,2,3,0.0,0,-1,-1,0.0,0.5,0.0,0.0,0.0,0.0,0.16666666666666666,0.16666666666666666,0.16666666666666666,0.0,0.0
Suj_161,Respuestas de formulario 12,AGH,Dist,1,Bloque_5,6,Opción 2,0,1.2,4.333333333333333,0,-1,-1,Mujer,2,3,2000.0,0,-1,-1,-1.0,0.5,0.0,0.0,0.0,0.0,0.16666666666666666,0.16666666666666666,0.16666666666666666,0.0,0.0
Suj_161,Respuestas de formulario 12,AQS,Bloque_CON,2,Bloque_11,1,Opción 2,0,1.2,4.333333333333333,0,-1,-1,Mujer,2,3,1200.0,0,-1,-1,-1.0,0.5,0.0,0.0,0.0,0.0,0.16666666666666666,0.16666666666666666,0.16666666666666666,0.0,0.0
Suj_161,Respuestas de formulario 12,AJK,Bloque_CON,2,Bloque_3,2,Opción 2,0,1.2,4.333333333333333,0,-1,-1,Mujer,2,3,0.0,0,-1,-1,0.0,0.5,0.0,0.0,0.0,0.0,0.16666666666666666,0.16666666666666666,0.16666666666666666,0.0,0.0
Suj_161,Respuestas de formulario 12,ABC,Bloque_CON,2,Bloque_9,3,Opción 2,0,1.2,4.333333333333333,0,-1,-1,Mujer,2,3,1000.0,0,-1,-1,-1.0,0.5,0.0,0.0,0.0,0.0,0.16666666666666666,0.16666666666666666,0.16666666666666666,0.0,0.0
Suj_161,Respuestas de formulario 12,ALM,Bloque_CON,2,Bloque_7,4,Opción 2,0,1.2,4.333333333333333,0,-1,-1,Mujer,2,3,2400.0,0,-1,-1,-1.0,0.5,0.0,0.0,0.0,0.0,0.16666666666666666,0.16666666666666666,0.16666666666666666,0.0,0.0
Suj_161,Respuestas de formulario 12,AEF,Bloque_CON,2,Bloque_1,5,Opción 1,1,1.2,4.333333333333333,0,-1,-1,Mujer,2,3,0.0,0,-1,-1,0.0,0.5,0.0,0.0,0.0,0.0,0.16666666666666666,0.16666666666666666,0.16666666666666666,0.0,0.0
Suj_161,Respuestas de formulario 12,AGH,Bloque_CON,2,Bloque_5,6,Opción 2,0,1.2,4.333333333333333,0,-1,-1,Mujer,2,3,2000.0,0,-1,-1,-1.0,0.5,0.0,0.0,0.0,0.0,0.16666666666666666,0.16666666666666666,0.16666666666666666,0.0,0.0
Suj_161,Respuestas de formulario 12,AQS,Bloque_SIN,3,Bloque_11,1,Opción 2,0,1.2,4.333333333333333,0,-1,-1,Mujer,2,3,1200.0,0,-1,-1,-1.0,0.5,0.0,0.0,0.0,0.0,0.16666666666666666,0.16666666666666666,0.16666666666666666,0.0,0.0
Suj_161,Respuestas de formulario 12,AJK,Bloque_SIN,3,Bloque_3,2,Opción 1,1,1.2,4.333333333333333,0,-1,-1,Mujer,2,3,0.0,0,-1,-1,0.0,0.5,0.0,0.0,0.0,0.0,0.16666666666666666,0.16666666666666666,0.16666666666666666,0.0,0.0
Suj_161,Respuestas de formulario 12,ABC,Bloque_SIN,3,Bloque_9,3,Opción 2,0,1.2,4.333333333333333,0,-1,-1,Mujer,2,3,1000.0,0,-1,-1,-1.0,0.5,0.0,0.0,0.0,0.0,0.16666666666666666,0.16666666666666666,0.16666666666666666,0.0,0.0
Suj_161,Respuestas de formulario 12,ALM,Bloque_SIN,3,Bloque_7,4,Opción 2,0,1.2,4.333333333333333,0,-1,-1,Mujer,2,3,2400.0,0,-1,-1,-1.0,0.5,0.0,0.0,0.0,0.0,0.16666666666666666,0.16666666666666666,0.16666666666666666,0.0,0.0
Suj_161,Respuestas de formulario 12,AEF,Bloque_SIN,3,Bloque_1,5,Opción 2,0,1.2,4.333333333333333,0,-1,-1,Mujer,2,3,0.0,0,-1,-1,0.0,0.5,0.0,0.0,0.0,0.0,0.16666666666666666,0.16666666666666666,0.16666666666666666,0.0,0.0
Suj_161,Respuestas de formulario 12,AGH,Bloque_SIN,3,Bloque_5,6,Opción 2,0,1.2,4.333333333333333,0,-1,-1,Mujer,2,3,2000.0,0,-1,-1,-1.0,0.5,0.0,0.0,0.0,0.0,0.16666666666666666,0.16666666666666666,0.16666666666666666,0.0,0.0
Suj_162,Respuestas de formulario 12,AQS,Dist,1,Bloque_11,1,Opción 2,0,1.0,5.0,0,-1,-1,Mujer,4,10,1200.0,0,-1,-1,-1.0,0.5,1.0,0.6666666666666666,0.6666666666666666,0.3333333333333333,0.8333333333333334,0.6666666666666666,0.3333333333333333,0.16666666666666674,0.3333333333333333
Suj_162,Respuestas de formulario 12,AJK,Dist,1,Bloque_3,2,Opción 2,0,1.0,5.0,0,-1,-1,Mujer,4,10,0.0,0,-1,-1,0.0,0.5,1.0,0.6666666666666666,0.6666666666666666,0.3333333333333333,0.8333333333333334,0.6666666666666666,0.3333333333333333,0.16666666666666674,0.3333333333333333
Suj_162,Respuestas de formulario 12,ABC,Dist,1,Bloque_9,3,Opción 1,1,1.0,5.0,0,-1,-1,Mujer,4,10,1000.0,0,-1,-1,-1.0,0.5,1.0,0.6666666666666666,0.6666666666666666,0.3333333333333333,0.8333333333333334,0.6666666666666666,0.3333333333333333,0.16666666666666674,0.3333333333333333
Suj_162,Respuestas de formulario 12,ALM,Dist,1,Bloque_7,4,Opción 2,0,1.0,5.0,0,-1,-1,Mujer,4,10,2400.0,0,-1,-1,-1.0,0.5,1.0,0.6666666666666666,0.6666666666666666,0.3333333333333333,0.8333333333333334,0.6666666666666666,0.3333333333333333,0.16666666666666674,0.3333333333333333
Suj_162,Respuestas de formulario 12,AEF,Dist,1,Bloque_1,5,Opción 2,0,1.0,5.0,0,-1,-1,Mujer,4,10,0.0,0,-1,-1,0.0,0.5,1.0,0.6666666666666666,0.6666666666666666,0.3333333333333333,0.8333333333333334,0.6666666666666666,0.3333333333333333,0.16666666666666674,0.3333333333333333
Suj_162,Respuestas de formulario 12,AGH,Dist,1,Bloque_5,6,Opción 1,1,1.0,5.0,0,-1,-1,Mujer,4,10,2000.0,0,-1,-1,-1.0,0.5,1.0,0.6666666666666666,0.6666666666666666,0.3333333333333333,0.8333333333333334,0.6666666666666666,0.3333333333333333,0.16666666666666674,0.3333333333333333
Suj_162,Respuestas de formulario 12,AQS,Bloque_CON,2,Bloque_11,1,Opción 1,1,1.0,5.0,0,-1,-1,Mujer,4,10,1200.0,0,-1,-1,-1.0,0.5,1.0,0.6666666666666666,0.6666666666666666,0.3333333333333333,0.8333333333333334,0.6666666666666666,0.3333333333333333,0.16666666666666674,0.3333333333333333
Suj_162,Respuestas de formulario 12,AJK,Bloque_CON,2,Bloque_3,2,Opción 1,1,1.0,5.0,0,-1,-1,Mujer,4,10,0.0,0,-1,-1,0.0,0.5,1.0,0.6666666666666666,0.6666666666666666,0.3333333333333333,0.8333333333333334,0.6666666666666666,0.3333333333333333,0.16666666666666674,0.3333333333333333
Suj_162,Respuestas de formulario 12,ABC,Bloque_CON,2,Bloque_9,3,Opción 1,1,1.0,5.0,0,-1,-1,Mujer,4,10,1000.0,0,-1,-1,-1.0,0.5,1.0,0.6666666666666666,0.6666666666666666,0.3333333333333333,0.8333333333333334,0.6666666666666666,0.3333333333333333,0.16666666666666674,0.3333333333333333
Suj_162,Respuestas de formulario 12,ALM,Bloque_CON,2,Bloque_7,4,Opción 2,0,1.0,5.0,0,-1,-1,Mujer,4,10,2400.0,0,-1,-1,-1.0,0.5,1.0,0.6666666666666666,0.6666666666666666,0.3333333333333333,0.8333333333333334,0.6666666666666666,0.3333333333333333,0.16666666666666674,0.3333333333333333
Suj_162,Respuestas de formulario 12,AEF,Bloque_CON,2,Bloque_1,5,Opción 1,1,1.0,5.0,0,-1,-1,Mujer,4,10,0.0,0,-1,-1,0.0,0.5,1.0,0.6666666666666666,0.6666666666666666,0.3333333333333333,0.8333333333333334,0.6666666666666666,0.3333333333333333,0.16666666666666674,0.3333333333333333
Suj_162,Respuestas de formulario 12,AGH,Bloque_CON,2,Bloque_5,6,Opción 1,1,1.0,5.0,0,-1,-1,Mujer,4,10,2000.0,0,-1,-1,-1.0,0.5,1.0,0.6666666666666666,0.6666666666666666,0.3333333333333333,0.8333333333333334,0.6666666666666666,0.3333333333333333,0.16666666666666674,0.3333333333333333
Suj_162,Respuestas de formulario 12,AQS,Bloque_SIN,3,Bloque_11,1,Opción 1,1,1.0,5.0,0,-1,-1,Mujer,4,10,1200.0,0,-1,-1,-1.0,0.5,1.0,0.6666666666666666,0.6666666666666666,0.3333333333333333,0.8333333333333334,0.6666666666666666,0.3333333333333333,0.16666666666666674,0.3333333333333333
Suj_162,Respuestas de formulario 12,AJK,Bloque_SIN,3,Bloque_3,2,Opción 2,0,1.0,5.0,0,-1,-1,Mujer,4,10,0.0,0,-1,-1,0.0,0.5,1.0,0.6666666666666666,0.6666666666666666,0.3333333333333333,0.8333333333333334,0.6666666666666666,0.3333333333333333,0.16666666666666674,0.3333333333333333
Suj_162,Respuestas de formulario 12,ABC,Bloque_SIN,3,Bloque_9,3,Opción 1,1,1.0,5.0,0,-1,-1,Mujer,4,10,1000.0,0,-1,-1,-1.0,0.5,1.0,0.6666666666666666,0.6666666666666666,0.3333333333333333,0.8333333333333334,0.6666666666666666,0.3333333333333333,0.16666666666666674,0.3333333333333333
Suj_162,Respuestas de formulario 12,ALM,Bloque_SIN,3,Bloque_7,4,Opción 1,1,1.0,5.0,0,-1,-1,Mujer,4,10,2400.0,0,-1,-1,-1.0,0.5,1.0,0.6666666666666666,0.6666666666666666,0.3333333333333333,0.8333333333333334,0.6666666666666666,0.3333333333333333,0.16666666666666674,0.3333333333333333
Suj_162,Respuestas de formulario 12,AEF,Bloque_SIN,3,Bloque_1,5,Opción 1,1,1.0,5.0,0,-1,-1,Mujer,4,10,0.0,0,-1,-1,0.0,0.5,1.0,0.6666666666666666,0.6666666666666666,0.3333333333333333,0.8333333333333334,0.6666666666666666,0.3333333333333333,0.16666666666666674,0.3333333333333333
Suj_162,Respuestas de formulario 12,AGH,Bloque_SIN,3,Bloque_5,6,Opción 2,0,1.0,5.0,0,-1,-1,Mujer,4,10,2000.0,0,-1,-1,-1.0,0.5,1.0,0.6666666666666666,0.6666666666666666,0.3333333333333333,0.8333333333333334,0.6666666666666666,0.3333333333333333,0.16666666666666674,0.3333333333333333
Suj_163,Respuestas de formulario 7,ALM,Bloque_SIN,1,Bloque_9,1,Opción 2,0,1.6,4.166666666666667,-1,-1,-1,Mujer,4,5,1000.0,-1,-1,-1,-1.0,1.0,0.0,0.0,0.3333333333333333,0.0,0.3333333333333333,0.5,0.3333333333333333,-0.16666666666666669,0.16666666666666669
Suj_163,Respuestas de formulario 7,ABC,Bloque_SIN,1,Bloque_1,2,Opción 1,1,1.6,4.166666666666667,-1,-1,-1,Mujer,4,5,0.0,-1,-1,-1,-1.0,1.0,0.0,0.0,0.3333333333333333,0.0,0.3333333333333333,0.5,0.3333333333333333,-0.16666666666666669,0.16666666666666669
Suj_163,Respuestas de formulario 7,AQS,Bloque_SIN,1,Bloque_5,3,Opción 1,1,1.6,4.166666666666667,-1,-1,-1,Mujer,4,5,2000.0,-1,-1,-1,-1.0,1.0,0.0,0.0,0.3333333333333333,0.0,0.3333333333333333,0.5,0.3333333333333333,-0.16666666666666669,0.16666666666666669
Suj_163,Respuestas de formulario 7,AEF,Bloque_SIN,1,Bloque_11,4,Opción 2,0,1.6,4.166666666666667,-1,-1,-1,Mujer,4,5,1200.0,-1,-1,-1,-1.0,1.0,0.0,0.0,0.3333333333333333,0.0,0.3333333333333333,0.5,0.3333333333333333,-0.16666666666666669,0.16666666666666669
Suj_163,Respuestas de formulario 7,AGH,Bloque_SIN,1,Bloque_3,5,Opción 1,1,1.6,4.166666666666667,-1,-1,-1,Mujer,4,5,0.0,-1,-1,-1,-1.0,1.0,0.0,0.0,0.3333333333333333,0.0,0.3333333333333333,0.5,0.3333333333333333,-0.16666666666666669,0.16666666666666669
Suj_163,Respuestas de formulario 7,AJK,Bloque_SIN,1,Bloque_7,6,Opción 2,0,1.6,4.166666666666667,-1,-1,-1,Mujer,4,5,2400.0,-1,-1,-1,-1.0,1.0,0.0,0.0,0.3333333333333333,0.0,0.3333333333333333,0.5,0.3333333333333333,-0.16666666666666669,0.16666666666666669
Suj_163,Respuestas de formulario 7,ALM,Dist,2,Bloque_9,1,Opción 2,0,1.6,4.166666666666667,-1,-1,-1,Mujer,4,5,1000.0,-1,-1,-1,-1.0,1.0,0.0,0.0,0.3333333333333333,0.0,0.3333333333333333,0.5,0.3333333333333333,-0.16666666666666669,0.16666666666666669
Suj_163,Respuestas de formulario 7,ABC,Dist,2,Bloque_1,2,Opción 1,1,1.6,4.166666666666667,-1,-1,-1,Mujer,4,5,0.0,-1,-1,-1,-1.0,1.0,0.0,0.0,0.3333333333333333,0.0,0.3333333333333333,0.5,0.3333333333333333,-0.16666666666666669,0.16666666666666669
Suj_163,Respuestas de formulario 7,AQS,Dist,2,Bloque_5,3,Opción 2,0,1.6,4.166666666666667,-1,-1,-1,Mujer,4,5,2000.0,-1,-1,-1,-1.0,1.0,0.0,0.0,0.3333333333333333,0.0,0.3333333333333333,0.5,0.3333333333333333,-0.16666666666666669,0.16666666666666669
Suj_163,Respuestas de formulario 7,AEF,Dist,2,Bloque_11,4,Opción 2,0,1.6,4.166666666666667,-1,-1,-1,Mujer,4,5,1200.0,-1,-1,-1,-1.0,1.0,0.0,0.0,0.3333333333333333,0.0,0.3333333333333333,0.5,0.3333333333333333,-0.16666666666666669,0.16666666666666669
Suj_163,Respuestas de formulario 7,AGH,Dist,2,Bloque_3,5,Opción 1,1,1.6,4.166666666666667,-1,-1,-1,Mujer,4,5,0.0,-1,-1,-1,-1.0,1.0,0.0,0.0,0.3333333333333333,0.0,0.3333333333333333,0.5,0.3333333333333333,-0.16666666666666669,0.16666666666666669
Suj_163,Respuestas de formulario 7,AJK,Dist,2,Bloque_7,6,Opción 2,0,1.6,4.166666666666667,-1,-1,-1,Mujer,4,5,2400.0,-1,-1,-1,-1.0,1.0,0.0,0.0,0.3333333333333333,0.0,0.3333333333333333,0.5,0.3333333333333333,-0.16666666666666669,0.16666666666666669
Suj_163,Respuestas de formulario 7,ALM,Bloque_CON,3,Bloque_9,1,Opción 2,0,1.6,4.166666666666667,-1,-1,-1,Mujer,4,5,1000.0,-1,-1,-1,-1.0,1.0,0.0,0.0,0.3333333333333333,0.0,0.3333333333333333,0.5,0.3333333333333333,-0.16666666666666669,0.16666666666666669
Suj_163,Respuestas de formulario 7,ABC,Bloque_CON,3,Bloque_1,2,Opción 1,1,1.6,4.166666666666667,-1,-1,-1,Mujer,4,5,0.0,-1,-1,-1,-1.0,1.0,0.0,0.0,0.3333333333333333,0.0,0.3333333333333333,0.5,0.3333333333333333,-0.16666666666666669,0.16666666666666669
Suj_163,Respuestas de formulario 7,AQS,Bloque_CON,3,Bloque_5,3,Opción 2,0,1.6,4.166666666666667,-1,-1,-1,Mujer,4,5,2000.0,-1,-1,-1,-1.0,1.0,0.0,0.0,0.3333333333333333,0.0,0.3333333333333333,0.5,0.3333333333333333,-0.16666666666666669,0.16666666666666669
Suj_163,Respuestas de formulario 7,AEF,Bloque_CON,3,Bloque_11,4,Opción 2,0,1.6,4.166666666666667,-1,-1,-1,Mujer,4,5,1200.0,-1,-1,-1,-1.0,1.0,0.0,0.0,0.3333333333333333,0.0,0.3333333333333333,0.5,0.3333333333333333,-0.16666666666666669,0.16666666666666669
Suj_163,Respuestas de formulario 7,AGH,Bloque_CON,3,Bloque_3,5,Opción 1,1,1.6,4.166666666666667,-1,-1,-1,Mujer,4,5,0.0,-1,-1,-1,-1.0,1.0,0.0,0.0,0.3333333333333333,0.0,0.3333333333333333,0.5,0.3333333333333333,-0.16666666666666669,0.16666666666666669
Suj_163,Respuestas de formulario 7,AJK,Bloque_CON,3,Bloque_7,6,Opción 2,0,1.6,4.166666666666667,-1,-1,-1,Mujer,4,5,2400.0,-1,-1,-1,-1.0,1.0,0.0,0.0,0.3333333333333333,0.0,0.3333333333333333,0.5,0.3333333333333333,-0.16666666666666669,0.16666666666666669
Suj_164,Respuestas de formulario 5,ABC,Bloque_SIN,1,Bloque_7,1,Opción 2,0,1.4,3.5,-1,1,-1,Hombre,3,6,2400.0,-1,1,-1,1.0,0.5,1.0,0.6666666666666666,0.0,0.0,0.5,0.3333333333333333,0.5,0.16666666666666669,-0.16666666666666669
Suj_164,Respuestas de formulario 5,AEF,Bloque_SIN,1,Bloque_3,2,Opción 1,1,1.4,3.5,-1,1,-1,Hombre,3,6,0.0,-1,1,-1,-1.0,0.5,1.0,0.6666666666666666,0.0,0.0,0.5,0.3333333333333333,0.5,0.16666666666666669,-0.16666666666666669
Suj_164,Respuestas de formulario 5,AJK,Bloque_SIN,1,Bloque_1,3,Opción 2,0,1.4,3.5,-1,1,-1,Hombre,3,6,0.0,-1,1,-1,-1.0,0.5,1.0,0.6666666666666666,0.0,0.0,0.5,0.3333333333333333,0.5,0.16666666666666669,-0.16666666666666669
Suj_164,Respuestas de formulario 5,AGH,Bloque_SIN,1,Bloque_9,4,Opción 1,1,1.4,3.5,-1,1,-1,Hombre,3,6,1000.0,-1,1,-1,-1.0,0.5,1.0,0.6666666666666666,0.0,0.0,0.5,0.3333333333333333,0.5,0.16666666666666669,-0.16666666666666669
Suj_164,Respuestas de formulario 5,ALM,Bloque_SIN,1,Bloque_5,5,Opción 2,0,1.4,3.5,-1,1,-1,Hombre,3,6,2000.0,-1,1,-1,1.0,0.5,1.0,0.6666666666666666,0.0,0.0,0.5,0.3333333333333333,0.5,0.16666666666666669,-0.16666666666666669
Suj_164,Respuestas de formulario 5,AQS,Bloque_SIN,1,Bloque_11,6,Opción 2,0,1.4,3.5,-1,1,-1,Hombre,3,6,1200.0,-1,1,-1,-1.0,0.5,1.0,0.6666666666666666,0.0,0.0,0.5,0.3333333333333333,0.5,0.16666666666666669,-0.16666666666666669
Suj_164,Respuestas de formulario 5,ABC,Bloque_CON,2,Bloque_7,1,Opción 2,0,1.4,3.5,-1,1,-1,Hombre,3,6,2400.0,-1,1,-1,1.0,0.5,1.0,0.6666666666666666,0.0,0.0,0.5,0.3333333333333333,0.5,0.16666666666666669,-0.16666666666666669
Suj_164,Respuestas de formulario 5,AEF,Bloque_CON,2,Bloque_3,2,Opción 1,1,1.4,3.5,-1,1,-1,Hombre,3,6,0.0,-1,1,-1,-1.0,0.5,1.0,0.6666666666666666,0.0,0.0,0.5,0.3333333333333333,0.5,0.16666666666666669,-0.16666666666666669
Suj_164,Respuestas de formulario 5,AJK,Bloque_CON,2,Bloque_1,3,Opción 2,0,1.4,3.5,-1,1,-1,Hombre,3,6,0.0,-1,1,-1,-1.0,0.5,1.0,0.6666666666666666,0.0,0.0,0.5,0.3333333333333333,0.5,0.16666666666666669,-0.16666666666666669
Suj_164,Respuestas de formulario 5,AGH,Bloque_CON,2,Bloque_9,4,Opción 1,1,1.4,3.5,-1,1,-1,Hombre,3,6,1000.0,-1,1,-1,-1.0,0.5,1.0,0.6666666666666666,0.0,0.0,0.5,0.3333333333333333,0.5,0.16666666666666669,-0.16666666666666669
Suj_164,Respuestas de formulario 5,ALM,Bloque_CON,2,Bloque_5,5,Opción 2,0,1.4,3.5,-1,1,-1,Hombre,3,6,2000.0,-1,1,-1,1.0,0.5,1.0,0.6666666666666666,0.0,0.0,0.5,0.3333333333333333,0.5,0.16666666666666669,-0.16666666666666669
Suj_164,Respuestas de formulario 5,AQS,Bloque_CON,2,Bloque_11,6,Opción 1,1,1.4,3.5,-1,1,-1,Hombre,3,6,1200.0,-1,1,-1,-1.0,0.5,1.0,0.6666666666666666,0.0,0.0,0.5,0.3333333333333333,0.5,0.16666666666666669,-0.16666666666666669
Suj_164,Respuestas de formulario 5,ABC,Dist,3,Bloque_7,1,Opción 2,0,1.4,3.5,-1,1,-1,Hombre,3,6,2400.0,-1,1,-1,1.0,0.5,1.0,0.6666666666666666,0.0,0.0,0.5,0.3333333333333333,0.5,0.16666666666666669,-0.16666666666666669
Suj_164,Respuestas de formulario 5,AEF,Dist,3,Bloque_3,2,Opción 1,1,1.4,3.5,-1,1,-1,Hombre,3,6,0.0,-1,1,-1,-1.0,0.5,1.0,0.6666666666666666,0.0,0.0,0.5,0.3333333333333333,0.5,0.16666666666666669,-0.16666666666666669
Suj_164,Respuestas de formulario 5,AJK,Dist,3,Bloque_1,3,Opción 2,0,1.4,3.5,-1,1,-1,Hombre,3,6,0.0,-1,1,-1,-1.0,0.5,1.0,0.6666666666666666,0.0,0.0,0.5,0.3333333333333333,0.5,0.16666666666666669,-0.16666666666666669
Suj_164,Respuestas de formulario 5,AGH,Dist,3,Bloque_9,4,Opción 1,1,1.4,3.5,-1,1,-1,Hombre,3,6,1000.0,-1,1,-1,-1.0,0.5,1.0,0.6666666666666666,0.0,0.0,0.5,0.3333333333333333,0.5,0.16666666666666669,-0.16666666666666669
Suj_164,Respuestas de formulario 5,ALM,Dist,3,Bloque_5,5,Opción 2,0,1.4,3.5,-1,1,-1,Hombre,3,6,2000.0,-1,1,-1,1.0,0.5,1.0,0.6666666666666666,0.0,0.0,0.5,0.3333333333333333,0.5,0.16666666666666669,-0.16666666666666669
Suj_164,Respuestas de formulario 5,AQS,Dist,3,Bloque_11,6,Opción 1,1,1.4,3.5,-1,1,-1,Hombre,3,6,1200.0,-1,1,-1,-1.0,0.5,1.0,0.6666666666666666,0.0,0.0,0.5,0.3333333333333333,0.5,0.16666666666666669,-0.16666666666666669
Suj_165,Respuestas de formulario 9,ABC,Dist,1,Bloque_11,1,Opción 2,0,1.5,4.666666666666667,-1,-1,-1,Mujer,5,4,1200.0,-1,-1,-1,-1.0,0.0,0.0,0.0,0.0,0.0,0.0,0.0,0.0,0.0,0.0
Suj_165,Respuestas de formulario 9,AEF,Dist,1,Bloque_3,2,Opción 2,0,1.5,4.666666666666667,-1,-1,-1,Mujer,5,4,0.0,-1,-1,-1,-1.0,0.0,0.0,0.0,0.0,0.0,0.0,0.0,0.0,0.0,0.0
Suj_165,Respuestas de formulario 9,AJK,Dist,1,Bloque_9,3,Opción 2,0,1.5,4.666666666666667,-1,-1,-1,Mujer,5,4,1000.0,-1,-1,-1,-1.0,0.0,0.0,0.0,0.0,0.0,0.0,0.0,0.0,0.0,0.0
Suj_165,Respuestas de formulario 9,AGH,Dist,1,Bloque_7,4,Opción 2,0,1.5,4.666666666666667,-1,-1,-1,Mujer,5,4,2400.0,-1,-1,-1,-1.0,0.0,0.0,0.0,0.0,0.0,0.0,0.0,0.0,0.0,0.0
Suj_165,Respuestas de formulario 9,ALM,Dist,1,Bloque_1,5,Opción 2,0,1.5,4.666666666666667,-1,-1,-1,Mujer,5,4,0.0,-1,-1,-1,-1.0,0.0,0.0,0.0,0.0,0.0,0.0,0.0,0.0,0.0,0.0
Suj_165,Respuestas de formulario 9,AQS,Dist,1,Bloque_5,6,Opción 2,0,1.5,4.666666666666667,-1,-1,-1,Mujer,5,4,2000.0,-1,-1,-1,-1.0,0.0,0.0,0.0,0.0,0.0,0.0,0.0,0.0,0.0,0.0
Suj_165,Respuestas de formulario 9,ABC,Bloque_SIN,2,Bloque_11,1,Opción 2,0,1.5,4.666666666666667,-1,-1,-1,Mujer,5,4,1200.0,-1,-1,-1,-1.0,0.0,0.0,0.0,0.0,0.0,0.0,0.0,0.0,0.0,0.0
Suj_165,Respuestas de formulario 9,AEF,Bloque_SIN,2,Bloque_3,2,Opción 2,0,1.5,4.666666666666667,-1,-1,-1,Mujer,5,4,0.0,-1,-1,-1,-1.0,0.0,0.0,0.0,0.0,0.0,0.0,0.0,0.0,0.0,0.0
Suj_165,Respuestas de formulario 9,AJK,Bloque_SIN,2,Bloque_9,3,Opción 2,0,1.5,4.666666666666667,-1,-1,-1,Mujer,5,4,1000.0,-1,-1,-1,-1.0,0.0,0.0,0.0,0.0,0.0,0.0,0.0,0.0,0.0,0.0
Suj_165,Respuestas de formulario 9,AGH,Bloque_SIN,2,Bloque_7,4,Opción 2,0,1.5,4.666666666666667,-1,-1,-1,Mujer,5,4,2400.0,-1,-1,-1,-1.0,0.0,0.0,0.0,0.0,0.0,0.0,0.0,0.0,0.0,0.0
Suj_165,Respuestas de formulario 9,ALM,Bloque_SIN,2,Bloque_1,5,Opción 2,0,1.5,4.666666666666667,-1,-1,-1,Mujer,5,4,0.0,-1,-1,-1,-1.0,0.0,0.0,0.0,0.0,0.0,0.0,0.0,0.0,0.0,0.0
Suj_165,Respuestas de formulario 9,AQS,Bloque_SIN,2,Bloque_5,6,Opción 2,0,1.5,4.666666666666667,-1,-1,-1,Mujer,5,4,2000.0,-1,-1,-1,-1.0,0.0,0.0,0.0,0.0,0.0,0.0,0.0,0.0,0.0,0.0
Suj_165,Respuestas de formulario 9,ABC,Bloque_CON,3,Bloque_11,1,Opción 2,0,1.5,4.666666666666667,-1,-1,-1,Mujer,5,4,1200.0,-1,-1,-1,-1.0,0.0,0.0,0.0,0.0,0.0,0.0,0.0,0.0,0.0,0.0
Suj_165,Respuestas de formulario 9,AEF,Bloque_CON,3,Bloque_3,2,Opción 2,0,1.5,4.666666666666667,-1,-1,-1,Mujer,5,4,0.0,-1,-1,-1,-1.0,0.0,0.0,0.0,0.0,0.0,0.0,0.0,0.0,0.0,0.0
Suj_165,Respuestas de formulario 9,AJK,Bloque_CON,3,Bloque_9,3,Opción 2,0,1.5,4.666666666666667,-1,-1,-1,Mujer,5,4,1000.0,-1,-1,-1,-1.0,0.0,0.0,0.0,0.0,0.0,0.0,0.0,0.0,0.0,0.0
Suj_165,Respuestas de formulario 9,AGH,Bloque_CON,3,Bloque_7,4,Opción 2,0,1.5,4.666666666666667,-1,-1,-1,Mujer,5,4,2400.0,-1,-1,-1,-1.0,0.0,0.0,0.0,0.0,0.0,0.0,0.0,0.0,0.0,0.0
Suj_165,Respuestas de formulario 9,ALM,Bloque_CON,3,Bloque_1,5,Opción 2,0,1.5,4.666666666666667,-1,-1,-1,Mujer,5,4,0.0,-1,-1,-1,-1.0,0.0,0.0,0.0,0.0,0.0,0.0,0.0,0.0,0.0,0.0
Suj_165,Respuestas de formulario 9,AQS,Bloque_CON,3,Bloque_5,6,Opción 2,0,1.5,4.666666666666667,-1,-1,-1,Mujer,5,4,2000.0,-1,-1,-1,-1.0,0.0,0.0,0.0,0.0,0.0,0.0,0.0,0.0,0.0,0.0
