ID_Sujeto,Origen_Form,Identidad,Dilema,Orden_1,Bloque,Orden_2,Respuesta,Mantiene,SDO_Score,NDC_Score,expectativa_sin,expectativa_grande,expectativa_pequeña,Genero,politica,nivel_se,Gap_Size,expectativa_sin_num,expectativa_grande_num,expectativa_pequeña_num,Expectativa_Activa,Promedio_Gap_0,Promedio_Gap_1000,Promedio_Gap_1200,Promedio_Gap_2000,Promedio_Gap_2400,Promedio_CON,Promedio_SIN,Promedio_DIST,Delta_Mantiene,Delta_base
Suj_004,Respuestas de formulario 1,ABC,Bloque_CON,1,Bloque_1,1,Opción 2,0,3.3,5.0,0,1,1,Mujer,6,6,0,0,1,1,0,0.5,0.0,0.0,0.0,0.3333333333333333,0.3333333333333333,0.1666666666666666,0.1666666666666666,0.1666666666666666,0.0
Suj_004,Respuestas de formulario 1,AEF,Bloque_CON,1,Bloque_5,2,Opción 2,0,3.3,5.0,0,1,1,Mujer,6,6,2000,0,1,1,1,0.5,0.0,0.0,0.0,0.3333333333333333,0.3333333333333333,0.1666666666666666,0.1666666666666666,0.1666666666666666,0.0
Suj_004,Respuestas de formulario 1,AJK,Bloque_CON,1,Bloque_7,3,Opción 1,1,3.3,5.0,0,1,1,Mujer,6,6,2400,0,1,1,1,0.5,0.0,0.0,0.0,0.3333333333333333,0.3333333333333333,0.1666666666666666,0.1666666666666666,0.1666666666666666,0.0
Suj_004,Respuestas de formulario 1,AGH,Bloque_CON,1,Bloque_3,4,Opción 1,1,3.3,5.0,0,1,1,Mujer,6,6,0,0,1,1,0,0.5,0.0,0.0,0.0,0.3333333333333333,0.3333333333333333,0.1666666666666666,0.1666666666666666,0.1666666666666666,0.0
Suj_004,Respuestas de formulario 1,ALM,Bloque_CON,1,Bloque_9,5,Opción 2,0,3.3,5.0,0,1,1,Mujer,6,6,1000,0,1,1,1,0.5,0.0,0.0,0.0,0.3333333333333333,0.3333333333333333,0.1666666666666666,0.1666666666666666,0.1666666666666666,0.0
Suj_004,Respuestas de formulario 1,AQS,Bloque_CON,1,Bloque_11,6,Opción 2,0,3.3,5.0,0,1,1,Mujer,6,6,1200,0,1,1,1,0.5,0.0,0.0,0.0,0.3333333333333333,0.3333333333333333,0.1666666666666666,0.1666666666666666,0.1666666666666666,0.0
Suj_004,Respuestas de formulario 1,ABC,Dist,2,Bloque_1,1,Opción 1,1,3.3,5.0,0,1,1,Mujer,6,6,0,0,1,1,0,0.5,0.0,0.0,0.0,0.3333333333333333,0.3333333333333333,0.1666666666666666,0.1666666666666666,0.1666666666666666,0.0
Suj_004,Respuestas de formulario 1,AEF,Dist,2,Bloque_5,2,Opción 2,0,3.3,5.0,0,1,1,Mujer,6,6,2000,0,1,1,1,0.5,0.0,0.0,0.0,0.3333333333333333,0.3333333333333333,0.1666666666666666,0.1666666666666666,0.1666666666666666,0.0
Suj_004,Respuestas de formulario 1,AJK,Dist,2,Bloque_7,3,Opción 2,0,3.3,5.0,0,1,1,Mujer,6,6,2400,0,1,1,1,0.5,0.0,0.0,0.0,0.3333333333333333,0.3333333333333333,0.1666666666666666,0.1666666666666666,0.1666666666666666,0.0
Suj_004,Respuestas de formulario 1,AGH,Dist,2,Bloque_3,4,Opción 2,0,3.3,5.0,0,1,1,Mujer,6,6,0,0,1,1,0,0.5,0.0,0.0,0.0,0.3333333333333333,0.3333333333333333,0.1666666666666666,0.1666666666666666,0.1666666666666666,0.0
Suj_004,Respuestas de formulario 1,ALM,Dist,2,Bloque_9,5,Opción 2,0,3.3,5.0,0,1,1,Mujer,6,6,1000,0,1,1,1,0.5,0.0,0.0,0.0,0.3333333333333333,0.3333333333333333,0.1666666666666666,0.1666666666666666,0.1666666666666666,0.0
Suj_004,Respuestas de formulario 1,AQS,Dist,2,Bloque_11,6,Opción 2,0,3.3,5.0,0,1,1,Mujer,6,6,1200,0,1,1,1,0.5,0.0,0.0,0.0,0.3333333333333333,0.3333333333333333,0.1666666666666666,0.1666666666666666,0.1666666666666666,0.0
Suj_004,Respuestas de formulario 1,ABC,Bloque_SIN,3,Bloque_1,1,Opción 1,1,3.3,5.0,0,1,1,Mujer,6,6,0,0,1,1,0,0.5,0.0,0.0,0.0,0.3333333333333333,0.3333333333333333,0.1666666666666666,0.1666666666666666,0.1666666666666666,0.0
Suj_004,Respuestas de formulario 1,AEF,Bloque_SIN,3,Bloque_5,2,Opción 2,0,3.3,5.0,0,1,1,Mujer,6,6,2000,0,1,1,1,0.5,0.0,0.0,0.0,0.3333333333333333,0.3333333333333333,0.1666666666666666,0.1666666666666666,0.1666666666666666,0.0
Suj_004,Respuestas de formulario 1,AJK,Bloque_SIN,3,Bloque_7,3,Opción 2,0,3.3,5.0,0,1,1,Mujer,6,6,2400,0,1,1,1,0.5,0.0,0.0,0.0,0.3333333333333333,0.3333333333333333,0.1666666666666666,0.1666666666666666,0.1666666666666666,0.0
Suj_004,Respuestas de formulario 1,AGH,Bloque_SIN,3,Bloque_3,4,Opción 2,0,3.3,5.0,0,1,1,Mujer,6,6,0,0,1,1,0,0.5,0.0,0.0,0.0,0.3333333333333333,0.3333333333333333,0.1666666666666666,0.1666666666666666,0.1666666666666666,0.0
Suj_004,Respuestas de formulario 1,ALM,Bloque_SIN,3,Bloque_9,5,Opción 2,0,3.3,5.0,0,1,1,Mujer,6,6,1000,0,1,1,1,0.5,0.0,0.0,0.0,0.3333333333333333,0.3333333333333333,0.1666666666666666,0.1666666666666666,0.1666666666666666,0.0
Suj_004,Respuestas de formulario 1,AQS,Bloque_SIN,3,Bloque_11,6,Opción 2,0,3.3,5.0,0,1,1,Mujer,6,6,1200,0,1,1,1,0.5,0.0,0.0,0.0,0.3333333333333333,0.3333333333333333,0.1666666666666666,0.1666666666666666,0.1666666666666666,0.0
Suj_014,Respuestas de formulario 2,AEF,Bloque_CON,1,Bloque_1,1,Opción 2,0,3.5,5.0,0,-1,-1,Hombre,7,7,0,0,-1,-1,0,0.3333333333333333,0.3333333333333333,0.3333333333333333,0.3333333333333333,0.3333333333333333,0.0,1.0,0.0,-1.0,1.0
Suj_014,Respuestas de formulario 2,AGH,Bloque_CON,1,Bloque_5,2,Opción 2,0,3.5,5.0,0,-1,-1,Hombre,7,7,2000,0,-1,-1,-1,0.3333333333333333,0.3333333333333333,0.3333333333333333,0.3333333333333333,0.3333333333333333,0.0,1.0,0.0,-1.0,1.0
Suj_014,Respuestas de formulario 2,ALM,Bloque_CON,1,Bloque_7,3,Opción 2,0,3.5,5.0,0,-1,-1,Hombre,7,7,2400,0,-1,-1,-1,0.3333333333333333,0.3333333333333333,0.3333333333333333,0.3333333333333333,0.3333333333333333,0.0,1.0,0.0,-1.0,1.0
Suj_014,Respuestas de formulario 2,ABC,Bloque_CON,1,Bloque_3,4,Opción 2,0,3.5,5.0,0,-1,-1,Hombre,7,7,0,0,-1,-1,0,0.3333333333333333,0.3333333333333333,0.3333333333333333,0.3333333333333333,0.3333333333333333,0.0,1.0,0.0,-1.0,1.0
Suj_014,Respuestas de formulario 2,AQS,Bloque_CON,1,Bloque_9,5,Opción 2,0,3.5,5.0,0,-1,-1,Hombre,7,7,1000,0,-1,-1,-1,0.3333333333333333,0.3333333333333333,0.3333333333333333,0.3333333333333333,0.3333333333333333,0.0,1.0,0.0,-1.0,1.0
Suj_014,Respuestas de formulario 2,AJK,Bloque_CON,1,Bloque_11,6,Opción 2,0,3.5,5.0,0,-1,-1,Hombre,7,7,1200,0,-1,-1,-1,0.3333333333333333,0.3333333333333333,0.3333333333333333,0.3333333333333333,0.3333333333333333,0.0,1.0,0.0,-1.0,1.0
Suj_014,Respuestas de formulario 2,AEF,Dist,2,Bloque_1,1,Opción 2,0,3.5,5.0,0,-1,-1,Hombre,7,7,0,0,-1,-1,0,0.3333333333333333,0.3333333333333333,0.3333333333333333,0.3333333333333333,0.3333333333333333,0.0,1.0,0.0,-1.0,1.0
Suj_014,Respuestas de formulario 2,AGH,Dist,2,Bloque_5,2,Opción 2,0,3.5,5.0,0,-1,-1,Hombre,7,7,2000,0,-1,-1,-1,0.3333333333333333,0.3333333333333333,0.3333333333333333,0.3333333333333333,0.3333333333333333,0.0,1.0,0.0,-1.0,1.0
Suj_014,Respuestas de formulario 2,ALM,Dist,2,Bloque_7,3,Opción 2,0,3.5,5.0,0,-1,-1,Hombre,7,7,2400,0,-1,-1,-1,0.3333333333333333,0.3333333333333333,0.3333333333333333,0.3333333333333333,0.3333333333333333,0.0,1.0,0.0,-1.0,1.0
Suj_014,Respuestas de formulario 2,ABC,Dist,2,Bloque_3,4,Opción 2,0,3.5,5.0,0,-1,-1,Hombre,7,7,0,0,-1,-1,0,0.3333333333333333,0.3333333333333333,0.3333333333333333,0.3333333333333333,0.3333333333333333,0.0,1.0,0.0,-1.0,1.0
Suj_014,Respuestas de formulario 2,AQS,Dist,2,Bloque_9,5,Opción 2,0,3.5,5.0,0,-1,-1,Hombre,7,7,1000,0,-1,-1,-1,0.3333333333333333,0.3333333333333333,0.3333333333333333,0.3333333333333333,0.3333333333333333,0.0,1.0,0.0,-1.0,1.0
Suj_014,Respuestas de formulario 2,AJK,Dist,2,Bloque_11,6,Opción 2,0,3.5,5.0,0,-1,-1,Hombre,7,7,1200,0,-1,-1,-1,0.3333333333333333,0.3333333333333333,0.3333333333333333,0.3333333333333333,0.3333333333333333,0.0,1.0,0.0,-1.0,1.0
Suj_014,Respuestas de formulario 2,AEF,Bloque_SIN,3,Bloque_1,1,Opción 1,1,3.5,5.0,0,-1,-1,Hombre,7,7,0,0,-1,-1,0,0.3333333333333333,0.3333333333333333,0.3333333333333333,0.3333333333333333,0.3333333333333333,0.0,1.0,0.0,-1.0,1.0
Suj_014,Respuestas de formulario 2,AGH,Bloque_SIN,3,Bloque_5,2,Opción 1,1,3.5,5.0,0,-1,-1,Hombre,7,7,2000,0,-1,-1,-1,0.3333333333333333,0.3333333333333333,0.3333333333333333,0.3333333333333333,0.3333333333333333,0.0,1.0,0.0,-1.0,1.0
Suj_014,Respuestas de formulario 2,ALM,Bloque_SIN,3,Bloque_7,3,Opción 1,1,3.5,5.0,0,-1,-1,Hombre,7,7,2400,0,-1,-1,-1,0.3333333333333333,0.3333333333333333,0.3333333333333333,0.3333333333333333,0.3333333333333333,0.0,1.0,0.0,-1.0,1.0
Suj_014,Respuestas de formulario 2,ABC,Bloque_SIN,3,Bloque_3,4,Opción 1,1,3.5,5.0,0,-1,-1,Hombre,7,7,0,0,-1,-1,0,0.3333333333333333,0.3333333333333333,0.3333333333333333,0.3333333333333333,0.3333333333333333,0.0,1.0,0.0,-1.0,1.0
Suj_014,Respuestas de formulario 2,AQS,Bloque_SIN,3,Bloque_9,5,Opción 1,1,3.5,5.0,0,-1,-1,Hombre,7,7,1000,0,-1,-1,-1,0.3333333333333333,0.3333333333333333,0.3333333333333333,0.3333333333333333,0.3333333333333333,0.0,1.0,0.0,-1.0,1.0
Suj_014,Respuestas de formulario 2,AJK,Bloque_SIN,3,Bloque_11,6,Opción 1,1,3.5,5.0,0,-1,-1,Hombre,7,7,1200,0,-1,-1,-1,0.3333333333333333,0.3333333333333333,0.3333333333333333,0.3333333333333333,0.3333333333333333,0.0,1.0,0.0,-1.0,1.0
Suj_019,Respuestas de formulario 2,AEF,Bloque_CON,1,Bloque_1,1,Opción 2,0,1.9,5.333333333333333,-1,-1,-1,Mujer,4,6,0,-1,-1,-1,-1,0.5,0.0,0.0,0.0,0.0,0.1666666666666666,0.1666666666666666,0.1666666666666666,0.0,0.0
Suj_019,Respuestas de formulario 2,AGH,Bloque_CON,1,Bloque_5,2,Opción 2,0,1.9,5.333333333333333,-1,-1,-1,Mujer,4,6,2000,-1,-1,-1,-1,0.5,0.0,0.0,0.0,0.0,0.1666666666666666,0.1666666666666666,0.1666666666666666,0.0,0.0
Suj_019,Respuestas de formulario 2,ALM,Bloque_CON,1,Bloque_7,3,Opción 2,0,1.9,5.333333333333333,-1,-1,-1,Mujer,4,6,2400,-1,-1,-1,-1,0.5,0.0,0.0,0.0,0.0,0.1666666666666666,0.1666666666666666,0.1666666666666666,0.0,0.0
Suj_019,Respuestas de formulario 2,ABC,Bloque_CON,1,Bloque_3,4,Opción 1,1,1.9,5.333333333333333,-1,-1,-1,Mujer,4,6,0,-1,-1,-1,-1,0.5,0.0,0.0,0.0,0.0,0.1666666666666666,0.1666666666666666,0.1666666666666666,0.0,0.0
Suj_019,Respuestas de formulario 2,AQS,Bloque_CON,1,Bloque_9,5,Opción 2,0,1.9,5.333333333333333,-1,-1,-1,Mujer,4,6,1000,-1,-1,-1,-1,0.5,0.0,0.0,0.0,0.0,0.1666666666666666,0.1666666666666666,0.1666666666666666,0.0,0.0
Suj_019,Respuestas de formulario 2,AJK,Bloque_CON,1,Bloque_11,6,Opción 2,0,1.9,5.333333333333333,-1,-1,-1,Mujer,4,6,1200,-1,-1,-1,-1,0.5,0.0,0.0,0.0,0.0,0.1666666666666666,0.1666666666666666,0.1666666666666666,0.0,0.0
Suj_019,Respuestas de formulario 2,AEF,Dist,2,Bloque_1,1,Opción 2,0,1.9,5.333333333333333,-1,-1,-1,Mujer,4,6,0,-1,-1,-1,-1,0.5,0.0,0.0,0.0,0.0,0.1666666666666666,0.1666666666666666,0.1666666666666666,0.0,0.0
Suj_019,Respuestas de formulario 2,AGH,Dist,2,Bloque_5,2,Opción 2,0,1.9,5.333333333333333,-1,-1,-1,Mujer,4,6,2000,-1,-1,-1,-1,0.5,0.0,0.0,0.0,0.0,0.1666666666666666,0.1666666666666666,0.1666666666666666,0.0,0.0
Suj_019,Respuestas de formulario 2,ALM,Dist,2,Bloque_7,3,Opción 2,0,1.9,5.333333333333333,-1,-1,-1,Mujer,4,6,2400,-1,-1,-1,-1,0.5,0.0,0.0,0.0,0.0,0.1666666666666666,0.1666666666666666,0.1666666666666666,0.0,0.0
Suj_019,Respuestas de formulario 2,ABC,Dist,2,Bloque_3,4,Opción 1,1,1.9,5.333333333333333,-1,-1,-1,Mujer,4,6,0,-1,-1,-1,-1,0.5,0.0,0.0,0.0,0.0,0.1666666666666666,0.1666666666666666,0.1666666666666666,0.0,0.0
Suj_019,Respuestas de formulario 2,AQS,Dist,2,Bloque_9,5,Opción 2,0,1.9,5.333333333333333,-1,-1,-1,Mujer,4,6,1000,-1,-1,-1,-1,0.5,0.0,0.0,0.0,0.0,0.1666666666666666,0.1666666666666666,0.1666666666666666,0.0,0.0
Suj_019,Respuestas de formulario 2,AJK,Dist,2,Bloque_11,6,Opción 2,0,1.9,5.333333333333333,-1,-1,-1,Mujer,4,6,1200,-1,-1,-1,-1,0.5,0.0,0.0,0.0,0.0,0.1666666666666666,0.1666666666666666,0.1666666666666666,0.0,0.0
Suj_019,Respuestas de formulario 2,AEF,Bloque_SIN,3,Bloque_1,1,Opción 2,0,1.9,5.333333333333333,-1,-1,-1,Mujer,4,6,0,-1,-1,-1,-1,0.5,0.0,0.0,0.0,0.0,0.1666666666666666,0.1666666666666666,0.1666666666666666,0.0,0.0
Suj_019,Respuestas de formulario 2,AGH,Bloque_SIN,3,Bloque_5,2,Opción 2,0,1.9,5.333333333333333,-1,-1,-1,Mujer,4,6,2000,-1,-1,-1,-1,0.5,0.0,0.0,0.0,0.0,0.1666666666666666,0.1666666666666666,0.1666666666666666,0.0,0.0
Suj_019,Respuestas de formulario 2,ALM,Bloque_SIN,3,Bloque_7,3,Opción 2,0,1.9,5.333333333333333,-1,-1,-1,Mujer,4,6,2400,-1,-1,-1,-1,0.5,0.0,0.0,0.0,0.0,0.1666666666666666,0.1666666666666666,0.1666666666666666,0.0,0.0
Suj_019,Respuestas de formulario 2,ABC,Bloque_SIN,3,Bloque_3,4,Opción 1,1,1.9,5.333333333333333,-1,-1,-1,Mujer,4,6,0,-1,-1,-1,-1,0.5,0.0,0.0,0.0,0.0,0.1666666666666666,0.1666666666666666,0.1666666666666666,0.0,0.0
Suj_019,Respuestas de formulario 2,AQS,Bloque_SIN,3,Bloque_9,5,Opción 2,0,1.9,5.333333333333333,-1,-1,-1,Mujer,4,6,1000,-1,-1,-1,-1,0.5,0.0,0.0,0.0,0.0,0.1666666666666666,0.1666666666666666,0.1666666666666666,0.0,0.0
Suj_019,Respuestas de formulario 2,AJK,Bloque_SIN,3,Bloque_11,6,Opción 2,0,1.9,5.333333333333333,-1,-1,-1,Mujer,4,6,1200,-1,-1,-1,-1,0.5,0.0,0.0,0.0,0.0,0.1666666666666666,0.1666666666666666,0.1666666666666666,0.0,0.0
Suj_023,Respuestas de formulario 2,AEF,Bloque_CON,1,Bloque_1,1,Opción 1,1,2.5,4.833333333333333,0,-1,-1,Hombre,5,6,0,0,-1,-1,0,1.0,0.0,0.0,0.0,0.3333333333333333,0.3333333333333333,0.5,0.3333333333333333,-0.1666666666666666,0.1666666666666666
Suj_023,Respuestas de formulario 2,AGH,Bloque_CON,1,Bloque_5,2,Opción 2,0,2.5,4.833333333333333,0,-1,-1,Hombre,5,6,2000,0,-1,-1,-1,1.0,0.0,0.0,0.0,0.3333333333333333,0.3333333333333333,0.5,0.3333333333333333,-0.1666666666666666,0.1666666666666666
Suj_023,Respuestas de formulario 2,ALM,Bloque_CON,1,Bloque_7,3,Opción 2,0,2.5,4.833333333333333,0,-1,-1,Hombre,5,6,2400,0,-1,-1,-1,1.0,0.0,0.0,0.0,0.3333333333333333,0.3333333333333333,0.5,0.3333333333333333,-0.1666666666666666,0.1666666666666666
Suj_023,Respuestas de formulario 2,ABC,Bloque_CON,1,Bloque_3,4,Opción 1,1,2.5,4.833333333333333,0,-1,-1,Hombre,5,6,0,0,-1,-1,0,1.0,0.0,0.0,0.0,0.3333333333333333,0.3333333333333333,0.5,0.3333333333333333,-0.1666666666666666,0.1666666666666666
Suj_023,Respuestas de formulario 2,AQS,Bloque_CON,1,Bloque_9,5,Opción 2,0,2.5,4.833333333333333,0,-1,-1,Hombre,5,6,1000,0,-1,-1,-1,1.0,0.0,0.0,0.0,0.3333333333333333,0.3333333333333333,0.5,0.3333333333333333,-0.1666666666666666,0.1666666666666666
Suj_023,Respuestas de formulario 2,AJK,Bloque_CON,1,Bloque_11,6,Opción 2,0,2.5,4.833333333333333,0,-1,-1,Hombre,5,6,1200,0,-1,-1,-1,1.0,0.0,0.0,0.0,0.3333333333333333,0.3333333333333333,0.5,0.3333333333333333,-0.1666666666666666,0.1666666666666666
Suj_023,Respuestas de formulario 2,AEF,Dist,2,Bloque_1,1,Opción 1,1,2.5,4.833333333333333,0,-1,-1,Hombre,5,6,0,0,-1,-1,0,1.0,0.0,0.0,0.0,0.3333333333333333,0.3333333333333333,0.5,0.3333333333333333,-0.1666666666666666,0.1666666666666666
Suj_023,Respuestas de formulario 2,AGH,Dist,2,Bloque_5,2,Opción 2,0,2.5,4.833333333333333,0,-1,-1,Hombre,5,6,2000,0,-1,-1,-1,1.0,0.0,0.0,0.0,0.3333333333333333,0.3333333333333333,0.5,0.3333333333333333,-0.1666666666666666,0.1666666666666666
Suj_023,Respuestas de formulario 2,ALM,Dist,2,Bloque_7,3,Opción 2,0,2.5,4.833333333333333,0,-1,-1,Hombre,5,6,2400,0,-1,-1,-1,1.0,0.0,0.0,0.0,0.3333333333333333,0.3333333333333333,0.5,0.3333333333333333,-0.1666666666666666,0.1666666666666666
Suj_023,Respuestas de formulario 2,ABC,Dist,2,Bloque_3,4,Opción 1,1,2.5,4.833333333333333,0,-1,-1,Hombre,5,6,0,0,-1,-1,0,1.0,0.0,0.0,0.0,0.3333333333333333,0.3333333333333333,0.5,0.3333333333333333,-0.1666666666666666,0.1666666666666666
Suj_023,Respuestas de formulario 2,AQS,Dist,2,Bloque_9,5,Opción 2,0,2.5,4.833333333333333,0,-1,-1,Hombre,5,6,1000,0,-1,-1,-1,1.0,0.0,0.0,0.0,0.3333333333333333,0.3333333333333333,0.5,0.3333333333333333,-0.1666666666666666,0.1666666666666666
Suj_023,Respuestas de formulario 2,AJK,Dist,2,Bloque_11,6,Opción 2,0,2.5,4.833333333333333,0,-1,-1,Hombre,5,6,1200,0,-1,-1,-1,1.0,0.0,0.0,0.0,0.3333333333333333,0.3333333333333333,0.5,0.3333333333333333,-0.1666666666666666,0.1666666666666666
Suj_023,Respuestas de formulario 2,AEF,Bloque_SIN,3,Bloque_1,1,Opción 1,1,2.5,4.833333333333333,0,-1,-1,Hombre,5,6,0,0,-1,-1,0,1.0,0.0,0.0,0.0,0.3333333333333333,0.3333333333333333,0.5,0.3333333333333333,-0.1666666666666666,0.1666666666666666
Suj_023,Respuestas de formulario 2,AGH,Bloque_SIN,3,Bloque_5,2,Opción 2,0,2.5,4.833333333333333,0,-1,-1,Hombre,5,6,2000,0,-1,-1,-1,1.0,0.0,0.0,0.0,0.3333333333333333,0.3333333333333333,0.5,0.3333333333333333,-0.1666666666666666,0.1666666666666666
Suj_023,Respuestas de formulario 2,ALM,Bloque_SIN,3,Bloque_7,3,Opción 1,1,2.5,4.833333333333333,0,-1,-1,Hombre,5,6,2400,0,-1,-1,-1,1.0,0.0,0.0,0.0,0.3333333333333333,0.3333333333333333,0.5,0.3333333333333333,-0.1666666666666666,0.1666666666666666
Suj_023,Respuestas de formulario 2,ABC,Bloque_SIN,3,Bloque_3,4,Opción 1,1,2.5,4.833333333333333,0,-1,-1,Hombre,5,6,0,0,-1,-1,0,1.0,0.0,0.0,0.0,0.3333333333333333,0.3333333333333333,0.5,0.3333333333333333,-0.1666666666666666,0.1666666666666666
Suj_023,Respuestas de formulario 2,AQS,Bloque_SIN,3,Bloque_9,5,Opción 2,0,2.5,4.833333333333333,0,-1,-1,Hombre,5,6,1000,0,-1,-1,-1,1.0,0.0,0.0,0.0,0.3333333333333333,0.3333333333333333,0.5,0.3333333333333333,-0.1666666666666666,0.1666666666666666
Suj_023,Respuestas de formulario 2,AJK,Bloque_SIN,3,Bloque_11,6,Opción 2,0,2.5,4.833333333333333,0,-1,-1,Hombre,5,6,1200,0,-1,-1,-1,1.0,0.0,0.0,0.0,0.3333333333333333,0.3333333333333333,0.5,0.3333333333333333,-0.1666666666666666,0.1666666666666666
Suj_026,Respuestas de formulario 3,ALM,Bloque_CON,1,Bloque_1,1,Opción 1,1,2.4,5.166666666666667,1,1,1,Hombre,5,7,0,1,1,1,1,0.6666666666666666,1.0,1.0,0.6666666666666666,1.0,0.6666666666666666,1.0,0.8333333333333334,-0.3333333333333333,0.1666666666666666
Suj_026,Respuestas de formulario 3,ABC,Bloque_CON,1,Bloque_5,2,Opción 2,0,2.4,5.166666666666667,1,1,1,Hombre,5,7,2000,1,1,1,1,0.6666666666666666,1.0,1.0,0.6666666666666666,1.0,0.6666666666666666,1.0,0.8333333333333334,-0.3333333333333333,0.1666666666666666
Suj_026,Respuestas de formulario 3,AQS,Bloque_CON,1,Bloque_7,3,Opción 1,1,2.4,5.166666666666667,1,1,1,Hombre,5,7,2400,1,1,1,1,0.6666666666666666,1.0,1.0,0.6666666666666666,1.0,0.6666666666666666,1.0,0.8333333333333334,-0.3333333333333333,0.1666666666666666
Suj_026,Respuestas de formulario 3,AEF,Bloque_CON,1,Bloque_3,4,Opción 2,0,2.4,5.166666666666667,1,1,1,Hombre,5,7,0,1,1,1,1,0.6666666666666666,1.0,1.0,0.6666666666666666,1.0,0.6666666666666666,1.0,0.8333333333333334,-0.3333333333333333,0.1666666666666666
Suj_026,Respuestas de formulario 3,AGH,Bloque_CON,1,Bloque_9,5,Opción 1,1,2.4,5.166666666666667,1,1,1,Hombre,5,7,1000,1,1,1,1,0.6666666666666666,1.0,1.0,0.6666666666666666,1.0,0.6666666666666666,1.0,0.8333333333333334,-0.3333333333333333,0.1666666666666666
Suj_026,Respuestas de formulario 3,AJK,Bloque_CON,1,Bloque_11,6,Opción 1,1,2.4,5.166666666666667,1,1,1,Hombre,5,7,1200,1,1,1,1,0.6666666666666666,1.0,1.0,0.6666666666666666,1.0,0.6666666666666666,1.0,0.8333333333333334,-0.3333333333333333,0.1666666666666666
Suj_026,Respuestas de formulario 3,ALM,Bloque_SIN,2,Bloque_1,1,Opción 1,1,2.4,5.166666666666667,1,1,1,Hombre,5,7,0,1,1,1,1,0.6666666666666666,1.0,1.0,0.6666666666666666,1.0,0.6666666666666666,1.0,0.8333333333333334,-0.3333333333333333,0.1666666666666666
Suj_026,Respuestas de formulario 3,ABC,Bloque_SIN,2,Bloque_5,2,Opción 1,1,2.4,5.166666666666667,1,1,1,Hombre,5,7,2000,1,1,1,1,0.6666666666666666,1.0,1.0,0.6666666666666666,1.0,0.6666666666666666,1.0,0.8333333333333334,-0.3333333333333333,0.1666666666666666
Suj_026,Respuestas de formulario 3,AQS,Bloque_SIN,2,Bloque_7,3,Opción 1,1,2.4,5.166666666666667,1,1,1,Hombre,5,7,2400,1,1,1,1,0.6666666666666666,1.0,1.0,0.6666666666666666,1.0,0.6666666666666666,1.0,0.8333333333333334,-0.3333333333333333,0.1666666666666666
Suj_026,Respuestas de formulario 3,AEF,Bloque_SIN,2,Bloque_3,4,Opción 1,1,2.4,5.166666666666667,1,1,1,Hombre,5,7,0,1,1,1,1,0.6666666666666666,1.0,1.0,0.6666666666666666,1.0,0.6666666666666666,1.0,0.8333333333333334,-0.3333333333333333,0.1666666666666666
Suj_026,Respuestas de formulario 3,AGH,Bloque_SIN,2,Bloque_9,5,Opción 1,1,2.4,5.166666666666667,1,1,1,Hombre,5,7,1000,1,1,1,1,0.6666666666666666,1.0,1.0,0.6666666666666666,1.0,0.6666666666666666,1.0,0.8333333333333334,-0.3333333333333333,0.1666666666666666
Suj_026,Respuestas de formulario 3,AJK,Bloque_SIN,2,Bloque_11,6,Opción 1,1,2.4,5.166666666666667,1,1,1,Hombre,5,7,1200,1,1,1,1,0.6666666666666666,1.0,1.0,0.6666666666666666,1.0,0.6666666666666666,1.0,0.8333333333333334,-0.3333333333333333,0.1666666666666666
Suj_026,Respuestas de formulario 3,ALM,Dist,3,Bloque_1,1,Opción 1,1,2.4,5.166666666666667,1,1,1,Hombre,5,7,0,1,1,1,1,0.6666666666666666,1.0,1.0,0.6666666666666666,1.0,0.6666666666666666,1.0,0.8333333333333334,-0.3333333333333333,0.1666666666666666
Suj_026,Respuestas de formulario 3,ABC,Dist,3,Bloque_5,2,Opción 1,1,2.4,5.166666666666667,1,1,1,Hombre,5,7,2000,1,1,1,1,0.6666666666666666,1.0,1.0,0.6666666666666666,1.0,0.6666666666666666,1.0,0.8333333333333334,-0.3333333333333333,0.1666666666666666
Suj_026,Respuestas de formulario 3,AQS,Dist,3,Bloque_7,3,Opción 1,1,2.4,5.166666666666667,1,1,1,Hombre,5,7,2400,1,1,1,1,0.6666666666666666,1.0,1.0,0.6666666666666666,1.0,0.6666666666666666,1.0,0.8333333333333334,-0.3333333333333333,0.1666666666666666
Suj_026,Respuestas de formulario 3,AEF,Dist,3,Bloque_3,4,Opción 2,0,2.4,5.166666666666667,1,1,1,Hombre,5,7,0,1,1,1,1,0.6666666666666666,1.0,1.0,0.6666666666666666,1.0,0.6666666666666666,1.0,0.8333333333333334,-0.3333333333333333,0.1666666666666666
Suj_026,Respuestas de formulario 3,AGH,Dist,3,Bloque_9,5,Opción 1,1,2.4,5.166666666666667,1,1,1,Hombre,5,7,1000,1,1,1,1,0.6666666666666666,1.0,1.0,0.6666666666666666,1.0,0.6666666666666666,1.0,0.8333333333333334,-0.3333333333333333,0.1666666666666666
Suj_026,Respuestas de formulario 3,AJK,Dist,3,Bloque_11,6,Opción 1,1,2.4,5.166666666666667,1,1,1,Hombre,5,7,1200,1,1,1,1,0.6666666666666666,1.0,1.0,0.6666666666666666,1.0,0.6666666666666666,1.0,0.8333333333333334,-0.3333333333333333,0.1666666666666666
Suj_027,Respuestas de formulario 3,ALM,Bloque_CON,1,Bloque_1,1,Opción 1,1,2.2,5.0,1,1,1,Mujer,3,4,0,1,1,1,1,0.8333333333333334,1.0,0.6666666666666666,0.3333333333333333,0.6666666666666666,0.6666666666666666,0.8333333333333334,0.6666666666666666,-0.1666666666666667,0.1666666666666667
Suj_027,Respuestas de formulario 3,ABC,Bloque_CON,1,Bloque_5,2,Opción 2,0,2.2,5.0,1,1,1,Mujer,3,4,2000,1,1,1,1,0.8333333333333334,1.0,0.6666666666666666,0.3333333333333333,0.6666666666666666,0.6666666666666666,0.8333333333333334,0.6666666666666666,-0.1666666666666667,0.1666666666666667
Suj_027,Respuestas de formulario 3,AQS,Bloque_CON,1,Bloque_7,3,Opción 2,0,2.2,5.0,1,1,1,Mujer,3,4,2400,1,1,1,1,0.8333333333333334,1.0,0.6666666666666666,0.3333333333333333,0.6666666666666666,0.6666666666666666,0.8333333333333334,0.6666666666666666,-0.1666666666666667,0.1666666666666667
Suj_027,Respuestas de formulario 3,AEF,Bloque_CON,1,Bloque_3,4,Opción 1,1,2.2,5.0,1,1,1,Mujer,3,4,0,1,1,1,1,0.8333333333333334,1.0,0.6666666666666666,0.3333333333333333,0.6666666666666666,0.6666666666666666,0.8333333333333334,0.6666666666666666,-0.1666666666666667,0.1666666666666667
Suj_027,Respuestas de formulario 3,AGH,Bloque_CON,1,Bloque_9,5,Opción 1,1,2.2,5.0,1,1,1,Mujer,3,4,1000,1,1,1,1,0.8333333333333334,1.0,0.6666666666666666,0.3333333333333333,0.6666666666666666,0.6666666666666666,0.8333333333333334,0.6666666666666666,-0.1666666666666667,0.1666666666666667
Suj_027,Respuestas de formulario 3,AJK,Bloque_CON,1,Bloque_11,6,Opción 1,1,2.2,5.0,1,1,1,Mujer,3,4,1200,1,1,1,1,0.8333333333333334,1.0,0.6666666666666666,0.3333333333333333,0.6666666666666666,0.6666666666666666,0.8333333333333334,0.6666666666666666,-0.1666666666666667,0.1666666666666667
Suj_027,Respuestas de formulario 3,ALM,Bloque_SIN,2,Bloque_1,1,Opción 1,1,2.2,5.0,1,1,1,Mujer,3,4,0,1,1,1,1,0.8333333333333334,1.0,0.6666666666666666,0.3333333333333333,0.6666666666666666,0.6666666666666666,0.8333333333333334,0.6666666666666666,-0.1666666666666667,0.1666666666666667
Suj_027,Respuestas de formulario 3,ABC,Bloque_SIN,2,Bloque_5,2,Opción 2,0,2.2,5.0,1,1,1,Mujer,3,4,2000,1,1,1,1,0.8333333333333334,1.0,0.6666666666666666,0.3333333333333333,0.6666666666666666,0.6666666666666666,0.8333333333333334,0.6666666666666666,-0.1666666666666667,0.1666666666666667
Suj_027,Respuestas de formulario 3,AQS,Bloque_SIN,2,Bloque_7,3,Opción 1,1,2.2,5.0,1,1,1,Mujer,3,4,2400,1,1,1,1,0.8333333333333334,1.0,0.6666666666666666,0.3333333333333333,0.6666666666666666,0.6666666666666666,0.8333333333333334,0.6666666666666666,-0.1666666666666667,0.1666666666666667
Suj_027,Respuestas de formulario 3,AEF,Bloque_SIN,2,Bloque_3,4,Opción 1,1,2.2,5.0,1,1,1,Mujer,3,4,0,1,1,1,1,0.8333333333333334,1.0,0.6666666666666666,0.3333333333333333,0.6666666666666666,0.6666666666666666,0.8333333333333334,0.6666666666666666,-0.1666666666666667,0.1666666666666667
Suj_027,Respuestas de formulario 3,AGH,Bloque_SIN,2,Bloque_9,5,Opción 1,1,2.2,5.0,1,1,1,Mujer,3,4,1000,1,1,1,1,0.8333333333333334,1.0,0.6666666666666666,0.3333333333333333,0.6666666666666666,0.6666666666666666,0.8333333333333334,0.6666666666666666,-0.1666666666666667,0.1666666666666667
Suj_027,Respuestas de formulario 3,AJK,Bloque_SIN,2,Bloque_11,6,Opción 1,1,2.2,5.0,1,1,1,Mujer,3,4,1200,1,1,1,1,0.8333333333333334,1.0,0.6666666666666666,0.3333333333333333,0.6666666666666666,0.6666666666666666,0.8333333333333334,0.6666666666666666,-0.1666666666666667,0.1666666666666667
Suj_027,Respuestas de formulario 3,ALM,Dist,3,Bloque_1,1,Opción 1,1,2.2,5.0,1,1,1,Mujer,3,4,0,1,1,1,1,0.8333333333333334,1.0,0.6666666666666666,0.3333333333333333,0.6666666666666666,0.6666666666666666,0.8333333333333334,0.6666666666666666,-0.1666666666666667,0.1666666666666667
Suj_027,Respuestas de formulario 3,ABC,Dist,3,Bloque_5,2,Opción 1,1,2.2,5.0,1,1,1,Mujer,3,4,2000,1,1,1,1,0.8333333333333334,1.0,0.6666666666666666,0.3333333333333333,0.6666666666666666,0.6666666666666666,0.8333333333333334,0.6666666666666666,-0.1666666666666667,0.1666666666666667
Suj_027,Respuestas de formulario 3,AQS,Dist,3,Bloque_7,3,Opción 1,1,2.2,5.0,1,1,1,Mujer,3,4,2400,1,1,1,1,0.8333333333333334,1.0,0.6666666666666666,0.3333333333333333,0.6666666666666666,0.6666666666666666,0.8333333333333334,0.6666666666666666,-0.1666666666666667,0.1666666666666667
Suj_027,Respuestas de formulario 3,AEF,Dist,3,Bloque_3,4,Opción 2,0,2.2,5.0,1,1,1,Mujer,3,4,0,1,1,1,1,0.8333333333333334,1.0,0.6666666666666666,0.3333333333333333,0.6666666666666666,0.6666666666666666,0.8333333333333334,0.6666666666666666,-0.1666666666666667,0.1666666666666667
Suj_027,Respuestas de formulario 3,AGH,Dist,3,Bloque_9,5,Opción 1,1,2.2,5.0,1,1,1,Mujer,3,4,1000,1,1,1,1,0.8333333333333334,1.0,0.6666666666666666,0.3333333333333333,0.6666666666666666,0.6666666666666666,0.8333333333333334,0.6666666666666666,-0.1666666666666667,0.1666666666666667
Suj_027,Respuestas de formulario 3,AJK,Dist,3,Bloque_11,6,Opción 2,0,2.2,5.0,1,1,1,Mujer,3,4,1200,1,1,1,1,0.8333333333333334,1.0,0.6666666666666666,0.3333333333333333,0.6666666666666666,0.6666666666666666,0.8333333333333334,0.6666666666666666,-0.1666666666666667,0.1666666666666667
Suj_034,Respuestas de formulario 3,ALM,Bloque_CON,1,Bloque_1,1,Opción 2,0,1.0,5.666666666666667,-1,-1,-1,Hombre,2,4,0,-1,-1,-1,-1,0.0,0.0,0.0,0.0,0.0,0.0,0.0,0.0,0.0,0.0
Suj_034,Respuestas de formulario 3,ABC,Bloque_CON,1,Bloque_5,2,Opción 2,0,1.0,5.666666666666667,-1,-1,-1,Hombre,2,4,2000,-1,-1,-1,-1,0.0,0.0,0.0,0.0,0.0,0.0,0.0,0.0,0.0,0.0
Suj_034,Respuestas de formulario 3,AQS,Bloque_CON,1,Bloque_7,3,Opción 2,0,1.0,5.666666666666667,-1,-1,-1,Hombre,2,4,2400,-1,-1,-1,-1,0.0,0.0,0.0,0.0,0.0,0.0,0.0,0.0,0.0,0.0
Suj_034,Respuestas de formulario 3,AEF,Bloque_CON,1,Bloque_3,4,Opción 2,0,1.0,5.666666666666667,-1,-1,-1,Hombre,2,4,0,-1,-1,-1,-1,0.0,0.0,0.0,0.0,0.0,0.0,0.0,0.0,0.0,0.0
Suj_034,Respuestas de formulario 3,AGH,Bloque_CON,1,Bloque_9,5,Opción 2,0,1.0,5.666666666666667,-1,-1,-1,Hombre,2,4,1000,-1,-1,-1,-1,0.0,0.0,0.0,0.0,0.0,0.0,0.0,0.0,0.0,0.0
Suj_034,Respuestas de formulario 3,AJK,Bloque_CON,1,Bloque_11,6,Opción 2,0,1.0,5.666666666666667,-1,-1,-1,Hombre,2,4,1200,-1,-1,-1,-1,0.0,0.0,0.0,0.0,0.0,0.0,0.0,0.0,0.0,0.0
Suj_034,Respuestas de formulario 3,ALM,Bloque_SIN,2,Bloque_1,1,Opción 2,0,1.0,5.666666666666667,-1,-1,-1,Hombre,2,4,0,-1,-1,-1,-1,0.0,0.0,0.0,0.0,0.0,0.0,0.0,0.0,0.0,0.0
Suj_034,Respuestas de formulario 3,ABC,Bloque_SIN,2,Bloque_5,2,Opción 2,0,1.0,5.666666666666667,-1,-1,-1,Hombre,2,4,2000,-1,-1,-1,-1,0.0,0.0,0.0,0.0,0.0,0.0,0.0,0.0,0.0,0.0
Suj_034,Respuestas de formulario 3,AQS,Bloque_SIN,2,Bloque_7,3,Opción 2,0,1.0,5.666666666666667,-1,-1,-1,Hombre,2,4,2400,-1,-1,-1,-1,0.0,0.0,0.0,0.0,0.0,0.0,0.0,0.0,0.0,0.0
Suj_034,Respuestas de formulario 3,AEF,Bloque_SIN,2,Bloque_3,4,Opción 2,0,1.0,5.666666666666667,-1,-1,-1,Hombre,2,4,0,-1,-1,-1,-1,0.0,0.0,0.0,0.0,0.0,0.0,0.0,0.0,0.0,0.0
Suj_034,Respuestas de formulario 3,AGH,Bloque_SIN,2,Bloque_9,5,Opción 2,0,1.0,5.666666666666667,-1,-1,-1,Hombre,2,4,1000,-1,-1,-1,-1,0.0,0.0,0.0,0.0,0.0,0.0,0.0,0.0,0.0,0.0
Suj_034,Respuestas de formulario 3,AJK,Bloque_SIN,2,Bloque_11,6,Opción 2,0,1.0,5.666666666666667,-1,-1,-1,Hombre,2,4,1200,-1,-1,-1,-1,0.0,0.0,0.0,0.0,0.0,0.0,0.0,0.0,0.0,0.0
Suj_034,Respuestas de formulario 3,ALM,Dist,3,Bloque_1,1,Opción 2,0,1.0,5.666666666666667,-1,-1,-1,Hombre,2,4,0,-1,-1,-1,-1,0.0,0.0,0.0,0.0,0.0,0.0,0.0,0.0,0.0,0.0
Suj_034,Respuestas de formulario 3,ABC,Dist,3,Bloque_5,2,Opción 2,0,1.0,5.666666666666667,-1,-1,-1,Hombre,2,4,2000,-1,-1,-1,-1,0.0,0.0,0.0,0.0,0.0,0.0,0.0,0.0,0.0,0.0
Suj_034,Respuestas de formulario 3,AQS,Dist,3,Bloque_7,3,Opción 2,0,1.0,5.666666666666667,-1,-1,-1,Hombre,2,4,2400,-1,-1,-1,-1,0.0,0.0,0.0,0.0,0.0,0.0,0.0,0.0,0.0,0.0
Suj_034,Respuestas de formulario 3,AEF,Dist,3,Bloque_3,4,Opción 2,0,1.0,5.666666666666667,-1,-1,-1,Hombre,2,4,0,-1,-1,-1,-1,0.0,0.0,0.0,0.0,0.0,0.0,0.0,0.0,0.0,0.0
Suj_034,Respuestas de formulario 3,AGH,Dist,3,Bloque_9,5,Opción 2,0,1.0,5.666666666666667,-1,-1,-1,Hombre,2,4,1000,-1,-1,-1,-1,0.0,0.0,0.0,0.0,0.0,0.0,0.0,0.0,0.0,0.0
Suj_034,Respuestas de formulario 3,AJK,Dist,3,Bloque_11,6,Opción 2,0,1.0,5.666666666666667,-1,-1,-1,Hombre,2,4,1200,-1,-1,-1,-1,0.0,0.0,0.0,0.0,0.0,0.0,0.0,0.0,0.0,0.0
Suj_036,Respuestas de formulario 3,ALM,Bloque_CON,1,Bloque_1,1,Opción 2,0,2.1,4.833333333333333,0,-1,-1,Mujer,6,8,0,0,-1,-1,0,0.0,0.0,0.0,0.3333333333333333,0.0,0.0,0.0,0.1666666666666666,0.0,-0.1666666666666666
Suj_036,Respuestas de formulario 3,ABC,Bloque_CON,1,Bloque_5,2,Opción 2,0,2.1,4.833333333333333,0,-1,-1,Mujer,6,8,2000,0,-1,-1,-1,0.0,0.0,0.0,0.3333333333333333,0.0,0.0,0.0,0.1666666666666666,0.0,-0.1666666666666666
Suj_036,Respuestas de formulario 3,AQS,Bloque_CON,1,Bloque_7,3,Opción 2,0,2.1,4.833333333333333,0,-1,-1,Mujer,6,8,2400,0,-1,-1,-1,0.0,0.0,0.0,0.3333333333333333,0.0,0.0,0.0,0.1666666666666666,0.0,-0.1666666666666666
Suj_036,Respuestas de formulario 3,AEF,Bloque_CON,1,Bloque_3,4,Opción 2,0,2.1,4.833333333333333,0,-1,-1,Mujer,6,8,0,0,-1,-1,0,0.0,0.0,0.0,0.3333333333333333,0.0,0.0,0.0,0.1666666666666666,0.0,-0.1666666666666666
Suj_036,Respuestas de formulario 3,AGH,Bloque_CON,1,Bloque_9,5,Opción 2,0,2.1,4.833333333333333,0,-1,-1,Mujer,6,8,1000,0,-1,-1,-1,0.0,0.0,0.0,0.3333333333333333,0.0,0.0,0.0,0.1666666666666666,0.0,-0.1666666666666666
Suj_036,Respuestas de formulario 3,AJK,Bloque_CON,1,Bloque_11,6,Opción 2,0,2.1,4.833333333333333,0,-1,-1,Mujer,6,8,1200,0,-1,-1,-1,0.0,0.0,0.0,0.3333333333333333,0.0,0.0,0.0,0.1666666666666666,0.0,-0.1666666666666666
Suj_036,Respuestas de formulario 3,ALM,Bloque_SIN,2,Bloque_1,1,Opción 2,0,2.1,4.833333333333333,0,-1,-1,Mujer,6,8,0,0,-1,-1,0,0.0,0.0,0.0,0.3333333333333333,0.0,0.0,0.0,0.1666666666666666,0.0,-0.1666666666666666
Suj_036,Respuestas de formulario 3,ABC,Bloque_SIN,2,Bloque_5,2,Opción 2,0,2.1,4.833333333333333,0,-1,-1,Mujer,6,8,2000,0,-1,-1,-1,0.0,0.0,0.0,0.3333333333333333,0.0,0.0,0.0,0.1666666666666666,0.0,-0.1666666666666666
Suj_036,Respuestas de formulario 3,AQS,Bloque_SIN,2,Bloque_7,3,Opción 2,0,2.1,4.833333333333333,0,-1,-1,Mujer,6,8,2400,0,-1,-1,-1,0.0,0.0,0.0,0.3333333333333333,0.0,0.0,0.0,0.1666666666666666,0.0,-0.1666666666666666
Suj_036,Respuestas de formulario 3,AEF,Bloque_SIN,2,Bloque_3,4,Opción 2,0,2.1,4.833333333333333,0,-1,-1,Mujer,6,8,0,0,-1,-1,0,0.0,0.0,0.0,0.3333333333333333,0.0,0.0,0.0,0.1666666666666666,0.0,-0.1666666666666666
Suj_036,Respuestas de formulario 3,AGH,Bloque_SIN,2,Bloque_9,5,Opción 2,0,2.1,4.833333333333333,0,-1,-1,Mujer,6,8,1000,0,-1,-1,-1,0.0,0.0,0.0,0.3333333333333333,0.0,0.0,0.0,0.1666666666666666,0.0,-0.1666666666666666
Suj_036,Respuestas de formulario 3,AJK,Bloque_SIN,2,Bloque_11,6,Opción 2,0,2.1,4.833333333333333,0,-1,-1,Mujer,6,8,1200,0,-1,-1,-1,0.0,0.0,0.0,0.3333333333333333,0.0,0.0,0.0,0.1666666666666666,0.0,-0.1666666666666666
Suj_036,Respuestas de formulario 3,ALM,Dist,3,Bloque_1,1,Opción 2,0,2.1,4.833333333333333,0,-1,-1,Mujer,6,8,0,0,-1,-1,0,0.0,0.0,0.0,0.3333333333333333,0.0,0.0,0.0,0.1666666666666666,0.0,-0.1666666666666666
Suj_036,Respuestas de formulario 3,ABC,Dist,3,Bloque_5,2,Opción 1,1,2.1,4.833333333333333,0,-1,-1,Mujer,6,8,2000,0,-1,-1,-1,0.0,0.0,0.0,0.3333333333333333,0.0,0.0,0.0,0.1666666666666666,0.0,-0.1666666666666666
Suj_036,Respuestas de formulario 3,AQS,Dist,3,Bloque_7,3,Opción 2,0,2.1,4.833333333333333,0,-1,-1,Mujer,6,8,2400,0,-1,-1,-1,0.0,0.0,0.0,0.3333333333333333,0.0,0.0,0.0,0.1666666666666666,0.0,-0.1666666666666666
Suj_036,Respuestas de formulario 3,AEF,Dist,3,Bloque_3,4,Opción 2,0,2.1,4.833333333333333,0,-1,-1,Mujer,6,8,0,0,-1,-1,0,0.0,0.0,0.0,0.3333333333333333,0.0,0.0,0.0,0.1666666666666666,0.0,-0.1666666666666666
Suj_036,Respuestas de formulario 3,AGH,Dist,3,Bloque_9,5,Opción 2,0,2.1,4.833333333333333,0,-1,-1,Mujer,6,8,1000,0,-1,-1,-1,0.0,0.0,0.0,0.3333333333333333,0.0,0.0,0.0,0.1666666666666666,0.0,-0.1666666666666666
Suj_036,Respuestas de formulario 3,AJK,Dist,3,Bloque_11,6,Opción 2,0,2.1,4.833333333333333,0,-1,-1,Mujer,6,8,1200,0,-1,-1,-1,0.0,0.0,0.0,0.3333333333333333,0.0,0.0,0.0,0.1666666666666666,0.0,-0.1666666666666666
Suj_040,Respuestas de formulario 4,AQS,Bloque_CON,1,Bloque_7,1,Opción 2,0,3.8,4.833333333333333,-1,-1,-1,Hombre,6,7,2400,-1,-1,-1,-1,0.8333333333333334,0.0,0.0,0.0,0.0,0.1666666666666666,0.3333333333333333,0.3333333333333333,-0.1666666666666666,0.0
Suj_040,Respuestas de formulario 4,AJK,Bloque_CON,1,Bloque_3,2,Opción 2,0,3.8,4.833333333333333,-1,-1,-1,Hombre,6,7,0,-1,-1,-1,-1,0.8333333333333334,0.0,0.0,0.0,0.0,0.1666666666666666,0.3333333333333333,0.3333333333333333,-0.1666666666666666,0.0
Suj_040,Respuestas de formulario 4,ABC,Bloque_CON,1,Bloque_1,3,Opción 1,1,3.8,4.833333333333333,-1,-1,-1,Hombre,6,7,0,-1,-1,-1,-1,0.8333333333333334,0.0,0.0,0.0,0.0,0.1666666666666666,0.3333333333333333,0.3333333333333333,-0.1666666666666666,0.0
Suj_040,Respuestas de formulario 4,ALM,Bloque_CON,1,Bloque_9,4,Opción 2,0,3.8,4.833333333333333,-1,-1,-1,Hombre,6,7,1000,-1,-1,-1,-1,0.8333333333333334,0.0,0.0,0.0,0.0,0.1666666666666666,0.3333333333333333,0.3333333333333333,-0.1666666666666666,0.0
Suj_040,Respuestas de formulario 4,AEF,Bloque_CON,1,Bloque_5,5,Opción 2,0,3.8,4.833333333333333,-1,-1,-1,Hombre,6,7,2000,-1,-1,-1,-1,0.8333333333333334,0.0,0.0,0.0,0.0,0.1666666666666666,0.3333333333333333,0.3333333333333333,-0.1666666666666666,0.0
Suj_040,Respuestas de formulario 4,AGH,Bloque_CON,1,Bloque_11,6,Opción 2,0,3.8,4.833333333333333,-1,-1,-1,Hombre,6,7,1200,-1,-1,-1,-1,0.8333333333333334,0.0,0.0,0.0,0.0,0.1666666666666666,0.3333333333333333,0.3333333333333333,-0.1666666666666666,0.0
Suj_040,Respuestas de formulario 4,AQS,Bloque_SIN,2,Bloque_7,1,Opción 2,0,3.8,4.833333333333333,-1,-1,-1,Hombre,6,7,2400,-1,-1,-1,-1,0.8333333333333334,0.0,0.0,0.0,0.0,0.1666666666666666,0.3333333333333333,0.3333333333333333,-0.1666666666666666,0.0
Suj_040,Respuestas de formulario 4,AJK,Bloque_SIN,2,Bloque_3,2,Opción 1,1,3.8,4.833333333333333,-1,-1,-1,Hombre,6,7,0,-1,-1,-1,-1,0.8333333333333334,0.0,0.0,0.0,0.0,0.1666666666666666,0.3333333333333333,0.3333333333333333,-0.1666666666666666,0.0
Suj_040,Respuestas de formulario 4,ABC,Bloque_SIN,2,Bloque_1,3,Opción 1,1,3.8,4.833333333333333,-1,-1,-1,Hombre,6,7,0,-1,-1,-1,-1,0.8333333333333334,0.0,0.0,0.0,0.0,0.1666666666666666,0.3333333333333333,0.3333333333333333,-0.1666666666666666,0.0
Suj_040,Respuestas de formulario 4,ALM,Bloque_SIN,2,Bloque_9,4,Opción 2,0,3.8,4.833333333333333,-1,-1,-1,Hombre,6,7,1000,-1,-1,-1,-1,0.8333333333333334,0.0,0.0,0.0,0.0,0.1666666666666666,0.3333333333333333,0.3333333333333333,-0.1666666666666666,0.0
Suj_040,Respuestas de formulario 4,AEF,Bloque_SIN,2,Bloque_5,5,Opción 2,0,3.8,4.833333333333333,-1,-1,-1,Hombre,6,7,2000,-1,-1,-1,-1,0.8333333333333334,0.0,0.0,0.0,0.0,0.1666666666666666,0.3333333333333333,0.3333333333333333,-0.1666666666666666,0.0
Suj_040,Respuestas de formulario 4,AGH,Bloque_SIN,2,Bloque_11,6,Opción 2,0,3.8,4.833333333333333,-1,-1,-1,Hombre,6,7,1200,-1,-1,-1,-1,0.8333333333333334,0.0,0.0,0.0,0.0,0.1666666666666666,0.3333333333333333,0.3333333333333333,-0.1666666666666666,0.0
Suj_040,Respuestas de formulario 4,AQS,Dist,3,Bloque_7,1,Opción 2,0,3.8,4.833333333333333,-1,-1,-1,Hombre,6,7,2400,-1,-1,-1,-1,0.8333333333333334,0.0,0.0,0.0,0.0,0.1666666666666666,0.3333333333333333,0.3333333333333333,-0.1666666666666666,0.0
Suj_040,Respuestas de formulario 4,AJK,Dist,3,Bloque_3,2,Opción 1,1,3.8,4.833333333333333,-1,-1,-1,Hombre,6,7,0,-1,-1,-1,-1,0.8333333333333334,0.0,0.0,0.0,0.0,0.1666666666666666,0.3333333333333333,0.3333333333333333,-0.1666666666666666,0.0
Suj_040,Respuestas de formulario 4,ABC,Dist,3,Bloque_1,3,Opción 1,1,3.8,4.833333333333333,-1,-1,-1,Hombre,6,7,0,-1,-1,-1,-1,0.8333333333333334,0.0,0.0,0.0,0.0,0.1666666666666666,0.3333333333333333,0.3333333333333333,-0.1666666666666666,0.0
Suj_040,Respuestas de formulario 4,ALM,Dist,3,Bloque_9,4,Opción 2,0,3.8,4.833333333333333,-1,-1,-1,Hombre,6,7,1000,-1,-1,-1,-1,0.8333333333333334,0.0,0.0,0.0,0.0,0.1666666666666666,0.3333333333333333,0.3333333333333333,-0.1666666666666666,0.0
Suj_040,Respuestas de formulario 4,AEF,Dist,3,Bloque_5,5,Opción 2,0,3.8,4.833333333333333,-1,-1,-1,Hombre,6,7,2000,-1,-1,-1,-1,0.8333333333333334,0.0,0.0,0.0,0.0,0.1666666666666666,0.3333333333333333,0.3333333333333333,-0.1666666666666666,0.0
Suj_040,Respuestas de formulario 4,AGH,Dist,3,Bloque_11,6,Opción 2,0,3.8,4.833333333333333,-1,-1,-1,Hombre,6,7,1200,-1,-1,-1,-1,0.8333333333333334,0.0,0.0,0.0,0.0,0.1666666666666666,0.3333333333333333,0.3333333333333333,-0.1666666666666666,0.0
Suj_044,Respuestas de formulario 4,AQS,Bloque_CON,1,Bloque_7,1,Opción 2,0,1.4,4.833333333333333,1,1,0,Mujer,4,5,2400,1,1,0,1,0.0,0.0,0.0,0.0,0.0,0.0,0.0,0.0,0.0,0.0
Suj_044,Respuestas de formulario 4,AJK,Bloque_CON,1,Bloque_3,2,Opción 2,0,1.4,4.833333333333333,1,1,0,Mujer,4,5,0,1,1,0,1,0.0,0.0,0.0,0.0,0.0,0.0,0.0,0.0,0.0,0.0
Suj_044,Respuestas de formulario 4,ABC,Bloque_CON,1,Bloque_1,3,Opción 2,0,1.4,4.833333333333333,1,1,0,Mujer,4,5,0,1,1,0,1,0.0,0.0,0.0,0.0,0.0,0.0,0.0,0.0,0.0,0.0
Suj_044,Respuestas de formulario 4,ALM,Bloque_CON,1,Bloque_9,4,Opción 2,0,1.4,4.833333333333333,1,1,0,Mujer,4,5,1000,1,1,0,0,0.0,0.0,0.0,0.0,0.0,0.0,0.0,0.0,0.0,0.0
Suj_044,Respuestas de formulario 4,AEF,Bloque_CON,1,Bloque_5,5,Opción 2,0,1.4,4.833333333333333,1,1,0,Mujer,4,5,2000,1,1,0,1,0.0,0.0,0.0,0.0,0.0,0.0,0.0,0.0,0.0,0.0
Suj_044,Respuestas de formulario 4,AGH,Bloque_CON,1,Bloque_11,6,Opción 2,0,1.4,4.833333333333333,1,1,0,Mujer,4,5,1200,1,1,0,0,0.0,0.0,0.0,0.0,0.0,0.0,0.0,0.0,0.0,0.0
Suj_044,Respuestas de formulario 4,AQS,Bloque_SIN,2,Bloque_7,1,Opción 2,0,1.4,4.833333333333333,1,1,0,Mujer,4,5,2400,1,1,0,1,0.0,0.0,0.0,0.0,0.0,0.0,0.0,0.0,0.0,0.0
Suj_044,Respuestas de formulario 4,AJK,Bloque_SIN,2,Bloque_3,2,Opción 2,0,1.4,4.833333333333333,1,1,0,Mujer,4,5,0,1,1,0,1,0.0,0.0,0.0,0.0,0.0,0.0,0.0,0.0,0.0,0.0
Suj_044,Respuestas de formulario 4,ABC,Bloque_SIN,2,Bloque_1,3,Opción 2,0,1.4,4.833333333333333,1,1,0,Mujer,4,5,0,1,1,0,1,0.0,0.0,0.0,0.0,0.0,0.0,0.0,0.0,0.0,0.0
Suj_044,Respuestas de formulario 4,ALM,Bloque_SIN,2,Bloque_9,4,Opción 2,0,1.4,4.833333333333333,1,1,0,Mujer,4,5,1000,1,1,0,0,0.0,0.0,0.0,0.0,0.0,0.0,0.0,0.0,0.0,0.0
Suj_044,Respuestas de formulario 4,AEF,Bloque_SIN,2,Bloque_5,5,Opción 2,0,1.4,4.833333333333333,1,1,0,Mujer,4,5,2000,1,1,0,1,0.0,0.0,0.0,0.0,0.0,0.0,0.0,0.0,0.0,0.0
Suj_044,Respuestas de formulario 4,AGH,Bloque_SIN,2,Bloque_11,6,Opción 2,0,1.4,4.833333333333333,1,1,0,Mujer,4,5,1200,1,1,0,0,0.0,0.0,0.0,0.0,0.0,0.0,0.0,0.0,0.0,0.0
Suj_044,Respuestas de formulario 4,AQS,Dist,3,Bloque_7,1,Opción 2,0,1.4,4.833333333333333,1,1,0,Mujer,4,5,2400,1,1,0,1,0.0,0.0,0.0,0.0,0.0,0.0,0.0,0.0,0.0,0.0
Suj_044,Respuestas de formulario 4,AJK,Dist,3,Bloque_3,2,Opción 2,0,1.4,4.833333333333333,1,1,0,Mujer,4,5,0,1,1,0,1,0.0,0.0,0.0,0.0,0.0,0.0,0.0,0.0,0.0,0.0
Suj_044,Respuestas de formulario 4,ABC,Dist,3,Bloque_1,3,Opción 2,0,1.4,4.833333333333333,1,1,0,Mujer,4,5,0,1,1,0,1,0.0,0.0,0.0,0.0,0.0,0.0,0.0,0.0,0.0,0.0
Suj_044,Respuestas de formulario 4,ALM,Dist,3,Bloque_9,4,Opción 2,0,1.4,4.833333333333333,1,1,0,Mujer,4,5,1000,1,1,0,0,0.0,0.0,0.0,0.0,0.0,0.0,0.0,0.0,0.0,0.0
Suj_044,Respuestas de formulario 4,AEF,Dist,3,Bloque_5,5,Opción 2,0,1.4,4.833333333333333,1,1,0,Mujer,4,5,2000,1,1,0,1,0.0,0.0,0.0,0.0,0.0,0.0,0.0,0.0,0.0,0.0
Suj_044,Respuestas de formulario 4,AGH,Dist,3,Bloque_11,6,Opción 2,0,1.4,4.833333333333333,1,1,0,Mujer,4,5,1200,1,1,0,0,0.0,0.0,0.0,0.0,0.0,0.0,0.0,0.0,0.0,0.0
Suj_047,Respuestas de formulario 4,AQS,Bloque_CON,1,Bloque_7,1,Opción 2,0,2.3,4.833333333333333,-1,0,0,Mujer,5,6,2400,-1,0,0,0,0.5,0.3333333333333333,0.3333333333333333,0.0,0.0,0.1666666666666666,0.0,0.6666666666666666,0.1666666666666666,-0.6666666666666666
Suj_047,Respuestas de formulario 4,AJK,Bloque_CON,1,Bloque_3,2,Opción 2,0,2.3,4.833333333333333,-1,0,0,Mujer,5,6,0,-1,0,0,-1,0.5,0.3333333333333333,0.3333333333333333,0.0,0.0,0.1666666666666666,0.0,0.6666666666666666,0.1666666666666666,-0.6666666666666666
Suj_047,Respuestas de formulario 4,ABC,Bloque_CON,1,Bloque_1,3,Opción 1,1,2.3,4.833333333333333,-1,0,0,Mujer,5,6,0,-1,0,0,-1,0.5,0.3333333333333333,0.3333333333333333,0.0,0.0,0.1666666666666666,0.0,0.6666666666666666,0.1666666666666666,-0.6666666666666666
Suj_047,Respuestas de formulario 4,ALM,Bloque_CON,1,Bloque_9,4,Opción 2,0,2.3,4.833333333333333,-1,0,0,Mujer,5,6,1000,-1,0,0,0,0.5,0.3333333333333333,0.3333333333333333,0.0,0.0,0.1666666666666666,0.0,0.6666666666666666,0.1666666666666666,-0.6666666666666666
Suj_047,Respuestas de formulario 4,AEF,Bloque_CON,1,Bloque_5,5,Opción 2,0,2.3,4.833333333333333,-1,0,0,Mujer,5,6,2000,-1,0,0,0,0.5,0.3333333333333333,0.3333333333333333,0.0,0.0,0.1666666666666666,0.0,0.6666666666666666,0.1666666666666666,-0.6666666666666666
Suj_047,Respuestas de formulario 4,AGH,Bloque_CON,1,Bloque_11,6,Opción 2,0,2.3,4.833333333333333,-1,0,0,Mujer,5,6,1200,-1,0,0,0,0.5,0.3333333333333333,0.3333333333333333,0.0,0.0,0.1666666666666666,0.0,0.6666666666666666,0.1666666666666666,-0.6666666666666666
Suj_047,Respuestas de formulario 4,AQS,Bloque_SIN,2,Bloque_7,1,Opción 2,0,2.3,4.833333333333333,-1,0,0,Mujer,5,6,2400,-1,0,0,0,0.5,0.3333333333333333,0.3333333333333333,0.0,0.0,0.1666666666666666,0.0,0.6666666666666666,0.1666666666666666,-0.6666666666666666
Suj_047,Respuestas de formulario 4,AJK,Bloque_SIN,2,Bloque_3,2,Opción 2,0,2.3,4.833333333333333,-1,0,0,Mujer,5,6,0,-1,0,0,-1,0.5,0.3333333333333333,0.3333333333333333,0.0,0.0,0.1666666666666666,0.0,0.6666666666666666,0.1666666666666666,-0.6666666666666666
Suj_047,Respuestas de formulario 4,ABC,Bloque_SIN,2,Bloque_1,3,Opción 2,0,2.3,4.833333333333333,-1,0,0,Mujer,5,6,0,-1,0,0,-1,0.5,0.3333333333333333,0.3333333333333333,0.0,0.0,0.1666666666666666,0.0,0.6666666666666666,0.1666666666666666,-0.6666666666666666
Suj_047,Respuestas de formulario 4,ALM,Bloque_SIN,2,Bloque_9,4,Opción 2,0,2.3,4.833333333333333,-1,0,0,Mujer,5,6,1000,-1,0,0,0,0.5,0.3333333333333333,0.3333333333333333,0.0,0.0,0.1666666666666666,0.0,0.6666666666666666,0.1666666666666666,-0.6666666666666666
Suj_047,Respuestas de formulario 4,AEF,Bloque_SIN,2,Bloque_5,5,Opción 2,0,2.3,4.833333333333333,-1,0,0,Mujer,5,6,2000,-1,0,0,0,0.5,0.3333333333333333,0.3333333333333333,0.0,0.0,0.1666666666666666,0.0,0.6666666666666666,0.1666666666666666,-0.6666666666666666
Suj_047,Respuestas de formulario 4,AGH,Bloque_SIN,2,Bloque_11,6,Opción 2,0,2.3,4.833333333333333,-1,0,0,Mujer,5,6,1200,-1,0,0,0,0.5,0.3333333333333333,0.3333333333333333,0.0,0.0,0.1666666666666666,0.0,0.6666666666666666,0.1666666666666666,-0.6666666666666666
Suj_047,Respuestas de formulario 4,AQS,Dist,3,Bloque_7,1,Opción 2,0,2.3,4.833333333333333,-1,0,0,Mujer,5,6,2400,-1,0,0,0,0.5,0.3333333333333333,0.3333333333333333,0.0,0.0,0.1666666666666666,0.0,0.6666666666666666,0.1666666666666666,-0.6666666666666666
Suj_047,Respuestas de formulario 4,AJK,Dist,3,Bloque_3,2,Opción 1,1,2.3,4.833333333333333,-1,0,0,Mujer,5,6,0,-1,0,0,-1,0.5,0.3333333333333333,0.3333333333333333,0.0,0.0,0.1666666666666666,0.0,0.6666666666666666,0.1666666666666666,-0.6666666666666666
Suj_047,Respuestas de formulario 4,ABC,Dist,3,Bloque_1,3,Opción 1,1,2.3,4.833333333333333,-1,0,0,Mujer,5,6,0,-1,0,0,-1,0.5,0.3333333333333333,0.3333333333333333,0.0,0.0,0.1666666666666666,0.0,0.6666666666666666,0.1666666666666666,-0.6666666666666666
Suj_047,Respuestas de formulario 4,ALM,Dist,3,Bloque_9,4,Opción 1,1,2.3,4.833333333333333,-1,0,0,Mujer,5,6,1000,-1,0,0,0,0.5,0.3333333333333333,0.3333333333333333,0.0,0.0,0.1666666666666666,0.0,0.6666666666666666,0.1666666666666666,-0.6666666666666666
Suj_047,Respuestas de formulario 4,AEF,Dist,3,Bloque_5,5,Opción 2,0,2.3,4.833333333333333,-1,0,0,Mujer,5,6,2000,-1,0,0,0,0.5,0.3333333333333333,0.3333333333333333,0.0,0.0,0.1666666666666666,0.0,0.6666666666666666,0.1666666666666666,-0.6666666666666666
Suj_047,Respuestas de formulario 4,AGH,Dist,3,Bloque_11,6,Opción 1,1,2.3,4.833333333333333,-1,0,0,Mujer,5,6,1200,-1,0,0,0,0.5,0.3333333333333333,0.3333333333333333,0.0,0.0,0.1666666666666666,0.0,0.6666666666666666,0.1666666666666666,-0.6666666666666666
Suj_048,Respuestas de formulario 4,AQS,Bloque_CON,1,Bloque_7,1,Opción 2,0,1.2,5.0,-1,-1,-1,Mujer,4,5,2400,-1,-1,-1,-1,0.0,0.0,0.0,0.0,0.0,0.0,0.0,0.0,0.0,0.0
Suj_048,Respuestas de formulario 4,AJK,Bloque_CON,1,Bloque_3,2,Opción 2,0,1.2,5.0,-1,-1,-1,Mujer,4,5,0,-1,-1,-1,-1,0.0,0.0,0.0,0.0,0.0,0.0,0.0,0.0,0.0,0.0
Suj_048,Respuestas de formulario 4,ABC,Bloque_CON,1,Bloque_1,3,Opción 2,0,1.2,5.0,-1,-1,-1,Mujer,4,5,0,-1,-1,-1,-1,0.0,0.0,0.0,0.0,0.0,0.0,0.0,0.0,0.0,0.0
Suj_048,Respuestas de formulario 4,ALM,Bloque_CON,1,Bloque_9,4,Opción 2,0,1.2,5.0,-1,-1,-1,Mujer,4,5,1000,-1,-1,-1,-1,0.0,0.0,0.0,0.0,0.0,0.0,0.0,0.0,0.0,0.0
Suj_048,Respuestas de formulario 4,AEF,Bloque_CON,1,Bloque_5,5,Opción 2,0,1.2,5.0,-1,-1,-1,Mujer,4,5,2000,-1,-1,-1,-1,0.0,0.0,0.0,0.0,0.0,0.0,0.0,0.0,0.0,0.0
Suj_048,Respuestas de formulario 4,AGH,Bloque_CON,1,Bloque_11,6,Opción 2,0,1.2,5.0,-1,-1,-1,Mujer,4,5,1200,-1,-1,-1,-1,0.0,0.0,0.0,0.0,0.0,0.0,0.0,0.0,0.0,0.0
Suj_048,Respuestas de formulario 4,AQS,Bloque_SIN,2,Bloque_7,1,Opción 2,0,1.2,5.0,-1,-1,-1,Mujer,4,5,2400,-1,-1,-1,-1,0.0,0.0,0.0,0.0,0.0,0.0,0.0,0.0,0.0,0.0
Suj_048,Respuestas de formulario 4,AJK,Bloque_SIN,2,Bloque_3,2,Opción 2,0,1.2,5.0,-1,-1,-1,Mujer,4,5,0,-1,-1,-1,-1,0.0,0.0,0.0,0.0,0.0,0.0,0.0,0.0,0.0,0.0
Suj_048,Respuestas de formulario 4,ABC,Bloque_SIN,2,Bloque_1,3,Opción 2,0,1.2,5.0,-1,-1,-1,Mujer,4,5,0,-1,-1,-1,-1,0.0,0.0,0.0,0.0,0.0,0.0,0.0,0.0,0.0,0.0
Suj_048,Respuestas de formulario 4,ALM,Bloque_SIN,2,Bloque_9,4,Opción 2,0,1.2,5.0,-1,-1,-1,Mujer,4,5,1000,-1,-1,-1,-1,0.0,0.0,0.0,0.0,0.0,0.0,0.0,0.0,0.0,0.0
Suj_048,Respuestas de formulario 4,AEF,Bloque_SIN,2,Bloque_5,5,Opción 2,0,1.2,5.0,-1,-1,-1,Mujer,4,5,2000,-1,-1,-1,-1,0.0,0.0,0.0,0.0,0.0,0.0,0.0,0.0,0.0,0.0
Suj_048,Respuestas de formulario 4,AGH,Bloque_SIN,2,Bloque_11,6,Opción 2,0,1.2,5.0,-1,-1,-1,Mujer,4,5,1200,-1,-1,-1,-1,0.0,0.0,0.0,0.0,0.0,0.0,0.0,0.0,0.0,0.0
Suj_048,Respuestas de formulario 4,AQS,Dist,3,Bloque_7,1,Opción 2,0,1.2,5.0,-1,-1,-1,Mujer,4,5,2400,-1,-1,-1,-1,0.0,0.0,0.0,0.0,0.0,0.0,0.0,0.0,0.0,0.0
Suj_048,Respuestas de formulario 4,AJK,Dist,3,Bloque_3,2,Opción 2,0,1.2,5.0,-1,-1,-1,Mujer,4,5,0,-1,-1,-1,-1,0.0,0.0,0.0,0.0,0.0,0.0,0.0,0.0,0.0,0.0
Suj_048,Respuestas de formulario 4,ABC,Dist,3,Bloque_1,3,Opción 2,0,1.2,5.0,-1,-1,-1,Mujer,4,5,0,-1,-1,-1,-1,0.0,0.0,0.0,0.0,0.0,0.0,0.0,0.0,0.0,0.0
Suj_048,Respuestas de formulario 4,ALM,Dist,3,Bloque_9,4,Opción 2,0,1.2,5.0,-1,-1,-1,Mujer,4,5,1000,-1,-1,-1,-1,0.0,0.0,0.0,0.0,0.0,0.0,0.0,0.0,0.0,0.0
Suj_048,Respuestas de formulario 4,AEF,Dist,3,Bloque_5,5,Opción 2,0,1.2,5.0,-1,-1,-1,Mujer,4,5,2000,-1,-1,-1,-1,0.0,0.0,0.0,0.0,0.0,0.0,0.0,0.0,0.0,0.0
Suj_048,Respuestas de formulario 4,AGH,Dist,3,Bloque_11,6,Opción 2,0,1.2,5.0,-1,-1,-1,Mujer,4,5,1200,-1,-1,-1,-1,0.0,0.0,0.0,0.0,0.0,0.0,0.0,0.0,0.0,0.0
Suj_051,Respuestas de formulario 5,ABC,Bloque_SIN,1,Bloque_7,1,Opción 1,1,3.6,5.333333333333333,0,-1,1,Hombre,4,7,2400,0,-1,1,-1,0.1666666666666666,1.0,0.6666666666666666,1.0,0.6666666666666666,0.5,0.8333333333333334,0.5,-0.3333333333333333,0.3333333333333333
Suj_051,Respuestas de formulario 5,AEF,Bloque_SIN,1,Bloque_3,2,Opción 2,0,3.6,5.333333333333333,0,-1,1,Hombre,4,7,0,0,-1,1,0,0.1666666666666666,1.0,0.6666666666666666,1.0,0.6666666666666666,0.5,0.8333333333333334,0.5,-0.3333333333333333,0.3333333333333333
Suj_051,Respuestas de formulario 5,AJK,Bloque_SIN,1,Bloque_1,3,Opción 1,1,3.6,5.333333333333333,0,-1,1,Hombre,4,7,0,0,-1,1,0,0.1666666666666666,1.0,0.6666666666666666,1.0,0.6666666666666666,0.5,0.8333333333333334,0.5,-0.3333333333333333,0.3333333333333333
Suj_051,Respuestas de formulario 5,AGH,Bloque_SIN,1,Bloque_9,4,Opción 1,1,3.6,5.333333333333333,0,-1,1,Hombre,4,7,1000,0,-1,1,1,0.1666666666666666,1.0,0.6666666666666666,1.0,0.6666666666666666,0.5,0.8333333333333334,0.5,-0.3333333333333333,0.3333333333333333
Suj_051,Respuestas de formulario 5,ALM,Bloque_SIN,1,Bloque_5,5,Opción 1,1,3.6,5.333333333333333,0,-1,1,Hombre,4,7,2000,0,-1,1,-1,0.1666666666666666,1.0,0.6666666666666666,1.0,0.6666666666666666,0.5,0.8333333333333334,0.5,-0.3333333333333333,0.3333333333333333
Suj_051,Respuestas de formulario 5,AQS,Bloque_SIN,1,Bloque_11,6,Opción 1,1,3.6,5.333333333333333,0,-1,1,Hombre,4,7,1200,0,-1,1,1,0.1666666666666666,1.0,0.6666666666666666,1.0,0.6666666666666666,0.5,0.8333333333333334,0.5,-0.3333333333333333,0.3333333333333333
Suj_051,Respuestas de formulario 5,ABC,Bloque_CON,2,Bloque_7,1,Opción 1,1,3.6,5.333333333333333,0,-1,1,Hombre,4,7,2400,0,-1,1,-1,0.1666666666666666,1.0,0.6666666666666666,1.0,0.6666666666666666,0.5,0.8333333333333334,0.5,-0.3333333333333333,0.3333333333333333
Suj_051,Respuestas de formulario 5,AEF,Bloque_CON,2,Bloque_3,2,Opción 2,0,3.6,5.333333333333333,0,-1,1,Hombre,4,7,0,0,-1,1,0,0.1666666666666666,1.0,0.6666666666666666,1.0,0.6666666666666666,0.5,0.8333333333333334,0.5,-0.3333333333333333,0.3333333333333333
Suj_051,Respuestas de formulario 5,AJK,Bloque_CON,2,Bloque_1,3,Opción 2,0,3.6,5.333333333333333,0,-1,1,Hombre,4,7,0,0,-1,1,0,0.1666666666666666,1.0,0.6666666666666666,1.0,0.6666666666666666,0.5,0.8333333333333334,0.5,-0.3333333333333333,0.3333333333333333
Suj_051,Respuestas de formulario 5,AGH,Bloque_CON,2,Bloque_9,4,Opción 1,1,3.6,5.333333333333333,0,-1,1,Hombre,4,7,1000,0,-1,1,1,0.1666666666666666,1.0,0.6666666666666666,1.0,0.6666666666666666,0.5,0.8333333333333334,0.5,-0.3333333333333333,0.3333333333333333
Suj_051,Respuestas de formulario 5,ALM,Bloque_CON,2,Bloque_5,5,Opción 1,1,3.6,5.333333333333333,0,-1,1,Hombre,4,7,2000,0,-1,1,-1,0.1666666666666666,1.0,0.6666666666666666,1.0,0.6666666666666666,0.5,0.8333333333333334,0.5,-0.3333333333333333,0.3333333333333333
Suj_051,Respuestas de formulario 5,AQS,Bloque_CON,2,Bloque_11,6,Opción 2,0,3.6,5.333333333333333,0,-1,1,Hombre,4,7,1200,0,-1,1,1,0.1666666666666666,1.0,0.6666666666666666,1.0,0.6666666666666666,0.5,0.8333333333333334,0.5,-0.3333333333333333,0.3333333333333333
Suj_051,Respuestas de formulario 5,ABC,Dist,3,Bloque_7,1,Opción 2,0,3.6,5.333333333333333,0,-1,1,Hombre,4,7,2400,0,-1,1,-1,0.1666666666666666,1.0,0.6666666666666666,1.0,0.6666666666666666,0.5,0.8333333333333334,0.5,-0.3333333333333333,0.3333333333333333
Suj_051,Respuestas de formulario 5,AEF,Dist,3,Bloque_3,2,Opción 2,0,3.6,5.333333333333333,0,-1,1,Hombre,4,7,0,0,-1,1,0,0.1666666666666666,1.0,0.6666666666666666,1.0,0.6666666666666666,0.5,0.8333333333333334,0.5,-0.3333333333333333,0.3333333333333333
Suj_051,Respuestas de formulario 5,AJK,Dist,3,Bloque_1,3,Opción 2,0,3.6,5.333333333333333,0,-1,1,Hombre,4,7,0,0,-1,1,0,0.1666666666666666,1.0,0.6666666666666666,1.0,0.6666666666666666,0.5,0.8333333333333334,0.5,-0.3333333333333333,0.3333333333333333
Suj_051,Respuestas de formulario 5,AGH,Dist,3,Bloque_9,4,Opción 1,1,3.6,5.333333333333333,0,-1,1,Hombre,4,7,1000,0,-1,1,1,0.1666666666666666,1.0,0.6666666666666666,1.0,0.6666666666666666,0.5,0.8333333333333334,0.5,-0.3333333333333333,0.3333333333333333
Suj_051,Respuestas de formulario 5,ALM,Dist,3,Bloque_5,5,Opción 1,1,3.6,5.333333333333333,0,-1,1,Hombre,4,7,2000,0,-1,1,-1,0.1666666666666666,1.0,0.6666666666666666,1.0,0.6666666666666666,0.5,0.8333333333333334,0.5,-0.3333333333333333,0.3333333333333333
Suj_051,Respuestas de formulario 5,AQS,Dist,3,Bloque_11,6,Opción 1,1,3.6,5.333333333333333,0,-1,1,Hombre,4,7,1200,0,-1,1,1,0.1666666666666666,1.0,0.6666666666666666,1.0,0.6666666666666666,0.5,0.8333333333333334,0.5,-0.3333333333333333,0.3333333333333333
Suj_054,Respuestas de formulario 5,ABC,Bloque_SIN,1,Bloque_7,1,Opción 2,0,2.3,5.5,1,-1,1,Mujer,5,7,2400,1,-1,1,-1,1.0,1.0,1.0,0.3333333333333333,0.0,0.6666666666666666,0.8333333333333334,0.6666666666666666,-0.1666666666666667,0.1666666666666667
Suj_054,Respuestas de formulario 5,AEF,Bloque_SIN,1,Bloque_3,2,Opción 1,1,2.3,5.5,1,-1,1,Mujer,5,7,0,1,-1,1,1,1.0,1.0,1.0,0.3333333333333333,0.0,0.6666666666666666,0.8333333333333334,0.6666666666666666,-0.1666666666666667,0.1666666666666667
Suj_054,Respuestas de formulario 5,AJK,Bloque_SIN,1,Bloque_1,3,Opción 1,1,2.3,5.5,1,-1,1,Mujer,5,7,0,1,-1,1,1,1.0,1.0,1.0,0.3333333333333333,0.0,0.6666666666666666,0.8333333333333334,0.6666666666666666,-0.1666666666666667,0.1666666666666667
Suj_054,Respuestas de formulario 5,AGH,Bloque_SIN,1,Bloque_9,4,Opción 1,1,2.3,5.5,1,-1,1,Mujer,5,7,1000,1,-1,1,1,1.0,1.0,1.0,0.3333333333333333,0.0,0.6666666666666666,0.8333333333333334,0.6666666666666666,-0.1666666666666667,0.1666666666666667
Suj_054,Respuestas de formulario 5,ALM,Bloque_SIN,1,Bloque_5,5,Opción 1,1,2.3,5.5,1,-1,1,Mujer,5,7,2000,1,-1,1,-1,1.0,1.0,1.0,0.3333333333333333,0.0,0.6666666666666666,0.8333333333333334,0.6666666666666666,-0.1666666666666667,0.1666666666666667
Suj_054,Respuestas de formulario 5,AQS,Bloque_SIN,1,Bloque_11,6,Opción 1,1,2.3,5.5,1,-1,1,Mujer,5,7,1200,1,-1,1,1,1.0,1.0,1.0,0.3333333333333333,0.0,0.6666666666666666,0.8333333333333334,0.6666666666666666,-0.1666666666666667,0.1666666666666667
Suj_054,Respuestas de formulario 5,ABC,Bloque_CON,2,Bloque_7,1,Opción 2,0,2.3,5.5,1,-1,1,Mujer,5,7,2400,1,-1,1,-1,1.0,1.0,1.0,0.3333333333333333,0.0,0.6666666666666666,0.8333333333333334,0.6666666666666666,-0.1666666666666667,0.1666666666666667
Suj_054,Respuestas de formulario 5,AEF,Bloque_CON,2,Bloque_3,2,Opción 1,1,2.3,5.5,1,-1,1,Mujer,5,7,0,1,-1,1,1,1.0,1.0,1.0,0.3333333333333333,0.0,0.6666666666666666,0.8333333333333334,0.6666666666666666,-0.1666666666666667,0.1666666666666667
Suj_054,Respuestas de formulario 5,AJK,Bloque_CON,2,Bloque_1,3,Opción 1,1,2.3,5.5,1,-1,1,Mujer,5,7,0,1,-1,1,1,1.0,1.0,1.0,0.3333333333333333,0.0,0.6666666666666666,0.8333333333333334,0.6666666666666666,-0.1666666666666667,0.1666666666666667
Suj_054,Respuestas de formulario 5,AGH,Bloque_CON,2,Bloque_9,4,Opción 1,1,2.3,5.5,1,-1,1,Mujer,5,7,1000,1,-1,1,1,1.0,1.0,1.0,0.3333333333333333,0.0,0.6666666666666666,0.8333333333333334,0.6666666666666666,-0.1666666666666667,0.1666666666666667
Suj_054,Respuestas de formulario 5,ALM,Bloque_CON,2,Bloque_5,5,Opción 2,0,2.3,5.5,1,-1,1,Mujer,5,7,2000,1,-1,1,-1,1.0,1.0,1.0,0.3333333333333333,0.0,0.6666666666666666,0.8333333333333334,0.6666666666666666,-0.1666666666666667,0.1666666666666667
Suj_054,Respuestas de formulario 5,AQS,Bloque_CON,2,Bloque_11,6,Opción 1,1,2.3,5.5,1,-1,1,Mujer,5,7,1200,1,-1,1,1,1.0,1.0,1.0,0.3333333333333333,0.0,0.6666666666666666,0.8333333333333334,0.6666666666666666,-0.1666666666666667,0.1666666666666667
Suj_054,Respuestas de formulario 5,ABC,Dist,3,Bloque_7,1,Opción 2,0,2.3,5.5,1,-1,1,Mujer,5,7,2400,1,-1,1,-1,1.0,1.0,1.0,0.3333333333333333,0.0,0.6666666666666666,0.8333333333333334,0.6666666666666666,-0.1666666666666667,0.1666666666666667
Suj_054,Respuestas de formulario 5,AEF,Dist,3,Bloque_3,2,Opción 1,1,2.3,5.5,1,-1,1,Mujer,5,7,0,1,-1,1,1,1.0,1.0,1.0,0.3333333333333333,0.0,0.6666666666666666,0.8333333333333334,0.6666666666666666,-0.1666666666666667,0.1666666666666667
Suj_054,Respuestas de formulario 5,AJK,Dist,3,Bloque_1,3,Opción 1,1,2.3,5.5,1,-1,1,Mujer,5,7,0,1,-1,1,1,1.0,1.0,1.0,0.3333333333333333,0.0,0.6666666666666666,0.8333333333333334,0.6666666666666666,-0.1666666666666667,0.1666666666666667
Suj_054,Respuestas de formulario 5,AGH,Dist,3,Bloque_9,4,Opción 1,1,2.3,5.5,1,-1,1,Mujer,5,7,1000,1,-1,1,1,1.0,1.0,1.0,0.3333333333333333,0.0,0.6666666666666666,0.8333333333333334,0.6666666666666666,-0.1666666666666667,0.1666666666666667
Suj_054,Respuestas de formulario 5,ALM,Dist,3,Bloque_5,5,Opción 2,0,2.3,5.5,1,-1,1,Mujer,5,7,2000,1,-1,1,-1,1.0,1.0,1.0,0.3333333333333333,0.0,0.6666666666666666,0.8333333333333334,0.6666666666666666,-0.1666666666666667,0.1666666666666667
Suj_054,Respuestas de formulario 5,AQS,Dist,3,Bloque_11,6,Opción 1,1,2.3,5.5,1,-1,1,Mujer,5,7,1200,1,-1,1,1,1.0,1.0,1.0,0.3333333333333333,0.0,0.6666666666666666,0.8333333333333334,0.6666666666666666,-0.1666666666666667,0.1666666666666667
Suj_057,Respuestas de formulario 5,ABC,Bloque_SIN,1,Bloque_7,1,Opción 1,1,2.2,5.0,0,-1,0,Hombre,6,8,2400,0,-1,0,-1,0.0,0.6666666666666666,0.6666666666666666,0.3333333333333333,0.3333333333333333,0.3333333333333333,0.1666666666666666,0.5,0.1666666666666666,-0.3333333333333333
Suj_057,Respuestas de formulario 5,AEF,Bloque_SIN,1,Bloque_3,2,Opción 2,0,2.2,5.0,0,-1,0,Hombre,6,8,0,0,-1,0,0,0.0,0.6666666666666666,0.6666666666666666,0.3333333333333333,0.3333333333333333,0.3333333333333333,0.1666666666666666,0.5,0.1666666666666666,-0.3333333333333333
Suj_057,Respuestas de formulario 5,AJK,Bloque_SIN,1,Bloque_1,3,Opción 2,0,2.2,5.0,0,-1,0,Hombre,6,8,0,0,-1,0,0,0.0,0.6666666666666666,0.6666666666666666,0.3333333333333333,0.3333333333333333,0.3333333333333333,0.1666666666666666,0.5,0.1666666666666666,-0.3333333333333333
Suj_057,Respuestas de formulario 5,AGH,Bloque_SIN,1,Bloque_9,4,Opción 2,0,2.2,5.0,0,-1,0,Hombre,6,8,1000,0,-1,0,0,0.0,0.6666666666666666,0.6666666666666666,0.3333333333333333,0.3333333333333333,0.3333333333333333,0.1666666666666666,0.5,0.1666666666666666,-0.3333333333333333
Suj_057,Respuestas de formulario 5,ALM,Bloque_SIN,1,Bloque_5,5,Opción 2,0,2.2,5.0,0,-1,0,Hombre,6,8,2000,0,-1,0,-1,0.0,0.6666666666666666,0.6666666666666666,0.3333333333333333,0.3333333333333333,0.3333333333333333,0.1666666666666666,0.5,0.1666666666666666,-0.3333333333333333
Suj_057,Respuestas de formulario 5,AQS,Bloque_SIN,1,Bloque_11,6,Opción 2,0,2.2,5.0,0,-1,0,Hombre,6,8,1200,0,-1,0,0,0.0,0.6666666666666666,0.6666666666666666,0.3333333333333333,0.3333333333333333,0.3333333333333333,0.1666666666666666,0.5,0.1666666666666666,-0.3333333333333333
Suj_057,Respuestas de formulario 5,ABC,Bloque_CON,2,Bloque_7,1,Opción 2,0,2.2,5.0,0,-1,0,Hombre,6,8,2400,0,-1,0,-1,0.0,0.6666666666666666,0.6666666666666666,0.3333333333333333,0.3333333333333333,0.3333333333333333,0.1666666666666666,0.5,0.1666666666666666,-0.3333333333333333
Suj_057,Respuestas de formulario 5,AEF,Bloque_CON,2,Bloque_3,2,Opción 2,0,2.2,5.0,0,-1,0,Hombre,6,8,0,0,-1,0,0,0.0,0.6666666666666666,0.6666666666666666,0.3333333333333333,0.3333333333333333,0.3333333333333333,0.1666666666666666,0.5,0.1666666666666666,-0.3333333333333333
Suj_057,Respuestas de formulario 5,AJK,Bloque_CON,2,Bloque_1,3,Opción 2,0,2.2,5.0,0,-1,0,Hombre,6,8,0,0,-1,0,0,0.0,0.6666666666666666,0.6666666666666666,0.3333333333333333,0.3333333333333333,0.3333333333333333,0.1666666666666666,0.5,0.1666666666666666,-0.3333333333333333
Suj_057,Respuestas de formulario 5,AGH,Bloque_CON,2,Bloque_9,4,Opción 1,1,2.2,5.0,0,-1,0,Hombre,6,8,1000,0,-1,0,0,0.0,0.6666666666666666,0.6666666666666666,0.3333333333333333,0.3333333333333333,0.3333333333333333,0.1666666666666666,0.5,0.1666666666666666,-0.3333333333333333
Suj_057,Respuestas de formulario 5,ALM,Bloque_CON,2,Bloque_5,5,Opción 2,0,2.2,5.0,0,-1,0,Hombre,6,8,2000,0,-1,0,-1,0.0,0.6666666666666666,0.6666666666666666,0.3333333333333333,0.3333333333333333,0.3333333333333333,0.1666666666666666,0.5,0.1666666666666666,-0.3333333333333333
Suj_057,Respuestas de formulario 5,AQS,Bloque_CON,2,Bloque_11,6,Opción 1,1,2.2,5.0,0,-1,0,Hombre,6,8,1200,0,-1,0,0,0.0,0.6666666666666666,0.6666666666666666,0.3333333333333333,0.3333333333333333,0.3333333333333333,0.1666666666666666,0.5,0.1666666666666666,-0.3333333333333333
Suj_057,Respuestas de formulario 5,ABC,Dist,3,Bloque_7,1,Opción 2,0,2.2,5.0,0,-1,0,Hombre,6,8,2400,0,-1,0,-1,0.0,0.6666666666666666,0.6666666666666666,0.3333333333333333,0.3333333333333333,0.3333333333333333,0.1666666666666666,0.5,0.1666666666666666,-0.3333333333333333
Suj_057,Respuestas de formulario 5,AEF,Dist,3,Bloque_3,2,Opción 2,0,2.2,5.0,0,-1,0,Hombre,6,8,0,0,-1,0,0,0.0,0.6666666666666666,0.6666666666666666,0.3333333333333333,0.3333333333333333,0.3333333333333333,0.1666666666666666,0.5,0.1666666666666666,-0.3333333333333333
Suj_057,Respuestas de formulario 5,AJK,Dist,3,Bloque_1,3,Opción 2,0,2.2,5.0,0,-1,0,Hombre,6,8,0,0,-1,0,0,0.0,0.6666666666666666,0.6666666666666666,0.3333333333333333,0.3333333333333333,0.3333333333333333,0.1666666666666666,0.5,0.1666666666666666,-0.3333333333333333
Suj_057,Respuestas de formulario 5,AGH,Dist,3,Bloque_9,4,Opción 1,1,2.2,5.0,0,-1,0,Hombre,6,8,1000,0,-1,0,0,0.0,0.6666666666666666,0.6666666666666666,0.3333333333333333,0.3333333333333333,0.3333333333333333,0.1666666666666666,0.5,0.1666666666666666,-0.3333333333333333
Suj_057,Respuestas de formulario 5,ALM,Dist,3,Bloque_5,5,Opción 1,1,2.2,5.0,0,-1,0,Hombre,6,8,2000,0,-1,0,-1,0.0,0.6666666666666666,0.6666666666666666,0.3333333333333333,0.3333333333333333,0.3333333333333333,0.1666666666666666,0.5,0.1666666666666666,-0.3333333333333333
Suj_057,Respuestas de formulario 5,AQS,Dist,3,Bloque_11,6,Opción 1,1,2.2,5.0,0,-1,0,Hombre,6,8,1200,0,-1,0,0,0.0,0.6666666666666666,0.6666666666666666,0.3333333333333333,0.3333333333333333,0.3333333333333333,0.1666666666666666,0.5,0.1666666666666666,-0.3333333333333333
Suj_058,Respuestas de formulario 5,ABC,Bloque_SIN,1,Bloque_7,1,Opción 2,0,2.2,4.833333333333333,0,-1,-1,Mujer,5,6,2400,0,-1,-1,-1,0.6666666666666666,0.0,0.3333333333333333,0.0,0.0,0.3333333333333333,0.1666666666666666,0.3333333333333333,0.1666666666666666,-0.1666666666666666
Suj_058,Respuestas de formulario 5,AEF,Bloque_SIN,1,Bloque_3,2,Opción 1,1,2.2,4.833333333333333,0,-1,-1,Mujer,5,6,0,0,-1,-1,0,0.6666666666666666,0.0,0.3333333333333333,0.0,0.0,0.3333333333333333,0.1666666666666666,0.3333333333333333,0.1666666666666666,-0.1666666666666666
Suj_058,Respuestas de formulario 5,AJK,Bloque_SIN,1,Bloque_1,3,Opción 2,0,2.2,4.833333333333333,0,-1,-1,Mujer,5,6,0,0,-1,-1,0,0.6666666666666666,0.0,0.3333333333333333,0.0,0.0,0.3333333333333333,0.1666666666666666,0.3333333333333333,0.1666666666666666,-0.1666666666666666
Suj_058,Respuestas de formulario 5,AGH,Bloque_SIN,1,Bloque_9,4,Opción 2,0,2.2,4.833333333333333,0,-1,-1,Mujer,5,6,1000,0,-1,-1,-1,0.6666666666666666,0.0,0.3333333333333333,0.0,0.0,0.3333333333333333,0.1666666666666666,0.3333333333333333,0.1666666666666666,-0.1666666666666666
Suj_058,Respuestas de formulario 5,ALM,Bloque_SIN,1,Bloque_5,5,Opción 2,0,2.2,4.833333333333333,0,-1,-1,Mujer,5,6,2000,0,-1,-1,-1,0.6666666666666666,0.0,0.3333333333333333,0.0,0.0,0.3333333333333333,0.1666666666666666,0.3333333333333333,0.1666666666666666,-0.1666666666666666
Suj_058,Respuestas de formulario 5,AQS,Bloque_SIN,1,Bloque_11,6,Opción 2,0,2.2,4.833333333333333,0,-1,-1,Mujer,5,6,1200,0,-1,-1,-1,0.6666666666666666,0.0,0.3333333333333333,0.0,0.0,0.3333333333333333,0.1666666666666666,0.3333333333333333,0.1666666666666666,-0.1666666666666666
Suj_058,Respuestas de formulario 5,ABC,Bloque_CON,2,Bloque_7,1,Opción 2,0,2.2,4.833333333333333,0,-1,-1,Mujer,5,6,2400,0,-1,-1,-1,0.6666666666666666,0.0,0.3333333333333333,0.0,0.0,0.3333333333333333,0.1666666666666666,0.3333333333333333,0.1666666666666666,-0.1666666666666666
Suj_058,Respuestas de formulario 5,AEF,Bloque_CON,2,Bloque_3,2,Opción 1,1,2.2,4.833333333333333,0,-1,-1,Mujer,5,6,0,0,-1,-1,0,0.6666666666666666,0.0,0.3333333333333333,0.0,0.0,0.3333333333333333,0.1666666666666666,0.3333333333333333,0.1666666666666666,-0.1666666666666666
Suj_058,Respuestas de formulario 5,AJK,Bloque_CON,2,Bloque_1,3,Opción 2,0,2.2,4.833333333333333,0,-1,-1,Mujer,5,6,0,0,-1,-1,0,0.6666666666666666,0.0,0.3333333333333333,0.0,0.0,0.3333333333333333,0.1666666666666666,0.3333333333333333,0.1666666666666666,-0.1666666666666666
Suj_058,Respuestas de formulario 5,AGH,Bloque_CON,2,Bloque_9,4,Opción 2,0,2.2,4.833333333333333,0,-1,-1,Mujer,5,6,1000,0,-1,-1,-1,0.6666666666666666,0.0,0.3333333333333333,0.0,0.0,0.3333333333333333,0.1666666666666666,0.3333333333333333,0.1666666666666666,-0.1666666666666666
Suj_058,Respuestas de formulario 5,ALM,Bloque_CON,2,Bloque_5,5,Opción 2,0,2.2,4.833333333333333,0,-1,-1,Mujer,5,6,2000,0,-1,-1,-1,0.6666666666666666,0.0,0.3333333333333333,0.0,0.0,0.3333333333333333,0.1666666666666666,0.3333333333333333,0.1666666666666666,-0.1666666666666666
Suj_058,Respuestas de formulario 5,AQS,Bloque_CON,2,Bloque_11,6,Opción 1,1,2.2,4.833333333333333,0,-1,-1,Mujer,5,6,1200,0,-1,-1,-1,0.6666666666666666,0.0,0.3333333333333333,0.0,0.0,0.3333333333333333,0.1666666666666666,0.3333333333333333,0.1666666666666666,-0.1666666666666666
Suj_058,Respuestas de formulario 5,ABC,Dist,3,Bloque_7,1,Opción 2,0,2.2,4.833333333333333,0,-1,-1,Mujer,5,6,2400,0,-1,-1,-1,0.6666666666666666,0.0,0.3333333333333333,0.0,0.0,0.3333333333333333,0.1666666666666666,0.3333333333333333,0.1666666666666666,-0.1666666666666666
Suj_058,Respuestas de formulario 5,AEF,Dist,3,Bloque_3,2,Opción 1,1,2.2,4.833333333333333,0,-1,-1,Mujer,5,6,0,0,-1,-1,0,0.6666666666666666,0.0,0.3333333333333333,0.0,0.0,0.3333333333333333,0.1666666666666666,0.3333333333333333,0.1666666666666666,-0.1666666666666666
Suj_058,Respuestas de formulario 5,AJK,Dist,3,Bloque_1,3,Opción 1,1,2.2,4.833333333333333,0,-1,-1,Mujer,5,6,0,0,-1,-1,0,0.6666666666666666,0.0,0.3333333333333333,0.0,0.0,0.3333333333333333,0.1666666666666666,0.3333333333333333,0.1666666666666666,-0.1666666666666666
Suj_058,Respuestas de formulario 5,AGH,Dist,3,Bloque_9,4,Opción 2,0,2.2,4.833333333333333,0,-1,-1,Mujer,5,6,1000,0,-1,-1,-1,0.6666666666666666,0.0,0.3333333333333333,0.0,0.0,0.3333333333333333,0.1666666666666666,0.3333333333333333,0.1666666666666666,-0.1666666666666666
Suj_058,Respuestas de formulario 5,ALM,Dist,3,Bloque_5,5,Opción 2,0,2.2,4.833333333333333,0,-1,-1,Mujer,5,6,2000,0,-1,-1,-1,0.6666666666666666,0.0,0.3333333333333333,0.0,0.0,0.3333333333333333,0.1666666666666666,0.3333333333333333,0.1666666666666666,-0.1666666666666666
Suj_058,Respuestas de formulario 5,AQS,Dist,3,Bloque_11,6,Opción 2,0,2.2,4.833333333333333,0,-1,-1,Mujer,5,6,1200,0,-1,-1,-1,0.6666666666666666,0.0,0.3333333333333333,0.0,0.0,0.3333333333333333,0.1666666666666666,0.3333333333333333,0.1666666666666666,-0.1666666666666666
Suj_059,Respuestas de formulario 5,ABC,Bloque_SIN,1,Bloque_7,1,Opción 2,0,1.3,5.333333333333333,-1,-1,-1,Hombre,2,6,2400,-1,-1,-1,-1,0.6666666666666666,0.3333333333333333,0.0,0.0,0.0,0.1666666666666666,0.3333333333333333,0.3333333333333333,-0.1666666666666666,0.0
Suj_059,Respuestas de formulario 5,AEF,Bloque_SIN,1,Bloque_3,2,Opción 1,1,1.3,5.333333333333333,-1,-1,-1,Hombre,2,6,0,-1,-1,-1,-1,0.6666666666666666,0.3333333333333333,0.0,0.0,0.0,0.1666666666666666,0.3333333333333333,0.3333333333333333,-0.1666666666666666,0.0
Suj_059,Respuestas de formulario 5,AJK,Bloque_SIN,1,Bloque_1,3,Opción 2,0,1.3,5.333333333333333,-1,-1,-1,Hombre,2,6,0,-1,-1,-1,-1,0.6666666666666666,0.3333333333333333,0.0,0.0,0.0,0.1666666666666666,0.3333333333333333,0.3333333333333333,-0.1666666666666666,0.0
Suj_059,Respuestas de formulario 5,AGH,Bloque_SIN,1,Bloque_9,4,Opción 1,1,1.3,5.333333333333333,-1,-1,-1,Hombre,2,6,1000,-1,-1,-1,-1,0.6666666666666666,0.3333333333333333,0.0,0.0,0.0,0.1666666666666666,0.3333333333333333,0.3333333333333333,-0.1666666666666666,0.0
Suj_059,Respuestas de formulario 5,ALM,Bloque_SIN,1,Bloque_5,5,Opción 2,0,1.3,5.333333333333333,-1,-1,-1,Hombre,2,6,2000,-1,-1,-1,-1,0.6666666666666666,0.3333333333333333,0.0,0.0,0.0,0.1666666666666666,0.3333333333333333,0.3333333333333333,-0.1666666666666666,0.0
Suj_059,Respuestas de formulario 5,AQS,Bloque_SIN,1,Bloque_11,6,Opción 2,0,1.3,5.333333333333333,-1,-1,-1,Hombre,2,6,1200,-1,-1,-1,-1,0.6666666666666666,0.3333333333333333,0.0,0.0,0.0,0.1666666666666666,0.3333333333333333,0.3333333333333333,-0.1666666666666666,0.0
Suj_059,Respuestas de formulario 5,ABC,Bloque_CON,2,Bloque_7,1,Opción 2,0,1.3,5.333333333333333,-1,-1,-1,Hombre,2,6,2400,-1,-1,-1,-1,0.6666666666666666,0.3333333333333333,0.0,0.0,0.0,0.1666666666666666,0.3333333333333333,0.3333333333333333,-0.1666666666666666,0.0
Suj_059,Respuestas de formulario 5,AEF,Bloque_CON,2,Bloque_3,2,Opción 1,1,1.3,5.333333333333333,-1,-1,-1,Hombre,2,6,0,-1,-1,-1,-1,0.6666666666666666,0.3333333333333333,0.0,0.0,0.0,0.1666666666666666,0.3333333333333333,0.3333333333333333,-0.1666666666666666,0.0
Suj_059,Respuestas de formulario 5,AJK,Bloque_CON,2,Bloque_1,3,Opción 2,0,1.3,5.333333333333333,-1,-1,-1,Hombre,2,6,0,-1,-1,-1,-1,0.6666666666666666,0.3333333333333333,0.0,0.0,0.0,0.1666666666666666,0.3333333333333333,0.3333333333333333,-0.1666666666666666,0.0
Suj_059,Respuestas de formulario 5,AGH,Bloque_CON,2,Bloque_9,4,Opción 2,0,1.3,5.333333333333333,-1,-1,-1,Hombre,2,6,1000,-1,-1,-1,-1,0.6666666666666666,0.3333333333333333,0.0,0.0,0.0,0.1666666666666666,0.3333333333333333,0.3333333333333333,-0.1666666666666666,0.0
Suj_059,Respuestas de formulario 5,ALM,Bloque_CON,2,Bloque_5,5,Opción 2,0,1.3,5.333333333333333,-1,-1,-1,Hombre,2,6,2000,-1,-1,-1,-1,0.6666666666666666,0.3333333333333333,0.0,0.0,0.0,0.1666666666666666,0.3333333333333333,0.3333333333333333,-0.1666666666666666,0.0
Suj_059,Respuestas de formulario 5,AQS,Bloque_CON,2,Bloque_11,6,Opción 2,0,1.3,5.333333333333333,-1,-1,-1,Hombre,2,6,1200,-1,-1,-1,-1,0.6666666666666666,0.3333333333333333,0.0,0.0,0.0,0.1666666666666666,0.3333333333333333,0.3333333333333333,-0.1666666666666666,0.0
Suj_059,Respuestas de formulario 5,ABC,Dist,3,Bloque_7,1,Opción 2,0,1.3,5.333333333333333,-1,-1,-1,Hombre,2,6,2400,-1,-1,-1,-1,0.6666666666666666,0.3333333333333333,0.0,0.0,0.0,0.1666666666666666,0.3333333333333333,0.3333333333333333,-0.1666666666666666,0.0
Suj_059,Respuestas de formulario 5,AEF,Dist,3,Bloque_3,2,Opción 1,1,1.3,5.333333333333333,-1,-1,-1,Hombre,2,6,0,-1,-1,-1,-1,0.6666666666666666,0.3333333333333333,0.0,0.0,0.0,0.1666666666666666,0.3333333333333333,0.3333333333333333,-0.1666666666666666,0.0
Suj_059,Respuestas de formulario 5,AJK,Dist,3,Bloque_1,3,Opción 1,1,1.3,5.333333333333333,-1,-1,-1,Hombre,2,6,0,-1,-1,-1,-1,0.6666666666666666,0.3333333333333333,0.0,0.0,0.0,0.1666666666666666,0.3333333333333333,0.3333333333333333,-0.1666666666666666,0.0
Suj_059,Respuestas de formulario 5,AGH,Dist,3,Bloque_9,4,Opción 2,0,1.3,5.333333333333333,-1,-1,-1,Hombre,2,6,1000,-1,-1,-1,-1,0.6666666666666666,0.3333333333333333,0.0,0.0,0.0,0.1666666666666666,0.3333333333333333,0.3333333333333333,-0.1666666666666666,0.0
Suj_059,Respuestas de formulario 5,ALM,Dist,3,Bloque_5,5,Opción 2,0,1.3,5.333333333333333,-1,-1,-1,Hombre,2,6,2000,-1,-1,-1,-1,0.6666666666666666,0.3333333333333333,0.0,0.0,0.0,0.1666666666666666,0.3333333333333333,0.3333333333333333,-0.1666666666666666,0.0
Suj_059,Respuestas de formulario 5,AQS,Dist,3,Bloque_11,6,Opción 2,0,1.3,5.333333333333333,-1,-1,-1,Hombre,2,6,1200,-1,-1,-1,-1,0.6666666666666666,0.3333333333333333,0.0,0.0,0.0,0.1666666666666666,0.3333333333333333,0.3333333333333333,-0.1666666666666666,0.0
Suj_066,Respuestas de formulario 6,AEF,Bloque_SIN,1,Bloque_7,1,Opción 2,0,2.6,5.166666666666667,1,1,1,Mujer,4,4,2400,1,1,1,1,0.5,0.6666666666666666,0.6666666666666666,0.3333333333333333,0.6666666666666666,0.6666666666666666,0.5,0.5,0.1666666666666666,0.0
Suj_066,Respuestas de formulario 6,AGH,Bloque_SIN,1,Bloque_3,2,Opción 1,1,2.6,5.166666666666667,1,1,1,Mujer,4,4,0,1,1,1,1,0.5,0.6666666666666666,0.6666666666666666,0.3333333333333333,0.6666666666666666,0.6666666666666666,0.5,0.5,0.1666666666666666,0.0
Suj_066,Respuestas de formulario 6,ALM,Bloque_SIN,1,Bloque_1,3,Opción 2,0,2.6,5.166666666666667,1,1,1,Mujer,4,4,0,1,1,1,1,0.5,0.6666666666666666,0.6666666666666666,0.3333333333333333,0.6666666666666666,0.6666666666666666,0.5,0.5,0.1666666666666666,0.0
Suj_066,Respuestas de formulario 6,ABC,Bloque_SIN,1,Bloque_9,4,Opción 1,1,2.6,5.166666666666667,1,1,1,Mujer,4,4,1000,1,1,1,1,0.5,0.6666666666666666,0.6666666666666666,0.3333333333333333,0.6666666666666666,0.6666666666666666,0.5,0.5,0.1666666666666666,0.0
Suj_066,Respuestas de formulario 6,AQS,Bloque_SIN,1,Bloque_5,5,Opción 2,0,2.6,5.166666666666667,1,1,1,Mujer,4,4,2000,1,1,1,1,0.5,0.6666666666666666,0.6666666666666666,0.3333333333333333,0.6666666666666666,0.6666666666666666,0.5,0.5,0.1666666666666666,0.0
Suj_066,Respuestas de formulario 6,AJK,Bloque_SIN,1,Bloque_11,6,Opción 1,1,2.6,5.166666666666667,1,1,1,Mujer,4,4,1200,1,1,1,1,0.5,0.6666666666666666,0.6666666666666666,0.3333333333333333,0.6666666666666666,0.6666666666666666,0.5,0.5,0.1666666666666666,0.0
Suj_066,Respuestas de formulario 6,AEF,Bloque_CON,2,Bloque_7,1,Opción 1,1,2.6,5.166666666666667,1,1,1,Mujer,4,4,2400,1,1,1,1,0.5,0.6666666666666666,0.6666666666666666,0.3333333333333333,0.6666666666666666,0.6666666666666666,0.5,0.5,0.1666666666666666,0.0
Suj_066,Respuestas de formulario 6,AGH,Bloque_CON,2,Bloque_3,2,Opción 2,0,2.6,5.166666666666667,1,1,1,Mujer,4,4,0,1,1,1,1,0.5,0.6666666666666666,0.6666666666666666,0.3333333333333333,0.6666666666666666,0.6666666666666666,0.5,0.5,0.1666666666666666,0.0
Suj_066,Respuestas de formulario 6,ALM,Bloque_CON,2,Bloque_1,3,Opción 1,1,2.6,5.166666666666667,1,1,1,Mujer,4,4,0,1,1,1,1,0.5,0.6666666666666666,0.6666666666666666,0.3333333333333333,0.6666666666666666,0.6666666666666666,0.5,0.5,0.1666666666666666,0.0
Suj_066,Respuestas de formulario 6,ABC,Bloque_CON,2,Bloque_9,4,Opción 1,1,2.6,5.166666666666667,1,1,1,Mujer,4,4,1000,1,1,1,1,0.5,0.6666666666666666,0.6666666666666666,0.3333333333333333,0.6666666666666666,0.6666666666666666,0.5,0.5,0.1666666666666666,0.0
Suj_066,Respuestas de formulario 6,AQS,Bloque_CON,2,Bloque_5,5,Opción 2,0,2.6,5.166666666666667,1,1,1,Mujer,4,4,2000,1,1,1,1,0.5,0.6666666666666666,0.6666666666666666,0.3333333333333333,0.6666666666666666,0.6666666666666666,0.5,0.5,0.1666666666666666,0.0
Suj_066,Respuestas de formulario 6,AJK,Bloque_CON,2,Bloque_11,6,Opción 1,1,2.6,5.166666666666667,1,1,1,Mujer,4,4,1200,1,1,1,1,0.5,0.6666666666666666,0.6666666666666666,0.3333333333333333,0.6666666666666666,0.6666666666666666,0.5,0.5,0.1666666666666666,0.0
Suj_066,Respuestas de formulario 6,AEF,Dist,3,Bloque_7,1,Opción 1,1,2.6,5.166666666666667,1,1,1,Mujer,4,4,2400,1,1,1,1,0.5,0.6666666666666666,0.6666666666666666,0.3333333333333333,0.6666666666666666,0.6666666666666666,0.5,0.5,0.1666666666666666,0.0
Suj_066,Respuestas de formulario 6,AGH,Dist,3,Bloque_3,2,Opción 2,0,2.6,5.166666666666667,1,1,1,Mujer,4,4,0,1,1,1,1,0.5,0.6666666666666666,0.6666666666666666,0.3333333333333333,0.6666666666666666,0.6666666666666666,0.5,0.5,0.1666666666666666,0.0
Suj_066,Respuestas de formulario 6,ALM,Dist,3,Bloque_1,3,Opción 1,1,2.6,5.166666666666667,1,1,1,Mujer,4,4,0,1,1,1,1,0.5,0.6666666666666666,0.6666666666666666,0.3333333333333333,0.6666666666666666,0.6666666666666666,0.5,0.5,0.1666666666666666,0.0
Suj_066,Respuestas de formulario 6,ABC,Dist,3,Bloque_9,4,Opción 2,0,2.6,5.166666666666667,1,1,1,Mujer,4,4,1000,1,1,1,1,0.5,0.6666666666666666,0.6666666666666666,0.3333333333333333,0.6666666666666666,0.6666666666666666,0.5,0.5,0.1666666666666666,0.0
Suj_066,Respuestas de formulario 6,AQS,Dist,3,Bloque_5,5,Opción 1,1,2.6,5.166666666666667,1,1,1,Mujer,4,4,2000,1,1,1,1,0.5,0.6666666666666666,0.6666666666666666,0.3333333333333333,0.6666666666666666,0.6666666666666666,0.5,0.5,0.1666666666666666,0.0
Suj_066,Respuestas de formulario 6,AJK,Dist,3,Bloque_11,6,Opción 2,0,2.6,5.166666666666667,1,1,1,Mujer,4,4,1200,1,1,1,1,0.5,0.6666666666666666,0.6666666666666666,0.3333333333333333,0.6666666666666666,0.6666666666666666,0.5,0.5,0.1666666666666666,0.0
Suj_067,Respuestas de formulario 6,AEF,Bloque_SIN,1,Bloque_7,1,Opción 2,0,1.4,5.333333333333333,0,-1,-1,Hombre,3,6,2400,0,-1,-1,-1,1.0,0.0,0.0,0.0,0.0,0.3333333333333333,0.3333333333333333,0.3333333333333333,0.0,0.0
Suj_067,Respuestas de formulario 6,AGH,Bloque_SIN,1,Bloque_3,2,Opción 1,1,1.4,5.333333333333333,0,-1,-1,Hombre,3,6,0,0,-1,-1,0,1.0,0.0,0.0,0.0,0.0,0.3333333333333333,0.3333333333333333,0.3333333333333333,0.0,0.0
Suj_067,Respuestas de formulario 6,ALM,Bloque_SIN,1,Bloque_1,3,Opción 1,1,1.4,5.333333333333333,0,-1,-1,Hombre,3,6,0,0,-1,-1,0,1.0,0.0,0.0,0.0,0.0,0.3333333333333333,0.3333333333333333,0.3333333333333333,0.0,0.0
Suj_067,Respuestas de formulario 6,ABC,Bloque_SIN,1,Bloque_9,4,Opción 2,0,1.4,5.333333333333333,0,-1,-1,Hombre,3,6,1000,0,-1,-1,-1,1.0,0.0,0.0,0.0,0.0,0.3333333333333333,0.3333333333333333,0.3333333333333333,0.0,0.0
Suj_067,Respuestas de formulario 6,AQS,Bloque_SIN,1,Bloque_5,5,Opción 2,0,1.4,5.333333333333333,0,-1,-1,Hombre,3,6,2000,0,-1,-1,-1,1.0,0.0,0.0,0.0,0.0,0.3333333333333333,0.3333333333333333,0.3333333333333333,0.0,0.0
Suj_067,Respuestas de formulario 6,AJK,Bloque_SIN,1,Bloque_11,6,Opción 2,0,1.4,5.333333333333333,0,-1,-1,Hombre,3,6,1200,0,-1,-1,-1,1.0,0.0,0.0,0.0,0.0,0.3333333333333333,0.3333333333333333,0.3333333333333333,0.0,0.0
Suj_067,Respuestas de formulario 6,AEF,Bloque_CON,2,Bloque_7,1,Opción 2,0,1.4,5.333333333333333,0,-1,-1,Hombre,3,6,2400,0,-1,-1,-1,1.0,0.0,0.0,0.0,0.0,0.3333333333333333,0.3333333333333333,0.3333333333333333,0.0,0.0
Suj_067,Respuestas de formulario 6,AGH,Bloque_CON,2,Bloque_3,2,Opción 1,1,1.4,5.333333333333333,0,-1,-1,Hombre,3,6,0,0,-1,-1,0,1.0,0.0,0.0,0.0,0.0,0.3333333333333333,0.3333333333333333,0.3333333333333333,0.0,0.0
Suj_067,Respuestas de formulario 6,ALM,Bloque_CON,2,Bloque_1,3,Opción 1,1,1.4,5.333333333333333,0,-1,-1,Hombre,3,6,0,0,-1,-1,0,1.0,0.0,0.0,0.0,0.0,0.3333333333333333,0.3333333333333333,0.3333333333333333,0.0,0.0
Suj_067,Respuestas de formulario 6,ABC,Bloque_CON,2,Bloque_9,4,Opción 2,0,1.4,5.333333333333333,0,-1,-1,Hombre,3,6,1000,0,-1,-1,-1,1.0,0.0,0.0,0.0,0.0,0.3333333333333333,0.3333333333333333,0.3333333333333333,0.0,0.0
Suj_067,Respuestas de formulario 6,AQS,Bloque_CON,2,Bloque_5,5,Opción 2,0,1.4,5.333333333333333,0,-1,-1,Hombre,3,6,2000,0,-1,-1,-1,1.0,0.0,0.0,0.0,0.0,0.3333333333333333,0.3333333333333333,0.3333333333333333,0.0,0.0
Suj_067,Respuestas de formulario 6,AJK,Bloque_CON,2,Bloque_11,6,Opción 2,0,1.4,5.333333333333333,0,-1,-1,Hombre,3,6,1200,0,-1,-1,-1,1.0,0.0,0.0,0.0,0.0,0.3333333333333333,0.3333333333333333,0.3333333333333333,0.0,0.0
Suj_067,Respuestas de formulario 6,AEF,Dist,3,Bloque_7,1,Opción 2,0,1.4,5.333333333333333,0,-1,-1,Hombre,3,6,2400,0,-1,-1,-1,1.0,0.0,0.0,0.0,0.0,0.3333333333333333,0.3333333333333333,0.3333333333333333,0.0,0.0
Suj_067,Respuestas de formulario 6,AGH,Dist,3,Bloque_3,2,Opción 1,1,1.4,5.333333333333333,0,-1,-1,Hombre,3,6,0,0,-1,-1,0,1.0,0.0,0.0,0.0,0.0,0.3333333333333333,0.3333333333333333,0.3333333333333333,0.0,0.0
Suj_067,Respuestas de formulario 6,ALM,Dist,3,Bloque_1,3,Opción 1,1,1.4,5.333333333333333,0,-1,-1,Hombre,3,6,0,0,-1,-1,0,1.0,0.0,0.0,0.0,0.0,0.3333333333333333,0.3333333333333333,0.3333333333333333,0.0,0.0
Suj_067,Respuestas de formulario 6,ABC,Dist,3,Bloque_9,4,Opción 2,0,1.4,5.333333333333333,0,-1,-1,Hombre,3,6,1000,0,-1,-1,-1,1.0,0.0,0.0,0.0,0.0,0.3333333333333333,0.3333333333333333,0.3333333333333333,0.0,0.0
Suj_067,Respuestas de formulario 6,AQS,Dist,3,Bloque_5,5,Opción 2,0,1.4,5.333333333333333,0,-1,-1,Hombre,3,6,2000,0,-1,-1,-1,1.0,0.0,0.0,0.0,0.0,0.3333333333333333,0.3333333333333333,0.3333333333333333,0.0,0.0
Suj_067,Respuestas de formulario 6,AJK,Dist,3,Bloque_11,6,Opción 2,0,1.4,5.333333333333333,0,-1,-1,Hombre,3,6,1200,0,-1,-1,-1,1.0,0.0,0.0,0.0,0.0,0.3333333333333333,0.3333333333333333,0.3333333333333333,0.0,0.0
Suj_069,Respuestas de formulario 6,AEF,Bloque_SIN,1,Bloque_7,1,Opción 2,0,2.2,5.166666666666667,1,-1,0,Mujer,4,4,2400,1,-1,0,-1,0.5,0.3333333333333333,0.6666666666666666,0.6666666666666666,0.3333333333333333,0.6666666666666666,0.5,0.3333333333333333,0.1666666666666666,0.1666666666666666
Suj_069,Respuestas de formulario 6,AGH,Bloque_SIN,1,Bloque_3,2,Opción 2,0,2.2,5.166666666666667,1,-1,0,Mujer,4,4,0,1,-1,0,1,0.5,0.3333333333333333,0.6666666666666666,0.6666666666666666,0.3333333333333333,0.6666666666666666,0.5,0.3333333333333333,0.1666666666666666,0.1666666666666666
Suj_069,Respuestas de formulario 6,ALM,Bloque_SIN,1,Bloque_1,3,Opción 1,1,2.2,5.166666666666667,1,-1,0,Mujer,4,4,0,1,-1,0,1,0.5,0.3333333333333333,0.6666666666666666,0.6666666666666666,0.3333333333333333,0.6666666666666666,0.5,0.3333333333333333,0.1666666666666666,0.1666666666666666
Suj_069,Respuestas de formulario 6,ABC,Bloque_SIN,1,Bloque_9,4,Opción 1,1,2.2,5.166666666666667,1,-1,0,Mujer,4,4,1000,1,-1,0,0,0.5,0.3333333333333333,0.6666666666666666,0.6666666666666666,0.3333333333333333,0.6666666666666666,0.5,0.3333333333333333,0.1666666666666666,0.1666666666666666
Suj_069,Respuestas de formulario 6,AQS,Bloque_SIN,1,Bloque_5,5,Opción 1,1,2.2,5.166666666666667,1,-1,0,Mujer,4,4,2000,1,-1,0,-1,0.5,0.3333333333333333,0.6666666666666666,0.6666666666666666,0.3333333333333333,0.6666666666666666,0.5,0.3333333333333333,0.1666666666666666,0.1666666666666666
Suj_069,Respuestas de formulario 6,AJK,Bloque_SIN,1,Bloque_11,6,Opción 2,0,2.2,5.166666666666667,1,-1,0,Mujer,4,4,1200,1,-1,0,0,0.5,0.3333333333333333,0.6666666666666666,0.6666666666666666,0.3333333333333333,0.6666666666666666,0.5,0.3333333333333333,0.1666666666666666,0.1666666666666666
Suj_069,Respuestas de formulario 6,AEF,Bloque_CON,2,Bloque_7,1,Opción 1,1,2.2,5.166666666666667,1,-1,0,Mujer,4,4,2400,1,-1,0,-1,0.5,0.3333333333333333,0.6666666666666666,0.6666666666666666,0.3333333333333333,0.6666666666666666,0.5,0.3333333333333333,0.1666666666666666,0.1666666666666666
Suj_069,Respuestas de formulario 6,AGH,Bloque_CON,2,Bloque_3,2,Opción 1,1,2.2,5.166666666666667,1,-1,0,Mujer,4,4,0,1,-1,0,1,0.5,0.3333333333333333,0.6666666666666666,0.6666666666666666,0.3333333333333333,0.6666666666666666,0.5,0.3333333333333333,0.1666666666666666,0.1666666666666666
Suj_069,Respuestas de formulario 6,ALM,Bloque_CON,2,Bloque_1,3,Opción 2,0,2.2,5.166666666666667,1,-1,0,Mujer,4,4,0,1,-1,0,1,0.5,0.3333333333333333,0.6666666666666666,0.6666666666666666,0.3333333333333333,0.6666666666666666,0.5,0.3333333333333333,0.1666666666666666,0.1666666666666666
Suj_069,Respuestas de formulario 6,ABC,Bloque_CON,2,Bloque_9,4,Opción 2,0,2.2,5.166666666666667,1,-1,0,Mujer,4,4,1000,1,-1,0,0,0.5,0.3333333333333333,0.6666666666666666,0.6666666666666666,0.3333333333333333,0.6666666666666666,0.5,0.3333333333333333,0.1666666666666666,0.1666666666666666
Suj_069,Respuestas de formulario 6,AQS,Bloque_CON,2,Bloque_5,5,Opción 1,1,2.2,5.166666666666667,1,-1,0,Mujer,4,4,2000,1,-1,0,-1,0.5,0.3333333333333333,0.6666666666666666,0.6666666666666666,0.3333333333333333,0.6666666666666666,0.5,0.3333333333333333,0.1666666666666666,0.1666666666666666
Suj_069,Respuestas de formulario 6,AJK,Bloque_CON,2,Bloque_11,6,Opción 1,1,2.2,5.166666666666667,1,-1,0,Mujer,4,4,1200,1,-1,0,0,0.5,0.3333333333333333,0.6666666666666666,0.6666666666666666,0.3333333333333333,0.6666666666666666,0.5,0.3333333333333333,0.1666666666666666,0.1666666666666666
Suj_069,Respuestas de formulario 6,AEF,Dist,3,Bloque_7,1,Opción 2,0,2.2,5.166666666666667,1,-1,0,Mujer,4,4,2400,1,-1,0,-1,0.5,0.3333333333333333,0.6666666666666666,0.6666666666666666,0.3333333333333333,0.6666666666666666,0.5,0.3333333333333333,0.1666666666666666,0.1666666666666666
Suj_069,Respuestas de formulario 6,AGH,Dist,3,Bloque_3,2,Opción 1,1,2.2,5.166666666666667,1,-1,0,Mujer,4,4,0,1,-1,0,1,0.5,0.3333333333333333,0.6666666666666666,0.6666666666666666,0.3333333333333333,0.6666666666666666,0.5,0.3333333333333333,0.1666666666666666,0.1666666666666666
Suj_069,Respuestas de formulario 6,ALM,Dist,3,Bloque_1,3,Opción 2,0,2.2,5.166666666666667,1,-1,0,Mujer,4,4,0,1,-1,0,1,0.5,0.3333333333333333,0.6666666666666666,0.6666666666666666,0.3333333333333333,0.6666666666666666,0.5,0.3333333333333333,0.1666666666666666,0.1666666666666666
Suj_069,Respuestas de formulario 6,ABC,Dist,3,Bloque_9,4,Opción 2,0,2.2,5.166666666666667,1,-1,0,Mujer,4,4,1000,1,-1,0,0,0.5,0.3333333333333333,0.6666666666666666,0.6666666666666666,0.3333333333333333,0.6666666666666666,0.5,0.3333333333333333,0.1666666666666666,0.1666666666666666
Suj_069,Respuestas de formulario 6,AQS,Dist,3,Bloque_5,5,Opción 2,0,2.2,5.166666666666667,1,-1,0,Mujer,4,4,2000,1,-1,0,-1,0.5,0.3333333333333333,0.6666666666666666,0.6666666666666666,0.3333333333333333,0.6666666666666666,0.5,0.3333333333333333,0.1666666666666666,0.1666666666666666
Suj_069,Respuestas de formulario 6,AJK,Dist,3,Bloque_11,6,Opción 1,1,2.2,5.166666666666667,1,-1,0,Mujer,4,4,1200,1,-1,0,0,0.5,0.3333333333333333,0.6666666666666666,0.6666666666666666,0.3333333333333333,0.6666666666666666,0.5,0.3333333333333333,0.1666666666666666,0.1666666666666666
Suj_072,Respuestas de formulario 6,AEF,Bloque_SIN,1,Bloque_7,1,Opción 2,0,1.7,5.166666666666667,0,-1,-1,Hombre,2,4,2400,0,-1,-1,-1,1.0,0.0,0.0,0.0,0.0,0.3333333333333333,0.3333333333333333,0.3333333333333333,0.0,0.0
Suj_072,Respuestas de formulario 6,AGH,Bloque_SIN,1,Bloque_3,2,Opción 1,1,1.7,5.166666666666667,0,-1,-1,Hombre,2,4,0,0,-1,-1,0,1.0,0.0,0.0,0.0,0.0,0.3333333333333333,0.3333333333333333,0.3333333333333333,0.0,0.0
Suj_072,Respuestas de formulario 6,ALM,Bloque_SIN,1,Bloque_1,3,Opción 1,1,1.7,5.166666666666667,0,-1,-1,Hombre,2,4,0,0,-1,-1,0,1.0,0.0,0.0,0.0,0.0,0.3333333333333333,0.3333333333333333,0.3333333333333333,0.0,0.0
Suj_072,Respuestas de formulario 6,ABC,Bloque_SIN,1,Bloque_9,4,Opción 2,0,1.7,5.166666666666667,0,-1,-1,Hombre,2,4,1000,0,-1,-1,-1,1.0,0.0,0.0,0.0,0.0,0.3333333333333333,0.3333333333333333,0.3333333333333333,0.0,0.0
Suj_072,Respuestas de formulario 6,AQS,Bloque_SIN,1,Bloque_5,5,Opción 2,0,1.7,5.166666666666667,0,-1,-1,Hombre,2,4,2000,0,-1,-1,-1,1.0,0.0,0.0,0.0,0.0,0.3333333333333333,0.3333333333333333,0.3333333333333333,0.0,0.0
Suj_072,Respuestas de formulario 6,AJK,Bloque_SIN,1,Bloque_11,6,Opción 2,0,1.7,5.166666666666667,0,-1,-1,Hombre,2,4,1200,0,-1,-1,-1,1.0,0.0,0.0,0.0,0.0,0.3333333333333333,0.3333333333333333,0.3333333333333333,0.0,0.0
Suj_072,Respuestas de formulario 6,AEF,Bloque_CON,2,Bloque_7,1,Opción 2,0,1.7,5.166666666666667,0,-1,-1,Hombre,2,4,2400,0,-1,-1,-1,1.0,0.0,0.0,0.0,0.0,0.3333333333333333,0.3333333333333333,0.3333333333333333,0.0,0.0
Suj_072,Respuestas de formulario 6,AGH,Bloque_CON,2,Bloque_3,2,Opción 1,1,1.7,5.166666666666667,0,-1,-1,Hombre,2,4,0,0,-1,-1,0,1.0,0.0,0.0,0.0,0.0,0.3333333333333333,0.3333333333333333,0.3333333333333333,0.0,0.0
Suj_072,Respuestas de formulario 6,ALM,Bloque_CON,2,Bloque_1,3,Opción 1,1,1.7,5.166666666666667,0,-1,-1,Hombre,2,4,0,0,-1,-1,0,1.0,0.0,0.0,0.0,0.0,0.3333333333333333,0.3333333333333333,0.3333333333333333,0.0,0.0
Suj_072,Respuestas de formulario 6,ABC,Bloque_CON,2,Bloque_9,4,Opción 2,0,1.7,5.166666666666667,0,-1,-1,Hombre,2,4,1000,0,-1,-1,-1,1.0,0.0,0.0,0.0,0.0,0.3333333333333333,0.3333333333333333,0.3333333333333333,0.0,0.0
Suj_072,Respuestas de formulario 6,AQS,Bloque_CON,2,Bloque_5,5,Opción 2,0,1.7,5.166666666666667,0,-1,-1,Hombre,2,4,2000,0,-1,-1,-1,1.0,0.0,0.0,0.0,0.0,0.3333333333333333,0.3333333333333333,0.3333333333333333,0.0,0.0
Suj_072,Respuestas de formulario 6,AJK,Bloque_CON,2,Bloque_11,6,Opción 2,0,1.7,5.166666666666667,0,-1,-1,Hombre,2,4,1200,0,-1,-1,-1,1.0,0.0,0.0,0.0,0.0,0.3333333333333333,0.3333333333333333,0.3333333333333333,0.0,0.0
Suj_072,Respuestas de formulario 6,AEF,Dist,3,Bloque_7,1,Opción 2,0,1.7,5.166666666666667,0,-1,-1,Hombre,2,4,2400,0,-1,-1,-1,1.0,0.0,0.0,0.0,0.0,0.3333333333333333,0.3333333333333333,0.3333333333333333,0.0,0.0
Suj_072,Respuestas de formulario 6,AGH,Dist,3,Bloque_3,2,Opción 1,1,1.7,5.166666666666667,0,-1,-1,Hombre,2,4,0,0,-1,-1,0,1.0,0.0,0.0,0.0,0.0,0.3333333333333333,0.3333333333333333,0.3333333333333333,0.0,0.0
Suj_072,Respuestas de formulario 6,ALM,Dist,3,Bloque_1,3,Opción 1,1,1.7,5.166666666666667,0,-1,-1,Hombre,2,4,0,0,-1,-1,0,1.0,0.0,0.0,0.0,0.0,0.3333333333333333,0.3333333333333333,0.3333333333333333,0.0,0.0
Suj_072,Respuestas de formulario 6,ABC,Dist,3,Bloque_9,4,Opción 2,0,1.7,5.166666666666667,0,-1,-1,Hombre,2,4,1000,0,-1,-1,-1,1.0,0.0,0.0,0.0,0.0,0.3333333333333333,0.3333333333333333,0.3333333333333333,0.0,0.0
Suj_072,Respuestas de formulario 6,AQS,Dist,3,Bloque_5,5,Opción 2,0,1.7,5.166666666666667,0,-1,-1,Hombre,2,4,2000,0,-1,-1,-1,1.0,0.0,0.0,0.0,0.0,0.3333333333333333,0.3333333333333333,0.3333333333333333,0.0,0.0
Suj_072,Respuestas de formulario 6,AJK,Dist,3,Bloque_11,6,Opción 2,0,1.7,5.166666666666667,0,-1,-1,Hombre,2,4,1200,0,-1,-1,-1,1.0,0.0,0.0,0.0,0.0,0.3333333333333333,0.3333333333333333,0.3333333333333333,0.0,0.0
Suj_075,Respuestas de formulario 6,AEF,Bloque_SIN,1,Bloque_7,1,Opción 2,0,3.6,4.833333333333333,-1,-1,-1,Mujer,7,5,2400,-1,-1,-1,-1,1.0,0.0,0.0,0.0,0.0,0.3333333333333333,0.3333333333333333,0.3333333333333333,0.0,0.0
Suj_075,Respuestas de formulario 6,AGH,Bloque_SIN,1,Bloque_3,2,Opción 1,1,3.6,4.833333333333333,-1,-1,-1,Mujer,7,5,0,-1,-1,-1,-1,1.0,0.0,0.0,0.0,0.0,0.3333333333333333,0.3333333333333333,0.3333333333333333,0.0,0.0
Suj_075,Respuestas de formulario 6,ALM,Bloque_SIN,1,Bloque_1,3,Opción 1,1,3.6,4.833333333333333,-1,-1,-1,Mujer,7,5,0,-1,-1,-1,-1,1.0,0.0,0.0,0.0,0.0,0.3333333333333333,0.3333333333333333,0.3333333333333333,0.0,0.0
Suj_075,Respuestas de formulario 6,ABC,Bloque_SIN,1,Bloque_9,4,Opción 2,0,3.6,4.833333333333333,-1,-1,-1,Mujer,7,5,1000,-1,-1,-1,-1,1.0,0.0,0.0,0.0,0.0,0.3333333333333333,0.3333333333333333,0.3333333333333333,0.0,0.0
Suj_075,Respuestas de formulario 6,AQS,Bloque_SIN,1,Bloque_5,5,Opción 2,0,3.6,4.833333333333333,-1,-1,-1,Mujer,7,5,2000,-1,-1,-1,-1,1.0,0.0,0.0,0.0,0.0,0.3333333333333333,0.3333333333333333,0.3333333333333333,0.0,0.0
Suj_075,Respuestas de formulario 6,AJK,Bloque_SIN,1,Bloque_11,6,Opción 2,0,3.6,4.833333333333333,-1,-1,-1,Mujer,7,5,1200,-1,-1,-1,-1,1.0,0.0,0.0,0.0,0.0,0.3333333333333333,0.3333333333333333,0.3333333333333333,0.0,0.0
Suj_075,Respuestas de formulario 6,AEF,Bloque_CON,2,Bloque_7,1,Opción 2,0,3.6,4.833333333333333,-1,-1,-1,Mujer,7,5,2400,-1,-1,-1,-1,1.0,0.0,0.0,0.0,0.0,0.3333333333333333,0.3333333333333333,0.3333333333333333,0.0,0.0
Suj_075,Respuestas de formulario 6,AGH,Bloque_CON,2,Bloque_3,2,Opción 1,1,3.6,4.833333333333333,-1,-1,-1,Mujer,7,5,0,-1,-1,-1,-1,1.0,0.0,0.0,0.0,0.0,0.3333333333333333,0.3333333333333333,0.3333333333333333,0.0,0.0
Suj_075,Respuestas de formulario 6,ALM,Bloque_CON,2,Bloque_1,3,Opción 1,1,3.6,4.833333333333333,-1,-1,-1,Mujer,7,5,0,-1,-1,-1,-1,1.0,0.0,0.0,0.0,0.0,0.3333333333333333,0.3333333333333333,0.3333333333333333,0.0,0.0
Suj_075,Respuestas de formulario 6,ABC,Bloque_CON,2,Bloque_9,4,Opción 2,0,3.6,4.833333333333333,-1,-1,-1,Mujer,7,5,1000,-1,-1,-1,-1,1.0,0.0,0.0,0.0,0.0,0.3333333333333333,0.3333333333333333,0.3333333333333333,0.0,0.0
Suj_075,Respuestas de formulario 6,AQS,Bloque_CON,2,Bloque_5,5,Opción 2,0,3.6,4.833333333333333,-1,-1,-1,Mujer,7,5,2000,-1,-1,-1,-1,1.0,0.0,0.0,0.0,0.0,0.3333333333333333,0.3333333333333333,0.3333333333333333,0.0,0.0
Suj_075,Respuestas de formulario 6,AJK,Bloque_CON,2,Bloque_11,6,Opción 2,0,3.6,4.833333333333333,-1,-1,-1,Mujer,7,5,1200,-1,-1,-1,-1,1.0,0.0,0.0,0.0,0.0,0.3333333333333333,0.3333333333333333,0.3333333333333333,0.0,0.0
Suj_075,Respuestas de formulario 6,AEF,Dist,3,Bloque_7,1,Opción 2,0,3.6,4.833333333333333,-1,-1,-1,Mujer,7,5,2400,-1,-1,-1,-1,1.0,0.0,0.0,0.0,0.0,0.3333333333333333,0.3333333333333333,0.3333333333333333,0.0,0.0
Suj_075,Respuestas de formulario 6,AGH,Dist,3,Bloque_3,2,Opción 1,1,3.6,4.833333333333333,-1,-1,-1,Mujer,7,5,0,-1,-1,-1,-1,1.0,0.0,0.0,0.0,0.0,0.3333333333333333,0.3333333333333333,0.3333333333333333,0.0,0.0
Suj_075,Respuestas de formulario 6,ALM,Dist,3,Bloque_1,3,Opción 1,1,3.6,4.833333333333333,-1,-1,-1,Mujer,7,5,0,-1,-1,-1,-1,1.0,0.0,0.0,0.0,0.0,0.3333333333333333,0.3333333333333333,0.3333333333333333,0.0,0.0
Suj_075,Respuestas de formulario 6,ABC,Dist,3,Bloque_9,4,Opción 2,0,3.6,4.833333333333333,-1,-1,-1,Mujer,7,5,1000,-1,-1,-1,-1,1.0,0.0,0.0,0.0,0.0,0.3333333333333333,0.3333333333333333,0.3333333333333333,0.0,0.0
Suj_075,Respuestas de formulario 6,AQS,Dist,3,Bloque_5,5,Opción 2,0,3.6,4.833333333333333,-1,-1,-1,Mujer,7,5,2000,-1,-1,-1,-1,1.0,0.0,0.0,0.0,0.0,0.3333333333333333,0.3333333333333333,0.3333333333333333,0.0,0.0
Suj_075,Respuestas de formulario 6,AJK,Dist,3,Bloque_11,6,Opción 2,0,3.6,4.833333333333333,-1,-1,-1,Mujer,7,5,1200,-1,-1,-1,-1,1.0,0.0,0.0,0.0,0.0,0.3333333333333333,0.3333333333333333,0.3333333333333333,0.0,0.0
Suj_078,Respuestas de formulario 7,ALM,Bloque_SIN,1,Bloque_9,1,Opción 2,0,1.8,5.166666666666667,-1,-1,-1,Mujer,3,7,1000,-1,-1,-1,-1,0.8333333333333334,0.0,0.0,0.0,0.0,0.3333333333333333,0.1666666666666666,0.3333333333333333,0.1666666666666666,-0.1666666666666666
Suj_078,Respuestas de formulario 7,ABC,Bloque_SIN,1,Bloque_1,2,Opción 1,1,1.8,5.166666666666667,-1,-1,-1,Mujer,3,7,0,-1,-1,-1,-1,0.8333333333333334,0.0,0.0,0.0,0.0,0.3333333333333333,0.1666666666666666,0.3333333333333333,0.1666666666666666,-0.1666666666666666
Suj_078,Respuestas de formulario 7,AQS,Bloque_SIN,1,Bloque_5,3,Opción 2,0,1.8,5.166666666666667,-1,-1,-1,Mujer,3,7,2000,-1,-1,-1,-1,0.8333333333333334,0.0,0.0,0.0,0.0,0.3333333333333333,0.1666666666666666,0.3333333333333333,0.1666666666666666,-0.1666666666666666
Suj_078,Respuestas de formulario 7,AEF,Bloque_SIN,1,Bloque_11,4,Opción 2,0,1.8,5.166666666666667,-1,-1,-1,Mujer,3,7,1200,-1,-1,-1,-1,0.8333333333333334,0.0,0.0,0.0,0.0,0.3333333333333333,0.1666666666666666,0.3333333333333333,0.1666666666666666,-0.1666666666666666
Suj_078,Respuestas de formulario 7,AGH,Bloque_SIN,1,Bloque_3,5,Opción 2,0,1.8,5.166666666666667,-1,-1,-1,Mujer,3,7,0,-1,-1,-1,-1,0.8333333333333334,0.0,0.0,0.0,0.0,0.3333333333333333,0.1666666666666666,0.3333333333333333,0.1666666666666666,-0.1666666666666666
Suj_078,Respuestas de formulario 7,AJK,Bloque_SIN,1,Bloque_7,6,Opción 2,0,1.8,5.166666666666667,-1,-1,-1,Mujer,3,7,2400,-1,-1,-1,-1,0.8333333333333334,0.0,0.0,0.0,0.0,0.3333333333333333,0.1666666666666666,0.3333333333333333,0.1666666666666666,-0.1666666666666666
Suj_078,Respuestas de formulario 7,ALM,Dist,2,Bloque_9,1,Opción 2,0,1.8,5.166666666666667,-1,-1,-1,Mujer,3,7,1000,-1,-1,-1,-1,0.8333333333333334,0.0,0.0,0.0,0.0,0.3333333333333333,0.1666666666666666,0.3333333333333333,0.1666666666666666,-0.1666666666666666
Suj_078,Respuestas de formulario 7,ABC,Dist,2,Bloque_1,2,Opción 1,1,1.8,5.166666666666667,-1,-1,-1,Mujer,3,7,0,-1,-1,-1,-1,0.8333333333333334,0.0,0.0,0.0,0.0,0.3333333333333333,0.1666666666666666,0.3333333333333333,0.1666666666666666,-0.1666666666666666
Suj_078,Respuestas de formulario 7,AQS,Dist,2,Bloque_5,3,Opción 2,0,1.8,5.166666666666667,-1,-1,-1,Mujer,3,7,2000,-1,-1,-1,-1,0.8333333333333334,0.0,0.0,0.0,0.0,0.3333333333333333,0.1666666666666666,0.3333333333333333,0.1666666666666666,-0.1666666666666666
Suj_078,Respuestas de formulario 7,AEF,Dist,2,Bloque_11,4,Opción 2,0,1.8,5.166666666666667,-1,-1,-1,Mujer,3,7,1200,-1,-1,-1,-1,0.8333333333333334,0.0,0.0,0.0,0.0,0.3333333333333333,0.1666666666666666,0.3333333333333333,0.1666666666666666,-0.1666666666666666
Suj_078,Respuestas de formulario 7,AGH,Dist,2,Bloque_3,5,Opción 1,1,1.8,5.166666666666667,-1,-1,-1,Mujer,3,7,0,-1,-1,-1,-1,0.8333333333333334,0.0,0.0,0.0,0.0,0.3333333333333333,0.1666666666666666,0.3333333333333333,0.1666666666666666,-0.1666666666666666
Suj_078,Respuestas de formulario 7,AJK,Dist,2,Bloque_7,6,Opción 2,0,1.8,5.166666666666667,-1,-1,-1,Mujer,3,7,2400,-1,-1,-1,-1,0.8333333333333334,0.0,0.0,0.0,0.0,0.3333333333333333,0.1666666666666666,0.3333333333333333,0.1666666666666666,-0.1666666666666666
Suj_078,Respuestas de formulario 7,ALM,Bloque_CON,3,Bloque_9,1,Opción 2,0,1.8,5.166666666666667,-1,-1,-1,Mujer,3,7,1000,-1,-1,-1,-1,0.8333333333333334,0.0,0.0,0.0,0.0,0.3333333333333333,0.1666666666666666,0.3333333333333333,0.1666666666666666,-0.1666666666666666
Suj_078,Respuestas de formulario 7,ABC,Bloque_CON,3,Bloque_1,2,Opción 1,1,1.8,5.166666666666667,-1,-1,-1,Mujer,3,7,0,-1,-1,-1,-1,0.8333333333333334,0.0,0.0,0.0,0.0,0.3333333333333333,0.1666666666666666,0.3333333333333333,0.1666666666666666,-0.1666666666666666
Suj_078,Respuestas de formulario 7,AQS,Bloque_CON,3,Bloque_5,3,Opción 2,0,1.8,5.166666666666667,-1,-1,-1,Mujer,3,7,2000,-1,-1,-1,-1,0.8333333333333334,0.0,0.0,0.0,0.0,0.3333333333333333,0.1666666666666666,0.3333333333333333,0.1666666666666666,-0.1666666666666666
Suj_078,Respuestas de formulario 7,AEF,Bloque_CON,3,Bloque_11,4,Opción 2,0,1.8,5.166666666666667,-1,-1,-1,Mujer,3,7,1200,-1,-1,-1,-1,0.8333333333333334,0.0,0.0,0.0,0.0,0.3333333333333333,0.1666666666666666,0.3333333333333333,0.1666666666666666,-0.1666666666666666
Suj_078,Respuestas de formulario 7,AGH,Bloque_CON,3,Bloque_3,5,Opción 1,1,1.8,5.166666666666667,-1,-1,-1,Mujer,3,7,0,-1,-1,-1,-1,0.8333333333333334,0.0,0.0,0.0,0.0,0.3333333333333333,0.1666666666666666,0.3333333333333333,0.1666666666666666,-0.1666666666666666
Suj_078,Respuestas de formulario 7,AJK,Bloque_CON,3,Bloque_7,6,Opción 2,0,1.8,5.166666666666667,-1,-1,-1,Mujer,3,7,2400,-1,-1,-1,-1,0.8333333333333334,0.0,0.0,0.0,0.0,0.3333333333333333,0.1666666666666666,0.3333333333333333,0.1666666666666666,-0.1666666666666666
Suj_079,Respuestas de formulario 7,ALM,Bloque_SIN,1,Bloque_9,1,Opción 1,1,2.4,5.166666666666667,0,0,0,Mujer,4,7,1000,0,0,0,0,1.0,1.0,1.0,1.0,1.0,1.0,1.0,1.0,0.0,0.0
Suj_079,Respuestas de formulario 7,ABC,Bloque_SIN,1,Bloque_1,2,Opción 1,1,2.4,5.166666666666667,0,0,0,Mujer,4,7,0,0,0,0,0,1.0,1.0,1.0,1.0,1.0,1.0,1.0,1.0,0.0,0.0
Suj_079,Respuestas de formulario 7,AQS,Bloque_SIN,1,Bloque_5,3,Opción 1,1,2.4,5.166666666666667,0,0,0,Mujer,4,7,2000,0,0,0,0,1.0,1.0,1.0,1.0,1.0,1.0,1.0,1.0,0.0,0.0
Suj_079,Respuestas de formulario 7,AEF,Bloque_SIN,1,Bloque_11,4,Opción 1,1,2.4,5.166666666666667,0,0,0,Mujer,4,7,1200,0,0,0,0,1.0,1.0,1.0,1.0,1.0,1.0,1.0,1.0,0.0,0.0
Suj_079,Respuestas de formulario 7,AGH,Bloque_SIN,1,Bloque_3,5,Opción 1,1,2.4,5.166666666666667,0,0,0,Mujer,4,7,0,0,0,0,0,1.0,1.0,1.0,1.0,1.0,1.0,1.0,1.0,0.0,0.0
Suj_079,Respuestas de formulario 7,AJK,Bloque_SIN,1,Bloque_7,6,Opción 1,1,2.4,5.166666666666667,0,0,0,Mujer,4,7,2400,0,0,0,0,1.0,1.0,1.0,1.0,1.0,1.0,1.0,1.0,0.0,0.0
Suj_079,Respuestas de formulario 7,ALM,Dist,2,Bloque_9,1,Opción 1,1,2.4,5.166666666666667,0,0,0,Mujer,4,7,1000,0,0,0,0,1.0,1.0,1.0,1.0,1.0,1.0,1.0,1.0,0.0,0.0
Suj_079,Respuestas de formulario 7,ABC,Dist,2,Bloque_1,2,Opción 1,1,2.4,5.166666666666667,0,0,0,Mujer,4,7,0,0,0,0,0,1.0,1.0,1.0,1.0,1.0,1.0,1.0,1.0,0.0,0.0
Suj_079,Respuestas de formulario 7,AQS,Dist,2,Bloque_5,3,Opción 1,1,2.4,5.166666666666667,0,0,0,Mujer,4,7,2000,0,0,0,0,1.0,1.0,1.0,1.0,1.0,1.0,1.0,1.0,0.0,0.0
Suj_079,Respuestas de formulario 7,AEF,Dist,2,Bloque_11,4,Opción 1,1,2.4,5.166666666666667,0,0,0,Mujer,4,7,1200,0,0,0,0,1.0,1.0,1.0,1.0,1.0,1.0,1.0,1.0,0.0,0.0
Suj_079,Respuestas de formulario 7,AGH,Dist,2,Bloque_3,5,Opción 1,1,2.4,5.166666666666667,0,0,0,Mujer,4,7,0,0,0,0,0,1.0,1.0,1.0,1.0,1.0,1.0,1.0,1.0,0.0,0.0
Suj_079,Respuestas de formulario 7,AJK,Dist,2,Bloque_7,6,Opción 1,1,2.4,5.166666666666667,0,0,0,Mujer,4,7,2400,0,0,0,0,1.0,1.0,1.0,1.0,1.0,1.0,1.0,1.0,0.0,0.0
Suj_079,Respuestas de formulario 7,ALM,Bloque_CON,3,Bloque_9,1,Opción 1,1,2.4,5.166666666666667,0,0,0,Mujer,4,7,1000,0,0,0,0,1.0,1.0,1.0,1.0,1.0,1.0,1.0,1.0,0.0,0.0
Suj_079,Respuestas de formulario 7,ABC,Bloque_CON,3,Bloque_1,2,Opción 1,1,2.4,5.166666666666667,0,0,0,Mujer,4,7,0,0,0,0,0,1.0,1.0,1.0,1.0,1.0,1.0,1.0,1.0,0.0,0.0
Suj_079,Respuestas de formulario 7,AQS,Bloque_CON,3,Bloque_5,3,Opción 1,1,2.4,5.166666666666667,0,0,0,Mujer,4,7,2000,0,0,0,0,1.0,1.0,1.0,1.0,1.0,1.0,1.0,1.0,0.0,0.0
Suj_079,Respuestas de formulario 7,AEF,Bloque_CON,3,Bloque_11,4,Opción 1,1,2.4,5.166666666666667,0,0,0,Mujer,4,7,1200,0,0,0,0,1.0,1.0,1.0,1.0,1.0,1.0,1.0,1.0,0.0,0.0
Suj_079,Respuestas de formulario 7,AGH,Bloque_CON,3,Bloque_3,5,Opción 1,1,2.4,5.166666666666667,0,0,0,Mujer,4,7,0,0,0,0,0,1.0,1.0,1.0,1.0,1.0,1.0,1.0,1.0,0.0,0.0
Suj_079,Respuestas de formulario 7,AJK,Bloque_CON,3,Bloque_7,6,Opción 1,1,2.4,5.166666666666667,0,0,0,Mujer,4,7,2400,0,0,0,0,1.0,1.0,1.0,1.0,1.0,1.0,1.0,1.0,0.0,0.0
Suj_082,Respuestas de formulario 7,ALM,Bloque_SIN,1,Bloque_9,1,Opción 2,0,1.9,5.0,1,-1,-1,Mujer,4,4,1000,1,-1,-1,-1,0.1666666666666666,0.0,0.3333333333333333,0.0,0.0,0.1666666666666666,0.1666666666666666,0.0,0.0,0.1666666666666666
Suj_082,Respuestas de formulario 7,ABC,Bloque_SIN,1,Bloque_1,2,Opción 1,1,1.9,5.0,1,-1,-1,Mujer,4,4,0,1,-1,-1,1,0.1666666666666666,0.0,0.3333333333333333,0.0,0.0,0.1666666666666666,0.1666666666666666,0.0,0.0,0.1666666666666666
Suj_082,Respuestas de formulario 7,AQS,Bloque_SIN,1,Bloque_5,3,Opción 2,0,1.9,5.0,1,-1,-1,Mujer,4,4,2000,1,-1,-1,-1,0.1666666666666666,0.0,0.3333333333333333,0.0,0.0,0.1666666666666666,0.1666666666666666,0.0,0.0,0.1666666666666666
Suj_082,Respuestas de formulario 7,AEF,Bloque_SIN,1,Bloque_11,4,Opción 2,0,1.9,5.0,1,-1,-1,Mujer,4,4,1200,1,-1,-1,-1,0.1666666666666666,0.0,0.3333333333333333,0.0,0.0,0.1666666666666666,0.1666666666666666,0.0,0.0,0.1666666666666666
Suj_082,Respuestas de formulario 7,AGH,Bloque_SIN,1,Bloque_3,5,Opción 2,0,1.9,5.0,1,-1,-1,Mujer,4,4,0,1,-1,-1,1,0.1666666666666666,0.0,0.3333333333333333,0.0,0.0,0.1666666666666666,0.1666666666666666,0.0,0.0,0.1666666666666666
Suj_082,Respuestas de formulario 7,AJK,Bloque_SIN,1,Bloque_7,6,Opción 2,0,1.9,5.0,1,-1,-1,Mujer,4,4,2400,1,-1,-1,-1,0.1666666666666666,0.0,0.3333333333333333,0.0,0.0,0.1666666666666666,0.1666666666666666,0.0,0.0,0.1666666666666666
Suj_082,Respuestas de formulario 7,ALM,Dist,2,Bloque_9,1,Opción 2,0,1.9,5.0,1,-1,-1,Mujer,4,4,1000,1,-1,-1,-1,0.1666666666666666,0.0,0.3333333333333333,0.0,0.0,0.1666666666666666,0.1666666666666666,0.0,0.0,0.1666666666666666
Suj_082,Respuestas de formulario 7,ABC,Dist,2,Bloque_1,2,Opción 2,0,1.9,5.0,1,-1,-1,Mujer,4,4,0,1,-1,-1,1,0.1666666666666666,0.0,0.3333333333333333,0.0,0.0,0.1666666666666666,0.1666666666666666,0.0,0.0,0.1666666666666666
Suj_082,Respuestas de formulario 7,AQS,Dist,2,Bloque_5,3,Opción 2,0,1.9,5.0,1,-1,-1,Mujer,4,4,2000,1,-1,-1,-1,0.1666666666666666,0.0,0.3333333333333333,0.0,0.0,0.1666666666666666,0.1666666666666666,0.0,0.0,0.1666666666666666
Suj_082,Respuestas de formulario 7,AEF,Dist,2,Bloque_11,4,Opción 2,0,1.9,5.0,1,-1,-1,Mujer,4,4,1200,1,-1,-1,-1,0.1666666666666666,0.0,0.3333333333333333,0.0,0.0,0.1666666666666666,0.1666666666666666,0.0,0.0,0.1666666666666666
Suj_082,Respuestas de formulario 7,AGH,Dist,2,Bloque_3,5,Opción 2,0,1.9,5.0,1,-1,-1,Mujer,4,4,0,1,-1,-1,1,0.1666666666666666,0.0,0.3333333333333333,0.0,0.0,0.1666666666666666,0.1666666666666666,0.0,0.0,0.1666666666666666
Suj_082,Respuestas de formulario 7,AJK,Dist,2,Bloque_7,6,Opción 2,0,1.9,5.0,1,-1,-1,Mujer,4,4,2400,1,-1,-1,-1,0.1666666666666666,0.0,0.3333333333333333,0.0,0.0,0.1666666666666666,0.1666666666666666,0.0,0.0,0.1666666666666666
Suj_082,Respuestas de formulario 7,ALM,Bloque_CON,3,Bloque_9,1,Opción 2,0,1.9,5.0,1,-1,-1,Mujer,4,4,1000,1,-1,-1,-1,0.1666666666666666,0.0,0.3333333333333333,0.0,0.0,0.1666666666666666,0.1666666666666666,0.0,0.0,0.1666666666666666
Suj_082,Respuestas de formulario 7,ABC,Bloque_CON,3,Bloque_1,2,Opción 2,0,1.9,5.0,1,-1,-1,Mujer,4,4,0,1,-1,-1,1,0.1666666666666666,0.0,0.3333333333333333,0.0,0.0,0.1666666666666666,0.1666666666666666,0.0,0.0,0.1666666666666666
Suj_082,Respuestas de formulario 7,AQS,Bloque_CON,3,Bloque_5,3,Opción 2,0,1.9,5.0,1,-1,-1,Mujer,4,4,2000,1,-1,-1,-1,0.1666666666666666,0.0,0.3333333333333333,0.0,0.0,0.1666666666666666,0.1666666666666666,0.0,0.0,0.1666666666666666
Suj_082,Respuestas de formulario 7,AEF,Bloque_CON,3,Bloque_11,4,Opción 1,1,1.9,5.0,1,-1,-1,Mujer,4,4,1200,1,-1,-1,-1,0.1666666666666666,0.0,0.3333333333333333,0.0,0.0,0.1666666666666666,0.1666666666666666,0.0,0.0,0.1666666666666666
Suj_082,Respuestas de formulario 7,AGH,Bloque_CON,3,Bloque_3,5,Opción 2,0,1.9,5.0,1,-1,-1,Mujer,4,4,0,1,-1,-1,1,0.1666666666666666,0.0,0.3333333333333333,0.0,0.0,0.1666666666666666,0.1666666666666666,0.0,0.0,0.1666666666666666
Suj_082,Respuestas de formulario 7,AJK,Bloque_CON,3,Bloque_7,6,Opción 2,0,1.9,5.0,1,-1,-1,Mujer,4,4,2400,1,-1,-1,-1,0.1666666666666666,0.0,0.3333333333333333,0.0,0.0,0.1666666666666666,0.1666666666666666,0.0,0.0,0.1666666666666666
Suj_089,Respuestas de formulario 8,AQS,Bloque_SIN,1,Bloque_9,1,Opción 2,0,3.1,5.333333333333333,0,-1,-1,Mujer,5,6,1000,0,-1,-1,-1,0.8333333333333334,0.0,0.0,0.0,0.0,0.3333333333333333,0.1666666666666666,0.3333333333333333,0.1666666666666666,-0.1666666666666666
Suj_089,Respuestas de formulario 8,AJK,Bloque_SIN,1,Bloque_1,2,Opción 1,1,3.1,5.333333333333333,0,-1,-1,Mujer,5,6,0,0,-1,-1,0,0.8333333333333334,0.0,0.0,0.0,0.0,0.3333333333333333,0.1666666666666666,0.3333333333333333,0.1666666666666666,-0.1666666666666666
Suj_089,Respuestas de formulario 8,ABC,Bloque_SIN,1,Bloque_5,3,Opción 2,0,3.1,5.333333333333333,0,-1,-1,Mujer,5,6,2000,0,-1,-1,-1,0.8333333333333334,0.0,0.0,0.0,0.0,0.3333333333333333,0.1666666666666666,0.3333333333333333,0.1666666666666666,-0.1666666666666666
Suj_089,Respuestas de formulario 8,ALM,Bloque_SIN,1,Bloque_11,4,Opción 2,0,3.1,5.333333333333333,0,-1,-1,Mujer,5,6,1200,0,-1,-1,-1,0.8333333333333334,0.0,0.0,0.0,0.0,0.3333333333333333,0.1666666666666666,0.3333333333333333,0.1666666666666666,-0.1666666666666666
Suj_089,Respuestas de formulario 8,AEF,Bloque_SIN,1,Bloque_3,5,Opción 2,0,3.1,5.333333333333333,0,-1,-1,Mujer,5,6,0,0,-1,-1,0,0.8333333333333334,0.0,0.0,0.0,0.0,0.3333333333333333,0.1666666666666666,0.3333333333333333,0.1666666666666666,-0.1666666666666666
Suj_089,Respuestas de formulario 8,AGH,Bloque_SIN,1,Bloque_7,6,Opción 2,0,3.1,5.333333333333333,0,-1,-1,Mujer,5,6,2400,0,-1,-1,-1,0.8333333333333334,0.0,0.0,0.0,0.0,0.3333333333333333,0.1666666666666666,0.3333333333333333,0.1666666666666666,-0.1666666666666666
Suj_089,Respuestas de formulario 8,AQS,Dist,2,Bloque_9,1,Opción 2,0,3.1,5.333333333333333,0,-1,-1,Mujer,5,6,1000,0,-1,-1,-1,0.8333333333333334,0.0,0.0,0.0,0.0,0.3333333333333333,0.1666666666666666,0.3333333333333333,0.1666666666666666,-0.1666666666666666
Suj_089,Respuestas de formulario 8,AJK,Dist,2,Bloque_1,2,Opción 1,1,3.1,5.333333333333333,0,-1,-1,Mujer,5,6,0,0,-1,-1,0,0.8333333333333334,0.0,0.0,0.0,0.0,0.3333333333333333,0.1666666666666666,0.3333333333333333,0.1666666666666666,-0.1666666666666666
Suj_089,Respuestas de formulario 8,ABC,Dist,2,Bloque_5,3,Opción 2,0,3.1,5.333333333333333,0,-1,-1,Mujer,5,6,2000,0,-1,-1,-1,0.8333333333333334,0.0,0.0,0.0,0.0,0.3333333333333333,0.1666666666666666,0.3333333333333333,0.1666666666666666,-0.1666666666666666
Suj_089,Respuestas de formulario 8,ALM,Dist,2,Bloque_11,4,Opción 2,0,3.1,5.333333333333333,0,-1,-1,Mujer,5,6,1200,0,-1,-1,-1,0.8333333333333334,0.0,0.0,0.0,0.0,0.3333333333333333,0.1666666666666666,0.3333333333333333,0.1666666666666666,-0.1666666666666666
Suj_089,Respuestas de formulario 8,AEF,Dist,2,Bloque_3,5,Opción 1,1,3.1,5.333333333333333,0,-1,-1,Mujer,5,6,0,0,-1,-1,0,0.8333333333333334,0.0,0.0,0.0,0.0,0.3333333333333333,0.1666666666666666,0.3333333333333333,0.1666666666666666,-0.1666666666666666
Suj_089,Respuestas de formulario 8,AGH,Dist,2,Bloque_7,6,Opción 2,0,3.1,5.333333333333333,0,-1,-1,Mujer,5,6,2400,0,-1,-1,-1,0.8333333333333334,0.0,0.0,0.0,0.0,0.3333333333333333,0.1666666666666666,0.3333333333333333,0.1666666666666666,-0.1666666666666666
Suj_089,Respuestas de formulario 8,AQS,Bloque_CON,3,Bloque_9,1,Opción 2,0,3.1,5.333333333333333,0,-1,-1,Mujer,5,6,1000,0,-1,-1,-1,0.8333333333333334,0.0,0.0,0.0,0.0,0.3333333333333333,0.1666666666666666,0.3333333333333333,0.1666666666666666,-0.1666666666666666
Suj_089,Respuestas de formulario 8,AJK,Bloque_CON,3,Bloque_1,2,Opción 1,1,3.1,5.333333333333333,0,-1,-1,Mujer,5,6,0,0,-1,-1,0,0.8333333333333334,0.0,0.0,0.0,0.0,0.3333333333333333,0.1666666666666666,0.3333333333333333,0.1666666666666666,-0.1666666666666666
Suj_089,Respuestas de formulario 8,ABC,Bloque_CON,3,Bloque_5,3,Opción 2,0,3.1,5.333333333333333,0,-1,-1,Mujer,5,6,2000,0,-1,-1,-1,0.8333333333333334,0.0,0.0,0.0,0.0,0.3333333333333333,0.1666666666666666,0.3333333333333333,0.1666666666666666,-0.1666666666666666
Suj_089,Respuestas de formulario 8,ALM,Bloque_CON,3,Bloque_11,4,Opción 2,0,3.1,5.333333333333333,0,-1,-1,Mujer,5,6,1200,0,-1,-1,-1,0.8333333333333334,0.0,0.0,0.0,0.0,0.3333333333333333,0.1666666666666666,0.3333333333333333,0.1666666666666666,-0.1666666666666666
Suj_089,Respuestas de formulario 8,AEF,Bloque_CON,3,Bloque_3,5,Opción 1,1,3.1,5.333333333333333,0,-1,-1,Mujer,5,6,0,0,-1,-1,0,0.8333333333333334,0.0,0.0,0.0,0.0,0.3333333333333333,0.1666666666666666,0.3333333333333333,0.1666666666666666,-0.1666666666666666
Suj_089,Respuestas de formulario 8,AGH,Bloque_CON,3,Bloque_7,6,Opción 2,0,3.1,5.333333333333333,0,-1,-1,Mujer,5,6,2400,0,-1,-1,-1,0.8333333333333334,0.0,0.0,0.0,0.0,0.3333333333333333,0.1666666666666666,0.3333333333333333,0.1666666666666666,-0.1666666666666666
Suj_098,Respuestas de formulario 8,AQS,Bloque_SIN,1,Bloque_9,1,Opción 1,1,1.5,4.833333333333333,0,1,1,Mujer,5,6,1000,0,1,1,1,0.5,0.6666666666666666,0.6666666666666666,0.6666666666666666,0.0,0.5,0.5,0.5,0.0,0.0
Suj_098,Respuestas de formulario 8,AJK,Bloque_SIN,1,Bloque_1,2,Opción 1,1,1.5,4.833333333333333,0,1,1,Mujer,5,6,0,0,1,1,0,0.5,0.6666666666666666,0.6666666666666666,0.6666666666666666,0.0,0.5,0.5,0.5,0.0,0.0
Suj_098,Respuestas de formulario 8,ABC,Bloque_SIN,1,Bloque_5,3,Opción 2,0,1.5,4.833333333333333,0,1,1,Mujer,5,6,2000,0,1,1,1,0.5,0.6666666666666666,0.6666666666666666,0.6666666666666666,0.0,0.5,0.5,0.5,0.0,0.0
Suj_098,Respuestas de formulario 8,ALM,Bloque_SIN,1,Bloque_11,4,Opción 1,1,1.5,4.833333333333333,0,1,1,Mujer,5,6,1200,0,1,1,1,0.5,0.6666666666666666,0.6666666666666666,0.6666666666666666,0.0,0.5,0.5,0.5,0.0,0.0
Suj_098,Respuestas de formulario 8,AEF,Bloque_SIN,1,Bloque_3,5,Opción 2,0,1.5,4.833333333333333,0,1,1,Mujer,5,6,0,0,1,1,0,0.5,0.6666666666666666,0.6666666666666666,0.6666666666666666,0.0,0.5,0.5,0.5,0.0,0.0
Suj_098,Respuestas de formulario 8,AGH,Bloque_SIN,1,Bloque_7,6,Opción 2,0,1.5,4.833333333333333,0,1,1,Mujer,5,6,2400,0,1,1,1,0.5,0.6666666666666666,0.6666666666666666,0.6666666666666666,0.0,0.5,0.5,0.5,0.0,0.0
Suj_098,Respuestas de formulario 8,AQS,Dist,2,Bloque_9,1,Opción 1,1,1.5,4.833333333333333,0,1,1,Mujer,5,6,1000,0,1,1,1,0.5,0.6666666666666666,0.6666666666666666,0.6666666666666666,0.0,0.5,0.5,0.5,0.0,0.0
Suj_098,Respuestas de formulario 8,AJK,Dist,2,Bloque_1,2,Opción 1,1,1.5,4.833333333333333,0,1,1,Mujer,5,6,0,0,1,1,0,0.5,0.6666666666666666,0.6666666666666666,0.6666666666666666,0.0,0.5,0.5,0.5,0.0,0.0
Suj_098,Respuestas de formulario 8,ABC,Dist,2,Bloque_5,3,Opción 1,1,1.5,4.833333333333333,0,1,1,Mujer,5,6,2000,0,1,1,1,0.5,0.6666666666666666,0.6666666666666666,0.6666666666666666,0.0,0.5,0.5,0.5,0.0,0.0
Suj_098,Respuestas de formulario 8,ALM,Dist,2,Bloque_11,4,Opción 2,0,1.5,4.833333333333333,0,1,1,Mujer,5,6,1200,0,1,1,1,0.5,0.6666666666666666,0.6666666666666666,0.6666666666666666,0.0,0.5,0.5,0.5,0.0,0.0
Suj_098,Respuestas de formulario 8,AEF,Dist,2,Bloque_3,5,Opción 2,0,1.5,4.833333333333333,0,1,1,Mujer,5,6,0,0,1,1,0,0.5,0.6666666666666666,0.6666666666666666,0.6666666666666666,0.0,0.5,0.5,0.5,0.0,0.0
Suj_098,Respuestas de formulario 8,AGH,Dist,2,Bloque_7,6,Opción 2,0,1.5,4.833333333333333,0,1,1,Mujer,5,6,2400,0,1,1,1,0.5,0.6666666666666666,0.6666666666666666,0.6666666666666666,0.0,0.5,0.5,0.5,0.0,0.0
Suj_098,Respuestas de formulario 8,AQS,Bloque_CON,3,Bloque_9,1,Opción 2,0,1.5,4.833333333333333,0,1,1,Mujer,5,6,1000,0,1,1,1,0.5,0.6666666666666666,0.6666666666666666,0.6666666666666666,0.0,0.5,0.5,0.5,0.0,0.0
Suj_098,Respuestas de formulario 8,AJK,Bloque_CON,3,Bloque_1,2,Opción 1,1,1.5,4.833333333333333,0,1,1,Mujer,5,6,0,0,1,1,0,0.5,0.6666666666666666,0.6666666666666666,0.6666666666666666,0.0,0.5,0.5,0.5,0.0,0.0
Suj_098,Respuestas de formulario 8,ABC,Bloque_CON,3,Bloque_5,3,Opción 1,1,1.5,4.833333333333333,0,1,1,Mujer,5,6,2000,0,1,1,1,0.5,0.6666666666666666,0.6666666666666666,0.6666666666666666,0.0,0.5,0.5,0.5,0.0,0.0
Suj_098,Respuestas de formulario 8,ALM,Bloque_CON,3,Bloque_11,4,Opción 1,1,1.5,4.833333333333333,0,1,1,Mujer,5,6,1200,0,1,1,1,0.5,0.6666666666666666,0.6666666666666666,0.6666666666666666,0.0,0.5,0.5,0.5,0.0,0.0
Suj_098,Respuestas de formulario 8,AEF,Bloque_CON,3,Bloque_3,5,Opción 2,0,1.5,4.833333333333333,0,1,1,Mujer,5,6,0,0,1,1,0,0.5,0.6666666666666666,0.6666666666666666,0.6666666666666666,0.0,0.5,0.5,0.5,0.0,0.0
Suj_098,Respuestas de formulario 8,AGH,Bloque_CON,3,Bloque_7,6,Opción 2,0,1.5,4.833333333333333,0,1,1,Mujer,5,6,2400,0,1,1,1,0.5,0.6666666666666666,0.6666666666666666,0.6666666666666666,0.0,0.5,0.5,0.5,0.0,0.0
Suj_103,Respuestas de formulario 8,AQS,Bloque_SIN,1,Bloque_9,1,Opción 2,0,1.3,5.0,-1,-1,1,Mujer,4,5,1000,-1,-1,1,1,0.5,0.0,0.0,0.3333333333333333,0.0,0.3333333333333333,0.1666666666666666,0.1666666666666666,0.1666666666666666,0.0
Suj_103,Respuestas de formulario 8,AJK,Bloque_SIN,1,Bloque_1,2,Opción 2,0,1.3,5.0,-1,-1,1,Mujer,4,5,0,-1,-1,1,-1,0.5,0.0,0.0,0.3333333333333333,0.0,0.3333333333333333,0.1666666666666666,0.1666666666666666,0.1666666666666666,0.0
Suj_103,Respuestas de formulario 8,ABC,Bloque_SIN,1,Bloque_5,3,Opción 1,1,1.3,5.0,-1,-1,1,Mujer,4,5,2000,-1,-1,1,-1,0.5,0.0,0.0,0.3333333333333333,0.0,0.3333333333333333,0.1666666666666666,0.1666666666666666,0.1666666666666666,0.0
Suj_103,Respuestas de formulario 8,ALM,Bloque_SIN,1,Bloque_11,4,Opción 2,0,1.3,5.0,-1,-1,1,Mujer,4,5,1200,-1,-1,1,1,0.5,0.0,0.0,0.3333333333333333,0.0,0.3333333333333333,0.1666666666666666,0.1666666666666666,0.1666666666666666,0.0
Suj_103,Respuestas de formulario 8,AEF,Bloque_SIN,1,Bloque_3,5,Opción 2,0,1.3,5.0,-1,-1,1,Mujer,4,5,0,-1,-1,1,-1,0.5,0.0,0.0,0.3333333333333333,0.0,0.3333333333333333,0.1666666666666666,0.1666666666666666,0.1666666666666666,0.0
Suj_103,Respuestas de formulario 8,AGH,Bloque_SIN,1,Bloque_7,6,Opción 2,0,1.3,5.0,-1,-1,1,Mujer,4,5,2400,-1,-1,1,-1,0.5,0.0,0.0,0.3333333333333333,0.0,0.3333333333333333,0.1666666666666666,0.1666666666666666,0.1666666666666666,0.0
Suj_103,Respuestas de formulario 8,AQS,Dist,2,Bloque_9,1,Opción 2,0,1.3,5.0,-1,-1,1,Mujer,4,5,1000,-1,-1,1,1,0.5,0.0,0.0,0.3333333333333333,0.0,0.3333333333333333,0.1666666666666666,0.1666666666666666,0.1666666666666666,0.0
Suj_103,Respuestas de formulario 8,AJK,Dist,2,Bloque_1,2,Opción 1,1,1.3,5.0,-1,-1,1,Mujer,4,5,0,-1,-1,1,-1,0.5,0.0,0.0,0.3333333333333333,0.0,0.3333333333333333,0.1666666666666666,0.1666666666666666,0.1666666666666666,0.0
Suj_103,Respuestas de formulario 8,ABC,Dist,2,Bloque_5,3,Opción 2,0,1.3,5.0,-1,-1,1,Mujer,4,5,2000,-1,-1,1,-1,0.5,0.0,0.0,0.3333333333333333,0.0,0.3333333333333333,0.1666666666666666,0.1666666666666666,0.1666666666666666,0.0
Suj_103,Respuestas de formulario 8,ALM,Dist,2,Bloque_11,4,Opción 2,0,1.3,5.0,-1,-1,1,Mujer,4,5,1200,-1,-1,1,1,0.5,0.0,0.0,0.3333333333333333,0.0,0.3333333333333333,0.1666666666666666,0.1666666666666666,0.1666666666666666,0.0
Suj_103,Respuestas de formulario 8,AEF,Dist,2,Bloque_3,5,Opción 2,0,1.3,5.0,-1,-1,1,Mujer,4,5,0,-1,-1,1,-1,0.5,0.0,0.0,0.3333333333333333,0.0,0.3333333333333333,0.1666666666666666,0.1666666666666666,0.1666666666666666,0.0
Suj_103,Respuestas de formulario 8,AGH,Dist,2,Bloque_7,6,Opción 2,0,1.3,5.0,-1,-1,1,Mujer,4,5,2400,-1,-1,1,-1,0.5,0.0,0.0,0.3333333333333333,0.0,0.3333333333333333,0.1666666666666666,0.1666666666666666,0.1666666666666666,0.0
Suj_103,Respuestas de formulario 8,AQS,Bloque_CON,3,Bloque_9,1,Opción 2,0,1.3,5.0,-1,-1,1,Mujer,4,5,1000,-1,-1,1,1,0.5,0.0,0.0,0.3333333333333333,0.0,0.3333333333333333,0.1666666666666666,0.1666666666666666,0.1666666666666666,0.0
Suj_103,Respuestas de formulario 8,AJK,Bloque_CON,3,Bloque_1,2,Opción 1,1,1.3,5.0,-1,-1,1,Mujer,4,5,0,-1,-1,1,-1,0.5,0.0,0.0,0.3333333333333333,0.0,0.3333333333333333,0.1666666666666666,0.1666666666666666,0.1666666666666666,0.0
Suj_103,Respuestas de formulario 8,ABC,Bloque_CON,3,Bloque_5,3,Opción 2,0,1.3,5.0,-1,-1,1,Mujer,4,5,2000,-1,-1,1,-1,0.5,0.0,0.0,0.3333333333333333,0.0,0.3333333333333333,0.1666666666666666,0.1666666666666666,0.1666666666666666,0.0
Suj_103,Respuestas de formulario 8,ALM,Bloque_CON,3,Bloque_11,4,Opción 2,0,1.3,5.0,-1,-1,1,Mujer,4,5,1200,-1,-1,1,1,0.5,0.0,0.0,0.3333333333333333,0.0,0.3333333333333333,0.1666666666666666,0.1666666666666666,0.1666666666666666,0.0
Suj_103,Respuestas de formulario 8,AEF,Bloque_CON,3,Bloque_3,5,Opción 1,1,1.3,5.0,-1,-1,1,Mujer,4,5,0,-1,-1,1,-1,0.5,0.0,0.0,0.3333333333333333,0.0,0.3333333333333333,0.1666666666666666,0.1666666666666666,0.1666666666666666,0.0
Suj_103,Respuestas de formulario 8,AGH,Bloque_CON,3,Bloque_7,6,Opción 2,0,1.3,5.0,-1,-1,1,Mujer,4,5,2400,-1,-1,1,-1,0.5,0.0,0.0,0.3333333333333333,0.0,0.3333333333333333,0.1666666666666666,0.1666666666666666,0.1666666666666666,0.0
Suj_110,Respuestas de formulario 9,ABC,Dist,1,Bloque_11,1,Opción 2,0,2.0,5.0,0,1,1,Mujer,2,5,1200,0,1,1,1,0.1666666666666666,0.6666666666666666,0.0,0.6666666666666666,0.6666666666666666,0.1666666666666666,0.5,0.5,-0.3333333333333333,0.0
Suj_110,Respuestas de formulario 9,AEF,Dist,1,Bloque_3,2,Opción 2,0,2.0,5.0,0,1,1,Mujer,2,5,0,0,1,1,0,0.1666666666666666,0.6666666666666666,0.0,0.6666666666666666,0.6666666666666666,0.1666666666666666,0.5,0.5,-0.3333333333333333,0.0
Suj_110,Respuestas de formulario 9,AJK,Dist,1,Bloque_9,3,Opción 1,1,2.0,5.0,0,1,1,Mujer,2,5,1000,0,1,1,1,0.1666666666666666,0.6666666666666666,0.0,0.6666666666666666,0.6666666666666666,0.1666666666666666,0.5,0.5,-0.3333333333333333,0.0
Suj_110,Respuestas de formulario 9,AGH,Dist,1,Bloque_7,4,Opción 1,1,2.0,5.0,0,1,1,Mujer,2,5,2400,0,1,1,1,0.1666666666666666,0.6666666666666666,0.0,0.6666666666666666,0.6666666666666666,0.1666666666666666,0.5,0.5,-0.3333333333333333,0.0
Suj_110,Respuestas de formulario 9,ALM,Dist,1,Bloque_1,5,Opción 2,0,2.0,5.0,0,1,1,Mujer,2,5,0,0,1,1,0,0.1666666666666666,0.6666666666666666,0.0,0.6666666666666666,0.6666666666666666,0.1666666666666666,0.5,0.5,-0.3333333333333333,0.0
Suj_110,Respuestas de formulario 9,AQS,Dist,1,Bloque_5,6,Opción 1,1,2.0,5.0,0,1,1,Mujer,2,5,2000,0,1,1,1,0.1666666666666666,0.6666666666666666,0.0,0.6666666666666666,0.6666666666666666,0.1666666666666666,0.5,0.5,-0.3333333333333333,0.0
Suj_110,Respuestas de formulario 9,ABC,Bloque_SIN,2,Bloque_11,1,Opción 2,0,2.0,5.0,0,1,1,Mujer,2,5,1200,0,1,1,1,0.1666666666666666,0.6666666666666666,0.0,0.6666666666666666,0.6666666666666666,0.1666666666666666,0.5,0.5,-0.3333333333333333,0.0
Suj_110,Respuestas de formulario 9,AEF,Bloque_SIN,2,Bloque_3,2,Opción 1,1,2.0,5.0,0,1,1,Mujer,2,5,0,0,1,1,0,0.1666666666666666,0.6666666666666666,0.0,0.6666666666666666,0.6666666666666666,0.1666666666666666,0.5,0.5,-0.3333333333333333,0.0
Suj_110,Respuestas de formulario 9,AJK,Bloque_SIN,2,Bloque_9,3,Opción 2,0,2.0,5.0,0,1,1,Mujer,2,5,1000,0,1,1,1,0.1666666666666666,0.6666666666666666,0.0,0.6666666666666666,0.6666666666666666,0.1666666666666666,0.5,0.5,-0.3333333333333333,0.0
Suj_110,Respuestas de formulario 9,AGH,Bloque_SIN,2,Bloque_7,4,Opción 1,1,2.0,5.0,0,1,1,Mujer,2,5,2400,0,1,1,1,0.1666666666666666,0.6666666666666666,0.0,0.6666666666666666,0.6666666666666666,0.1666666666666666,0.5,0.5,-0.3333333333333333,0.0
Suj_110,Respuestas de formulario 9,ALM,Bloque_SIN,2,Bloque_1,5,Opción 2,0,2.0,5.0,0,1,1,Mujer,2,5,0,0,1,1,0,0.1666666666666666,0.6666666666666666,0.0,0.6666666666666666,0.6666666666666666,0.1666666666666666,0.5,0.5,-0.3333333333333333,0.0
Suj_110,Respuestas de formulario 9,AQS,Bloque_SIN,2,Bloque_5,6,Opción 1,1,2.0,5.0,0,1,1,Mujer,2,5,2000,0,1,1,1,0.1666666666666666,0.6666666666666666,0.0,0.6666666666666666,0.6666666666666666,0.1666666666666666,0.5,0.5,-0.3333333333333333,0.0
Suj_110,Respuestas de formulario 9,ABC,Bloque_CON,3,Bloque_11,1,Opción 2,0,2.0,5.0,0,1,1,Mujer,2,5,1200,0,1,1,1,0.1666666666666666,0.6666666666666666,0.0,0.6666666666666666,0.6666666666666666,0.1666666666666666,0.5,0.5,-0.3333333333333333,0.0
Suj_110,Respuestas de formulario 9,AEF,Bloque_CON,3,Bloque_3,2,Opción 2,0,2.0,5.0,0,1,1,Mujer,2,5,0,0,1,1,0,0.1666666666666666,0.6666666666666666,0.0,0.6666666666666666,0.6666666666666666,0.1666666666666666,0.5,0.5,-0.3333333333333333,0.0
Suj_110,Respuestas de formulario 9,AJK,Bloque_CON,3,Bloque_9,3,Opción 1,1,2.0,5.0,0,1,1,Mujer,2,5,1000,0,1,1,1,0.1666666666666666,0.6666666666666666,0.0,0.6666666666666666,0.6666666666666666,0.1666666666666666,0.5,0.5,-0.3333333333333333,0.0
Suj_110,Respuestas de formulario 9,AGH,Bloque_CON,3,Bloque_7,4,Opción 2,0,2.0,5.0,0,1,1,Mujer,2,5,2400,0,1,1,1,0.1666666666666666,0.6666666666666666,0.0,0.6666666666666666,0.6666666666666666,0.1666666666666666,0.5,0.5,-0.3333333333333333,0.0
Suj_110,Respuestas de formulario 9,ALM,Bloque_CON,3,Bloque_1,5,Opción 2,0,2.0,5.0,0,1,1,Mujer,2,5,0,0,1,1,0,0.1666666666666666,0.6666666666666666,0.0,0.6666666666666666,0.6666666666666666,0.1666666666666666,0.5,0.5,-0.3333333333333333,0.0
Suj_110,Respuestas de formulario 9,AQS,Bloque_CON,3,Bloque_5,6,Opción 2,0,2.0,5.0,0,1,1,Mujer,2,5,2000,0,1,1,1,0.1666666666666666,0.6666666666666666,0.0,0.6666666666666666,0.6666666666666666,0.1666666666666666,0.5,0.5,-0.3333333333333333,0.0
Suj_111,Respuestas de formulario 9,ABC,Dist,1,Bloque_11,1,Opción 1,1,2.3,5.5,0,0,0,Mujer,4,5,1200,0,0,0,0,0.6666666666666666,0.0,0.6666666666666666,0.3333333333333333,0.0,0.3333333333333333,0.3333333333333333,0.5,0.0,-0.1666666666666666
Suj_111,Respuestas de formulario 9,AEF,Dist,1,Bloque_3,2,Opción 1,1,2.3,5.5,0,0,0,Mujer,4,5,0,0,0,0,0,0.6666666666666666,0.0,0.6666666666666666,0.3333333333333333,0.0,0.3333333333333333,0.3333333333333333,0.5,0.0,-0.1666666666666666
Suj_111,Respuestas de formulario 9,AJK,Dist,1,Bloque_9,3,Opción 2,0,2.3,5.5,0,0,0,Mujer,4,5,1000,0,0,0,0,0.6666666666666666,0.0,0.6666666666666666,0.3333333333333333,0.0,0.3333333333333333,0.3333333333333333,0.5,0.0,-0.1666666666666666
Suj_111,Respuestas de formulario 9,AGH,Dist,1,Bloque_7,4,Opción 2,0,2.3,5.5,0,0,0,Mujer,4,5,2400,0,0,0,0,0.6666666666666666,0.0,0.6666666666666666,0.3333333333333333,0.0,0.3333333333333333,0.3333333333333333,0.5,0.0,-0.1666666666666666
Suj_111,Respuestas de formulario 9,ALM,Dist,1,Bloque_1,5,Opción 1,1,2.3,5.5,0,0,0,Mujer,4,5,0,0,0,0,0,0.6666666666666666,0.0,0.6666666666666666,0.3333333333333333,0.0,0.3333333333333333,0.3333333333333333,0.5,0.0,-0.1666666666666666
Suj_111,Respuestas de formulario 9,AQS,Dist,1,Bloque_5,6,Opción 2,0,2.3,5.5,0,0,0,Mujer,4,5,2000,0,0,0,0,0.6666666666666666,0.0,0.6666666666666666,0.3333333333333333,0.0,0.3333333333333333,0.3333333333333333,0.5,0.0,-0.1666666666666666
Suj_111,Respuestas de formulario 9,ABC,Bloque_SIN,2,Bloque_11,1,Opción 1,1,2.3,5.5,0,0,0,Mujer,4,5,1200,0,0,0,0,0.6666666666666666,0.0,0.6666666666666666,0.3333333333333333,0.0,0.3333333333333333,0.3333333333333333,0.5,0.0,-0.1666666666666666
Suj_111,Respuestas de formulario 9,AEF,Bloque_SIN,2,Bloque_3,2,Opción 1,1,2.3,5.5,0,0,0,Mujer,4,5,0,0,0,0,0,0.6666666666666666,0.0,0.6666666666666666,0.3333333333333333,0.0,0.3333333333333333,0.3333333333333333,0.5,0.0,-0.1666666666666666
Suj_111,Respuestas de formulario 9,AJK,Bloque_SIN,2,Bloque_9,3,Opción 2,0,2.3,5.5,0,0,0,Mujer,4,5,1000,0,0,0,0,0.6666666666666666,0.0,0.6666666666666666,0.3333333333333333,0.0,0.3333333333333333,0.3333333333333333,0.5,0.0,-0.1666666666666666
Suj_111,Respuestas de formulario 9,AGH,Bloque_SIN,2,Bloque_7,4,Opción 2,0,2.3,5.5,0,0,0,Mujer,4,5,2400,0,0,0,0,0.6666666666666666,0.0,0.6666666666666666,0.3333333333333333,0.0,0.3333333333333333,0.3333333333333333,0.5,0.0,-0.1666666666666666
Suj_111,Respuestas de formulario 9,ALM,Bloque_SIN,2,Bloque_1,5,Opción 2,0,2.3,5.5,0,0,0,Mujer,4,5,0,0,0,0,0,0.6666666666666666,0.0,0.6666666666666666,0.3333333333333333,0.0,0.3333333333333333,0.3333333333333333,0.5,0.0,-0.1666666666666666
Suj_111,Respuestas de formulario 9,AQS,Bloque_SIN,2,Bloque_5,6,Opción 2,0,2.3,5.5,0,0,0,Mujer,4,5,2000,0,0,0,0,0.6666666666666666,0.0,0.6666666666666666,0.3333333333333333,0.0,0.3333333333333333,0.3333333333333333,0.5,0.0,-0.1666666666666666
Suj_111,Respuestas de formulario 9,ABC,Bloque_CON,3,Bloque_11,1,Opción 2,0,2.3,5.5,0,0,0,Mujer,4,5,1200,0,0,0,0,0.6666666666666666,0.0,0.6666666666666666,0.3333333333333333,0.0,0.3333333333333333,0.3333333333333333,0.5,0.0,-0.1666666666666666
Suj_111,Respuestas de formulario 9,AEF,Bloque_CON,3,Bloque_3,2,Opción 2,0,2.3,5.5,0,0,0,Mujer,4,5,0,0,0,0,0,0.6666666666666666,0.0,0.6666666666666666,0.3333333333333333,0.0,0.3333333333333333,0.3333333333333333,0.5,0.0,-0.1666666666666666
Suj_111,Respuestas de formulario 9,AJK,Bloque_CON,3,Bloque_9,3,Opción 2,0,2.3,5.5,0,0,0,Mujer,4,5,1000,0,0,0,0,0.6666666666666666,0.0,0.6666666666666666,0.3333333333333333,0.0,0.3333333333333333,0.3333333333333333,0.5,0.0,-0.1666666666666666
Suj_111,Respuestas de formulario 9,AGH,Bloque_CON,3,Bloque_7,4,Opción 2,0,2.3,5.5,0,0,0,Mujer,4,5,2400,0,0,0,0,0.6666666666666666,0.0,0.6666666666666666,0.3333333333333333,0.0,0.3333333333333333,0.3333333333333333,0.5,0.0,-0.1666666666666666
Suj_111,Respuestas de formulario 9,ALM,Bloque_CON,3,Bloque_1,5,Opción 1,1,2.3,5.5,0,0,0,Mujer,4,5,0,0,0,0,0,0.6666666666666666,0.0,0.6666666666666666,0.3333333333333333,0.0,0.3333333333333333,0.3333333333333333,0.5,0.0,-0.1666666666666666
Suj_111,Respuestas de formulario 9,AQS,Bloque_CON,3,Bloque_5,6,Opción 1,1,2.3,5.5,0,0,0,Mujer,4,5,2000,0,0,0,0,0.6666666666666666,0.0,0.6666666666666666,0.3333333333333333,0.0,0.3333333333333333,0.3333333333333333,0.5,0.0,-0.1666666666666666
Suj_112,Respuestas de formulario 9,ABC,Dist,1,Bloque_11,1,Opción 2,0,3.7,5.666666666666667,-1,-1,-1,Hombre,5,6,1200,-1,-1,-1,-1,0.0,0.0,0.0,0.0,0.0,0.0,0.0,0.0,0.0,0.0
Suj_112,Respuestas de formulario 9,AEF,Dist,1,Bloque_3,2,Opción 2,0,3.7,5.666666666666667,-1,-1,-1,Hombre,5,6,0,-1,-1,-1,-1,0.0,0.0,0.0,0.0,0.0,0.0,0.0,0.0,0.0,0.0
Suj_112,Respuestas de formulario 9,AJK,Dist,1,Bloque_9,3,Opción 2,0,3.7,5.666666666666667,-1,-1,-1,Hombre,5,6,1000,-1,-1,-1,-1,0.0,0.0,0.0,0.0,0.0,0.0,0.0,0.0,0.0,0.0
Suj_112,Respuestas de formulario 9,AGH,Dist,1,Bloque_7,4,Opción 2,0,3.7,5.666666666666667,-1,-1,-1,Hombre,5,6,2400,-1,-1,-1,-1,0.0,0.0,0.0,0.0,0.0,0.0,0.0,0.0,0.0,0.0
Suj_112,Respuestas de formulario 9,ALM,Dist,1,Bloque_1,5,Opción 2,0,3.7,5.666666666666667,-1,-1,-1,Hombre,5,6,0,-1,-1,-1,-1,0.0,0.0,0.0,0.0,0.0,0.0,0.0,0.0,0.0,0.0
Suj_112,Respuestas de formulario 9,AQS,Dist,1,Bloque_5,6,Opción 2,0,3.7,5.666666666666667,-1,-1,-1,Hombre,5,6,2000,-1,-1,-1,-1,0.0,0.0,0.0,0.0,0.0,0.0,0.0,0.0,0.0,0.0
Suj_112,Respuestas de formulario 9,ABC,Bloque_SIN,2,Bloque_11,1,Opción 2,0,3.7,5.666666666666667,-1,-1,-1,Hombre,5,6,1200,-1,-1,-1,-1,0.0,0.0,0.0,0.0,0.0,0.0,0.0,0.0,0.0,0.0
Suj_112,Respuestas de formulario 9,AEF,Bloque_SIN,2,Bloque_3,2,Opción 2,0,3.7,5.666666666666667,-1,-1,-1,Hombre,5,6,0,-1,-1,-1,-1,0.0,0.0,0.0,0.0,0.0,0.0,0.0,0.0,0.0,0.0
Suj_112,Respuestas de formulario 9,AJK,Bloque_SIN,2,Bloque_9,3,Opción 2,0,3.7,5.666666666666667,-1,-1,-1,Hombre,5,6,1000,-1,-1,-1,-1,0.0,0.0,0.0,0.0,0.0,0.0,0.0,0.0,0.0,0.0
Suj_112,Respuestas de formulario 9,AGH,Bloque_SIN,2,Bloque_7,4,Opción 2,0,3.7,5.666666666666667,-1,-1,-1,Hombre,5,6,2400,-1,-1,-1,-1,0.0,0.0,0.0,0.0,0.0,0.0,0.0,0.0,0.0,0.0
Suj_112,Respuestas de formulario 9,ALM,Bloque_SIN,2,Bloque_1,5,Opción 2,0,3.7,5.666666666666667,-1,-1,-1,Hombre,5,6,0,-1,-1,-1,-1,0.0,0.0,0.0,0.0,0.0,0.0,0.0,0.0,0.0,0.0
Suj_112,Respuestas de formulario 9,AQS,Bloque_SIN,2,Bloque_5,6,Opción 2,0,3.7,5.666666666666667,-1,-1,-1,Hombre,5,6,2000,-1,-1,-1,-1,0.0,0.0,0.0,0.0,0.0,0.0,0.0,0.0,0.0,0.0
Suj_112,Respuestas de formulario 9,ABC,Bloque_CON,3,Bloque_11,1,Opción 2,0,3.7,5.666666666666667,-1,-1,-1,Hombre,5,6,1200,-1,-1,-1,-1,0.0,0.0,0.0,0.0,0.0,0.0,0.0,0.0,0.0,0.0
Suj_112,Respuestas de formulario 9,AEF,Bloque_CON,3,Bloque_3,2,Opción 2,0,3.7,5.666666666666667,-1,-1,-1,Hombre,5,6,0,-1,-1,-1,-1,0.0,0.0,0.0,0.0,0.0,0.0,0.0,0.0,0.0,0.0
Suj_112,Respuestas de formulario 9,AJK,Bloque_CON,3,Bloque_9,3,Opción 2,0,3.7,5.666666666666667,-1,-1,-1,Hombre,5,6,1000,-1,-1,-1,-1,0.0,0.0,0.0,0.0,0.0,0.0,0.0,0.0,0.0,0.0
Suj_112,Respuestas de formulario 9,AGH,Bloque_CON,3,Bloque_7,4,Opción 2,0,3.7,5.666666666666667,-1,-1,-1,Hombre,5,6,2400,-1,-1,-1,-1,0.0,0.0,0.0,0.0,0.0,0.0,0.0,0.0,0.0,0.0
Suj_112,Respuestas de formulario 9,ALM,Bloque_CON,3,Bloque_1,5,Opción 2,0,3.7,5.666666666666667,-1,-1,-1,Hombre,5,6,0,-1,-1,-1,-1,0.0,0.0,0.0,0.0,0.0,0.0,0.0,0.0,0.0,0.0
Suj_112,Respuestas de formulario 9,AQS,Bloque_CON,3,Bloque_5,6,Opción 2,0,3.7,5.666666666666667,-1,-1,-1,Hombre,5,6,2000,-1,-1,-1,-1,0.0,0.0,0.0,0.0,0.0,0.0,0.0,0.0,0.0,0.0
Suj_117,Respuestas de formulario 10,AEF,Dist,1,Bloque_11,1,Opción 2,0,1.4,5.333333333333333,-1,-1,-1,Hombre,1,7,1200,-1,-1,-1,-1,0.1666666666666666,0.0,0.0,0.0,0.0,0.0,0.1666666666666666,0.0,-0.1666666666666666,0.1666666666666666
Suj_117,Respuestas de formulario 10,AGH,Dist,1,Bloque_3,2,Opción 2,0,1.4,5.333333333333333,-1,-1,-1,Hombre,1,7,0,-1,-1,-1,-1,0.1666666666666666,0.0,0.0,0.0,0.0,0.0,0.1666666666666666,0.0,-0.1666666666666666,0.1666666666666666
Suj_117,Respuestas de formulario 10,ALM,Dist,1,Bloque_9,3,Opción 2,0,1.4,5.333333333333333,-1,-1,-1,Hombre,1,7,1000,-1,-1,-1,-1,0.1666666666666666,0.0,0.0,0.0,0.0,0.0,0.1666666666666666,0.0,-0.1666666666666666,0.1666666666666666
Suj_117,Respuestas de formulario 10,ABC,Dist,1,Bloque_7,4,Opción 2,0,1.4,5.333333333333333,-1,-1,-1,Hombre,1,7,2400,-1,-1,-1,-1,0.1666666666666666,0.0,0.0,0.0,0.0,0.0,0.1666666666666666,0.0,-0.1666666666666666,0.1666666666666666
Suj_117,Respuestas de formulario 10,AQS,Dist,1,Bloque_1,5,Opción 2,0,1.4,5.333333333333333,-1,-1,-1,Hombre,1,7,0,-1,-1,-1,-1,0.1666666666666666,0.0,0.0,0.0,0.0,0.0,0.1666666666666666,0.0,-0.1666666666666666,0.1666666666666666
Suj_117,Respuestas de formulario 10,AJK,Dist,1,Bloque_5,6,Opción 2,0,1.4,5.333333333333333,-1,-1,-1,Hombre,1,7,2000,-1,-1,-1,-1,0.1666666666666666,0.0,0.0,0.0,0.0,0.0,0.1666666666666666,0.0,-0.1666666666666666,0.1666666666666666
Suj_117,Respuestas de formulario 10,AEF,Bloque_SIN,2,Bloque_11,1,Opción 2,0,1.4,5.333333333333333,-1,-1,-1,Hombre,1,7,1200,-1,-1,-1,-1,0.1666666666666666,0.0,0.0,0.0,0.0,0.0,0.1666666666666666,0.0,-0.1666666666666666,0.1666666666666666
Suj_117,Respuestas de formulario 10,AGH,Bloque_SIN,2,Bloque_3,2,Opción 1,1,1.4,5.333333333333333,-1,-1,-1,Hombre,1,7,0,-1,-1,-1,-1,0.1666666666666666,0.0,0.0,0.0,0.0,0.0,0.1666666666666666,0.0,-0.1666666666666666,0.1666666666666666
Suj_117,Respuestas de formulario 10,ALM,Bloque_SIN,2,Bloque_9,3,Opción 2,0,1.4,5.333333333333333,-1,-1,-1,Hombre,1,7,1000,-1,-1,-1,-1,0.1666666666666666,0.0,0.0,0.0,0.0,0.0,0.1666666666666666,0.0,-0.1666666666666666,0.1666666666666666
Suj_117,Respuestas de formulario 10,ABC,Bloque_SIN,2,Bloque_7,4,Opción 2,0,1.4,5.333333333333333,-1,-1,-1,Hombre,1,7,2400,-1,-1,-1,-1,0.1666666666666666,0.0,0.0,0.0,0.0,0.0,0.1666666666666666,0.0,-0.1666666666666666,0.1666666666666666
Suj_117,Respuestas de formulario 10,AQS,Bloque_SIN,2,Bloque_1,5,Opción 2,0,1.4,5.333333333333333,-1,-1,-1,Hombre,1,7,0,-1,-1,-1,-1,0.1666666666666666,0.0,0.0,0.0,0.0,0.0,0.1666666666666666,0.0,-0.1666666666666666,0.1666666666666666
Suj_117,Respuestas de formulario 10,AJK,Bloque_SIN,2,Bloque_5,6,Opción 2,0,1.4,5.333333333333333,-1,-1,-1,Hombre,1,7,2000,-1,-1,-1,-1,0.1666666666666666,0.0,0.0,0.0,0.0,0.0,0.1666666666666666,0.0,-0.1666666666666666,0.1666666666666666
Suj_117,Respuestas de formulario 10,AEF,Bloque_CON,3,Bloque_11,1,Opción 2,0,1.4,5.333333333333333,-1,-1,-1,Hombre,1,7,1200,-1,-1,-1,-1,0.1666666666666666,0.0,0.0,0.0,0.0,0.0,0.1666666666666666,0.0,-0.1666666666666666,0.1666666666666666
Suj_117,Respuestas de formulario 10,AGH,Bloque_CON,3,Bloque_3,2,Opción 2,0,1.4,5.333333333333333,-1,-1,-1,Hombre,1,7,0,-1,-1,-1,-1,0.1666666666666666,0.0,0.0,0.0,0.0,0.0,0.1666666666666666,0.0,-0.1666666666666666,0.1666666666666666
Suj_117,Respuestas de formulario 10,ALM,Bloque_CON,3,Bloque_9,3,Opción 2,0,1.4,5.333333333333333,-1,-1,-1,Hombre,1,7,1000,-1,-1,-1,-1,0.1666666666666666,0.0,0.0,0.0,0.0,0.0,0.1666666666666666,0.0,-0.1666666666666666,0.1666666666666666
Suj_117,Respuestas de formulario 10,ABC,Bloque_CON,3,Bloque_7,4,Opción 2,0,1.4,5.333333333333333,-1,-1,-1,Hombre,1,7,2400,-1,-1,-1,-1,0.1666666666666666,0.0,0.0,0.0,0.0,0.0,0.1666666666666666,0.0,-0.1666666666666666,0.1666666666666666
Suj_117,Respuestas de formulario 10,AQS,Bloque_CON,3,Bloque_1,5,Opción 2,0,1.4,5.333333333333333,-1,-1,-1,Hombre,1,7,0,-1,-1,-1,-1,0.1666666666666666,0.0,0.0,0.0,0.0,0.0,0.1666666666666666,0.0,-0.1666666666666666,0.1666666666666666
Suj_117,Respuestas de formulario 10,AJK,Bloque_CON,3,Bloque_5,6,Opción 2,0,1.4,5.333333333333333,-1,-1,-1,Hombre,1,7,2000,-1,-1,-1,-1,0.1666666666666666,0.0,0.0,0.0,0.0,0.0,0.1666666666666666,0.0,-0.1666666666666666,0.1666666666666666
Suj_118,Respuestas de formulario 10,AEF,Dist,1,Bloque_11,1,Opción 1,1,2.4,5.166666666666667,1,1,1,Mujer,4,6,1200,1,1,1,1,1.0,1.0,1.0,1.0,0.6666666666666666,0.8333333333333334,1.0,1.0,-0.1666666666666666,0.0
Suj_118,Respuestas de formulario 10,AGH,Dist,1,Bloque_3,2,Opción 1,1,2.4,5.166666666666667,1,1,1,Mujer,4,6,0,1,1,1,1,1.0,1.0,1.0,1.0,0.6666666666666666,0.8333333333333334,1.0,1.0,-0.1666666666666666,0.0
Suj_118,Respuestas de formulario 10,ALM,Dist,1,Bloque_9,3,Opción 1,1,2.4,5.166666666666667,1,1,1,Mujer,4,6,1000,1,1,1,1,1.0,1.0,1.0,1.0,0.6666666666666666,0.8333333333333334,1.0,1.0,-0.1666666666666666,0.0
Suj_118,Respuestas de formulario 10,ABC,Dist,1,Bloque_7,4,Opción 1,1,2.4,5.166666666666667,1,1,1,Mujer,4,6,2400,1,1,1,1,1.0,1.0,1.0,1.0,0.6666666666666666,0.8333333333333334,1.0,1.0,-0.1666666666666666,0.0
Suj_118,Respuestas de formulario 10,AQS,Dist,1,Bloque_1,5,Opción 1,1,2.4,5.166666666666667,1,1,1,Mujer,4,6,0,1,1,1,1,1.0,1.0,1.0,1.0,0.6666666666666666,0.8333333333333334,1.0,1.0,-0.1666666666666666,0.0
Suj_118,Respuestas de formulario 10,AJK,Dist,1,Bloque_5,6,Opción 1,1,2.4,5.166666666666667,1,1,1,Mujer,4,6,2000,1,1,1,1,1.0,1.0,1.0,1.0,0.6666666666666666,0.8333333333333334,1.0,1.0,-0.1666666666666666,0.0
Suj_118,Respuestas de formulario 10,AEF,Bloque_SIN,2,Bloque_11,1,Opción 1,1,2.4,5.166666666666667,1,1,1,Mujer,4,6,1200,1,1,1,1,1.0,1.0,1.0,1.0,0.6666666666666666,0.8333333333333334,1.0,1.0,-0.1666666666666666,0.0
Suj_118,Respuestas de formulario 10,AGH,Bloque_SIN,2,Bloque_3,2,Opción 1,1,2.4,5.166666666666667,1,1,1,Mujer,4,6,0,1,1,1,1,1.0,1.0,1.0,1.0,0.6666666666666666,0.8333333333333334,1.0,1.0,-0.1666666666666666,0.0
Suj_118,Respuestas de formulario 10,ALM,Bloque_SIN,2,Bloque_9,3,Opción 1,1,2.4,5.166666666666667,1,1,1,Mujer,4,6,1000,1,1,1,1,1.0,1.0,1.0,1.0,0.6666666666666666,0.8333333333333334,1.0,1.0,-0.1666666666666666,0.0
Suj_118,Respuestas de formulario 10,ABC,Bloque_SIN,2,Bloque_7,4,Opción 1,1,2.4,5.166666666666667,1,1,1,Mujer,4,6,2400,1,1,1,1,1.0,1.0,1.0,1.0,0.6666666666666666,0.8333333333333334,1.0,1.0,-0.1666666666666666,0.0
Suj_118,Respuestas de formulario 10,AQS,Bloque_SIN,2,Bloque_1,5,Opción 1,1,2.4,5.166666666666667,1,1,1,Mujer,4,6,0,1,1,1,1,1.0,1.0,1.0,1.0,0.6666666666666666,0.8333333333333334,1.0,1.0,-0.1666666666666666,0.0
Suj_118,Respuestas de formulario 10,AJK,Bloque_SIN,2,Bloque_5,6,Opción 1,1,2.4,5.166666666666667,1,1,1,Mujer,4,6,2000,1,1,1,1,1.0,1.0,1.0,1.0,0.6666666666666666,0.8333333333333334,1.0,1.0,-0.1666666666666666,0.0
Suj_118,Respuestas de formulario 10,AEF,Bloque_CON,3,Bloque_11,1,Opción 1,1,2.4,5.166666666666667,1,1,1,Mujer,4,6,1200,1,1,1,1,1.0,1.0,1.0,1.0,0.6666666666666666,0.8333333333333334,1.0,1.0,-0.1666666666666666,0.0
Suj_118,Respuestas de formulario 10,AGH,Bloque_CON,3,Bloque_3,2,Opción 1,1,2.4,5.166666666666667,1,1,1,Mujer,4,6,0,1,1,1,1,1.0,1.0,1.0,1.0,0.6666666666666666,0.8333333333333334,1.0,1.0,-0.1666666666666666,0.0
Suj_118,Respuestas de formulario 10,ALM,Bloque_CON,3,Bloque_9,3,Opción 1,1,2.4,5.166666666666667,1,1,1,Mujer,4,6,1000,1,1,1,1,1.0,1.0,1.0,1.0,0.6666666666666666,0.8333333333333334,1.0,1.0,-0.1666666666666666,0.0
Suj_118,Respuestas de formulario 10,ABC,Bloque_CON,3,Bloque_7,4,Opción 2,0,2.4,5.166666666666667,1,1,1,Mujer,4,6,2400,1,1,1,1,1.0,1.0,1.0,1.0,0.6666666666666666,0.8333333333333334,1.0,1.0,-0.1666666666666666,0.0
Suj_118,Respuestas de formulario 10,AQS,Bloque_CON,3,Bloque_1,5,Opción 1,1,2.4,5.166666666666667,1,1,1,Mujer,4,6,0,1,1,1,1,1.0,1.0,1.0,1.0,0.6666666666666666,0.8333333333333334,1.0,1.0,-0.1666666666666666,0.0
Suj_118,Respuestas de formulario 10,AJK,Bloque_CON,3,Bloque_5,6,Opción 1,1,2.4,5.166666666666667,1,1,1,Mujer,4,6,2000,1,1,1,1,1.0,1.0,1.0,1.0,0.6666666666666666,0.8333333333333334,1.0,1.0,-0.1666666666666666,0.0
Suj_120,Respuestas de formulario 10,AEF,Dist,1,Bloque_11,1,Opción 1,1,1.2,5.166666666666667,1,1,1,Mujer,4,6,1200,1,1,1,1,0.8333333333333334,1.0,1.0,1.0,0.6666666666666666,1.0,0.8333333333333334,0.8333333333333334,0.1666666666666666,0.0
Suj_120,Respuestas de formulario 10,AGH,Dist,1,Bloque_3,2,Opción 1,1,1.2,5.166666666666667,1,1,1,Mujer,4,6,0,1,1,1,1,0.8333333333333334,1.0,1.0,1.0,0.6666666666666666,1.0,0.8333333333333334,0.8333333333333334,0.1666666666666666,0.0
Suj_120,Respuestas de formulario 10,ALM,Dist,1,Bloque_9,3,Opción 1,1,1.2,5.166666666666667,1,1,1,Mujer,4,6,1000,1,1,1,1,0.8333333333333334,1.0,1.0,1.0,0.6666666666666666,1.0,0.8333333333333334,0.8333333333333334,0.1666666666666666,0.0
Suj_120,Respuestas de formulario 10,ABC,Dist,1,Bloque_7,4,Opción 2,0,1.2,5.166666666666667,1,1,1,Mujer,4,6,2400,1,1,1,1,0.8333333333333334,1.0,1.0,1.0,0.6666666666666666,1.0,0.8333333333333334,0.8333333333333334,0.1666666666666666,0.0
Suj_120,Respuestas de formulario 10,AQS,Dist,1,Bloque_1,5,Opción 1,1,1.2,5.166666666666667,1,1,1,Mujer,4,6,0,1,1,1,1,0.8333333333333334,1.0,1.0,1.0,0.6666666666666666,1.0,0.8333333333333334,0.8333333333333334,0.1666666666666666,0.0
Suj_120,Respuestas de formulario 10,AJK,Dist,1,Bloque_5,6,Opción 1,1,1.2,5.166666666666667,1,1,1,Mujer,4,6,2000,1,1,1,1,0.8333333333333334,1.0,1.0,1.0,0.6666666666666666,1.0,0.8333333333333334,0.8333333333333334,0.1666666666666666,0.0
Suj_120,Respuestas de formulario 10,AEF,Bloque_SIN,2,Bloque_11,1,Opción 1,1,1.2,5.166666666666667,1,1,1,Mujer,4,6,1200,1,1,1,1,0.8333333333333334,1.0,1.0,1.0,0.6666666666666666,1.0,0.8333333333333334,0.8333333333333334,0.1666666666666666,0.0
Suj_120,Respuestas de formulario 10,AGH,Bloque_SIN,2,Bloque_3,2,Opción 2,0,1.2,5.166666666666667,1,1,1,Mujer,4,6,0,1,1,1,1,0.8333333333333334,1.0,1.0,1.0,0.6666666666666666,1.0,0.8333333333333334,0.8333333333333334,0.1666666666666666,0.0
Suj_120,Respuestas de formulario 10,ALM,Bloque_SIN,2,Bloque_9,3,Opción 1,1,1.2,5.166666666666667,1,1,1,Mujer,4,6,1000,1,1,1,1,0.8333333333333334,1.0,1.0,1.0,0.6666666666666666,1.0,0.8333333333333334,0.8333333333333334,0.1666666666666666,0.0
Suj_120,Respuestas de formulario 10,ABC,Bloque_SIN,2,Bloque_7,4,Opción 1,1,1.2,5.166666666666667,1,1,1,Mujer,4,6,2400,1,1,1,1,0.8333333333333334,1.0,1.0,1.0,0.6666666666666666,1.0,0.8333333333333334,0.8333333333333334,0.1666666666666666,0.0
Suj_120,Respuestas de formulario 10,AQS,Bloque_SIN,2,Bloque_1,5,Opción 1,1,1.2,5.166666666666667,1,1,1,Mujer,4,6,0,1,1,1,1,0.8333333333333334,1.0,1.0,1.0,0.6666666666666666,1.0,0.8333333333333334,0.8333333333333334,0.1666666666666666,0.0
Suj_120,Respuestas de formulario 10,AJK,Bloque_SIN,2,Bloque_5,6,Opción 1,1,1.2,5.166666666666667,1,1,1,Mujer,4,6,2000,1,1,1,1,0.8333333333333334,1.0,1.0,1.0,0.6666666666666666,1.0,0.8333333333333334,0.8333333333333334,0.1666666666666666,0.0
Suj_120,Respuestas de formulario 10,AEF,Bloque_CON,3,Bloque_11,1,Opción 1,1,1.2,5.166666666666667,1,1,1,Mujer,4,6,1200,1,1,1,1,0.8333333333333334,1.0,1.0,1.0,0.6666666666666666,1.0,0.8333333333333334,0.8333333333333334,0.1666666666666666,0.0
Suj_120,Respuestas de formulario 10,AGH,Bloque_CON,3,Bloque_3,2,Opción 1,1,1.2,5.166666666666667,1,1,1,Mujer,4,6,0,1,1,1,1,0.8333333333333334,1.0,1.0,1.0,0.6666666666666666,1.0,0.8333333333333334,0.8333333333333334,0.1666666666666666,0.0
Suj_120,Respuestas de formulario 10,ALM,Bloque_CON,3,Bloque_9,3,Opción 1,1,1.2,5.166666666666667,1,1,1,Mujer,4,6,1000,1,1,1,1,0.8333333333333334,1.0,1.0,1.0,0.6666666666666666,1.0,0.8333333333333334,0.8333333333333334,0.1666666666666666,0.0
Suj_120,Respuestas de formulario 10,ABC,Bloque_CON,3,Bloque_7,4,Opción 1,1,1.2,5.166666666666667,1,1,1,Mujer,4,6,2400,1,1,1,1,0.8333333333333334,1.0,1.0,1.0,0.6666666666666666,1.0,0.8333333333333334,0.8333333333333334,0.1666666666666666,0.0
Suj_120,Respuestas de formulario 10,AQS,Bloque_CON,3,Bloque_1,5,Opción 1,1,1.2,5.166666666666667,1,1,1,Mujer,4,6,0,1,1,1,1,0.8333333333333334,1.0,1.0,1.0,0.6666666666666666,1.0,0.8333333333333334,0.8333333333333334,0.1666666666666666,0.0
Suj_120,Respuestas de formulario 10,AJK,Bloque_CON,3,Bloque_5,6,Opción 1,1,1.2,5.166666666666667,1,1,1,Mujer,4,6,2000,1,1,1,1,0.8333333333333334,1.0,1.0,1.0,0.6666666666666666,1.0,0.8333333333333334,0.8333333333333334,0.1666666666666666,0.0
Suj_123,Respuestas de formulario 10,AEF,Dist,1,Bloque_11,1,Opción 2,0,3.2,4.833333333333333,0,-1,-1,Hombre,5,6,1200,0,-1,-1,-1,0.5,0.0,0.0,0.0,0.3333333333333333,0.3333333333333333,0.1666666666666666,0.1666666666666666,0.1666666666666666,0.0
Suj_123,Respuestas de formulario 10,AGH,Dist,1,Bloque_3,2,Opción 2,0,3.2,4.833333333333333,0,-1,-1,Hombre,5,6,0,0,-1,-1,0,0.5,0.0,0.0,0.0,0.3333333333333333,0.3333333333333333,0.1666666666666666,0.1666666666666666,0.1666666666666666,0.0
Suj_123,Respuestas de formulario 10,ALM,Dist,1,Bloque_9,3,Opción 2,0,3.2,4.833333333333333,0,-1,-1,Hombre,5,6,1000,0,-1,-1,-1,0.5,0.0,0.0,0.0,0.3333333333333333,0.3333333333333333,0.1666666666666666,0.1666666666666666,0.1666666666666666,0.0
Suj_123,Respuestas de formulario 10,ABC,Dist,1,Bloque_7,4,Opción 2,0,3.2,4.833333333333333,0,-1,-1,Hombre,5,6,2400,0,-1,-1,-1,0.5,0.0,0.0,0.0,0.3333333333333333,0.3333333333333333,0.1666666666666666,0.1666666666666666,0.1666666666666666,0.0
Suj_123,Respuestas de formulario 10,AQS,Dist,1,Bloque_1,5,Opción 1,1,3.2,4.833333333333333,0,-1,-1,Hombre,5,6,0,0,-1,-1,0,0.5,0.0,0.0,0.0,0.3333333333333333,0.3333333333333333,0.1666666666666666,0.1666666666666666,0.1666666666666666,0.0
Suj_123,Respuestas de formulario 10,AJK,Dist,1,Bloque_5,6,Opción 2,0,3.2,4.833333333333333,0,-1,-1,Hombre,5,6,2000,0,-1,-1,-1,0.5,0.0,0.0,0.0,0.3333333333333333,0.3333333333333333,0.1666666666666666,0.1666666666666666,0.1666666666666666,0.0
Suj_123,Respuestas de formulario 10,AEF,Bloque_SIN,2,Bloque_11,1,Opción 2,0,3.2,4.833333333333333,0,-1,-1,Hombre,5,6,1200,0,-1,-1,-1,0.5,0.0,0.0,0.0,0.3333333333333333,0.3333333333333333,0.1666666666666666,0.1666666666666666,0.1666666666666666,0.0
Suj_123,Respuestas de formulario 10,AGH,Bloque_SIN,2,Bloque_3,2,Opción 2,0,3.2,4.833333333333333,0,-1,-1,Hombre,5,6,0,0,-1,-1,0,0.5,0.0,0.0,0.0,0.3333333333333333,0.3333333333333333,0.1666666666666666,0.1666666666666666,0.1666666666666666,0.0
Suj_123,Respuestas de formulario 10,ALM,Bloque_SIN,2,Bloque_9,3,Opción 2,0,3.2,4.833333333333333,0,-1,-1,Hombre,5,6,1000,0,-1,-1,-1,0.5,0.0,0.0,0.0,0.3333333333333333,0.3333333333333333,0.1666666666666666,0.1666666666666666,0.1666666666666666,0.0
Suj_123,Respuestas de formulario 10,ABC,Bloque_SIN,2,Bloque_7,4,Opción 2,0,3.2,4.833333333333333,0,-1,-1,Hombre,5,6,2400,0,-1,-1,-1,0.5,0.0,0.0,0.0,0.3333333333333333,0.3333333333333333,0.1666666666666666,0.1666666666666666,0.1666666666666666,0.0
Suj_123,Respuestas de formulario 10,AQS,Bloque_SIN,2,Bloque_1,5,Opción 1,1,3.2,4.833333333333333,0,-1,-1,Hombre,5,6,0,0,-1,-1,0,0.5,0.0,0.0,0.0,0.3333333333333333,0.3333333333333333,0.1666666666666666,0.1666666666666666,0.1666666666666666,0.0
Suj_123,Respuestas de formulario 10,AJK,Bloque_SIN,2,Bloque_5,6,Opción 2,0,3.2,4.833333333333333,0,-1,-1,Hombre,5,6,2000,0,-1,-1,-1,0.5,0.0,0.0,0.0,0.3333333333333333,0.3333333333333333,0.1666666666666666,0.1666666666666666,0.1666666666666666,0.0
Suj_123,Respuestas de formulario 10,AEF,Bloque_CON,3,Bloque_11,1,Opción 2,0,3.2,4.833333333333333,0,-1,-1,Hombre,5,6,1200,0,-1,-1,-1,0.5,0.0,0.0,0.0,0.3333333333333333,0.3333333333333333,0.1666666666666666,0.1666666666666666,0.1666666666666666,0.0
Suj_123,Respuestas de formulario 10,AGH,Bloque_CON,3,Bloque_3,2,Opción 1,1,3.2,4.833333333333333,0,-1,-1,Hombre,5,6,0,0,-1,-1,0,0.5,0.0,0.0,0.0,0.3333333333333333,0.3333333333333333,0.1666666666666666,0.1666666666666666,0.1666666666666666,0.0
Suj_123,Respuestas de formulario 10,ALM,Bloque_CON,3,Bloque_9,3,Opción 2,0,3.2,4.833333333333333,0,-1,-1,Hombre,5,6,1000,0,-1,-1,-1,0.5,0.0,0.0,0.0,0.3333333333333333,0.3333333333333333,0.1666666666666666,0.1666666666666666,0.1666666666666666,0.0
Suj_123,Respuestas de formulario 10,ABC,Bloque_CON,3,Bloque_7,4,Opción 1,1,3.2,4.833333333333333,0,-1,-1,Hombre,5,6,2400,0,-1,-1,-1,0.5,0.0,0.0,0.0,0.3333333333333333,0.3333333333333333,0.1666666666666666,0.1666666666666666,0.1666666666666666,0.0
Suj_123,Respuestas de formulario 10,AQS,Bloque_CON,3,Bloque_1,5,Opción 2,0,3.2,4.833333333333333,0,-1,-1,Hombre,5,6,0,0,-1,-1,0,0.5,0.0,0.0,0.0,0.3333333333333333,0.3333333333333333,0.1666666666666666,0.1666666666666666,0.1666666666666666,0.0
Suj_123,Respuestas de formulario 10,AJK,Bloque_CON,3,Bloque_5,6,Opción 2,0,3.2,4.833333333333333,0,-1,-1,Hombre,5,6,2000,0,-1,-1,-1,0.5,0.0,0.0,0.0,0.3333333333333333,0.3333333333333333,0.1666666666666666,0.1666666666666666,0.1666666666666666,0.0
Suj_127,Respuestas de formulario 10,AEF,Dist,1,Bloque_11,1,Opción 2,0,1.7,5.333333333333333,-1,-1,1,Mujer,2,6,1200,-1,-1,1,1,0.0,0.0,0.0,0.0,0.0,0.0,0.0,0.0,0.0,0.0
Suj_127,Respuestas de formulario 10,AGH,Dist,1,Bloque_3,2,Opción 2,0,1.7,5.333333333333333,-1,-1,1,Mujer,2,6,0,-1,-1,1,-1,0.0,0.0,0.0,0.0,0.0,0.0,0.0,0.0,0.0,0.0
Suj_127,Respuestas de formulario 10,ALM,Dist,1,Bloque_9,3,Opción 2,0,1.7,5.333333333333333,-1,-1,1,Mujer,2,6,1000,-1,-1,1,1,0.0,0.0,0.0,0.0,0.0,0.0,0.0,0.0,0.0,0.0
Suj_127,Respuestas de formulario 10,ABC,Dist,1,Bloque_7,4,Opción 2,0,1.7,5.333333333333333,-1,-1,1,Mujer,2,6,2400,-1,-1,1,-1,0.0,0.0,0.0,0.0,0.0,0.0,0.0,0.0,0.0,0.0
Suj_127,Respuestas de formulario 10,AQS,Dist,1,Bloque_1,5,Opción 2,0,1.7,5.333333333333333,-1,-1,1,Mujer,2,6,0,-1,-1,1,-1,0.0,0.0,0.0,0.0,0.0,0.0,0.0,0.0,0.0,0.0
Suj_127,Respuestas de formulario 10,AJK,Dist,1,Bloque_5,6,Opción 2,0,1.7,5.333333333333333,-1,-1,1,Mujer,2,6,2000,-1,-1,1,-1,0.0,0.0,0.0,0.0,0.0,0.0,0.0,0.0,0.0,0.0
Suj_127,Respuestas de formulario 10,AEF,Bloque_SIN,2,Bloque_11,1,Opción 2,0,1.7,5.333333333333333,-1,-1,1,Mujer,2,6,1200,-1,-1,1,1,0.0,0.0,0.0,0.0,0.0,0.0,0.0,0.0,0.0,0.0
Suj_127,Respuestas de formulario 10,AGH,Bloque_SIN,2,Bloque_3,2,Opción 2,0,1.7,5.333333333333333,-1,-1,1,Mujer,2,6,0,-1,-1,1,-1,0.0,0.0,0.0,0.0,0.0,0.0,0.0,0.0,0.0,0.0
Suj_127,Respuestas de formulario 10,ALM,Bloque_SIN,2,Bloque_9,3,Opción 2,0,1.7,5.333333333333333,-1,-1,1,Mujer,2,6,1000,-1,-1,1,1,0.0,0.0,0.0,0.0,0.0,0.0,0.0,0.0,0.0,0.0
Suj_127,Respuestas de formulario 10,ABC,Bloque_SIN,2,Bloque_7,4,Opción 2,0,1.7,5.333333333333333,-1,-1,1,Mujer,2,6,2400,-1,-1,1,-1,0.0,0.0,0.0,0.0,0.0,0.0,0.0,0.0,0.0,0.0
Suj_127,Respuestas de formulario 10,AQS,Bloque_SIN,2,Bloque_1,5,Opción 2,0,1.7,5.333333333333333,-1,-1,1,Mujer,2,6,0,-1,-1,1,-1,0.0,0.0,0.0,0.0,0.0,0.0,0.0,0.0,0.0,0.0
Suj_127,Respuestas de formulario 10,AJK,Bloque_SIN,2,Bloque_5,6,Opción 2,0,1.7,5.333333333333333,-1,-1,1,Mujer,2,6,2000,-1,-1,1,-1,0.0,0.0,0.0,0.0,0.0,0.0,0.0,0.0,0.0,0.0
Suj_127,Respuestas de formulario 10,AEF,Bloque_CON,3,Bloque_11,1,Opción 2,0,1.7,5.333333333333333,-1,-1,1,Mujer,2,6,1200,-1,-1,1,1,0.0,0.0,0.0,0.0,0.0,0.0,0.0,0.0,0.0,0.0
Suj_127,Respuestas de formulario 10,AGH,Bloque_CON,3,Bloque_3,2,Opción 2,0,1.7,5.333333333333333,-1,-1,1,Mujer,2,6,0,-1,-1,1,-1,0.0,0.0,0.0,0.0,0.0,0.0,0.0,0.0,0.0,0.0
Suj_127,Respuestas de formulario 10,ALM,Bloque_CON,3,Bloque_9,3,Opción 2,0,1.7,5.333333333333333,-1,-1,1,Mujer,2,6,1000,-1,-1,1,1,0.0,0.0,0.0,0.0,0.0,0.0,0.0,0.0,0.0,0.0
Suj_127,Respuestas de formulario 10,ABC,Bloque_CON,3,Bloque_7,4,Opción 2,0,1.7,5.333333333333333,-1,-1,1,Mujer,2,6,2400,-1,-1,1,-1,0.0,0.0,0.0,0.0,0.0,0.0,0.0,0.0,0.0,0.0
Suj_127,Respuestas de formulario 10,AQS,Bloque_CON,3,Bloque_1,5,Opción 2,0,1.7,5.333333333333333,-1,-1,1,Mujer,2,6,0,-1,-1,1,-1,0.0,0.0,0.0,0.0,0.0,0.0,0.0,0.0,0.0,0.0
Suj_127,Respuestas de formulario 10,AJK,Bloque_CON,3,Bloque_5,6,Opción 2,0,1.7,5.333333333333333,-1,-1,1,Mujer,2,6,2000,-1,-1,1,-1,0.0,0.0,0.0,0.0,0.0,0.0,0.0,0.0,0.0,0.0
Suj_130,Respuestas de formulario 10,AEF,Dist,1,Bloque_11,1,Opción 2,0,2.5,5.0,0,0,-1,Hombre,4,7,1200,0,0,-1,-1,0.5,0.0,0.0,0.3333333333333333,0.3333333333333333,0.5,0.3333333333333333,0.0,0.1666666666666666,0.3333333333333333
Suj_130,Respuestas de formulario 10,AGH,Dist,1,Bloque_3,2,Opción 2,0,2.5,5.0,0,0,-1,Hombre,4,7,0,0,0,-1,0,0.5,0.0,0.0,0.3333333333333333,0.3333333333333333,0.5,0.3333333333333333,0.0,0.1666666666666666,0.3333333333333333
Suj_130,Respuestas de formulario 10,ALM,Dist,1,Bloque_9,3,Opción 2,0,2.5,5.0,0,0,-1,Hombre,4,7,1000,0,0,-1,-1,0.5,0.0,0.0,0.3333333333333333,0.3333333333333333,0.5,0.3333333333333333,0.0,0.1666666666666666,0.3333333333333333
Suj_130,Respuestas de formulario 10,ABC,Dist,1,Bloque_7,4,Opción 2,0,2.5,5.0,0,0,-1,Hombre,4,7,2400,0,0,-1,0,0.5,0.0,0.0,0.3333333333333333,0.3333333333333333,0.5,0.3333333333333333,0.0,0.1666666666666666,0.3333333333333333
Suj_130,Respuestas de formulario 10,AQS,Dist,1,Bloque_1,5,Opción 2,0,2.5,5.0,0,0,-1,Hombre,4,7,0,0,0,-1,0,0.5,0.0,0.0,0.3333333333333333,0.3333333333333333,0.5,0.3333333333333333,0.0,0.1666666666666666,0.3333333333333333
Suj_130,Respuestas de formulario 10,AJK,Dist,1,Bloque_5,6,Opción 2,0,2.5,5.0,0,0,-1,Hombre,4,7,2000,0,0,-1,0,0.5,0.0,0.0,0.3333333333333333,0.3333333333333333,0.5,0.3333333333333333,0.0,0.1666666666666666,0.3333333333333333
Suj_130,Respuestas de formulario 10,AEF,Bloque_SIN,2,Bloque_11,1,Opción 2,0,2.5,5.0,0,0,-1,Hombre,4,7,1200,0,0,-1,-1,0.5,0.0,0.0,0.3333333333333333,0.3333333333333333,0.5,0.3333333333333333,0.0,0.1666666666666666,0.3333333333333333
Suj_130,Respuestas de formulario 10,AGH,Bloque_SIN,2,Bloque_3,2,Opción 2,0,2.5,5.0,0,0,-1,Hombre,4,7,0,0,0,-1,0,0.5,0.0,0.0,0.3333333333333333,0.3333333333333333,0.5,0.3333333333333333,0.0,0.1666666666666666,0.3333333333333333
Suj_130,Respuestas de formulario 10,ALM,Bloque_SIN,2,Bloque_9,3,Opción 2,0,2.5,5.0,0,0,-1,Hombre,4,7,1000,0,0,-1,-1,0.5,0.0,0.0,0.3333333333333333,0.3333333333333333,0.5,0.3333333333333333,0.0,0.1666666666666666,0.3333333333333333
Suj_130,Respuestas de formulario 10,ABC,Bloque_SIN,2,Bloque_7,4,Opción 2,0,2.5,5.0,0,0,-1,Hombre,4,7,2400,0,0,-1,0,0.5,0.0,0.0,0.3333333333333333,0.3333333333333333,0.5,0.3333333333333333,0.0,0.1666666666666666,0.3333333333333333
Suj_130,Respuestas de formulario 10,AQS,Bloque_SIN,2,Bloque_1,5,Opción 1,1,2.5,5.0,0,0,-1,Hombre,4,7,0,0,0,-1,0,0.5,0.0,0.0,0.3333333333333333,0.3333333333333333,0.5,0.3333333333333333,0.0,0.1666666666666666,0.3333333333333333
Suj_130,Respuestas de formulario 10,AJK,Bloque_SIN,2,Bloque_5,6,Opción 1,1,2.5,5.0,0,0,-1,Hombre,4,7,2000,0,0,-1,0,0.5,0.0,0.0,0.3333333333333333,0.3333333333333333,0.5,0.3333333333333333,0.0,0.1666666666666666,0.3333333333333333
Suj_130,Respuestas de formulario 10,AEF,Bloque_CON,3,Bloque_11,1,Opción 2,0,2.5,5.0,0,0,-1,Hombre,4,7,1200,0,0,-1,-1,0.5,0.0,0.0,0.3333333333333333,0.3333333333333333,0.5,0.3333333333333333,0.0,0.1666666666666666,0.3333333333333333
Suj_130,Respuestas de formulario 10,AGH,Bloque_CON,3,Bloque_3,2,Opción 1,1,2.5,5.0,0,0,-1,Hombre,4,7,0,0,0,-1,0,0.5,0.0,0.0,0.3333333333333333,0.3333333333333333,0.5,0.3333333333333333,0.0,0.1666666666666666,0.3333333333333333
Suj_130,Respuestas de formulario 10,ALM,Bloque_CON,3,Bloque_9,3,Opción 2,0,2.5,5.0,0,0,-1,Hombre,4,7,1000,0,0,-1,-1,0.5,0.0,0.0,0.3333333333333333,0.3333333333333333,0.5,0.3333333333333333,0.0,0.1666666666666666,0.3333333333333333
Suj_130,Respuestas de formulario 10,ABC,Bloque_CON,3,Bloque_7,4,Opción 1,1,2.5,5.0,0,0,-1,Hombre,4,7,2400,0,0,-1,0,0.5,0.0,0.0,0.3333333333333333,0.3333333333333333,0.5,0.3333333333333333,0.0,0.1666666666666666,0.3333333333333333
Suj_130,Respuestas de formulario 10,AQS,Bloque_CON,3,Bloque_1,5,Opción 1,1,2.5,5.0,0,0,-1,Hombre,4,7,0,0,0,-1,0,0.5,0.0,0.0,0.3333333333333333,0.3333333333333333,0.5,0.3333333333333333,0.0,0.1666666666666666,0.3333333333333333
Suj_130,Respuestas de formulario 10,AJK,Bloque_CON,3,Bloque_5,6,Opción 2,0,2.5,5.0,0,0,-1,Hombre,4,7,2000,0,0,-1,0,0.5,0.0,0.0,0.3333333333333333,0.3333333333333333,0.5,0.3333333333333333,0.0,0.1666666666666666,0.3333333333333333
Suj_137,Respuestas de formulario 11,ALM,Dist,1,Bloque_9,1,Opción 2,0,1.0,5.333333333333333,1,1,1,Mujer,1,8,1000,1,1,1,1,1.0,0.6666666666666666,1.0,1.0,1.0,1.0,1.0,0.8333333333333334,0.0,0.1666666666666666
Suj_137,Respuestas de formulario 11,ABC,Dist,1,Bloque_1,2,Opción 1,1,1.0,5.333333333333333,1,1,1,Mujer,1,8,0,1,1,1,1,1.0,0.6666666666666666,1.0,1.0,1.0,1.0,1.0,0.8333333333333334,0.0,0.1666666666666666
Suj_137,Respuestas de formulario 11,AQS,Dist,1,Bloque_5,3,Opción 1,1,1.0,5.333333333333333,1,1,1,Mujer,1,8,2000,1,1,1,1,1.0,0.6666666666666666,1.0,1.0,1.0,1.0,1.0,0.8333333333333334,0.0,0.1666666666666666
Suj_137,Respuestas de formulario 11,AEF,Dist,1,Bloque_11,4,Opción 1,1,1.0,5.333333333333333,1,1,1,Mujer,1,8,1200,1,1,1,1,1.0,0.6666666666666666,1.0,1.0,1.0,1.0,1.0,0.8333333333333334,0.0,0.1666666666666666
Suj_137,Respuestas de formulario 11,AGH,Dist,1,Bloque_3,5,Opción 1,1,1.0,5.333333333333333,1,1,1,Mujer,1,8,0,1,1,1,1,1.0,0.6666666666666666,1.0,1.0,1.0,1.0,1.0,0.8333333333333334,0.0,0.1666666666666666
Suj_137,Respuestas de formulario 11,AJK,Dist,1,Bloque_7,6,Opción 1,1,1.0,5.333333333333333,1,1,1,Mujer,1,8,2400,1,1,1,1,1.0,0.6666666666666666,1.0,1.0,1.0,1.0,1.0,0.8333333333333334,0.0,0.1666666666666666
Suj_137,Respuestas de formulario 11,ALM,Bloque_CON,2,Bloque_9,1,Opción 1,1,1.0,5.333333333333333,1,1,1,Mujer,1,8,1000,1,1,1,1,1.0,0.6666666666666666,1.0,1.0,1.0,1.0,1.0,0.8333333333333334,0.0,0.1666666666666666
Suj_137,Respuestas de formulario 11,ABC,Bloque_CON,2,Bloque_1,2,Opción 1,1,1.0,5.333333333333333,1,1,1,Mujer,1,8,0,1,1,1,1,1.0,0.6666666666666666,1.0,1.0,1.0,1.0,1.0,0.8333333333333334,0.0,0.1666666666666666
Suj_137,Respuestas de formulario 11,AQS,Bloque_CON,2,Bloque_5,3,Opción 1,1,1.0,5.333333333333333,1,1,1,Mujer,1,8,2000,1,1,1,1,1.0,0.6666666666666666,1.0,1.0,1.0,1.0,1.0,0.8333333333333334,0.0,0.1666666666666666
Suj_137,Respuestas de formulario 11,AEF,Bloque_CON,2,Bloque_11,4,Opción 1,1,1.0,5.333333333333333,1,1,1,Mujer,1,8,1200,1,1,1,1,1.0,0.6666666666666666,1.0,1.0,1.0,1.0,1.0,0.8333333333333334,0.0,0.1666666666666666
Suj_137,Respuestas de formulario 11,AGH,Bloque_CON,2,Bloque_3,5,Opción 1,1,1.0,5.333333333333333,1,1,1,Mujer,1,8,0,1,1,1,1,1.0,0.6666666666666666,1.0,1.0,1.0,1.0,1.0,0.8333333333333334,0.0,0.1666666666666666
Suj_137,Respuestas de formulario 11,AJK,Bloque_CON,2,Bloque_7,6,Opción 1,1,1.0,5.333333333333333,1,1,1,Mujer,1,8,2400,1,1,1,1,1.0,0.6666666666666666,1.0,1.0,1.0,1.0,1.0,0.8333333333333334,0.0,0.1666666666666666
Suj_137,Respuestas de formulario 11,ALM,Bloque_SIN,3,Bloque_9,1,Opción 1,1,1.0,5.333333333333333,1,1,1,Mujer,1,8,1000,1,1,1,1,1.0,0.6666666666666666,1.0,1.0,1.0,1.0,1.0,0.8333333333333334,0.0,0.1666666666666666
Suj_137,Respuestas de formulario 11,ABC,Bloque_SIN,3,Bloque_1,2,Opción 1,1,1.0,5.333333333333333,1,1,1,Mujer,1,8,0,1,1,1,1,1.0,0.6666666666666666,1.0,1.0,1.0,1.0,1.0,0.8333333333333334,0.0,0.1666666666666666
Suj_137,Respuestas de formulario 11,AQS,Bloque_SIN,3,Bloque_5,3,Opción 1,1,1.0,5.333333333333333,1,1,1,Mujer,1,8,2000,1,1,1,1,1.0,0.6666666666666666,1.0,1.0,1.0,1.0,1.0,0.8333333333333334,0.0,0.1666666666666666
Suj_137,Respuestas de formulario 11,AEF,Bloque_SIN,3,Bloque_11,4,Opción 1,1,1.0,5.333333333333333,1,1,1,Mujer,1,8,1200,1,1,1,1,1.0,0.6666666666666666,1.0,1.0,1.0,1.0,1.0,0.8333333333333334,0.0,0.1666666666666666
Suj_137,Respuestas de formulario 11,AGH,Bloque_SIN,3,Bloque_3,5,Opción 1,1,1.0,5.333333333333333,1,1,1,Mujer,1,8,0,1,1,1,1,1.0,0.6666666666666666,1.0,1.0,1.0,1.0,1.0,0.8333333333333334,0.0,0.1666666666666666
Suj_137,Respuestas de formulario 11,AJK,Bloque_SIN,3,Bloque_7,6,Opción 1,1,1.0,5.333333333333333,1,1,1,Mujer,1,8,2400,1,1,1,1,1.0,0.6666666666666666,1.0,1.0,1.0,1.0,1.0,0.8333333333333334,0.0,0.1666666666666666
Suj_140,Respuestas de formulario 11,ALM,Dist,1,Bloque_9,1,Opción 2,0,1.4,5.0,1,1,1,Hombre,3,4,1000,1,1,1,1,0.8333333333333334,0.3333333333333333,0.3333333333333333,0.0,0.3333333333333333,0.3333333333333333,0.6666666666666666,0.3333333333333333,-0.3333333333333333,0.3333333333333333
Suj_140,Respuestas de formulario 11,ABC,Dist,1,Bloque_1,2,Opción 1,1,1.4,5.0,1,1,1,Hombre,3,4,0,1,1,1,1,0.8333333333333334,0.3333333333333333,0.3333333333333333,0.0,0.3333333333333333,0.3333333333333333,0.6666666666666666,0.3333333333333333,-0.3333333333333333,0.3333333333333333
Suj_140,Respuestas de formulario 11,AQS,Dist,1,Bloque_5,3,Opción 2,0,1.4,5.0,1,1,1,Hombre,3,4,2000,1,1,1,1,0.8333333333333334,0.3333333333333333,0.3333333333333333,0.0,0.3333333333333333,0.3333333333333333,0.6666666666666666,0.3333333333333333,-0.3333333333333333,0.3333333333333333
Suj_140,Respuestas de formulario 11,AEF,Dist,1,Bloque_11,4,Opción 2,0,1.4,5.0,1,1,1,Hombre,3,4,1200,1,1,1,1,0.8333333333333334,0.3333333333333333,0.3333333333333333,0.0,0.3333333333333333,0.3333333333333333,0.6666666666666666,0.3333333333333333,-0.3333333333333333,0.3333333333333333
Suj_140,Respuestas de formulario 11,AGH,Dist,1,Bloque_3,5,Opción 1,1,1.4,5.0,1,1,1,Hombre,3,4,0,1,1,1,1,0.8333333333333334,0.3333333333333333,0.3333333333333333,0.0,0.3333333333333333,0.3333333333333333,0.6666666666666666,0.3333333333333333,-0.3333333333333333,0.3333333333333333
Suj_140,Respuestas de formulario 11,AJK,Dist,1,Bloque_7,6,Opción 2,0,1.4,5.0,1,1,1,Hombre,3,4,2400,1,1,1,1,0.8333333333333334,0.3333333333333333,0.3333333333333333,0.0,0.3333333333333333,0.3333333333333333,0.6666666666666666,0.3333333333333333,-0.3333333333333333,0.3333333333333333
Suj_140,Respuestas de formulario 11,ALM,Bloque_CON,2,Bloque_9,1,Opción 2,0,1.4,5.0,1,1,1,Hombre,3,4,1000,1,1,1,1,0.8333333333333334,0.3333333333333333,0.3333333333333333,0.0,0.3333333333333333,0.3333333333333333,0.6666666666666666,0.3333333333333333,-0.3333333333333333,0.3333333333333333
Suj_140,Respuestas de formulario 11,ABC,Bloque_CON,2,Bloque_1,2,Opción 1,1,1.4,5.0,1,1,1,Hombre,3,4,0,1,1,1,1,0.8333333333333334,0.3333333333333333,0.3333333333333333,0.0,0.3333333333333333,0.3333333333333333,0.6666666666666666,0.3333333333333333,-0.3333333333333333,0.3333333333333333
Suj_140,Respuestas de formulario 11,AQS,Bloque_CON,2,Bloque_5,3,Opción 2,0,1.4,5.0,1,1,1,Hombre,3,4,2000,1,1,1,1,0.8333333333333334,0.3333333333333333,0.3333333333333333,0.0,0.3333333333333333,0.3333333333333333,0.6666666666666666,0.3333333333333333,-0.3333333333333333,0.3333333333333333
Suj_140,Respuestas de formulario 11,AEF,Bloque_CON,2,Bloque_11,4,Opción 2,0,1.4,5.0,1,1,1,Hombre,3,4,1200,1,1,1,1,0.8333333333333334,0.3333333333333333,0.3333333333333333,0.0,0.3333333333333333,0.3333333333333333,0.6666666666666666,0.3333333333333333,-0.3333333333333333,0.3333333333333333
Suj_140,Respuestas de formulario 11,AGH,Bloque_CON,2,Bloque_3,5,Opción 1,1,1.4,5.0,1,1,1,Hombre,3,4,0,1,1,1,1,0.8333333333333334,0.3333333333333333,0.3333333333333333,0.0,0.3333333333333333,0.3333333333333333,0.6666666666666666,0.3333333333333333,-0.3333333333333333,0.3333333333333333
Suj_140,Respuestas de formulario 11,AJK,Bloque_CON,2,Bloque_7,6,Opción 2,0,1.4,5.0,1,1,1,Hombre,3,4,2400,1,1,1,1,0.8333333333333334,0.3333333333333333,0.3333333333333333,0.0,0.3333333333333333,0.3333333333333333,0.6666666666666666,0.3333333333333333,-0.3333333333333333,0.3333333333333333
Suj_140,Respuestas de formulario 11,ALM,Bloque_SIN,3,Bloque_9,1,Opción 1,1,1.4,5.0,1,1,1,Hombre,3,4,1000,1,1,1,1,0.8333333333333334,0.3333333333333333,0.3333333333333333,0.0,0.3333333333333333,0.3333333333333333,0.6666666666666666,0.3333333333333333,-0.3333333333333333,0.3333333333333333
Suj_140,Respuestas de formulario 11,ABC,Bloque_SIN,3,Bloque_1,2,Opción 1,1,1.4,5.0,1,1,1,Hombre,3,4,0,1,1,1,1,0.8333333333333334,0.3333333333333333,0.3333333333333333,0.0,0.3333333333333333,0.3333333333333333,0.6666666666666666,0.3333333333333333,-0.3333333333333333,0.3333333333333333
Suj_140,Respuestas de formulario 11,AQS,Bloque_SIN,3,Bloque_5,3,Opción 2,0,1.4,5.0,1,1,1,Hombre,3,4,2000,1,1,1,1,0.8333333333333334,0.3333333333333333,0.3333333333333333,0.0,0.3333333333333333,0.3333333333333333,0.6666666666666666,0.3333333333333333,-0.3333333333333333,0.3333333333333333
Suj_140,Respuestas de formulario 11,AEF,Bloque_SIN,3,Bloque_11,4,Opción 1,1,1.4,5.0,1,1,1,Hombre,3,4,1200,1,1,1,1,0.8333333333333334,0.3333333333333333,0.3333333333333333,0.0,0.3333333333333333,0.3333333333333333,0.6666666666666666,0.3333333333333333,-0.3333333333333333,0.3333333333333333
Suj_140,Respuestas de formulario 11,AGH,Bloque_SIN,3,Bloque_3,5,Opción 2,0,1.4,5.0,1,1,1,Hombre,3,4,0,1,1,1,1,0.8333333333333334,0.3333333333333333,0.3333333333333333,0.0,0.3333333333333333,0.3333333333333333,0.6666666666666666,0.3333333333333333,-0.3333333333333333,0.3333333333333333
Suj_140,Respuestas de formulario 11,AJK,Bloque_SIN,3,Bloque_7,6,Opción 1,1,1.4,5.0,1,1,1,Hombre,3,4,2400,1,1,1,1,0.8333333333333334,0.3333333333333333,0.3333333333333333,0.0,0.3333333333333333,0.3333333333333333,0.6666666666666666,0.3333333333333333,-0.3333333333333333,0.3333333333333333
Suj_144,Respuestas de formulario 11,ALM,Dist,1,Bloque_9,1,Opción 1,1,3.0,5.666666666666667,1,1,1,Mujer,5,7,1000,1,1,1,1,1.0,1.0,1.0,1.0,1.0,1.0,1.0,1.0,0.0,0.0
Suj_144,Respuestas de formulario 11,ABC,Dist,1,Bloque_1,2,Opción 1,1,3.0,5.666666666666667,1,1,1,Mujer,5,7,0,1,1,1,1,1.0,1.0,1.0,1.0,1.0,1.0,1.0,1.0,0.0,0.0
Suj_144,Respuestas de formulario 11,AQS,Dist,1,Bloque_5,3,Opción 1,1,3.0,5.666666666666667,1,1,1,Mujer,5,7,2000,1,1,1,1,1.0,1.0,1.0,1.0,1.0,1.0,1.0,1.0,0.0,0.0
Suj_144,Respuestas de formulario 11,AEF,Dist,1,Bloque_11,4,Opción 1,1,3.0,5.666666666666667,1,1,1,Mujer,5,7,1200,1,1,1,1,1.0,1.0,1.0,1.0,1.0,1.0,1.0,1.0,0.0,0.0
Suj_144,Respuestas de formulario 11,AGH,Dist,1,Bloque_3,5,Opción 1,1,3.0,5.666666666666667,1,1,1,Mujer,5,7,0,1,1,1,1,1.0,1.0,1.0,1.0,1.0,1.0,1.0,1.0,0.0,0.0
Suj_144,Respuestas de formulario 11,AJK,Dist,1,Bloque_7,6,Opción 1,1,3.0,5.666666666666667,1,1,1,Mujer,5,7,2400,1,1,1,1,1.0,1.0,1.0,1.0,1.0,1.0,1.0,1.0,0.0,0.0
Suj_144,Respuestas de formulario 11,ALM,Bloque_CON,2,Bloque_9,1,Opción 1,1,3.0,5.666666666666667,1,1,1,Mujer,5,7,1000,1,1,1,1,1.0,1.0,1.0,1.0,1.0,1.0,1.0,1.0,0.0,0.0
Suj_144,Respuestas de formulario 11,ABC,Bloque_CON,2,Bloque_1,2,Opción 1,1,3.0,5.666666666666667,1,1,1,Mujer,5,7,0,1,1,1,1,1.0,1.0,1.0,1.0,1.0,1.0,1.0,1.0,0.0,0.0
Suj_144,Respuestas de formulario 11,AQS,Bloque_CON,2,Bloque_5,3,Opción 1,1,3.0,5.666666666666667,1,1,1,Mujer,5,7,2000,1,1,1,1,1.0,1.0,1.0,1.0,1.0,1.0,1.0,1.0,0.0,0.0
Suj_144,Respuestas de formulario 11,AEF,Bloque_CON,2,Bloque_11,4,Opción 1,1,3.0,5.666666666666667,1,1,1,Mujer,5,7,1200,1,1,1,1,1.0,1.0,1.0,1.0,1.0,1.0,1.0,1.0,0.0,0.0
Suj_144,Respuestas de formulario 11,AGH,Bloque_CON,2,Bloque_3,5,Opción 1,1,3.0,5.666666666666667,1,1,1,Mujer,5,7,0,1,1,1,1,1.0,1.0,1.0,1.0,1.0,1.0,1.0,1.0,0.0,0.0
Suj_144,Respuestas de formulario 11,AJK,Bloque_CON,2,Bloque_7,6,Opción 1,1,3.0,5.666666666666667,1,1,1,Mujer,5,7,2400,1,1,1,1,1.0,1.0,1.0,1.0,1.0,1.0,1.0,1.0,0.0,0.0
Suj_144,Respuestas de formulario 11,ALM,Bloque_SIN,3,Bloque_9,1,Opción 1,1,3.0,5.666666666666667,1,1,1,Mujer,5,7,1000,1,1,1,1,1.0,1.0,1.0,1.0,1.0,1.0,1.0,1.0,0.0,0.0
Suj_144,Respuestas de formulario 11,ABC,Bloque_SIN,3,Bloque_1,2,Opción 1,1,3.0,5.666666666666667,1,1,1,Mujer,5,7,0,1,1,1,1,1.0,1.0,1.0,1.0,1.0,1.0,1.0,1.0,0.0,0.0
Suj_144,Respuestas de formulario 11,AQS,Bloque_SIN,3,Bloque_5,3,Opción 1,1,3.0,5.666666666666667,1,1,1,Mujer,5,7,2000,1,1,1,1,1.0,1.0,1.0,1.0,1.0,1.0,1.0,1.0,0.0,0.0
Suj_144,Respuestas de formulario 11,AEF,Bloque_SIN,3,Bloque_11,4,Opción 1,1,3.0,5.666666666666667,1,1,1,Mujer,5,7,1200,1,1,1,1,1.0,1.0,1.0,1.0,1.0,1.0,1.0,1.0,0.0,0.0
Suj_144,Respuestas de formulario 11,AGH,Bloque_SIN,3,Bloque_3,5,Opción 1,1,3.0,5.666666666666667,1,1,1,Mujer,5,7,0,1,1,1,1,1.0,1.0,1.0,1.0,1.0,1.0,1.0,1.0,0.0,0.0
Suj_144,Respuestas de formulario 11,AJK,Bloque_SIN,3,Bloque_7,6,Opción 1,1,3.0,5.666666666666667,1,1,1,Mujer,5,7,2400,1,1,1,1,1.0,1.0,1.0,1.0,1.0,1.0,1.0,1.0,0.0,0.0
Suj_145,Respuestas de formulario 11,ALM,Dist,1,Bloque_9,1,Opción 2,0,1.3,5.666666666666667,0,-1,-1,Mujer,2,5,1000,0,-1,-1,-1,0.3333333333333333,0.0,0.0,0.0,0.0,0.1666666666666666,0.0,0.1666666666666666,0.1666666666666666,-0.1666666666666666
Suj_145,Respuestas de formulario 11,ABC,Dist,1,Bloque_1,2,Opción 1,1,1.3,5.666666666666667,0,-1,-1,Mujer,2,5,0,0,-1,-1,0,0.3333333333333333,0.0,0.0,0.0,0.0,0.1666666666666666,0.0,0.1666666666666666,0.1666666666666666,-0.1666666666666666
Suj_145,Respuestas de formulario 11,AQS,Dist,1,Bloque_5,3,Opción 2,0,1.3,5.666666666666667,0,-1,-1,Mujer,2,5,2000,0,-1,-1,-1,0.3333333333333333,0.0,0.0,0.0,0.0,0.1666666666666666,0.0,0.1666666666666666,0.1666666666666666,-0.1666666666666666
Suj_145,Respuestas de formulario 11,AEF,Dist,1,Bloque_11,4,Opción 2,0,1.3,5.666666666666667,0,-1,-1,Mujer,2,5,1200,0,-1,-1,-1,0.3333333333333333,0.0,0.0,0.0,0.0,0.1666666666666666,0.0,0.1666666666666666,0.1666666666666666,-0.1666666666666666
Suj_145,Respuestas de formulario 11,AGH,Dist,1,Bloque_3,5,Opción 2,0,1.3,5.666666666666667,0,-1,-1,Mujer,2,5,0,0,-1,-1,0,0.3333333333333333,0.0,0.0,0.0,0.0,0.1666666666666666,0.0,0.1666666666666666,0.1666666666666666,-0.1666666666666666
Suj_145,Respuestas de formulario 11,AJK,Dist,1,Bloque_7,6,Opción 2,0,1.3,5.666666666666667,0,-1,-1,Mujer,2,5,2400,0,-1,-1,-1,0.3333333333333333,0.0,0.0,0.0,0.0,0.1666666666666666,0.0,0.1666666666666666,0.1666666666666666,-0.1666666666666666
Suj_145,Respuestas de formulario 11,ALM,Bloque_CON,2,Bloque_9,1,Opción 2,0,1.3,5.666666666666667,0,-1,-1,Mujer,2,5,1000,0,-1,-1,-1,0.3333333333333333,0.0,0.0,0.0,0.0,0.1666666666666666,0.0,0.1666666666666666,0.1666666666666666,-0.1666666666666666
Suj_145,Respuestas de formulario 11,ABC,Bloque_CON,2,Bloque_1,2,Opción 1,1,1.3,5.666666666666667,0,-1,-1,Mujer,2,5,0,0,-1,-1,0,0.3333333333333333,0.0,0.0,0.0,0.0,0.1666666666666666,0.0,0.1666666666666666,0.1666666666666666,-0.1666666666666666
Suj_145,Respuestas de formulario 11,AQS,Bloque_CON,2,Bloque_5,3,Opción 2,0,1.3,5.666666666666667,0,-1,-1,Mujer,2,5,2000,0,-1,-1,-1,0.3333333333333333,0.0,0.0,0.0,0.0,0.1666666666666666,0.0,0.1666666666666666,0.1666666666666666,-0.1666666666666666
Suj_145,Respuestas de formulario 11,AEF,Bloque_CON,2,Bloque_11,4,Opción 2,0,1.3,5.666666666666667,0,-1,-1,Mujer,2,5,1200,0,-1,-1,-1,0.3333333333333333,0.0,0.0,0.0,0.0,0.1666666666666666,0.0,0.1666666666666666,0.1666666666666666,-0.1666666666666666
Suj_145,Respuestas de formulario 11,AGH,Bloque_CON,2,Bloque_3,5,Opción 2,0,1.3,5.666666666666667,0,-1,-1,Mujer,2,5,0,0,-1,-1,0,0.3333333333333333,0.0,0.0,0.0,0.0,0.1666666666666666,0.0,0.1666666666666666,0.1666666666666666,-0.1666666666666666
Suj_145,Respuestas de formulario 11,AJK,Bloque_CON,2,Bloque_7,6,Opción 2,0,1.3,5.666666666666667,0,-1,-1,Mujer,2,5,2400,0,-1,-1,-1,0.3333333333333333,0.0,0.0,0.0,0.0,0.1666666666666666,0.0,0.1666666666666666,0.1666666666666666,-0.1666666666666666
Suj_145,Respuestas de formulario 11,ALM,Bloque_SIN,3,Bloque_9,1,Opción 2,0,1.3,5.666666666666667,0,-1,-1,Mujer,2,5,1000,0,-1,-1,-1,0.3333333333333333,0.0,0.0,0.0,0.0,0.1666666666666666,0.0,0.1666666666666666,0.1666666666666666,-0.1666666666666666
Suj_145,Respuestas de formulario 11,ABC,Bloque_SIN,3,Bloque_1,2,Opción 2,0,1.3,5.666666666666667,0,-1,-1,Mujer,2,5,0,0,-1,-1,0,0.3333333333333333,0.0,0.0,0.0,0.0,0.1666666666666666,0.0,0.1666666666666666,0.1666666666666666,-0.1666666666666666
Suj_145,Respuestas de formulario 11,AQS,Bloque_SIN,3,Bloque_5,3,Opción 2,0,1.3,5.666666666666667,0,-1,-1,Mujer,2,5,2000,0,-1,-1,-1,0.3333333333333333,0.0,0.0,0.0,0.0,0.1666666666666666,0.0,0.1666666666666666,0.1666666666666666,-0.1666666666666666
Suj_145,Respuestas de formulario 11,AEF,Bloque_SIN,3,Bloque_11,4,Opción 2,0,1.3,5.666666666666667,0,-1,-1,Mujer,2,5,1200,0,-1,-1,-1,0.3333333333333333,0.0,0.0,0.0,0.0,0.1666666666666666,0.0,0.1666666666666666,0.1666666666666666,-0.1666666666666666
Suj_145,Respuestas de formulario 11,AGH,Bloque_SIN,3,Bloque_3,5,Opción 2,0,1.3,5.666666666666667,0,-1,-1,Mujer,2,5,0,0,-1,-1,0,0.3333333333333333,0.0,0.0,0.0,0.0,0.1666666666666666,0.0,0.1666666666666666,0.1666666666666666,-0.1666666666666666
Suj_145,Respuestas de formulario 11,AJK,Bloque_SIN,3,Bloque_7,6,Opción 2,0,1.3,5.666666666666667,0,-1,-1,Mujer,2,5,2400,0,-1,-1,-1,0.3333333333333333,0.0,0.0,0.0,0.0,0.1666666666666666,0.0,0.1666666666666666,0.1666666666666666,-0.1666666666666666
Suj_147,Respuestas de formulario 11,ALM,Dist,1,Bloque_9,1,Opción 2,0,2.3,5.0,1,-1,-1,Hombre,6,8,1000,1,-1,-1,-1,1.0,0.3333333333333333,0.0,0.0,0.0,0.5,0.3333333333333333,0.3333333333333333,0.1666666666666666,0.0
Suj_147,Respuestas de formulario 11,ABC,Dist,1,Bloque_1,2,Opción 1,1,2.3,5.0,1,-1,-1,Hombre,6,8,0,1,-1,-1,1,1.0,0.3333333333333333,0.0,0.0,0.0,0.5,0.3333333333333333,0.3333333333333333,0.1666666666666666,0.0
Suj_147,Respuestas de formulario 11,AQS,Dist,1,Bloque_5,3,Opción 2,0,2.3,5.0,1,-1,-1,Hombre,6,8,2000,1,-1,-1,-1,1.0,0.3333333333333333,0.0,0.0,0.0,0.5,0.3333333333333333,0.3333333333333333,0.1666666666666666,0.0
Suj_147,Respuestas de formulario 11,AEF,Dist,1,Bloque_11,4,Opción 2,0,2.3,5.0,1,-1,-1,Hombre,6,8,1200,1,-1,-1,-1,1.0,0.3333333333333333,0.0,0.0,0.0,0.5,0.3333333333333333,0.3333333333333333,0.1666666666666666,0.0
Suj_147,Respuestas de formulario 11,AGH,Dist,1,Bloque_3,5,Opción 1,1,2.3,5.0,1,-1,-1,Hombre,6,8,0,1,-1,-1,1,1.0,0.3333333333333333,0.0,0.0,0.0,0.5,0.3333333333333333,0.3333333333333333,0.1666666666666666,0.0
Suj_147,Respuestas de formulario 11,AJK,Dist,1,Bloque_7,6,Opción 2,0,2.3,5.0,1,-1,-1,Hombre,6,8,2400,1,-1,-1,-1,1.0,0.3333333333333333,0.0,0.0,0.0,0.5,0.3333333333333333,0.3333333333333333,0.1666666666666666,0.0
Suj_147,Respuestas de formulario 11,ALM,Bloque_CON,2,Bloque_9,1,Opción 1,1,2.3,5.0,1,-1,-1,Hombre,6,8,1000,1,-1,-1,-1,1.0,0.3333333333333333,0.0,0.0,0.0,0.5,0.3333333333333333,0.3333333333333333,0.1666666666666666,0.0
Suj_147,Respuestas de formulario 11,ABC,Bloque_CON,2,Bloque_1,2,Opción 1,1,2.3,5.0,1,-1,-1,Hombre,6,8,0,1,-1,-1,1,1.0,0.3333333333333333,0.0,0.0,0.0,0.5,0.3333333333333333,0.3333333333333333,0.1666666666666666,0.0
Suj_147,Respuestas de formulario 11,AQS,Bloque_CON,2,Bloque_5,3,Opción 2,0,2.3,5.0,1,-1,-1,Hombre,6,8,2000,1,-1,-1,-1,1.0,0.3333333333333333,0.0,0.0,0.0,0.5,0.3333333333333333,0.3333333333333333,0.1666666666666666,0.0
Suj_147,Respuestas de formulario 11,AEF,Bloque_CON,2,Bloque_11,4,Opción 2,0,2.3,5.0,1,-1,-1,Hombre,6,8,1200,1,-1,-1,-1,1.0,0.3333333333333333,0.0,0.0,0.0,0.5,0.3333333333333333,0.3333333333333333,0.1666666666666666,0.0
Suj_147,Respuestas de formulario 11,AGH,Bloque_CON,2,Bloque_3,5,Opción 1,1,2.3,5.0,1,-1,-1,Hombre,6,8,0,1,-1,-1,1,1.0,0.3333333333333333,0.0,0.0,0.0,0.5,0.3333333333333333,0.3333333333333333,0.1666666666666666,0.0
Suj_147,Respuestas de formulario 11,AJK,Bloque_CON,2,Bloque_7,6,Opción 2,0,2.3,5.0,1,-1,-1,Hombre,6,8,2400,1,-1,-1,-1,1.0,0.3333333333333333,0.0,0.0,0.0,0.5,0.3333333333333333,0.3333333333333333,0.1666666666666666,0.0
Suj_147,Respuestas de formulario 11,ALM,Bloque_SIN,3,Bloque_9,1,Opción 2,0,2.3,5.0,1,-1,-1,Hombre,6,8,1000,1,-1,-1,-1,1.0,0.3333333333333333,0.0,0.0,0.0,0.5,0.3333333333333333,0.3333333333333333,0.1666666666666666,0.0
Suj_147,Respuestas de formulario 11,ABC,Bloque_SIN,3,Bloque_1,2,Opción 1,1,2.3,5.0,1,-1,-1,Hombre,6,8,0,1,-1,-1,1,1.0,0.3333333333333333,0.0,0.0,0.0,0.5,0.3333333333333333,0.3333333333333333,0.1666666666666666,0.0
Suj_147,Respuestas de formulario 11,AQS,Bloque_SIN,3,Bloque_5,3,Opción 2,0,2.3,5.0,1,-1,-1,Hombre,6,8,2000,1,-1,-1,-1,1.0,0.3333333333333333,0.0,0.0,0.0,0.5,0.3333333333333333,0.3333333333333333,0.1666666666666666,0.0
Suj_147,Respuestas de formulario 11,AEF,Bloque_SIN,3,Bloque_11,4,Opción 2,0,2.3,5.0,1,-1,-1,Hombre,6,8,1200,1,-1,-1,-1,1.0,0.3333333333333333,0.0,0.0,0.0,0.5,0.3333333333333333,0.3333333333333333,0.1666666666666666,0.0
Suj_147,Respuestas de formulario 11,AGH,Bloque_SIN,3,Bloque_3,5,Opción 1,1,2.3,5.0,1,-1,-1,Hombre,6,8,0,1,-1,-1,1,1.0,0.3333333333333333,0.0,0.0,0.0,0.5,0.3333333333333333,0.3333333333333333,0.1666666666666666,0.0
Suj_147,Respuestas de formulario 11,AJK,Bloque_SIN,3,Bloque_7,6,Opción 2,0,2.3,5.0,1,-1,-1,Hombre,6,8,2400,1,-1,-1,-1,1.0,0.3333333333333333,0.0,0.0,0.0,0.5,0.3333333333333333,0.3333333333333333,0.1666666666666666,0.0
Suj_149,Respuestas de formulario 11,ALM,Dist,1,Bloque_9,1,Opción 2,0,2.4,5.0,-1,-1,-1,Mujer,6,6,1000,-1,-1,-1,-1,0.0,0.0,0.0,0.0,0.0,0.0,0.0,0.0,0.0,0.0
Suj_149,Respuestas de formulario 11,ABC,Dist,1,Bloque_1,2,Opción 2,0,2.4,5.0,-1,-1,-1,Mujer,6,6,0,-1,-1,-1,-1,0.0,0.0,0.0,0.0,0.0,0.0,0.0,0.0,0.0,0.0
Suj_149,Respuestas de formulario 11,AQS,Dist,1,Bloque_5,3,Opción 2,0,2.4,5.0,-1,-1,-1,Mujer,6,6,2000,-1,-1,-1,-1,0.0,0.0,0.0,0.0,0.0,0.0,0.0,0.0,0.0,0.0
Suj_149,Respuestas de formulario 11,AEF,Dist,1,Bloque_11,4,Opción 2,0,2.4,5.0,-1,-1,-1,Mujer,6,6,1200,-1,-1,-1,-1,0.0,0.0,0.0,0.0,0.0,0.0,0.0,0.0,0.0,0.0
Suj_149,Respuestas de formulario 11,AGH,Dist,1,Bloque_3,5,Opción 2,0,2.4,5.0,-1,-1,-1,Mujer,6,6,0,-1,-1,-1,-1,0.0,0.0,0.0,0.0,0.0,0.0,0.0,0.0,0.0,0.0
Suj_149,Respuestas de formulario 11,AJK,Dist,1,Bloque_7,6,Opción 2,0,2.4,5.0,-1,-1,-1,Mujer,6,6,2400,-1,-1,-1,-1,0.0,0.0,0.0,0.0,0.0,0.0,0.0,0.0,0.0,0.0
Suj_149,Respuestas de formulario 11,ALM,Bloque_CON,2,Bloque_9,1,Opción 2,0,2.4,5.0,-1,-1,-1,Mujer,6,6,1000,-1,-1,-1,-1,0.0,0.0,0.0,0.0,0.0,0.0,0.0,0.0,0.0,0.0
Suj_149,Respuestas de formulario 11,ABC,Bloque_CON,2,Bloque_1,2,Opción 2,0,2.4,5.0,-1,-1,-1,Mujer,6,6,0,-1,-1,-1,-1,0.0,0.0,0.0,0.0,0.0,0.0,0.0,0.0,0.0,0.0
Suj_149,Respuestas de formulario 11,AQS,Bloque_CON,2,Bloque_5,3,Opción 2,0,2.4,5.0,-1,-1,-1,Mujer,6,6,2000,-1,-1,-1,-1,0.0,0.0,0.0,0.0,0.0,0.0,0.0,0.0,0.0,0.0
Suj_149,Respuestas de formulario 11,AEF,Bloque_CON,2,Bloque_11,4,Opción 2,0,2.4,5.0,-1,-1,-1,Mujer,6,6,1200,-1,-1,-1,-1,0.0,0.0,0.0,0.0,0.0,0.0,0.0,0.0,0.0,0.0
Suj_149,Respuestas de formulario 11,AGH,Bloque_CON,2,Bloque_3,5,Opción 2,0,2.4,5.0,-1,-1,-1,Mujer,6,6,0,-1,-1,-1,-1,0.0,0.0,0.0,0.0,0.0,0.0,0.0,0.0,0.0,0.0
Suj_149,Respuestas de formulario 11,AJK,Bloque_CON,2,Bloque_7,6,Opción 2,0,2.4,5.0,-1,-1,-1,Mujer,6,6,2400,-1,-1,-1,-1,0.0,0.0,0.0,0.0,0.0,0.0,0.0,0.0,0.0,0.0
Suj_149,Respuestas de formulario 11,ALM,Bloque_SIN,3,Bloque_9,1,Opción 2,0,2.4,5.0,-1,-1,-1,Mujer,6,6,1000,-1,-1,-1,-1,0.0,0.0,0.0,0.0,0.0,0.0,0.0,0.0,0.0,0.0
Suj_149,Respuestas de formulario 11,ABC,Bloque_SIN,3,Bloque_1,2,Opción 2,0,2.4,5.0,-1,-1,-1,Mujer,6,6,0,-1,-1,-1,-1,0.0,0.0,0.0,0.0,0.0,0.0,0.0,0.0,0.0,0.0
Suj_149,Respuestas de formulario 11,AQS,Bloque_SIN,3,Bloque_5,3,Opción 2,0,2.4,5.0,-1,-1,-1,Mujer,6,6,2000,-1,-1,-1,-1,0.0,0.0,0.0,0.0,0.0,0.0,0.0,0.0,0.0,0.0
Suj_149,Respuestas de formulario 11,AEF,Bloque_SIN,3,Bloque_11,4,Opción 2,0,2.4,5.0,-1,-1,-1,Mujer,6,6,1200,-1,-1,-1,-1,0.0,0.0,0.0,0.0,0.0,0.0,0.0,0.0,0.0,0.0
Suj_149,Respuestas de formulario 11,AGH,Bloque_SIN,3,Bloque_3,5,Opción 2,0,2.4,5.0,-1,-1,-1,Mujer,6,6,0,-1,-1,-1,-1,0.0,0.0,0.0,0.0,0.0,0.0,0.0,0.0,0.0,0.0
Suj_149,Respuestas de formulario 11,AJK,Bloque_SIN,3,Bloque_7,6,Opción 2,0,2.4,5.0,-1,-1,-1,Mujer,6,6,2400,-1,-1,-1,-1,0.0,0.0,0.0,0.0,0.0,0.0,0.0,0.0,0.0,0.0
Suj_156,Respuestas de formulario 12,AQS,Dist,1,Bloque_11,1,Opción 2,0,1.6,5.0,1,-1,-1,Hombre,4,7,1200,1,-1,-1,-1,0.8333333333333334,0.0,0.0,0.0,0.0,0.3333333333333333,0.3333333333333333,0.1666666666666666,0.0,0.1666666666666666
Suj_156,Respuestas de formulario 12,AJK,Dist,1,Bloque_3,2,Opción 1,1,1.6,5.0,1,-1,-1,Hombre,4,7,0,1,-1,-1,1,0.8333333333333334,0.0,0.0,0.0,0.0,0.3333333333333333,0.3333333333333333,0.1666666666666666,0.0,0.1666666666666666
Suj_156,Respuestas de formulario 12,ABC,Dist,1,Bloque_9,3,Opción 2,0,1.6,5.0,1,-1,-1,Hombre,4,7,1000,1,-1,-1,-1,0.8333333333333334,0.0,0.0,0.0,0.0,0.3333333333333333,0.3333333333333333,0.1666666666666666,0.0,0.1666666666666666
Suj_156,Respuestas de formulario 12,ALM,Dist,1,Bloque_7,4,Opción 2,0,1.6,5.0,1,-1,-1,Hombre,4,7,2400,1,-1,-1,-1,0.8333333333333334,0.0,0.0,0.0,0.0,0.3333333333333333,0.3333333333333333,0.1666666666666666,0.0,0.1666666666666666
Suj_156,Respuestas de formulario 12,AEF,Dist,1,Bloque_1,5,Opción 2,0,1.6,5.0,1,-1,-1,Hombre,4,7,0,1,-1,-1,1,0.8333333333333334,0.0,0.0,0.0,0.0,0.3333333333333333,0.3333333333333333,0.1666666666666666,0.0,0.1666666666666666
Suj_156,Respuestas de formulario 12,AGH,Dist,1,Bloque_5,6,Opción 2,0,1.6,5.0,1,-1,-1,Hombre,4,7,2000,1,-1,-1,-1,0.8333333333333334,0.0,0.0,0.0,0.0,0.3333333333333333,0.3333333333333333,0.1666666666666666,0.0,0.1666666666666666
Suj_156,Respuestas de formulario 12,AQS,Bloque_CON,2,Bloque_11,1,Opción 2,0,1.6,5.0,1,-1,-1,Hombre,4,7,1200,1,-1,-1,-1,0.8333333333333334,0.0,0.0,0.0,0.0,0.3333333333333333,0.3333333333333333,0.1666666666666666,0.0,0.1666666666666666
Suj_156,Respuestas de formulario 12,AJK,Bloque_CON,2,Bloque_3,2,Opción 1,1,1.6,5.0,1,-1,-1,Hombre,4,7,0,1,-1,-1,1,0.8333333333333334,0.0,0.0,0.0,0.0,0.3333333333333333,0.3333333333333333,0.1666666666666666,0.0,0.1666666666666666
Suj_156,Respuestas de formulario 12,ABC,Bloque_CON,2,Bloque_9,3,Opción 2,0,1.6,5.0,1,-1,-1,Hombre,4,7,1000,1,-1,-1,-1,0.8333333333333334,0.0,0.0,0.0,0.0,0.3333333333333333,0.3333333333333333,0.1666666666666666,0.0,0.1666666666666666
Suj_156,Respuestas de formulario 12,ALM,Bloque_CON,2,Bloque_7,4,Opción 2,0,1.6,5.0,1,-1,-1,Hombre,4,7,2400,1,-1,-1,-1,0.8333333333333334,0.0,0.0,0.0,0.0,0.3333333333333333,0.3333333333333333,0.1666666666666666,0.0,0.1666666666666666
Suj_156,Respuestas de formulario 12,AEF,Bloque_CON,2,Bloque_1,5,Opción 1,1,1.6,5.0,1,-1,-1,Hombre,4,7,0,1,-1,-1,1,0.8333333333333334,0.0,0.0,0.0,0.0,0.3333333333333333,0.3333333333333333,0.1666666666666666,0.0,0.1666666666666666
Suj_156,Respuestas de formulario 12,AGH,Bloque_CON,2,Bloque_5,6,Opción 2,0,1.6,5.0,1,-1,-1,Hombre,4,7,2000,1,-1,-1,-1,0.8333333333333334,0.0,0.0,0.0,0.0,0.3333333333333333,0.3333333333333333,0.1666666666666666,0.0,0.1666666666666666
Suj_156,Respuestas de formulario 12,AQS,Bloque_SIN,3,Bloque_11,1,Opción 2,0,1.6,5.0,1,-1,-1,Hombre,4,7,1200,1,-1,-1,-1,0.8333333333333334,0.0,0.0,0.0,0.0,0.3333333333333333,0.3333333333333333,0.1666666666666666,0.0,0.1666666666666666
Suj_156,Respuestas de formulario 12,AJK,Bloque_SIN,3,Bloque_3,2,Opción 1,1,1.6,5.0,1,-1,-1,Hombre,4,7,0,1,-1,-1,1,0.8333333333333334,0.0,0.0,0.0,0.0,0.3333333333333333,0.3333333333333333,0.1666666666666666,0.0,0.1666666666666666
Suj_156,Respuestas de formulario 12,ABC,Bloque_SIN,3,Bloque_9,3,Opción 2,0,1.6,5.0,1,-1,-1,Hombre,4,7,1000,1,-1,-1,-1,0.8333333333333334,0.0,0.0,0.0,0.0,0.3333333333333333,0.3333333333333333,0.1666666666666666,0.0,0.1666666666666666
Suj_156,Respuestas de formulario 12,ALM,Bloque_SIN,3,Bloque_7,4,Opción 2,0,1.6,5.0,1,-1,-1,Hombre,4,7,2400,1,-1,-1,-1,0.8333333333333334,0.0,0.0,0.0,0.0,0.3333333333333333,0.3333333333333333,0.1666666666666666,0.0,0.1666666666666666
Suj_156,Respuestas de formulario 12,AEF,Bloque_SIN,3,Bloque_1,5,Opción 1,1,1.6,5.0,1,-1,-1,Hombre,4,7,0,1,-1,-1,1,0.8333333333333334,0.0,0.0,0.0,0.0,0.3333333333333333,0.3333333333333333,0.1666666666666666,0.0,0.1666666666666666
Suj_156,Respuestas de formulario 12,AGH,Bloque_SIN,3,Bloque_5,6,Opción 2,0,1.6,5.0,1,-1,-1,Hombre,4,7,2000,1,-1,-1,-1,0.8333333333333334,0.0,0.0,0.0,0.0,0.3333333333333333,0.3333333333333333,0.1666666666666666,0.0,0.1666666666666666
Suj_158,Respuestas de formulario 12,AQS,Dist,1,Bloque_11,1,Opción 1,1,1.2,5.5,1,0,1,Mujer,3,6,1200,1,0,1,1,1.0,1.0,1.0,1.0,0.6666666666666666,1.0,1.0,0.8333333333333334,0.0,0.1666666666666666
Suj_158,Respuestas de formulario 12,AJK,Dist,1,Bloque_3,2,Opción 1,1,1.2,5.5,1,0,1,Mujer,3,6,0,1,0,1,1,1.0,1.0,1.0,1.0,0.6666666666666666,1.0,1.0,0.8333333333333334,0.0,0.1666666666666666
Suj_158,Respuestas de formulario 12,ABC,Dist,1,Bloque_9,3,Opción 1,1,1.2,5.5,1,0,1,Mujer,3,6,1000,1,0,1,1,1.0,1.0,1.0,1.0,0.6666666666666666,1.0,1.0,0.8333333333333334,0.0,0.1666666666666666
Suj_158,Respuestas de formulario 12,ALM,Dist,1,Bloque_7,4,Opción 2,0,1.2,5.5,1,0,1,Mujer,3,6,2400,1,0,1,0,1.0,1.0,1.0,1.0,0.6666666666666666,1.0,1.0,0.8333333333333334,0.0,0.1666666666666666
Suj_158,Respuestas de formulario 12,AEF,Dist,1,Bloque_1,5,Opción 1,1,1.2,5.5,1,0,1,Mujer,3,6,0,1,0,1,1,1.0,1.0,1.0,1.0,0.6666666666666666,1.0,1.0,0.8333333333333334,0.0,0.1666666666666666
Suj_158,Respuestas de formulario 12,AGH,Dist,1,Bloque_5,6,Opción 1,1,1.2,5.5,1,0,1,Mujer,3,6,2000,1,0,1,0,1.0,1.0,1.0,1.0,0.6666666666666666,1.0,1.0,0.8333333333333334,0.0,0.1666666666666666
Suj_158,Respuestas de formulario 12,AQS,Bloque_CON,2,Bloque_11,1,Opción 1,1,1.2,5.5,1,0,1,Mujer,3,6,1200,1,0,1,1,1.0,1.0,1.0,1.0,0.6666666666666666,1.0,1.0,0.8333333333333334,0.0,0.1666666666666666
Suj_158,Respuestas de formulario 12,AJK,Bloque_CON,2,Bloque_3,2,Opción 1,1,1.2,5.5,1,0,1,Mujer,3,6,0,1,0,1,1,1.0,1.0,1.0,1.0,0.6666666666666666,1.0,1.0,0.8333333333333334,0.0,0.1666666666666666
Suj_158,Respuestas de formulario 12,ABC,Bloque_CON,2,Bloque_9,3,Opción 1,1,1.2,5.5,1,0,1,Mujer,3,6,1000,1,0,1,1,1.0,1.0,1.0,1.0,0.6666666666666666,1.0,1.0,0.8333333333333334,0.0,0.1666666666666666
Suj_158,Respuestas de formulario 12,ALM,Bloque_CON,2,Bloque_7,4,Opción 1,1,1.2,5.5,1,0,1,Mujer,3,6,2400,1,0,1,0,1.0,1.0,1.0,1.0,0.6666666666666666,1.0,1.0,0.8333333333333334,0.0,0.1666666666666666
Suj_158,Respuestas de formulario 12,AEF,Bloque_CON,2,Bloque_1,5,Opción 1,1,1.2,5.5,1,0,1,Mujer,3,6,0,1,0,1,1,1.0,1.0,1.0,1.0,0.6666666666666666,1.0,1.0,0.8333333333333334,0.0,0.1666666666666666
Suj_158,Respuestas de formulario 12,AGH,Bloque_CON,2,Bloque_5,6,Opción 1,1,1.2,5.5,1,0,1,Mujer,3,6,2000,1,0,1,0,1.0,1.0,1.0,1.0,0.6666666666666666,1.0,1.0,0.8333333333333334,0.0,0.1666666666666666
Suj_158,Respuestas de formulario 12,AQS,Bloque_SIN,3,Bloque_11,1,Opción 1,1,1.2,5.5,1,0,1,Mujer,3,6,1200,1,0,1,1,1.0,1.0,1.0,1.0,0.6666666666666666,1.0,1.0,0.8333333333333334,0.0,0.1666666666666666
Suj_158,Respuestas de formulario 12,AJK,Bloque_SIN,3,Bloque_3,2,Opción 1,1,1.2,5.5,1,0,1,Mujer,3,6,0,1,0,1,1,1.0,1.0,1.0,1.0,0.6666666666666666,1.0,1.0,0.8333333333333334,0.0,0.1666666666666666
Suj_158,Respuestas de formulario 12,ABC,Bloque_SIN,3,Bloque_9,3,Opción 1,1,1.2,5.5,1,0,1,Mujer,3,6,1000,1,0,1,1,1.0,1.0,1.0,1.0,0.6666666666666666,1.0,1.0,0.8333333333333334,0.0,0.1666666666666666
Suj_158,Respuestas de formulario 12,ALM,Bloque_SIN,3,Bloque_7,4,Opción 1,1,1.2,5.5,1,0,1,Mujer,3,6,2400,1,0,1,0,1.0,1.0,1.0,1.0,0.6666666666666666,1.0,1.0,0.8333333333333334,0.0,0.1666666666666666
Suj_158,Respuestas de formulario 12,AEF,Bloque_SIN,3,Bloque_1,5,Opción 1,1,1.2,5.5,1,0,1,Mujer,3,6,0,1,0,1,1,1.0,1.0,1.0,1.0,0.6666666666666666,1.0,1.0,0.8333333333333334,0.0,0.1666666666666666
Suj_158,Respuestas de formulario 12,AGH,Bloque_SIN,3,Bloque_5,6,Opción 1,1,1.2,5.5,1,0,1,Mujer,3,6,2000,1,0,1,0,1.0,1.0,1.0,1.0,0.6666666666666666,1.0,1.0,0.8333333333333334,0.0,0.1666666666666666
Suj_160,Respuestas de formulario 12,AQS,Dist,1,Bloque_11,1,Opción 2,0,1.3,4.833333333333333,-1,-1,-1,Hombre,3,6,1200,-1,-1,-1,-1,0.1666666666666666,0.0,0.0,0.0,0.0,0.0,0.0,0.1666666666666666,0.0,-0.1666666666666666
Suj_160,Respuestas de formulario 12,AJK,Dist,1,Bloque_3,2,Opción 2,0,1.3,4.833333333333333,-1,-1,-1,Hombre,3,6,0,-1,-1,-1,-1,0.1666666666666666,0.0,0.0,0.0,0.0,0.0,0.0,0.1666666666666666,0.0,-0.1666666666666666
Suj_160,Respuestas de formulario 12,ABC,Dist,1,Bloque_9,3,Opción 2,0,1.3,4.833333333333333,-1,-1,-1,Hombre,3,6,1000,-1,-1,-1,-1,0.1666666666666666,0.0,0.0,0.0,0.0,0.0,0.0,0.1666666666666666,0.0,-0.1666666666666666
Suj_160,Respuestas de formulario 12,ALM,Dist,1,Bloque_7,4,Opción 2,0,1.3,4.833333333333333,-1,-1,-1,Hombre,3,6,2400,-1,-1,-1,-1,0.1666666666666666,0.0,0.0,0.0,0.0,0.0,0.0,0.1666666666666666,0.0,-0.1666666666666666
Suj_160,Respuestas de formulario 12,AEF,Dist,1,Bloque_1,5,Opción 1,1,1.3,4.833333333333333,-1,-1,-1,Hombre,3,6,0,-1,-1,-1,-1,0.1666666666666666,0.0,0.0,0.0,0.0,0.0,0.0,0.1666666666666666,0.0,-0.1666666666666666
Suj_160,Respuestas de formulario 12,AGH,Dist,1,Bloque_5,6,Opción 2,0,1.3,4.833333333333333,-1,-1,-1,Hombre,3,6,2000,-1,-1,-1,-1,0.1666666666666666,0.0,0.0,0.0,0.0,0.0,0.0,0.1666666666666666,0.0,-0.1666666666666666
Suj_160,Respuestas de formulario 12,AQS,Bloque_CON,2,Bloque_11,1,Opción 2,0,1.3,4.833333333333333,-1,-1,-1,Hombre,3,6,1200,-1,-1,-1,-1,0.1666666666666666,0.0,0.0,0.0,0.0,0.0,0.0,0.1666666666666666,0.0,-0.1666666666666666
Suj_160,Respuestas de formulario 12,AJK,Bloque_CON,2,Bloque_3,2,Opción 2,0,1.3,4.833333333333333,-1,-1,-1,Hombre,3,6,0,-1,-1,-1,-1,0.1666666666666666,0.0,0.0,0.0,0.0,0.0,0.0,0.1666666666666666,0.0,-0.1666666666666666
Suj_160,Respuestas de formulario 12,ABC,Bloque_CON,2,Bloque_9,3,Opción 2,0,1.3,4.833333333333333,-1,-1,-1,Hombre,3,6,1000,-1,-1,-1,-1,0.1666666666666666,0.0,0.0,0.0,0.0,0.0,0.0,0.1666666666666666,0.0,-0.1666666666666666
Suj_160,Respuestas de formulario 12,ALM,Bloque_CON,2,Bloque_7,4,Opción 2,0,1.3,4.833333333333333,-1,-1,-1,Hombre,3,6,2400,-1,-1,-1,-1,0.1666666666666666,0.0,0.0,0.0,0.0,0.0,0.0,0.1666666666666666,0.0,-0.1666666666666666
Suj_160,Respuestas de formulario 12,AEF,Bloque_CON,2,Bloque_1,5,Opción 2,0,1.3,4.833333333333333,-1,-1,-1,Hombre,3,6,0,-1,-1,-1,-1,0.1666666666666666,0.0,0.0,0.0,0.0,0.0,0.0,0.1666666666666666,0.0,-0.1666666666666666
Suj_160,Respuestas de formulario 12,AGH,Bloque_CON,2,Bloque_5,6,Opción 2,0,1.3,4.833333333333333,-1,-1,-1,Hombre,3,6,2000,-1,-1,-1,-1,0.1666666666666666,0.0,0.0,0.0,0.0,0.0,0.0,0.1666666666666666,0.0,-0.1666666666666666
Suj_160,Respuestas de formulario 12,AQS,Bloque_SIN,3,Bloque_11,1,Opción 2,0,1.3,4.833333333333333,-1,-1,-1,Hombre,3,6,1200,-1,-1,-1,-1,0.1666666666666666,0.0,0.0,0.0,0.0,0.0,0.0,0.1666666666666666,0.0,-0.1666666666666666
Suj_160,Respuestas de formulario 12,AJK,Bloque_SIN,3,Bloque_3,2,Opción 2,0,1.3,4.833333333333333,-1,-1,-1,Hombre,3,6,0,-1,-1,-1,-1,0.1666666666666666,0.0,0.0,0.0,0.0,0.0,0.0,0.1666666666666666,0.0,-0.1666666666666666
Suj_160,Respuestas de formulario 12,ABC,Bloque_SIN,3,Bloque_9,3,Opción 2,0,1.3,4.833333333333333,-1,-1,-1,Hombre,3,6,1000,-1,-1,-1,-1,0.1666666666666666,0.0,0.0,0.0,0.0,0.0,0.0,0.1666666666666666,0.0,-0.1666666666666666
Suj_160,Respuestas de formulario 12,ALM,Bloque_SIN,3,Bloque_7,4,Opción 2,0,1.3,4.833333333333333,-1,-1,-1,Hombre,3,6,2400,-1,-1,-1,-1,0.1666666666666666,0.0,0.0,0.0,0.0,0.0,0.0,0.1666666666666666,0.0,-0.1666666666666666
Suj_160,Respuestas de formulario 12,AEF,Bloque_SIN,3,Bloque_1,5,Opción 2,0,1.3,4.833333333333333,-1,-1,-1,Hombre,3,6,0,-1,-1,-1,-1,0.1666666666666666,0.0,0.0,0.0,0.0,0.0,0.0,0.1666666666666666,0.0,-0.1666666666666666
Suj_160,Respuestas de formulario 12,AGH,Bloque_SIN,3,Bloque_5,6,Opción 2,0,1.3,4.833333333333333,-1,-1,-1,Hombre,3,6,2000,-1,-1,-1,-1,0.1666666666666666,0.0,0.0,0.0,0.0,0.0,0.0,0.1666666666666666,0.0,-0.1666666666666666
Suj_161,Respuestas de formulario 12,AQS,Dist,1,Bloque_11,1,Opción 2,0,1.2,5.0,0,-1,-1,Mujer,2,3,1200,0,-1,-1,-1,0.5,0.0,0.0,0.0,0.0,0.1666666666666666,0.1666666666666666,0.1666666666666666,0.0,0.0
Suj_161,Respuestas de formulario 12,AJK,Dist,1,Bloque_3,2,Opción 2,0,1.2,5.0,0,-1,-1,Mujer,2,3,0,0,-1,-1,0,0.5,0.0,0.0,0.0,0.0,0.1666666666666666,0.1666666666666666,0.1666666666666666,0.0,0.0
Suj_161,Respuestas de formulario 12,ABC,Dist,1,Bloque_9,3,Opción 2,0,1.2,5.0,0,-1,-1,Mujer,2,3,1000,0,-1,-1,-1,0.5,0.0,0.0,0.0,0.0,0.1666666666666666,0.1666666666666666,0.1666666666666666,0.0,0.0
Suj_161,Respuestas de formulario 12,ALM,Dist,1,Bloque_7,4,Opción 2,0,1.2,5.0,0,-1,-1,Mujer,2,3,2400,0,-1,-1,-1,0.5,0.0,0.0,0.0,0.0,0.1666666666666666,0.1666666666666666,0.1666666666666666,0.0,0.0
Suj_161,Respuestas de formulario 12,AEF,Dist,1,Bloque_1,5,Opción 1,1,1.2,5.0,0,-1,-1,Mujer,2,3,0,0,-1,-1,0,0.5,0.0,0.0,0.0,0.0,0.1666666666666666,0.1666666666666666,0.1666666666666666,0.0,0.0
Suj_161,Respuestas de formulario 12,AGH,Dist,1,Bloque_5,6,Opción 2,0,1.2,5.0,0,-1,-1,Mujer,2,3,2000,0,-1,-1,-1,0.5,0.0,0.0,0.0,0.0,0.1666666666666666,0.1666666666666666,0.1666666666666666,0.0,0.0
Suj_161,Respuestas de formulario 12,AQS,Bloque_CON,2,Bloque_11,1,Opción 2,0,1.2,5.0,0,-1,-1,Mujer,2,3,1200,0,-1,-1,-1,0.5,0.0,0.0,0.0,0.0,0.1666666666666666,0.1666666666666666,0.1666666666666666,0.0,0.0
Suj_161,Respuestas de formulario 12,AJK,Bloque_CON,2,Bloque_3,2,Opción 2,0,1.2,5.0,0,-1,-1,Mujer,2,3,0,0,-1,-1,0,0.5,0.0,0.0,0.0,0.0,0.1666666666666666,0.1666666666666666,0.1666666666666666,0.0,0.0
Suj_161,Respuestas de formulario 12,ABC,Bloque_CON,2,Bloque_9,3,Opción 2,0,1.2,5.0,0,-1,-1,Mujer,2,3,1000,0,-1,-1,-1,0.5,0.0,0.0,0.0,0.0,0.1666666666666666,0.1666666666666666,0.1666666666666666,0.0,0.0
Suj_161,Respuestas de formulario 12,ALM,Bloque_CON,2,Bloque_7,4,Opción 2,0,1.2,5.0,0,-1,-1,Mujer,2,3,2400,0,-1,-1,-1,0.5,0.0,0.0,0.0,0.0,0.1666666666666666,0.1666666666666666,0.1666666666666666,0.0,0.0
Suj_161,Respuestas de formulario 12,AEF,Bloque_CON,2,Bloque_1,5,Opción 1,1,1.2,5.0,0,-1,-1,Mujer,2,3,0,0,-1,-1,0,0.5,0.0,0.0,0.0,0.0,0.1666666666666666,0.1666666666666666,0.1666666666666666,0.0,0.0
Suj_161,Respuestas de formulario 12,AGH,Bloque_CON,2,Bloque_5,6,Opción 2,0,1.2,5.0,0,-1,-1,Mujer,2,3,2000,0,-1,-1,-1,0.5,0.0,0.0,0.0,0.0,0.1666666666666666,0.1666666666666666,0.1666666666666666,0.0,0.0
Suj_161,Respuestas de formulario 12,AQS,Bloque_SIN,3,Bloque_11,1,Opción 2,0,1.2,5.0,0,-1,-1,Mujer,2,3,1200,0,-1,-1,-1,0.5,0.0,0.0,0.0,0.0,0.1666666666666666,0.1666666666666666,0.1666666666666666,0.0,0.0
Suj_161,Respuestas de formulario 12,AJK,Bloque_SIN,3,Bloque_3,2,Opción 1,1,1.2,5.0,0,-1,-1,Mujer,2,3,0,0,-1,-1,0,0.5,0.0,0.0,0.0,0.0,0.1666666666666666,0.1666666666666666,0.1666666666666666,0.0,0.0
Suj_161,Respuestas de formulario 12,ABC,Bloque_SIN,3,Bloque_9,3,Opción 2,0,1.2,5.0,0,-1,-1,Mujer,2,3,1000,0,-1,-1,-1,0.5,0.0,0.0,0.0,0.0,0.1666666666666666,0.1666666666666666,0.1666666666666666,0.0,0.0
Suj_161,Respuestas de formulario 12,ALM,Bloque_SIN,3,Bloque_7,4,Opción 2,0,1.2,5.0,0,-1,-1,Mujer,2,3,2400,0,-1,-1,-1,0.5,0.0,0.0,0.0,0.0,0.1666666666666666,0.1666666666666666,0.1666666666666666,0.0,0.0
Suj_161,Respuestas de formulario 12,AEF,Bloque_SIN,3,Bloque_1,5,Opción 2,0,1.2,5.0,0,-1,-1,Mujer,2,3,0,0,-1,-1,0,0.5,0.0,0.0,0.0,0.0,0.1666666666666666,0.1666666666666666,0.1666666666666666,0.0,0.0
Suj_161,Respuestas de formulario 12,AGH,Bloque_SIN,3,Bloque_5,6,Opción 2,0,1.2,5.0,0,-1,-1,Mujer,2,3,2000,0,-1,-1,-1,0.5,0.0,0.0,0.0,0.0,0.1666666666666666,0.1666666666666666,0.1666666666666666,0.0,0.0
Suj_162,Respuestas de formulario 12,AQS,Dist,1,Bloque_11,1,Opción 2,0,1.0,5.666666666666667,0,-1,-1,Mujer,4,10,1200,0,-1,-1,-1,0.5,1.0,0.6666666666666666,0.6666666666666666,0.3333333333333333,0.8333333333333334,0.6666666666666666,0.3333333333333333,0.1666666666666667,0.3333333333333333
Suj_162,Respuestas de formulario 12,AJK,Dist,1,Bloque_3,2,Opción 2,0,1.0,5.666666666666667,0,-1,-1,Mujer,4,10,0,0,-1,-1,0,0.5,1.0,0.6666666666666666,0.6666666666666666,0.3333333333333333,0.8333333333333334,0.6666666666666666,0.3333333333333333,0.1666666666666667,0.3333333333333333
Suj_162,Respuestas de formulario 12,ABC,Dist,1,Bloque_9,3,Opción 1,1,1.0,5.666666666666667,0,-1,-1,Mujer,4,10,1000,0,-1,-1,-1,0.5,1.0,0.6666666666666666,0.6666666666666666,0.3333333333333333,0.8333333333333334,0.6666666666666666,0.3333333333333333,0.1666666666666667,0.3333333333333333
Suj_162,Respuestas de formulario 12,ALM,Dist,1,Bloque_7,4,Opción 2,0,1.0,5.666666666666667,0,-1,-1,Mujer,4,10,2400,0,-1,-1,-1,0.5,1.0,0.6666666666666666,0.6666666666666666,0.3333333333333333,0.8333333333333334,0.6666666666666666,0.3333333333333333,0.1666666666666667,0.3333333333333333
Suj_162,Respuestas de formulario 12,AEF,Dist,1,Bloque_1,5,Opción 2,0,1.0,5.666666666666667,0,-1,-1,Mujer,4,10,0,0,-1,-1,0,0.5,1.0,0.6666666666666666,0.6666666666666666,0.3333333333333333,0.8333333333333334,0.6666666666666666,0.3333333333333333,0.1666666666666667,0.3333333333333333
Suj_162,Respuestas de formulario 12,AGH,Dist,1,Bloque_5,6,Opción 1,1,1.0,5.666666666666667,0,-1,-1,Mujer,4,10,2000,0,-1,-1,-1,0.5,1.0,0.6666666666666666,0.6666666666666666,0.3333333333333333,0.8333333333333334,0.6666666666666666,0.3333333333333333,0.1666666666666667,0.3333333333333333
Suj_162,Respuestas de formulario 12,AQS,Bloque_CON,2,Bloque_11,1,Opción 1,1,1.0,5.666666666666667,0,-1,-1,Mujer,4,10,1200,0,-1,-1,-1,0.5,1.0,0.6666666666666666,0.6666666666666666,0.3333333333333333,0.8333333333333334,0.6666666666666666,0.3333333333333333,0.1666666666666667,0.3333333333333333
Suj_162,Respuestas de formulario 12,AJK,Bloque_CON,2,Bloque_3,2,Opción 1,1,1.0,5.666666666666667,0,-1,-1,Mujer,4,10,0,0,-1,-1,0,0.5,1.0,0.6666666666666666,0.6666666666666666,0.3333333333333333,0.8333333333333334,0.6666666666666666,0.3333333333333333,0.1666666666666667,0.3333333333333333
Suj_162,Respuestas de formulario 12,ABC,Bloque_CON,2,Bloque_9,3,Opción 1,1,1.0,5.666666666666667,0,-1,-1,Mujer,4,10,1000,0,-1,-1,-1,0.5,1.0,0.6666666666666666,0.6666666666666666,0.3333333333333333,0.8333333333333334,0.6666666666666666,0.3333333333333333,0.1666666666666667,0.3333333333333333
Suj_162,Respuestas de formulario 12,ALM,Bloque_CON,2,Bloque_7,4,Opción 2,0,1.0,5.666666666666667,0,-1,-1,Mujer,4,10,2400,0,-1,-1,-1,0.5,1.0,0.6666666666666666,0.6666666666666666,0.3333333333333333,0.8333333333333334,0.6666666666666666,0.3333333333333333,0.1666666666666667,0.3333333333333333
Suj_162,Respuestas de formulario 12,AEF,Bloque_CON,2,Bloque_1,5,Opción 1,1,1.0,5.666666666666667,0,-1,-1,Mujer,4,10,0,0,-1,-1,0,0.5,1.0,0.6666666666666666,0.6666666666666666,0.3333333333333333,0.8333333333333334,0.6666666666666666,0.3333333333333333,0.1666666666666667,0.3333333333333333
Suj_162,Respuestas de formulario 12,AGH,Bloque_CON,2,Bloque_5,6,Opción 1,1,1.0,5.666666666666667,0,-1,-1,Mujer,4,10,2000,0,-1,-1,-1,0.5,1.0,0.6666666666666666,0.6666666666666666,0.3333333333333333,0.8333333333333334,0.6666666666666666,0.3333333333333333,0.1666666666666667,0.3333333333333333
Suj_162,Respuestas de formulario 12,AQS,Bloque_SIN,3,Bloque_11,1,Opción 1,1,1.0,5.666666666666667,0,-1,-1,Mujer,4,10,1200,0,-1,-1,-1,0.5,1.0,0.6666666666666666,0.6666666666666666,0.3333333333333333,0.8333333333333334,0.6666666666666666,0.3333333333333333,0.1666666666666667,0.3333333333333333
Suj_162,Respuestas de formulario 12,AJK,Bloque_SIN,3,Bloque_3,2,Opción 2,0,1.0,5.666666666666667,0,-1,-1,Mujer,4,10,0,0,-1,-1,0,0.5,1.0,0.6666666666666666,0.6666666666666666,0.3333333333333333,0.8333333333333334,0.6666666666666666,0.3333333333333333,0.1666666666666667,0.3333333333333333
Suj_162,Respuestas de formulario 12,ABC,Bloque_SIN,3,Bloque_9,3,Opción 1,1,1.0,5.666666666666667,0,-1,-1,Mujer,4,10,1000,0,-1,-1,-1,0.5,1.0,0.6666666666666666,0.6666666666666666,0.3333333333333333,0.8333333333333334,0.6666666666666666,0.3333333333333333,0.1666666666666667,0.3333333333333333
Suj_162,Respuestas de formulario 12,ALM,Bloque_SIN,3,Bloque_7,4,Opción 1,1,1.0,5.666666666666667,0,-1,-1,Mujer,4,10,2400,0,-1,-1,-1,0.5,1.0,0.6666666666666666,0.6666666666666666,0.3333333333333333,0.8333333333333334,0.6666666666666666,0.3333333333333333,0.1666666666666667,0.3333333333333333
Suj_162,Respuestas de formulario 12,AEF,Bloque_SIN,3,Bloque_1,5,Opción 1,1,1.0,5.666666666666667,0,-1,-1,Mujer,4,10,0,0,-1,-1,0,0.5,1.0,0.6666666666666666,0.6666666666666666,0.3333333333333333,0.8333333333333334,0.6666666666666666,0.3333333333333333,0.1666666666666667,0.3333333333333333
Suj_162,Respuestas de formulario 12,AGH,Bloque_SIN,3,Bloque_5,6,Opción 2,0,1.0,5.666666666666667,0,-1,-1,Mujer,4,10,2000,0,-1,-1,-1,0.5,1.0,0.6666666666666666,0.6666666666666666,0.3333333333333333,0.8333333333333334,0.6666666666666666,0.3333333333333333,0.1666666666666667,0.3333333333333333
